#usda 1.0
(
    "RFC 0011 GI fixture GalleryFurnaceClutter; generated by tools/quality/gi_fixtures.py, do not edit"
    defaultPrim = "GalleryFurnaceClutter"
    metersPerUnit = 1
    upAxis = "Z"
)

def Xform "GalleryFurnaceClutter"
{
    def Scope "Looks"
    {
        def Material "Furnace"
        {
            token outputs:surface.connect = </GalleryFurnaceClutter/Looks/Furnace/Surface.outputs:surface>

            def Shader "Surface"
            {
                uniform token info:id = "UsdPreviewSurface"
                color3f inputs:diffuseColor = (0.7, 0.5, 0.3)
                color3f inputs:emissiveColor = (0.1, 0.2, 0.3)
                float inputs:ior = 1
                float inputs:metallic = 0
                float inputs:roughness = 1
                token outputs:surface
            }
        }

        def Material "ProbeFurnace"
        {
            token outputs:surface.connect = </GalleryFurnaceClutter/Looks/ProbeFurnace/Surface.outputs:surface>

            def Shader "Surface"
            {
                uniform token info:id = "UsdPreviewSurface"
                color3f inputs:diffuseColor = (0.7, 0.5, 0.3)
                color3f inputs:emissiveColor = (0.1, 0.2, 0.3)
                float inputs:ior = 1
                float inputs:metallic = 0
                float inputs:roughness = 1
                token outputs:surface
            }
        }
    }

    def Xform "World"
    {
        def Mesh "Box_Xn" (
            prepend apiSchemas = ["MaterialBindingAPI"]
        )
        {
            float3[] extent = [(0, 0, 0), (0, 4, 3)]
            int[] faceVertexCounts = [4]
            int[] faceVertexIndices = [0, 1, 2, 3]
            rel material:binding = </GalleryFurnaceClutter/Looks/Furnace>
            normal3f[] normals = [(1, 0, 0), (1, 0, 0), (1, 0, 0), (1, 0, 0)] (
                interpolation = "faceVarying"
            )
            point3f[] points = [(0, 0, 0), (0, 4, 0), (0, 4, 3), (0, 0, 3)]
            texCoord2f[] primvars:st = [(0, 0), (4, 0), (4, 3), (0, 3)] (
                interpolation = "faceVarying"
            )
            uniform token subdivisionScheme = "none"
        }

        def Mesh "Box_Xp" (
            prepend apiSchemas = ["MaterialBindingAPI"]
        )
        {
            float3[] extent = [(4, 0, 0), (4, 4, 3)]
            int[] faceVertexCounts = [4]
            int[] faceVertexIndices = [0, 1, 2, 3]
            rel material:binding = </GalleryFurnaceClutter/Looks/Furnace>
            normal3f[] normals = [(-1, 0, 0), (-1, 0, 0), (-1, 0, 0), (-1, 0, 0)] (
                interpolation = "faceVarying"
            )
            point3f[] points = [(4, 0, 3), (4, 4, 3), (4, 4, 0), (4, 0, 0)]
            texCoord2f[] primvars:st = [(0, 3), (4, 3), (4, 0), (0, 0)] (
                interpolation = "faceVarying"
            )
            uniform token subdivisionScheme = "none"
        }

        def Mesh "Box_Yn" (
            prepend apiSchemas = ["MaterialBindingAPI"]
        )
        {
            float3[] extent = [(0, 0, 0), (4, 0, 3)]
            int[] faceVertexCounts = [4]
            int[] faceVertexIndices = [0, 1, 2, 3]
            rel material:binding = </GalleryFurnaceClutter/Looks/Furnace>
            normal3f[] normals = [(0, 1, 0), (0, 1, 0), (0, 1, 0), (0, 1, 0)] (
                interpolation = "faceVarying"
            )
            point3f[] points = [(0, 0, 3), (4, 0, 3), (4, 0, 0), (0, 0, 0)]
            texCoord2f[] primvars:st = [(0, 3), (4, 3), (4, 0), (0, 0)] (
                interpolation = "faceVarying"
            )
            uniform token subdivisionScheme = "none"
        }

        def Mesh "Box_Yp" (
            prepend apiSchemas = ["MaterialBindingAPI"]
        )
        {
            float3[] extent = [(0, 4, 0), (4, 4, 3)]
            int[] faceVertexCounts = [4]
            int[] faceVertexIndices = [0, 1, 2, 3]
            rel material:binding = </GalleryFurnaceClutter/Looks/Furnace>
            normal3f[] normals = [(0, -1, 0), (0, -1, 0), (0, -1, 0), (0, -1, 0)] (
                interpolation = "faceVarying"
            )
            point3f[] points = [(0, 4, 0), (4, 4, 0), (4, 4, 3), (0, 4, 3)]
            texCoord2f[] primvars:st = [(0, 0), (4, 0), (4, 3), (0, 3)] (
                interpolation = "faceVarying"
            )
            uniform token subdivisionScheme = "none"
        }

        def Mesh "Box_Zn" (
            prepend apiSchemas = ["MaterialBindingAPI"]
        )
        {
            float3[] extent = [(0, 0, 0), (4, 4, 0)]
            int[] faceVertexCounts = [4]
            int[] faceVertexIndices = [0, 1, 2, 3]
            rel material:binding = </GalleryFurnaceClutter/Looks/Furnace>
            normal3f[] normals = [(0, 0, 1), (0, 0, 1), (0, 0, 1), (0, 0, 1)] (
                interpolation = "faceVarying"
            )
            point3f[] points = [(0, 0, 0), (4, 0, 0), (4, 4, 0), (0, 4, 0)]
            texCoord2f[] primvars:st = [(0, 0), (4, 0), (4, 4), (0, 4)] (
                interpolation = "faceVarying"
            )
            uniform token subdivisionScheme = "none"
        }

        def Mesh "Box_Zp" (
            prepend apiSchemas = ["MaterialBindingAPI"]
        )
        {
            float3[] extent = [(0, 0, 3), (4, 4, 3)]
            int[] faceVertexCounts = [4]
            int[] faceVertexIndices = [0, 1, 2, 3]
            rel material:binding = </GalleryFurnaceClutter/Looks/Furnace>
            normal3f[] normals = [(0, 0, -1), (0, 0, -1), (0, 0, -1), (0, 0, -1)] (
                interpolation = "faceVarying"
            )
            point3f[] points = [(0, 4, 3), (4, 4, 3), (4, 0, 3), (0, 0, 3)]
            texCoord2f[] primvars:st = [(0, 4), (4, 4), (4, 0), (0, 0)] (
                interpolation = "faceVarying"
            )
            uniform token subdivisionScheme = "none"
        }

        def Mesh "Block" (
            prepend apiSchemas = ["MaterialBindingAPI"]
        )
        {
            float3[] extent = [(2.4, 0.6, 0.5), (3.4, 1.4, 1.3)]
            int[] faceVertexCounts = [4, 4, 4, 4, 4, 4]
            int[] faceVertexIndices = [0, 1, 2, 3, 4, 5, 6, 7, 8, 9, 10, 11, 12, 13, 14, 15, 16, 17, 18, 19, 20, 21, 22, 23]
            rel material:binding = </GalleryFurnaceClutter/Looks/Furnace>
            normal3f[] normals = [(-1, 0, 0), (-1, 0, 0), (-1, 0, 0), (-1, 0, 0), (1, 0, 0), (1, 0, 0), (1, 0, 0), (1, 0, 0), (0, -1, 0), (0, -1, 0), (0, -1, 0), (0, -1, 0), (0, 1, 0), (0, 1, 0), (0, 1, 0), (0, 1, 0), (0, 0, -1), (0, 0, -1), (0, 0, -1), (0, 0, -1), (0, 0, 1), (0, 0, 1), (0, 0, 1), (0, 0, 1)] (
                interpolation = "faceVarying"
            )
            point3f[] points = [(2.4, 0.6, 1.3), (2.4, 1.4, 1.3), (2.4, 1.4, 0.5), (2.4, 0.6, 0.5), (3.4, 0.6, 0.5), (3.4, 1.4, 0.5), (3.4, 1.4, 1.3), (3.4, 0.6, 1.3), (2.4, 0.6, 0.5), (3.4, 0.6, 0.5), (3.4, 0.6, 1.3), (2.4, 0.6, 1.3), (2.4, 1.4, 1.3), (3.4, 1.4, 1.3), (3.4, 1.4, 0.5), (2.4, 1.4, 0.5), (2.4, 1.4, 0.5), (3.4, 1.4, 0.5), (3.4, 0.6, 0.5), (2.4, 0.6, 0.5), (2.4, 0.6, 1.3), (3.4, 0.6, 1.3), (3.4, 1.4, 1.3), (2.4, 1.4, 1.3)]
            texCoord2f[] primvars:st = [(0.6, 1.3), (1.4, 1.3), (1.4, 0.5), (0.6, 0.5), (0.6, 0.5), (1.4, 0.5), (1.4, 1.3), (0.6, 1.3), (2.4, 0.5), (3.4, 0.5), (3.4, 1.3), (2.4, 1.3), (2.4, 1.3), (3.4, 1.3), (3.4, 0.5), (2.4, 0.5), (2.4, 1.4), (3.4, 1.4), (3.4, 0.6), (2.4, 0.6), (2.4, 0.6), (3.4, 0.6), (3.4, 1.4), (2.4, 1.4)] (
                interpolation = "faceVarying"
            )
            uniform token subdivisionScheme = "none"
        }

        def Mesh "Slab" (
            prepend apiSchemas = ["MaterialBindingAPI"]
        )
        {
            float3[] extent = [(0.5, 2.4, 1.8), (2, 3.5, 1.9)]
            int[] faceVertexCounts = [4, 4, 4, 4, 4, 4]
            int[] faceVertexIndices = [0, 1, 2, 3, 4, 5, 6, 7, 8, 9, 10, 11, 12, 13, 14, 15, 16, 17, 18, 19, 20, 21, 22, 23]
            rel material:binding = </GalleryFurnaceClutter/Looks/Furnace>
            normal3f[] normals = [(-1, 0, 0), (-1, 0, 0), (-1, 0, 0), (-1, 0, 0), (1, 0, 0), (1, 0, 0), (1, 0, 0), (1, 0, 0), (0, -1, 0), (0, -1, 0), (0, -1, 0), (0, -1, 0), (0, 1, 0), (0, 1, 0), (0, 1, 0), (0, 1, 0), (0, 0, -1), (0, 0, -1), (0, 0, -1), (0, 0, -1), (0, 0, 1), (0, 0, 1), (0, 0, 1), (0, 0, 1)] (
                interpolation = "faceVarying"
            )
            point3f[] points = [(0.5, 2.4, 1.9), (0.5, 3.5, 1.9), (0.5, 3.5, 1.8), (0.5, 2.4, 1.8), (2, 2.4, 1.8), (2, 3.5, 1.8), (2, 3.5, 1.9), (2, 2.4, 1.9), (0.5, 2.4, 1.8), (2, 2.4, 1.8), (2, 2.4, 1.9), (0.5, 2.4, 1.9), (0.5, 3.5, 1.9), (2, 3.5, 1.9), (2, 3.5, 1.8), (0.5, 3.5, 1.8), (0.5, 3.5, 1.8), (2, 3.5, 1.8), (2, 2.4, 1.8), (0.5, 2.4, 1.8), (0.5, 2.4, 1.9), (2, 2.4, 1.9), (2, 3.5, 1.9), (0.5, 3.5, 1.9)]
            texCoord2f[] primvars:st = [(2.4, 1.9), (3.5, 1.9), (3.5, 1.8), (2.4, 1.8), (2.4, 1.8), (3.5, 1.8), (3.5, 1.9), (2.4, 1.9), (0.5, 1.8), (2, 1.8), (2, 1.9), (0.5, 1.9), (0.5, 1.9), (2, 1.9), (2, 1.8), (0.5, 1.8), (0.5, 3.5), (2, 3.5), (2, 2.4), (0.5, 2.4), (0.5, 2.4), (2, 2.4), (2, 3.5), (0.5, 3.5)] (
                interpolation = "faceVarying"
            )
            uniform token subdivisionScheme = "none"
        }

        def Mesh "Fins" (
            prepend apiSchemas = ["MaterialBindingAPI"]
        )
        {
            float3[] extent = [(2.6, 2.3, 0.3), (3.52, 3.6, 2.4)]
            int[] faceVertexCounts = [4, 4, 4, 4, 4, 4, 4, 4, 4, 4, 4, 4, 4, 4, 4, 4, 4, 4, 4, 4, 4, 4, 4, 4]
            int[] faceVertexIndices = [0, 1, 2, 3, 4, 5, 6, 7, 8, 9, 10, 11, 12, 13, 14, 15, 16, 17, 18, 19, 20, 21, 22, 23, 24, 25, 26, 27, 28, 29, 30, 31, 32, 33, 34, 35, 36, 37, 38, 39, 40, 41, 42, 43, 44, 45, 46, 47, 48, 49, 50, 51, 52, 53, 54, 55, 56, 57, 58, 59, 60, 61, 62, 63, 64, 65, 66, 67, 68, 69, 70, 71, 72, 73, 74, 75, 76, 77, 78, 79, 80, 81, 82, 83, 84, 85, 86, 87, 88, 89, 90, 91, 92, 93, 94, 95]
            rel material:binding = </GalleryFurnaceClutter/Looks/Furnace>
            normal3f[] normals = [(-1, 0, 0), (-1, 0, 0), (-1, 0, 0), (-1, 0, 0), (1, 0, 0), (1, 0, 0), (1, 0, 0), (1, 0, 0), (0, -1, 0), (0, -1, 0), (0, -1, 0), (0, -1, 0), (0, 1, 0), (0, 1, 0), (0, 1, 0), (0, 1, 0), (0, 0, -1), (0, 0, -1), (0, 0, -1), (0, 0, -1), (0, 0, 1), (0, 0, 1), (0, 0, 1), (0, 0, 1), (-1, 0, 0), (-1, 0, 0), (-1, 0, 0), (-1, 0, 0), (1, 0, 0), (1, 0, 0), (1, 0, 0), (1, 0, 0), (0, -1, 0), (0, -1, 0), (0, -1, 0), (0, -1, 0), (0, 1, 0), (0, 1, 0), (0, 1, 0), (0, 1, 0), (0, 0, -1), (0, 0, -1), (0, 0, -1), (0, 0, -1), (0, 0, 1), (0, 0, 1), (0, 0, 1), (0, 0, 1), (-1, 0, 0), (-1, 0, 0), (-1, 0, 0), (-1, 0, 0), (1, 0, 0), (1, 0, 0), (1, 0, 0), (1, 0, 0), (0, -1, 0), (0, -1, 0), (0, -1, 0), (0, -1, 0), (0, 1, 0), (0, 1, 0), (0, 1, 0), (0, 1, 0), (0, 0, -1), (0, 0, -1), (0, 0, -1), (0, 0, -1), (0, 0, 1), (0, 0, 1), (0, 0, 1), (0, 0, 1), (-1, 0, 0), (-1, 0, 0), (-1, 0, 0), (-1, 0, 0), (1, 0, 0), (1, 0, 0), (1, 0, 0), (1, 0, 0), (0, -1, 0), (0, -1, 0), (0, -1, 0), (0, -1, 0), (0, 1, 0), (0, 1, 0), (0, 1, 0), (0, 1, 0), (0, 0, -1), (0, 0, -1), (0, 0, -1), (0, 0, -1), (0, 0, 1), (0, 0, 1), (0, 0, 1), (0, 0, 1)] (
                interpolation = "faceVarying"
            )
            point3f[] points = [(2.6, 2.3, 2.4), (2.6, 3.6, 2.4), (2.6, 3.6, 0.3), (2.6, 2.3, 0.3), (2.62, 2.3, 0.3), (2.62, 3.6, 0.3), (2.62, 3.6, 2.4), (2.62, 2.3, 2.4), (2.6, 2.3, 0.3), (2.62, 2.3, 0.3), (2.62, 2.3, 2.4), (2.6, 2.3, 2.4), (2.6, 3.6, 2.4), (2.62, 3.6, 2.4), (2.62, 3.6, 0.3), (2.6, 3.6, 0.3), (2.6, 3.6, 0.3), (2.62, 3.6, 0.3), (2.62, 2.3, 0.3), (2.6, 2.3, 0.3), (2.6, 2.3, 2.4), (2.62, 2.3, 2.4), (2.62, 3.6, 2.4), (2.6, 3.6, 2.4), (2.9, 2.3, 2.4), (2.9, 3.6, 2.4), (2.9, 3.6, 0.3), (2.9, 2.3, 0.3), (2.92, 2.3, 0.3), (2.92, 3.6, 0.3), (2.92, 3.6, 2.4), (2.92, 2.3, 2.4), (2.9, 2.3, 0.3), (2.92, 2.3, 0.3), (2.92, 2.3, 2.4), (2.9, 2.3, 2.4), (2.9, 3.6, 2.4), (2.92, 3.6, 2.4), (2.92, 3.6, 0.3), (2.9, 3.6, 0.3), (2.9, 3.6, 0.3), (2.92, 3.6, 0.3), (2.92, 2.3, 0.3), (2.9, 2.3, 0.3), (2.9, 2.3, 2.4), (2.92, 2.3, 2.4), (2.92, 3.6, 2.4), (2.9, 3.6, 2.4), (3.2, 2.3, 2.4), (3.2, 3.6, 2.4), (3.2, 3.6, 0.3), (3.2, 2.3, 0.3), (3.22, 2.3, 0.3), (3.22, 3.6, 0.3), (3.22, 3.6, 2.4), (3.22, 2.3, 2.4), (3.2, 2.3, 0.3), (3.22, 2.3, 0.3), (3.22, 2.3, 2.4), (3.2, 2.3, 2.4), (3.2, 3.6, 2.4), (3.22, 3.6, 2.4), (3.22, 3.6, 0.3), (3.2, 3.6, 0.3), (3.2, 3.6, 0.3), (3.22, 3.6, 0.3), (3.22, 2.3, 0.3), (3.2, 2.3, 0.3), (3.2, 2.3, 2.4), (3.22, 2.3, 2.4), (3.22, 3.6, 2.4), (3.2, 3.6, 2.4), (3.5, 2.3, 2.4), (3.5, 3.6, 2.4), (3.5, 3.6, 0.3), (3.5, 2.3, 0.3), (3.52, 2.3, 0.3), (3.52, 3.6, 0.3), (3.52, 3.6, 2.4), (3.52, 2.3, 2.4), (3.5, 2.3, 0.3), (3.52, 2.3, 0.3), (3.52, 2.3, 2.4), (3.5, 2.3, 2.4), (3.5, 3.6, 2.4), (3.52, 3.6, 2.4), (3.52, 3.6, 0.3), (3.5, 3.6, 0.3), (3.5, 3.6, 0.3), (3.52, 3.6, 0.3), (3.52, 2.3, 0.3), (3.5, 2.3, 0.3), (3.5, 2.3, 2.4), (3.52, 2.3, 2.4), (3.52, 3.6, 2.4), (3.5, 3.6, 2.4)]
            texCoord2f[] primvars:st = [(2.3, 2.4), (3.6, 2.4), (3.6, 0.3), (2.3, 0.3), (2.3, 0.3), (3.6, 0.3), (3.6, 2.4), (2.3, 2.4), (2.6, 0.3), (2.62, 0.3), (2.62, 2.4), (2.6, 2.4), (2.6, 2.4), (2.62, 2.4), (2.62, 0.3), (2.6, 0.3), (2.6, 3.6), (2.62, 3.6), (2.62, 2.3), (2.6, 2.3), (2.6, 2.3), (2.62, 2.3), (2.62, 3.6), (2.6, 3.6), (2.3, 2.4), (3.6, 2.4), (3.6, 0.3), (2.3, 0.3), (2.3, 0.3), (3.6, 0.3), (3.6, 2.4), (2.3, 2.4), (2.9, 0.3), (2.92, 0.3), (2.92, 2.4), (2.9, 2.4), (2.9, 2.4), (2.92, 2.4), (2.92, 0.3), (2.9, 0.3), (2.9, 3.6), (2.92, 3.6), (2.92, 2.3), (2.9, 2.3), (2.9, 2.3), (2.92, 2.3), (2.92, 3.6), (2.9, 3.6), (2.3, 2.4), (3.6, 2.4), (3.6, 0.3), (2.3, 0.3), (2.3, 0.3), (3.6, 0.3), (3.6, 2.4), (2.3, 2.4), (3.2, 0.3), (3.22, 0.3), (3.22, 2.4), (3.2, 2.4), (3.2, 2.4), (3.22, 2.4), (3.22, 0.3), (3.2, 0.3), (3.2, 3.6), (3.22, 3.6), (3.22, 2.3), (3.2, 2.3), (3.2, 2.3), (3.22, 2.3), (3.22, 3.6), (3.2, 3.6), (2.3, 2.4), (3.6, 2.4), (3.6, 0.3), (2.3, 0.3), (2.3, 0.3), (3.6, 0.3), (3.6, 2.4), (2.3, 2.4), (3.5, 0.3), (3.52, 0.3), (3.52, 2.4), (3.5, 2.4), (3.5, 2.4), (3.52, 2.4), (3.52, 0.3), (3.5, 0.3), (3.5, 3.6), (3.52, 3.6), (3.52, 2.3), (3.5, 2.3), (3.5, 2.3), (3.52, 2.3), (3.52, 3.6), (3.5, 3.6)] (
                interpolation = "faceVarying"
            )
            uniform token subdivisionScheme = "none"
        }

        def Mesh "Pillar" (
            prepend apiSchemas = ["MaterialBindingAPI"]
        )
        {
            float3[] extent = [(1, 1, 0.02), (1.4, 1.4, 2.98)]
            int[] faceVertexCounts = [4, 4, 4, 4, 4, 4]
            int[] faceVertexIndices = [0, 1, 2, 3, 4, 5, 6, 7, 8, 9, 10, 11, 12, 13, 14, 15, 16, 17, 18, 19, 20, 21, 22, 23]
            rel material:binding = </GalleryFurnaceClutter/Looks/Furnace>
            normal3f[] normals = [(-1, 0, 0), (-1, 0, 0), (-1, 0, 0), (-1, 0, 0), (1, 0, 0), (1, 0, 0), (1, 0, 0), (1, 0, 0), (0, -1, 0), (0, -1, 0), (0, -1, 0), (0, -1, 0), (0, 1, 0), (0, 1, 0), (0, 1, 0), (0, 1, 0), (0, 0, -1), (0, 0, -1), (0, 0, -1), (0, 0, -1), (0, 0, 1), (0, 0, 1), (0, 0, 1), (0, 0, 1)] (
                interpolation = "faceVarying"
            )
            point3f[] points = [(1, 1, 2.98), (1, 1.4, 2.98), (1, 1.4, 0.02), (1, 1, 0.02), (1.4, 1, 0.02), (1.4, 1.4, 0.02), (1.4, 1.4, 2.98), (1.4, 1, 2.98), (1, 1, 0.02), (1.4, 1, 0.02), (1.4, 1, 2.98), (1, 1, 2.98), (1, 1.4, 2.98), (1.4, 1.4, 2.98), (1.4, 1.4, 0.02), (1, 1.4, 0.02), (1, 1.4, 0.02), (1.4, 1.4, 0.02), (1.4, 1, 0.02), (1, 1, 0.02), (1, 1, 2.98), (1.4, 1, 2.98), (1.4, 1.4, 2.98), (1, 1.4, 2.98)]
            texCoord2f[] primvars:st = [(1, 2.98), (1.4, 2.98), (1.4, 0.02), (1, 0.02), (1, 0.02), (1.4, 0.02), (1.4, 2.98), (1, 2.98), (1, 0.02), (1.4, 0.02), (1.4, 2.98), (1, 2.98), (1, 2.98), (1.4, 2.98), (1.4, 0.02), (1, 0.02), (1, 1.4), (1.4, 1.4), (1.4, 1), (1, 1), (1, 1), (1.4, 1), (1.4, 1.4), (1, 1.4)] (
                interpolation = "faceVarying"
            )
            uniform token subdivisionScheme = "none"
        }

        def Mesh "Crevice" (
            prepend apiSchemas = ["MaterialBindingAPI"]
        )
        {
            float3[] extent = [(3, 0.2, 1.8), (3.8, 1.2, 2.6)]
            int[] faceVertexCounts = [4, 4, 4, 4, 4, 4, 4, 4, 4, 4, 4, 4]
            int[] faceVertexIndices = [0, 1, 2, 3, 4, 5, 6, 7, 8, 9, 10, 11, 12, 13, 14, 15, 16, 17, 18, 19, 20, 21, 22, 23, 24, 25, 26, 27, 28, 29, 30, 31, 32, 33, 34, 35, 36, 37, 38, 39, 40, 41, 42, 43, 44, 45, 46, 47]
            rel material:binding = </GalleryFurnaceClutter/Looks/Furnace>
            normal3f[] normals = [(-1, 0, 0), (-1, 0, 0), (-1, 0, 0), (-1, 0, 0), (1, 0, 0), (1, 0, 0), (1, 0, 0), (1, 0, 0), (0, -1, 0), (0, -1, 0), (0, -1, 0), (0, -1, 0), (0, 1, 0), (0, 1, 0), (0, 1, 0), (0, 1, 0), (0, 0, -1), (0, 0, -1), (0, 0, -1), (0, 0, -1), (0, 0, 1), (0, 0, 1), (0, 0, 1), (0, 0, 1), (-1, 0, 0), (-1, 0, 0), (-1, 0, 0), (-1, 0, 0), (1, 0, 0), (1, 0, 0), (1, 0, 0), (1, 0, 0), (0, -1, 0), (0, -1, 0), (0, -1, 0), (0, -1, 0), (0, 1, 0), (0, 1, 0), (0, 1, 0), (0, 1, 0), (0, 0, -1), (0, 0, -1), (0, 0, -1), (0, 0, -1), (0, 0, 1), (0, 0, 1), (0, 0, 1), (0, 0, 1)] (
                interpolation = "faceVarying"
            )
            point3f[] points = [(3, 0.2, 2.6), (3, 1.2, 2.6), (3, 1.2, 1.8), (3, 0.2, 1.8), (3.4, 0.2, 1.8), (3.4, 1.2, 1.8), (3.4, 1.2, 2.6), (3.4, 0.2, 2.6), (3, 0.2, 1.8), (3.4, 0.2, 1.8), (3.4, 0.2, 2.6), (3, 0.2, 2.6), (3, 1.2, 2.6), (3.4, 1.2, 2.6), (3.4, 1.2, 1.8), (3, 1.2, 1.8), (3, 1.2, 1.8), (3.4, 1.2, 1.8), (3.4, 0.2, 1.8), (3, 0.2, 1.8), (3, 0.2, 2.6), (3.4, 0.2, 2.6), (3.4, 1.2, 2.6), (3, 1.2, 2.6), (3.41, 0.2, 2.6), (3.41, 1.2, 2.6), (3.41, 1.2, 1.8), (3.41, 0.2, 1.8), (3.8, 0.2, 1.8), (3.8, 1.2, 1.8), (3.8, 1.2, 2.6), (3.8, 0.2, 2.6), (3.41, 0.2, 1.8), (3.8, 0.2, 1.8), (3.8, 0.2, 2.6), (3.41, 0.2, 2.6), (3.41, 1.2, 2.6), (3.8, 1.2, 2.6), (3.8, 1.2, 1.8), (3.41, 1.2, 1.8), (3.41, 1.2, 1.8), (3.8, 1.2, 1.8), (3.8, 0.2, 1.8), (3.41, 0.2, 1.8), (3.41, 0.2, 2.6), (3.8, 0.2, 2.6), (3.8, 1.2, 2.6), (3.41, 1.2, 2.6)]
            texCoord2f[] primvars:st = [(0.2, 2.6), (1.2, 2.6), (1.2, 1.8), (0.2, 1.8), (0.2, 1.8), (1.2, 1.8), (1.2, 2.6), (0.2, 2.6), (3, 1.8), (3.4, 1.8), (3.4, 2.6), (3, 2.6), (3, 2.6), (3.4, 2.6), (3.4, 1.8), (3, 1.8), (3, 1.2), (3.4, 1.2), (3.4, 0.2), (3, 0.2), (3, 0.2), (3.4, 0.2), (3.4, 1.2), (3, 1.2), (0.2, 2.6), (1.2, 2.6), (1.2, 1.8), (0.2, 1.8), (0.2, 1.8), (1.2, 1.8), (1.2, 2.6), (0.2, 2.6), (3.41, 1.8), (3.8, 1.8), (3.8, 2.6), (3.41, 2.6), (3.41, 2.6), (3.8, 2.6), (3.8, 1.8), (3.41, 1.8), (3.41, 1.2), (3.8, 1.2), (3.8, 0.2), (3.41, 0.2), (3.41, 0.2), (3.8, 0.2), (3.8, 1.2), (3.41, 1.2)] (
                interpolation = "faceVarying"
            )
            uniform token subdivisionScheme = "none"
        }

        def Mesh "Orb" (
            prepend apiSchemas = ["MaterialBindingAPI"]
        )
        {
            float3[] extent = [(1.85, 1.65, 2.15), (2.55, 2.35, 2.85)]
            int[] faceVertexCounts = [3, 3, 3, 3, 3, 3, 3, 3, 3, 3, 3, 3, 3, 3, 3, 3, 3, 3, 3, 3, 3, 3, 3, 3, 3, 3, 3, 3, 3, 3, 3, 3, 3, 3, 3, 3, 3, 3, 3, 3, 3, 3, 3, 3, 3, 3, 3, 3, 4, 4, 4, 4, 4, 4, 4, 4, 4, 4, 4, 4, 4, 4, 4, 4, 4, 4, 4, 4, 4, 4, 4, 4, 4, 4, 4, 4, 4, 4, 4, 4, 4, 4, 4, 4, 4, 4, 4, 4, 4, 4, 4, 4, 4, 4, 4, 4, 4, 4, 4, 4, 4, 4, 4, 4, 4, 4, 4, 4, 4, 4, 4, 4, 4, 4, 4, 4, 4, 4, 4, 4, 4, 4, 4, 4, 4, 4, 4, 4, 4, 4, 4, 4, 4, 4, 4, 4, 4, 4, 4, 4, 4, 4, 4, 4, 4, 4, 4, 4, 4, 4, 4, 4, 4, 4, 4, 4, 4, 4, 4, 4, 4, 4, 4, 4, 4, 4, 4, 4, 4, 4, 4, 4, 4, 4, 4, 4, 4, 4, 4, 4, 4, 4, 4, 4, 4, 4, 4, 4, 4, 4, 4, 4, 4, 4, 4, 4, 4, 4, 4, 4, 4, 4, 4, 4, 4, 4, 4, 4, 4, 4, 4, 4, 4, 4, 4, 4, 4, 4, 4, 4, 4, 4, 4, 4, 4, 4, 4, 4, 4, 4, 4, 4, 4, 4, 4, 4, 4, 4, 4, 4, 4, 4, 4, 4, 4, 4, 4, 4, 4, 4, 4, 4, 4, 4, 4, 4, 4, 4, 4, 4, 4, 4, 4, 4, 4, 4, 4, 4, 4, 4, 4, 4, 4, 4, 4, 4, 4, 4, 4, 4, 4, 4, 4, 4, 4, 4, 4, 4, 4, 4, 4, 4, 4, 4, 4, 4, 4, 4, 4, 4, 4, 4, 4, 4, 4, 4, 4, 4, 4, 4, 4, 4, 4, 4, 4, 4, 4, 4, 4, 4, 4, 4, 4, 4, 4, 4, 4, 4, 4, 4, 4, 4, 4, 4, 4, 4, 4, 4, 4, 4, 4, 4, 4, 4, 4, 4, 4, 4, 4, 4, 4, 4, 4, 4, 4, 4, 4, 4, 4, 4, 4, 4, 4, 4, 4, 4, 4, 4, 4, 4, 4, 4, 4, 4, 4, 4, 4, 4, 4, 4, 4, 4, 4, 4, 4, 4, 4, 4, 4, 4, 4, 4, 4, 4, 4, 4, 4, 4, 4, 4, 4, 4, 4, 4, 4, 4, 4, 4, 4, 4, 4, 4, 4, 4, 4, 4, 4, 4, 4, 4, 4, 4, 4, 4, 4, 4, 4, 4, 4, 4, 4, 4, 4, 4, 4, 4, 4, 4, 4, 4, 4, 4, 4, 4, 4, 4, 4, 4, 4, 4, 4, 4, 4, 4, 4, 4, 4, 4, 4, 4, 4, 4, 4, 4, 4, 4, 4, 4, 4, 4, 4, 4, 4, 4, 4, 4, 4, 4, 4, 4, 4, 4, 4, 4, 4, 4, 4, 4, 4, 4, 4, 4, 4, 4, 4, 4, 4, 4, 4, 4, 4, 4, 4, 4, 4, 4, 4, 4, 4, 4, 4, 4, 4, 4, 4, 4, 4, 4, 4, 4, 4, 4, 4, 4, 4, 4, 4, 4, 4, 4, 4, 4, 4, 4, 4, 4, 4, 4, 4, 4, 4, 4, 4, 4, 4, 4, 4, 4, 4, 4, 4, 4, 4, 4, 4, 4, 4, 4, 4, 4, 4, 4, 4, 4, 4, 4, 4, 4, 4, 4, 4, 4, 4, 4, 4, 4, 4, 4, 4, 4, 4, 4, 4, 4, 4, 4, 4, 4, 4, 4, 4, 4, 4, 4, 4, 4, 4, 4, 4, 4, 4, 4, 4, 4, 4, 4, 4, 4, 4, 4, 4, 4, 4, 4, 4, 4, 4, 4, 4, 4, 4, 4, 4, 4, 4, 4, 4, 4, 4, 4, 4, 4, 4, 4, 4, 4, 4, 4, 4, 4, 4, 4, 4, 4, 4, 4, 4, 4, 4, 4, 4, 4, 4, 4, 4, 4, 4, 4, 4, 4, 4, 4, 4, 4, 4, 4, 4, 4, 4, 4, 4, 4, 4, 4, 4, 4, 4, 4, 4, 4, 4, 4, 4, 4, 4, 4, 4, 4, 4, 4, 4, 4, 4, 4, 4, 4, 4, 4, 4, 4, 4, 4, 4, 4, 4, 4, 4, 4, 4, 4, 4, 4, 4, 4, 4, 4, 4, 4, 4, 4, 4, 4, 4, 4, 4, 4, 4, 4, 4, 4, 4, 4, 4, 4, 4, 4, 4, 4, 4, 4, 4, 4, 4, 4, 4, 4, 4, 4, 4, 4, 4, 4, 4, 4, 4, 4, 4, 4, 4, 4, 4, 4, 4, 4, 4, 4, 4, 4, 4, 4, 4, 4, 4, 4, 4, 4, 4, 4, 4, 4, 4, 4, 4, 4, 4, 4, 4, 4, 4, 4, 4, 4, 4, 4, 4, 4, 4, 4, 4, 4, 4, 4, 4, 4, 4, 4, 4, 4, 4, 4, 4, 4, 4, 4, 4, 4, 4, 4, 4, 4, 4, 4, 4, 4, 4, 4, 4, 4, 4, 4, 4, 4, 4, 4, 4, 4, 4, 4, 4, 4, 4, 4, 4, 4, 4, 4, 4, 4, 4, 4, 4, 4, 4, 4, 4, 4, 4, 4, 4, 4, 4, 4, 4, 4, 4, 4, 4, 4, 4, 4, 4, 4, 4, 4, 4, 4, 4, 4, 4, 4, 4, 4, 4, 4, 4, 4, 4, 4, 4, 4, 4, 4, 4, 4, 4, 4, 4, 4, 4, 4, 4, 4, 4, 4, 4, 4, 4, 4, 4, 4, 4, 4, 4, 4, 4, 4, 4, 4, 4, 4, 4, 4, 4, 4, 4, 4, 4, 4, 4, 4, 4, 4, 4, 4, 4, 4, 4, 4, 4, 4, 4, 4, 4, 4, 4, 4, 4, 4, 4, 4, 4, 4, 4, 4, 4, 4, 4, 4, 4, 4, 4, 4, 4, 4, 4, 4, 4, 4, 4, 4, 4, 4, 4, 4, 4, 4, 4, 4, 4, 4, 4, 4, 4, 4, 4, 4, 4, 4, 4, 4, 4, 4, 4, 4, 4, 4, 4, 4, 4, 4, 4, 4, 4, 4, 4, 4, 4, 4, 4, 4, 4, 4, 4, 4, 4, 4, 4, 4, 4, 4, 4, 4, 4, 4, 4, 4, 4, 4, 4, 4, 4, 4, 4, 4, 4, 4, 4, 4, 4, 4, 4, 4, 4, 4, 4, 4, 4, 4, 4, 4, 4, 4, 4, 4, 4, 4, 4, 4, 4, 4, 4, 4, 4, 4, 4, 4, 4, 4, 4, 4, 4, 4, 4, 4, 4, 4, 4, 4, 4, 4, 4, 4, 4, 4, 4, 4, 4, 4, 4, 4, 4, 4, 4, 4, 4, 4, 4, 4, 4, 4, 4, 4, 4, 4, 3, 3, 3, 3, 3, 3, 3, 3, 3, 3, 3, 3, 3, 3, 3, 3, 3, 3, 3, 3, 3, 3, 3, 3, 3, 3, 3, 3, 3, 3, 3, 3, 3, 3, 3, 3, 3, 3, 3, 3, 3, 3, 3, 3, 3, 3, 3, 3]
            int[] faceVertexIndices = [0, 1, 2, 3, 4, 5, 6, 7, 8, 9, 10, 11, 12, 13, 14, 15, 16, 17, 18, 19, 20, 21, 22, 23, 24, 25, 26, 27, 28, 29, 30, 31, 32, 33, 34, 35, 36, 37, 38, 39, 40, 41, 42, 43, 44, 45, 46, 47, 48, 49, 50, 51, 52, 53, 54, 55, 56, 57, 58, 59, 60, 61, 62, 63, 64, 65, 66, 67, 68, 69, 70, 71, 72, 73, 74, 75, 76, 77, 78, 79, 80, 81, 82, 83, 84, 85, 86, 87, 88, 89, 90, 91, 92, 93, 94, 95, 96, 97, 98, 99, 100, 101, 102, 103, 104, 105, 106, 107, 108, 109, 110, 111, 112, 113, 114, 115, 116, 117, 118, 119, 120, 121, 122, 123, 124, 125, 126, 127, 128, 129, 130, 131, 132, 133, 134, 135, 136, 137, 138, 139, 140, 141, 142, 143, 144, 145, 146, 147, 148, 149, 150, 151, 152, 153, 154, 155, 156, 157, 158, 159, 160, 161, 162, 163, 164, 165, 166, 167, 168, 169, 170, 171, 172, 173, 174, 175, 176, 177, 178, 179, 180, 181, 182, 183, 184, 185, 186, 187, 188, 189, 190, 191, 192, 193, 194, 195, 196, 197, 198, 199, 200, 201, 202, 203, 204, 205, 206, 207, 208, 209, 210, 211, 212, 213, 214, 215, 216, 217, 218, 219, 220, 221, 222, 223, 224, 225, 226, 227, 228, 229, 230, 231, 232, 233, 234, 235, 236, 237, 238, 239, 240, 241, 242, 243, 244, 245, 246, 247, 248, 249, 250, 251, 252, 253, 254, 255, 256, 257, 258, 259, 260, 261, 262, 263, 264, 265, 266, 267, 268, 269, 270, 271, 272, 273, 274, 275, 276, 277, 278, 279, 280, 281, 282, 283, 284, 285, 286, 287, 288, 289, 290, 291, 292, 293, 294, 295, 296, 297, 298, 299, 300, 301, 302, 303, 304, 305, 306, 307, 308, 309, 310, 311, 312, 313, 314, 315, 316, 317, 318, 319, 320, 321, 322, 323, 324, 325, 326, 327, 328, 329, 330, 331, 332, 333, 334, 335, 336, 337, 338, 339, 340, 341, 342, 343, 344, 345, 346, 347, 348, 349, 350, 351, 352, 353, 354, 355, 356, 357, 358, 359, 360, 361, 362, 363, 364, 365, 366, 367, 368, 369, 370, 371, 372, 373, 374, 375, 376, 377, 378, 379, 380, 381, 382, 383, 384, 385, 386, 387, 388, 389, 390, 391, 392, 393, 394, 395, 396, 397, 398, 399, 400, 401, 402, 403, 404, 405, 406, 407, 408, 409, 410, 411, 412, 413, 414, 415, 416, 417, 418, 419, 420, 421, 422, 423, 424, 425, 426, 427, 428, 429, 430, 431, 432, 433, 434, 435, 436, 437, 438, 439, 440, 441, 442, 443, 444, 445, 446, 447, 448, 449, 450, 451, 452, 453, 454, 455, 456, 457, 458, 459, 460, 461, 462, 463, 464, 465, 466, 467, 468, 469, 470, 471, 472, 473, 474, 475, 476, 477, 478, 479, 480, 481, 482, 483, 484, 485, 486, 487, 488, 489, 490, 491, 492, 493, 494, 495, 496, 497, 498, 499, 500, 501, 502, 503, 504, 505, 506, 507, 508, 509, 510, 511, 512, 513, 514, 515, 516, 517, 518, 519, 520, 521, 522, 523, 524, 525, 526, 527, 528, 529, 530, 531, 532, 533, 534, 535, 536, 537, 538, 539, 540, 541, 542, 543, 544, 545, 546, 547, 548, 549, 550, 551, 552, 553, 554, 555, 556, 557, 558, 559, 560, 561, 562, 563, 564, 565, 566, 567, 568, 569, 570, 571, 572, 573, 574, 575, 576, 577, 578, 579, 580, 581, 582, 583, 584, 585, 586, 587, 588, 589, 590, 591, 592, 593, 594, 595, 596, 597, 598, 599, 600, 601, 602, 603, 604, 605, 606, 607, 608, 609, 610, 611, 612, 613, 614, 615, 616, 617, 618, 619, 620, 621, 622, 623, 624, 625, 626, 627, 628, 629, 630, 631, 632, 633, 634, 635, 636, 637, 638, 639, 640, 641, 642, 643, 644, 645, 646, 647, 648, 649, 650, 651, 652, 653, 654, 655, 656, 657, 658, 659, 660, 661, 662, 663, 664, 665, 666, 667, 668, 669, 670, 671, 672, 673, 674, 675, 676, 677, 678, 679, 680, 681, 682, 683, 684, 685, 686, 687, 688, 689, 690, 691, 692, 693, 694, 695, 696, 697, 698, 699, 700, 701, 702, 703, 704, 705, 706, 707, 708, 709, 710, 711, 712, 713, 714, 715, 716, 717, 718, 719, 720, 721, 722, 723, 724, 725, 726, 727, 728, 729, 730, 731, 732, 733, 734, 735, 736, 737, 738, 739, 740, 741, 742, 743, 744, 745, 746, 747, 748, 749, 750, 751, 752, 753, 754, 755, 756, 757, 758, 759, 760, 761, 762, 763, 764, 765, 766, 767, 768, 769, 770, 771, 772, 773, 774, 775, 776, 777, 778, 779, 780, 781, 782, 783, 784, 785, 786, 787, 788, 789, 790, 791, 792, 793, 794, 795, 796, 797, 798, 799, 800, 801, 802, 803, 804, 805, 806, 807, 808, 809, 810, 811, 812, 813, 814, 815, 816, 817, 818, 819, 820, 821, 822, 823, 824, 825, 826, 827, 828, 829, 830, 831, 832, 833, 834, 835, 836, 837, 838, 839, 840, 841, 842, 843, 844, 845, 846, 847, 848, 849, 850, 851, 852, 853, 854, 855, 856, 857, 858, 859, 860, 861, 862, 863, 864, 865, 866, 867, 868, 869, 870, 871, 872, 873, 874, 875, 876, 877, 878, 879, 880, 881, 882, 883, 884, 885, 886, 887, 888, 889, 890, 891, 892, 893, 894, 895, 896, 897, 898, 899, 900, 901, 902, 903, 904, 905, 906, 907, 908, 909, 910, 911, 912, 913, 914, 915, 916, 917, 918, 919, 920, 921, 922, 923, 924, 925, 926, 927, 928, 929, 930, 931, 932, 933, 934, 935, 936, 937, 938, 939, 940, 941, 942, 943, 944, 945, 946, 947, 948, 949, 950, 951, 952, 953, 954, 955, 956, 957, 958, 959, 960, 961, 962, 963, 964, 965, 966, 967, 968, 969, 970, 971, 972, 973, 974, 975, 976, 977, 978, 979, 980, 981, 982, 983, 984, 985, 986, 987, 988, 989, 990, 991, 992, 993, 994, 995, 996, 997, 998, 999, 1000, 1001, 1002, 1003, 1004, 1005, 1006, 1007, 1008, 1009, 1010, 1011, 1012, 1013, 1014, 1015, 1016, 1017, 1018, 1019, 1020, 1021, 1022, 1023, 1024, 1025, 1026, 1027, 1028, 1029, 1030, 1031, 1032, 1033, 1034, 1035, 1036, 1037, 1038, 1039, 1040, 1041, 1042, 1043, 1044, 1045, 1046, 1047, 1048, 1049, 1050, 1051, 1052, 1053, 1054, 1055, 1056, 1057, 1058, 1059, 1060, 1061, 1062, 1063, 1064, 1065, 1066, 1067, 1068, 1069, 1070, 1071, 1072, 1073, 1074, 1075, 1076, 1077, 1078, 1079, 1080, 1081, 1082, 1083, 1084, 1085, 1086, 1087, 1088, 1089, 1090, 1091, 1092, 1093, 1094, 1095, 1096, 1097, 1098, 1099, 1100, 1101, 1102, 1103, 1104, 1105, 1106, 1107, 1108, 1109, 1110, 1111, 1112, 1113, 1114, 1115, 1116, 1117, 1118, 1119, 1120, 1121, 1122, 1123, 1124, 1125, 1126, 1127, 1128, 1129, 1130, 1131, 1132, 1133, 1134, 1135, 1136, 1137, 1138, 1139, 1140, 1141, 1142, 1143, 1144, 1145, 1146, 1147, 1148, 1149, 1150, 1151, 1152, 1153, 1154, 1155, 1156, 1157, 1158, 1159, 1160, 1161, 1162, 1163, 1164, 1165, 1166, 1167, 1168, 1169, 1170, 1171, 1172, 1173, 1174, 1175, 1176, 1177, 1178, 1179, 1180, 1181, 1182, 1183, 1184, 1185, 1186, 1187, 1188, 1189, 1190, 1191, 1192, 1193, 1194, 1195, 1196, 1197, 1198, 1199, 1200, 1201, 1202, 1203, 1204, 1205, 1206, 1207, 1208, 1209, 1210, 1211, 1212, 1213, 1214, 1215, 1216, 1217, 1218, 1219, 1220, 1221, 1222, 1223, 1224, 1225, 1226, 1227, 1228, 1229, 1230, 1231, 1232, 1233, 1234, 1235, 1236, 1237, 1238, 1239, 1240, 1241, 1242, 1243, 1244, 1245, 1246, 1247, 1248, 1249, 1250, 1251, 1252, 1253, 1254, 1255, 1256, 1257, 1258, 1259, 1260, 1261, 1262, 1263, 1264, 1265, 1266, 1267, 1268, 1269, 1270, 1271, 1272, 1273, 1274, 1275, 1276, 1277, 1278, 1279, 1280, 1281, 1282, 1283, 1284, 1285, 1286, 1287, 1288, 1289, 1290, 1291, 1292, 1293, 1294, 1295, 1296, 1297, 1298, 1299, 1300, 1301, 1302, 1303, 1304, 1305, 1306, 1307, 1308, 1309, 1310, 1311, 1312, 1313, 1314, 1315, 1316, 1317, 1318, 1319, 1320, 1321, 1322, 1323, 1324, 1325, 1326, 1327, 1328, 1329, 1330, 1331, 1332, 1333, 1334, 1335, 1336, 1337, 1338, 1339, 1340, 1341, 1342, 1343, 1344, 1345, 1346, 1347, 1348, 1349, 1350, 1351, 1352, 1353, 1354, 1355, 1356, 1357, 1358, 1359, 1360, 1361, 1362, 1363, 1364, 1365, 1366, 1367, 1368, 1369, 1370, 1371, 1372, 1373, 1374, 1375, 1376, 1377, 1378, 1379, 1380, 1381, 1382, 1383, 1384, 1385, 1386, 1387, 1388, 1389, 1390, 1391, 1392, 1393, 1394, 1395, 1396, 1397, 1398, 1399, 1400, 1401, 1402, 1403, 1404, 1405, 1406, 1407, 1408, 1409, 1410, 1411, 1412, 1413, 1414, 1415, 1416, 1417, 1418, 1419, 1420, 1421, 1422, 1423, 1424, 1425, 1426, 1427, 1428, 1429, 1430, 1431, 1432, 1433, 1434, 1435, 1436, 1437, 1438, 1439, 1440, 1441, 1442, 1443, 1444, 1445, 1446, 1447, 1448, 1449, 1450, 1451, 1452, 1453, 1454, 1455, 1456, 1457, 1458, 1459, 1460, 1461, 1462, 1463, 1464, 1465, 1466, 1467, 1468, 1469, 1470, 1471, 1472, 1473, 1474, 1475, 1476, 1477, 1478, 1479, 1480, 1481, 1482, 1483, 1484, 1485, 1486, 1487, 1488, 1489, 1490, 1491, 1492, 1493, 1494, 1495, 1496, 1497, 1498, 1499, 1500, 1501, 1502, 1503, 1504, 1505, 1506, 1507, 1508, 1509, 1510, 1511, 1512, 1513, 1514, 1515, 1516, 1517, 1518, 1519, 1520, 1521, 1522, 1523, 1524, 1525, 1526, 1527, 1528, 1529, 1530, 1531, 1532, 1533, 1534, 1535, 1536, 1537, 1538, 1539, 1540, 1541, 1542, 1543, 1544, 1545, 1546, 1547, 1548, 1549, 1550, 1551, 1552, 1553, 1554, 1555, 1556, 1557, 1558, 1559, 1560, 1561, 1562, 1563, 1564, 1565, 1566, 1567, 1568, 1569, 1570, 1571, 1572, 1573, 1574, 1575, 1576, 1577, 1578, 1579, 1580, 1581, 1582, 1583, 1584, 1585, 1586, 1587, 1588, 1589, 1590, 1591, 1592, 1593, 1594, 1595, 1596, 1597, 1598, 1599, 1600, 1601, 1602, 1603, 1604, 1605, 1606, 1607, 1608, 1609, 1610, 1611, 1612, 1613, 1614, 1615, 1616, 1617, 1618, 1619, 1620, 1621, 1622, 1623, 1624, 1625, 1626, 1627, 1628, 1629, 1630, 1631, 1632, 1633, 1634, 1635, 1636, 1637, 1638, 1639, 1640, 1641, 1642, 1643, 1644, 1645, 1646, 1647, 1648, 1649, 1650, 1651, 1652, 1653, 1654, 1655, 1656, 1657, 1658, 1659, 1660, 1661, 1662, 1663, 1664, 1665, 1666, 1667, 1668, 1669, 1670, 1671, 1672, 1673, 1674, 1675, 1676, 1677, 1678, 1679, 1680, 1681, 1682, 1683, 1684, 1685, 1686, 1687, 1688, 1689, 1690, 1691, 1692, 1693, 1694, 1695, 1696, 1697, 1698, 1699, 1700, 1701, 1702, 1703, 1704, 1705, 1706, 1707, 1708, 1709, 1710, 1711, 1712, 1713, 1714, 1715, 1716, 1717, 1718, 1719, 1720, 1721, 1722, 1723, 1724, 1725, 1726, 1727, 1728, 1729, 1730, 1731, 1732, 1733, 1734, 1735, 1736, 1737, 1738, 1739, 1740, 1741, 1742, 1743, 1744, 1745, 1746, 1747, 1748, 1749, 1750, 1751, 1752, 1753, 1754, 1755, 1756, 1757, 1758, 1759, 1760, 1761, 1762, 1763, 1764, 1765, 1766, 1767, 1768, 1769, 1770, 1771, 1772, 1773, 1774, 1775, 1776, 1777, 1778, 1779, 1780, 1781, 1782, 1783, 1784, 1785, 1786, 1787, 1788, 1789, 1790, 1791, 1792, 1793, 1794, 1795, 1796, 1797, 1798, 1799, 1800, 1801, 1802, 1803, 1804, 1805, 1806, 1807, 1808, 1809, 1810, 1811, 1812, 1813, 1814, 1815, 1816, 1817, 1818, 1819, 1820, 1821, 1822, 1823, 1824, 1825, 1826, 1827, 1828, 1829, 1830, 1831, 1832, 1833, 1834, 1835, 1836, 1837, 1838, 1839, 1840, 1841, 1842, 1843, 1844, 1845, 1846, 1847, 1848, 1849, 1850, 1851, 1852, 1853, 1854, 1855, 1856, 1857, 1858, 1859, 1860, 1861, 1862, 1863, 1864, 1865, 1866, 1867, 1868, 1869, 1870, 1871, 1872, 1873, 1874, 1875, 1876, 1877, 1878, 1879, 1880, 1881, 1882, 1883, 1884, 1885, 1886, 1887, 1888, 1889, 1890, 1891, 1892, 1893, 1894, 1895, 1896, 1897, 1898, 1899, 1900, 1901, 1902, 1903, 1904, 1905, 1906, 1907, 1908, 1909, 1910, 1911, 1912, 1913, 1914, 1915, 1916, 1917, 1918, 1919, 1920, 1921, 1922, 1923, 1924, 1925, 1926, 1927, 1928, 1929, 1930, 1931, 1932, 1933, 1934, 1935, 1936, 1937, 1938, 1939, 1940, 1941, 1942, 1943, 1944, 1945, 1946, 1947, 1948, 1949, 1950, 1951, 1952, 1953, 1954, 1955, 1956, 1957, 1958, 1959, 1960, 1961, 1962, 1963, 1964, 1965, 1966, 1967, 1968, 1969, 1970, 1971, 1972, 1973, 1974, 1975, 1976, 1977, 1978, 1979, 1980, 1981, 1982, 1983, 1984, 1985, 1986, 1987, 1988, 1989, 1990, 1991, 1992, 1993, 1994, 1995, 1996, 1997, 1998, 1999, 2000, 2001, 2002, 2003, 2004, 2005, 2006, 2007, 2008, 2009, 2010, 2011, 2012, 2013, 2014, 2015, 2016, 2017, 2018, 2019, 2020, 2021, 2022, 2023, 2024, 2025, 2026, 2027, 2028, 2029, 2030, 2031, 2032, 2033, 2034, 2035, 2036, 2037, 2038, 2039, 2040, 2041, 2042, 2043, 2044, 2045, 2046, 2047, 2048, 2049, 2050, 2051, 2052, 2053, 2054, 2055, 2056, 2057, 2058, 2059, 2060, 2061, 2062, 2063, 2064, 2065, 2066, 2067, 2068, 2069, 2070, 2071, 2072, 2073, 2074, 2075, 2076, 2077, 2078, 2079, 2080, 2081, 2082, 2083, 2084, 2085, 2086, 2087, 2088, 2089, 2090, 2091, 2092, 2093, 2094, 2095, 2096, 2097, 2098, 2099, 2100, 2101, 2102, 2103, 2104, 2105, 2106, 2107, 2108, 2109, 2110, 2111, 2112, 2113, 2114, 2115, 2116, 2117, 2118, 2119, 2120, 2121, 2122, 2123, 2124, 2125, 2126, 2127, 2128, 2129, 2130, 2131, 2132, 2133, 2134, 2135, 2136, 2137, 2138, 2139, 2140, 2141, 2142, 2143, 2144, 2145, 2146, 2147, 2148, 2149, 2150, 2151, 2152, 2153, 2154, 2155, 2156, 2157, 2158, 2159, 2160, 2161, 2162, 2163, 2164, 2165, 2166, 2167, 2168, 2169, 2170, 2171, 2172, 2173, 2174, 2175, 2176, 2177, 2178, 2179, 2180, 2181, 2182, 2183, 2184, 2185, 2186, 2187, 2188, 2189, 2190, 2191, 2192, 2193, 2194, 2195, 2196, 2197, 2198, 2199, 2200, 2201, 2202, 2203, 2204, 2205, 2206, 2207, 2208, 2209, 2210, 2211, 2212, 2213, 2214, 2215, 2216, 2217, 2218, 2219, 2220, 2221, 2222, 2223, 2224, 2225, 2226, 2227, 2228, 2229, 2230, 2231, 2232, 2233, 2234, 2235, 2236, 2237, 2238, 2239, 2240, 2241, 2242, 2243, 2244, 2245, 2246, 2247, 2248, 2249, 2250, 2251, 2252, 2253, 2254, 2255, 2256, 2257, 2258, 2259, 2260, 2261, 2262, 2263, 2264, 2265, 2266, 2267, 2268, 2269, 2270, 2271, 2272, 2273, 2274, 2275, 2276, 2277, 2278, 2279, 2280, 2281, 2282, 2283, 2284, 2285, 2286, 2287, 2288, 2289, 2290, 2291, 2292, 2293, 2294, 2295, 2296, 2297, 2298, 2299, 2300, 2301, 2302, 2303, 2304, 2305, 2306, 2307, 2308, 2309, 2310, 2311, 2312, 2313, 2314, 2315, 2316, 2317, 2318, 2319, 2320, 2321, 2322, 2323, 2324, 2325, 2326, 2327, 2328, 2329, 2330, 2331, 2332, 2333, 2334, 2335, 2336, 2337, 2338, 2339, 2340, 2341, 2342, 2343, 2344, 2345, 2346, 2347, 2348, 2349, 2350, 2351, 2352, 2353, 2354, 2355, 2356, 2357, 2358, 2359, 2360, 2361, 2362, 2363, 2364, 2365, 2366, 2367, 2368, 2369, 2370, 2371, 2372, 2373, 2374, 2375, 2376, 2377, 2378, 2379, 2380, 2381, 2382, 2383, 2384, 2385, 2386, 2387, 2388, 2389, 2390, 2391, 2392, 2393, 2394, 2395, 2396, 2397, 2398, 2399, 2400, 2401, 2402, 2403, 2404, 2405, 2406, 2407, 2408, 2409, 2410, 2411, 2412, 2413, 2414, 2415, 2416, 2417, 2418, 2419, 2420, 2421, 2422, 2423, 2424, 2425, 2426, 2427, 2428, 2429, 2430, 2431, 2432, 2433, 2434, 2435, 2436, 2437, 2438, 2439, 2440, 2441, 2442, 2443, 2444, 2445, 2446, 2447, 2448, 2449, 2450, 2451, 2452, 2453, 2454, 2455, 2456, 2457, 2458, 2459, 2460, 2461, 2462, 2463, 2464, 2465, 2466, 2467, 2468, 2469, 2470, 2471, 2472, 2473, 2474, 2475, 2476, 2477, 2478, 2479, 2480, 2481, 2482, 2483, 2484, 2485, 2486, 2487, 2488, 2489, 2490, 2491, 2492, 2493, 2494, 2495, 2496, 2497, 2498, 2499, 2500, 2501, 2502, 2503, 2504, 2505, 2506, 2507, 2508, 2509, 2510, 2511, 2512, 2513, 2514, 2515, 2516, 2517, 2518, 2519, 2520, 2521, 2522, 2523, 2524, 2525, 2526, 2527, 2528, 2529, 2530, 2531, 2532, 2533, 2534, 2535, 2536, 2537, 2538, 2539, 2540, 2541, 2542, 2543, 2544, 2545, 2546, 2547, 2548, 2549, 2550, 2551, 2552, 2553, 2554, 2555, 2556, 2557, 2558, 2559, 2560, 2561, 2562, 2563, 2564, 2565, 2566, 2567, 2568, 2569, 2570, 2571, 2572, 2573, 2574, 2575, 2576, 2577, 2578, 2579, 2580, 2581, 2582, 2583, 2584, 2585, 2586, 2587, 2588, 2589, 2590, 2591, 2592, 2593, 2594, 2595, 2596, 2597, 2598, 2599, 2600, 2601, 2602, 2603, 2604, 2605, 2606, 2607, 2608, 2609, 2610, 2611, 2612, 2613, 2614, 2615, 2616, 2617, 2618, 2619, 2620, 2621, 2622, 2623, 2624, 2625, 2626, 2627, 2628, 2629, 2630, 2631, 2632, 2633, 2634, 2635, 2636, 2637, 2638, 2639, 2640, 2641, 2642, 2643, 2644, 2645, 2646, 2647, 2648, 2649, 2650, 2651, 2652, 2653, 2654, 2655, 2656, 2657, 2658, 2659, 2660, 2661, 2662, 2663, 2664, 2665, 2666, 2667, 2668, 2669, 2670, 2671, 2672, 2673, 2674, 2675, 2676, 2677, 2678, 2679, 2680, 2681, 2682, 2683, 2684, 2685, 2686, 2687, 2688, 2689, 2690, 2691, 2692, 2693, 2694, 2695, 2696, 2697, 2698, 2699, 2700, 2701, 2702, 2703, 2704, 2705, 2706, 2707, 2708, 2709, 2710, 2711, 2712, 2713, 2714, 2715, 2716, 2717, 2718, 2719, 2720, 2721, 2722, 2723, 2724, 2725, 2726, 2727, 2728, 2729, 2730, 2731, 2732, 2733, 2734, 2735, 2736, 2737, 2738, 2739, 2740, 2741, 2742, 2743, 2744, 2745, 2746, 2747, 2748, 2749, 2750, 2751, 2752, 2753, 2754, 2755, 2756, 2757, 2758, 2759, 2760, 2761, 2762, 2763, 2764, 2765, 2766, 2767, 2768, 2769, 2770, 2771, 2772, 2773, 2774, 2775, 2776, 2777, 2778, 2779, 2780, 2781, 2782, 2783, 2784, 2785, 2786, 2787, 2788, 2789, 2790, 2791, 2792, 2793, 2794, 2795, 2796, 2797, 2798, 2799, 2800, 2801, 2802, 2803, 2804, 2805, 2806, 2807, 2808, 2809, 2810, 2811, 2812, 2813, 2814, 2815, 2816, 2817, 2818, 2819, 2820, 2821, 2822, 2823, 2824, 2825, 2826, 2827, 2828, 2829, 2830, 2831, 2832, 2833, 2834, 2835, 2836, 2837, 2838, 2839, 2840, 2841, 2842, 2843, 2844, 2845, 2846, 2847, 2848, 2849, 2850, 2851, 2852, 2853, 2854, 2855, 2856, 2857, 2858, 2859, 2860, 2861, 2862, 2863, 2864, 2865, 2866, 2867, 2868, 2869, 2870, 2871, 2872, 2873, 2874, 2875, 2876, 2877, 2878, 2879, 2880, 2881, 2882, 2883, 2884, 2885, 2886, 2887, 2888, 2889, 2890, 2891, 2892, 2893, 2894, 2895, 2896, 2897, 2898, 2899, 2900, 2901, 2902, 2903, 2904, 2905, 2906, 2907, 2908, 2909, 2910, 2911, 2912, 2913, 2914, 2915, 2916, 2917, 2918, 2919, 2920, 2921, 2922, 2923, 2924, 2925, 2926, 2927, 2928, 2929, 2930, 2931, 2932, 2933, 2934, 2935, 2936, 2937, 2938, 2939, 2940, 2941, 2942, 2943, 2944, 2945, 2946, 2947, 2948, 2949, 2950, 2951, 2952, 2953, 2954, 2955, 2956, 2957, 2958, 2959, 2960, 2961, 2962, 2963, 2964, 2965, 2966, 2967, 2968, 2969, 2970, 2971, 2972, 2973, 2974, 2975, 2976, 2977, 2978, 2979, 2980, 2981, 2982, 2983, 2984, 2985, 2986, 2987, 2988, 2989, 2990, 2991, 2992, 2993, 2994, 2995, 2996, 2997, 2998, 2999, 3000, 3001, 3002, 3003, 3004, 3005, 3006, 3007, 3008, 3009, 3010, 3011, 3012, 3013, 3014, 3015, 3016, 3017, 3018, 3019, 3020, 3021, 3022, 3023, 3024, 3025, 3026, 3027, 3028, 3029, 3030, 3031, 3032, 3033, 3034, 3035, 3036, 3037, 3038, 3039, 3040, 3041, 3042, 3043, 3044, 3045, 3046, 3047, 3048, 3049, 3050, 3051, 3052, 3053, 3054, 3055, 3056, 3057, 3058, 3059, 3060, 3061, 3062, 3063, 3064, 3065, 3066, 3067, 3068, 3069, 3070, 3071, 3072, 3073, 3074, 3075, 3076, 3077, 3078, 3079, 3080, 3081, 3082, 3083, 3084, 3085, 3086, 3087, 3088, 3089, 3090, 3091, 3092, 3093, 3094, 3095, 3096, 3097, 3098, 3099, 3100, 3101, 3102, 3103, 3104, 3105, 3106, 3107, 3108, 3109, 3110, 3111, 3112, 3113, 3114, 3115, 3116, 3117, 3118, 3119, 3120, 3121, 3122, 3123, 3124, 3125, 3126, 3127, 3128, 3129, 3130, 3131, 3132, 3133, 3134, 3135, 3136, 3137, 3138, 3139, 3140, 3141, 3142, 3143, 3144, 3145, 3146, 3147, 3148, 3149, 3150, 3151, 3152, 3153, 3154, 3155, 3156, 3157, 3158, 3159, 3160, 3161, 3162, 3163, 3164, 3165, 3166, 3167, 3168, 3169, 3170, 3171, 3172, 3173, 3174, 3175, 3176, 3177, 3178, 3179, 3180, 3181, 3182, 3183, 3184, 3185, 3186, 3187, 3188, 3189, 3190, 3191, 3192, 3193, 3194, 3195, 3196, 3197, 3198, 3199, 3200, 3201, 3202, 3203, 3204, 3205, 3206, 3207, 3208, 3209, 3210, 3211, 3212, 3213, 3214, 3215, 3216, 3217, 3218, 3219, 3220, 3221, 3222, 3223, 3224, 3225, 3226, 3227, 3228, 3229, 3230, 3231, 3232, 3233, 3234, 3235, 3236, 3237, 3238, 3239, 3240, 3241, 3242, 3243, 3244, 3245, 3246, 3247, 3248, 3249, 3250, 3251, 3252, 3253, 3254, 3255, 3256, 3257, 3258, 3259, 3260, 3261, 3262, 3263, 3264, 3265, 3266, 3267, 3268, 3269, 3270, 3271, 3272, 3273, 3274, 3275, 3276, 3277, 3278, 3279, 3280, 3281, 3282, 3283, 3284, 3285, 3286, 3287, 3288, 3289, 3290, 3291, 3292, 3293, 3294, 3295, 3296, 3297, 3298, 3299, 3300, 3301, 3302, 3303, 3304, 3305, 3306, 3307, 3308, 3309, 3310, 3311, 3312, 3313, 3314, 3315, 3316, 3317, 3318, 3319, 3320, 3321, 3322, 3323, 3324, 3325, 3326, 3327, 3328, 3329, 3330, 3331, 3332, 3333, 3334, 3335, 3336, 3337, 3338, 3339, 3340, 3341, 3342, 3343, 3344, 3345, 3346, 3347, 3348, 3349, 3350, 3351, 3352, 3353, 3354, 3355, 3356, 3357, 3358, 3359, 3360, 3361, 3362, 3363, 3364, 3365, 3366, 3367, 3368, 3369, 3370, 3371, 3372, 3373, 3374, 3375, 3376, 3377, 3378, 3379, 3380, 3381, 3382, 3383, 3384, 3385, 3386, 3387, 3388, 3389, 3390, 3391, 3392, 3393, 3394, 3395, 3396, 3397, 3398, 3399, 3400, 3401, 3402, 3403, 3404, 3405, 3406, 3407, 3408, 3409, 3410, 3411, 3412, 3413, 3414, 3415, 3416, 3417, 3418, 3419, 3420, 3421, 3422, 3423, 3424, 3425, 3426, 3427, 3428, 3429, 3430, 3431, 3432, 3433, 3434, 3435, 3436, 3437, 3438, 3439, 3440, 3441, 3442, 3443, 3444, 3445, 3446, 3447, 3448, 3449, 3450, 3451, 3452, 3453, 3454, 3455, 3456, 3457, 3458, 3459, 3460, 3461, 3462, 3463, 3464, 3465, 3466, 3467, 3468, 3469, 3470, 3471, 3472, 3473, 3474, 3475, 3476, 3477, 3478, 3479, 3480, 3481, 3482, 3483, 3484, 3485, 3486, 3487, 3488, 3489, 3490, 3491, 3492, 3493, 3494, 3495, 3496, 3497, 3498, 3499, 3500, 3501, 3502, 3503, 3504, 3505, 3506, 3507, 3508, 3509, 3510, 3511, 3512, 3513, 3514, 3515, 3516, 3517, 3518, 3519, 3520, 3521, 3522, 3523, 3524, 3525, 3526, 3527, 3528, 3529, 3530, 3531, 3532, 3533, 3534, 3535, 3536, 3537, 3538, 3539, 3540, 3541, 3542, 3543, 3544, 3545, 3546, 3547, 3548, 3549, 3550, 3551, 3552, 3553, 3554, 3555, 3556, 3557, 3558, 3559, 3560, 3561, 3562, 3563, 3564, 3565, 3566, 3567, 3568, 3569, 3570, 3571, 3572, 3573, 3574, 3575, 3576, 3577, 3578, 3579, 3580, 3581, 3582, 3583, 3584, 3585, 3586, 3587, 3588, 3589, 3590, 3591, 3592, 3593, 3594, 3595, 3596, 3597, 3598, 3599, 3600, 3601, 3602, 3603, 3604, 3605, 3606, 3607, 3608, 3609, 3610, 3611, 3612, 3613, 3614, 3615, 3616, 3617, 3618, 3619, 3620, 3621, 3622, 3623, 3624, 3625, 3626, 3627, 3628, 3629, 3630, 3631, 3632, 3633, 3634, 3635, 3636, 3637, 3638, 3639, 3640, 3641, 3642, 3643, 3644, 3645, 3646, 3647, 3648, 3649, 3650, 3651, 3652, 3653, 3654, 3655, 3656, 3657, 3658, 3659, 3660, 3661, 3662, 3663, 3664, 3665, 3666, 3667, 3668, 3669, 3670, 3671, 3672, 3673, 3674, 3675, 3676, 3677, 3678, 3679, 3680, 3681, 3682, 3683, 3684, 3685, 3686, 3687, 3688, 3689, 3690, 3691, 3692, 3693, 3694, 3695, 3696, 3697, 3698, 3699, 3700, 3701, 3702, 3703, 3704, 3705, 3706, 3707, 3708, 3709, 3710, 3711, 3712, 3713, 3714, 3715, 3716, 3717, 3718, 3719, 3720, 3721, 3722, 3723, 3724, 3725, 3726, 3727, 3728, 3729, 3730, 3731, 3732, 3733, 3734, 3735, 3736, 3737, 3738, 3739, 3740, 3741, 3742, 3743, 3744, 3745, 3746, 3747, 3748, 3749, 3750, 3751, 3752, 3753, 3754, 3755, 3756, 3757, 3758, 3759, 3760, 3761, 3762, 3763, 3764, 3765, 3766, 3767, 3768, 3769, 3770, 3771, 3772, 3773, 3774, 3775, 3776, 3777, 3778, 3779, 3780, 3781, 3782, 3783, 3784, 3785, 3786, 3787, 3788, 3789, 3790, 3791, 3792, 3793, 3794, 3795, 3796, 3797, 3798, 3799, 3800, 3801, 3802, 3803, 3804, 3805, 3806, 3807, 3808, 3809, 3810, 3811, 3812, 3813, 3814, 3815, 3816, 3817, 3818, 3819, 3820, 3821, 3822, 3823, 3824, 3825, 3826, 3827, 3828, 3829, 3830, 3831, 3832, 3833, 3834, 3835, 3836, 3837, 3838, 3839, 3840, 3841, 3842, 3843, 3844, 3845, 3846, 3847, 3848, 3849, 3850, 3851, 3852, 3853, 3854, 3855, 3856, 3857, 3858, 3859, 3860, 3861, 3862, 3863, 3864, 3865, 3866, 3867, 3868, 3869, 3870, 3871, 3872, 3873, 3874, 3875, 3876, 3877, 3878, 3879, 3880, 3881, 3882, 3883, 3884, 3885, 3886, 3887, 3888, 3889, 3890, 3891, 3892, 3893, 3894, 3895, 3896, 3897, 3898, 3899, 3900, 3901, 3902, 3903, 3904, 3905, 3906, 3907, 3908, 3909, 3910, 3911, 3912, 3913, 3914, 3915, 3916, 3917, 3918, 3919, 3920, 3921, 3922, 3923, 3924, 3925, 3926, 3927, 3928, 3929, 3930, 3931, 3932, 3933, 3934, 3935, 3936, 3937, 3938, 3939, 3940, 3941, 3942, 3943, 3944, 3945, 3946, 3947, 3948, 3949, 3950, 3951, 3952, 3953, 3954, 3955, 3956, 3957, 3958, 3959, 3960, 3961, 3962, 3963, 3964, 3965, 3966, 3967, 3968, 3969, 3970, 3971, 3972, 3973, 3974, 3975, 3976, 3977, 3978, 3979, 3980, 3981, 3982, 3983, 3984, 3985, 3986, 3987, 3988, 3989, 3990, 3991, 3992, 3993, 3994, 3995, 3996, 3997, 3998, 3999, 4000, 4001, 4002, 4003, 4004, 4005, 4006, 4007, 4008, 4009, 4010, 4011, 4012, 4013, 4014, 4015, 4016, 4017, 4018, 4019, 4020, 4021, 4022, 4023, 4024, 4025, 4026, 4027, 4028, 4029, 4030, 4031, 4032, 4033, 4034, 4035, 4036, 4037, 4038, 4039, 4040, 4041, 4042, 4043, 4044, 4045, 4046, 4047, 4048, 4049, 4050, 4051, 4052, 4053, 4054, 4055, 4056, 4057, 4058, 4059, 4060, 4061, 4062, 4063, 4064, 4065, 4066, 4067, 4068, 4069, 4070, 4071, 4072, 4073, 4074, 4075, 4076, 4077, 4078, 4079, 4080, 4081, 4082, 4083, 4084, 4085, 4086, 4087, 4088, 4089, 4090, 4091, 4092, 4093, 4094, 4095, 4096, 4097, 4098, 4099, 4100, 4101, 4102, 4103, 4104, 4105, 4106, 4107, 4108, 4109, 4110, 4111, 4112, 4113, 4114, 4115, 4116, 4117, 4118, 4119, 4120, 4121, 4122, 4123, 4124, 4125, 4126, 4127, 4128, 4129, 4130, 4131, 4132, 4133, 4134, 4135, 4136, 4137, 4138, 4139, 4140, 4141, 4142, 4143, 4144, 4145, 4146, 4147, 4148, 4149, 4150, 4151, 4152, 4153, 4154, 4155, 4156, 4157, 4158, 4159, 4160, 4161, 4162, 4163, 4164, 4165, 4166, 4167, 4168, 4169, 4170, 4171, 4172, 4173, 4174, 4175, 4176, 4177, 4178, 4179, 4180, 4181, 4182, 4183, 4184, 4185, 4186, 4187, 4188, 4189, 4190, 4191, 4192, 4193, 4194, 4195, 4196, 4197, 4198, 4199, 4200, 4201, 4202, 4203, 4204, 4205, 4206, 4207, 4208, 4209, 4210, 4211, 4212, 4213, 4214, 4215, 4216, 4217, 4218, 4219, 4220, 4221, 4222, 4223, 4224, 4225, 4226, 4227, 4228, 4229, 4230, 4231, 4232, 4233, 4234, 4235, 4236, 4237, 4238, 4239, 4240, 4241, 4242, 4243, 4244, 4245, 4246, 4247, 4248, 4249, 4250, 4251, 4252, 4253, 4254, 4255, 4256, 4257, 4258, 4259, 4260, 4261, 4262, 4263, 4264, 4265, 4266, 4267, 4268, 4269, 4270, 4271, 4272, 4273, 4274, 4275, 4276, 4277, 4278, 4279, 4280, 4281, 4282, 4283, 4284, 4285, 4286, 4287, 4288, 4289, 4290, 4291, 4292, 4293, 4294, 4295, 4296, 4297, 4298, 4299, 4300, 4301, 4302, 4303, 4304, 4305, 4306, 4307, 4308, 4309, 4310, 4311, 4312, 4313, 4314, 4315, 4316, 4317, 4318, 4319, 4320, 4321, 4322, 4323, 4324, 4325, 4326, 4327, 4328, 4329, 4330, 4331, 4332, 4333, 4334, 4335, 4336, 4337, 4338, 4339, 4340, 4341, 4342, 4343, 4344, 4345, 4346, 4347, 4348, 4349, 4350, 4351, 4352, 4353, 4354, 4355, 4356, 4357, 4358, 4359, 4360, 4361, 4362, 4363, 4364, 4365, 4366, 4367, 4368, 4369, 4370, 4371, 4372, 4373, 4374, 4375, 4376, 4377, 4378, 4379, 4380, 4381, 4382, 4383, 4384, 4385, 4386, 4387, 4388, 4389, 4390, 4391, 4392, 4393, 4394, 4395, 4396, 4397, 4398, 4399, 4400, 4401, 4402, 4403, 4404, 4405, 4406, 4407, 4408, 4409, 4410, 4411, 4412, 4413, 4414, 4415, 4416, 4417, 4418, 4419, 4420, 4421, 4422, 4423, 4424, 4425, 4426, 4427, 4428, 4429, 4430, 4431, 4432, 4433, 4434, 4435, 4436, 4437, 4438, 4439, 4440, 4441, 4442, 4443, 4444, 4445, 4446, 4447, 4448, 4449, 4450, 4451, 4452, 4453, 4454, 4455, 4456, 4457, 4458, 4459, 4460, 4461, 4462, 4463, 4464, 4465, 4466, 4467, 4468, 4469, 4470, 4471, 4472, 4473, 4474, 4475, 4476, 4477, 4478, 4479, 4480, 4481, 4482, 4483, 4484, 4485, 4486, 4487, 4488, 4489, 4490, 4491, 4492, 4493, 4494, 4495, 4496, 4497, 4498, 4499, 4500, 4501, 4502, 4503, 4504, 4505, 4506, 4507, 4508, 4509, 4510, 4511]
            rel material:binding = </GalleryFurnaceClutter/Looks/Furnace>
            normal3f[] normals = [(0.08681185, 0.005689949, 0.9962085), (0.08681185, 0.005689949, 0.9962085), (0.08681185, 0.005689949, 0.9962085), (0.08532647, 0.01697249, 0.9962085), (0.08532647, 0.01697249, 0.9962085), (0.08532647, 0.01697249, 0.9962085), (0.08238114, 0.027964627, 0.9962085), (0.08238114, 0.027964627, 0.9962085), (0.08238114, 0.027964627, 0.9962085), (0.078026235, 0.03847828, 0.9962085), (0.078026235, 0.03847828, 0.9962085), (0.078026235, 0.03847828, 0.9962085), (0.07233629, 0.048333563, 0.9962085), (0.07233629, 0.048333563, 0.9962085), (0.07233629, 0.048333563, 0.9962085), (0.06540865, 0.057361845, 0.9962085), (0.06540865, 0.057361845, 0.9962085), (0.06540865, 0.057361845, 0.9962085), (0.057361845, 0.06540865, 0.9962085), (0.057361845, 0.06540865, 0.9962085), (0.057361845, 0.06540865, 0.9962085), (0.048333563, 0.07233629, 0.9962085), (0.048333563, 0.07233629, 0.9962085), (0.048333563, 0.07233629, 0.9962085), (0.03847828, 0.078026235, 0.9962085), (0.03847828, 0.078026235, 0.9962085), (0.03847828, 0.078026235, 0.9962085), (0.027964627, 0.08238114, 0.9962085), (0.027964627, 0.08238114, 0.9962085), (0.027964627, 0.08238114, 0.9962085), (0.01697249, 0.08532647, 0.9962085), (0.01697249, 0.08532647, 0.9962085), (0.01697249, 0.08532647, 0.9962085), (0.005689949, 0.08681185, 0.9962085), (0.005689949, 0.08681185, 0.9962085), (0.005689949, 0.08681185, 0.9962085), (-0.005689949, 0.08681185, 0.9962085), (-0.005689949, 0.08681185, 0.9962085), (-0.005689949, 0.08681185, 0.9962085), (-0.01697249, 0.08532647, 0.9962085), (-0.01697249, 0.08532647, 0.9962085), (-0.01697249, 0.08532647, 0.9962085), (-0.027964627, 0.08238114, 0.9962085), (-0.027964627, 0.08238114, 0.9962085), (-0.027964627, 0.08238114, 0.9962085), (-0.03847828, 0.078026235, 0.9962085), (-0.03847828, 0.078026235, 0.9962085), (-0.03847828, 0.078026235, 0.9962085), (-0.048333563, 0.07233629, 0.9962085), (-0.048333563, 0.07233629, 0.9962085), (-0.048333563, 0.07233629, 0.9962085), (-0.057361845, 0.06540865, 0.9962085), (-0.057361845, 0.06540865, 0.9962085), (-0.057361845, 0.06540865, 0.9962085), (-0.06540865, 0.057361845, 0.9962085), (-0.06540865, 0.057361845, 0.9962085), (-0.06540865, 0.057361845, 0.9962085), (-0.07233629, 0.048333563, 0.9962085), (-0.07233629, 0.048333563, 0.9962085), (-0.07233629, 0.048333563, 0.9962085), (-0.078026235, 0.03847828, 0.9962085), (-0.078026235, 0.03847828, 0.9962085), (-0.078026235, 0.03847828, 0.9962085), (-0.08238114, 0.027964627, 0.9962085), (-0.08238114, 0.027964627, 0.9962085), (-0.08238114, 0.027964627, 0.9962085), (-0.08532647, 0.01697249, 0.9962085), (-0.08532647, 0.01697249, 0.9962085), (-0.08532647, 0.01697249, 0.9962085), (-0.08681185, 0.005689949, 0.9962085), (-0.08681185, 0.005689949, 0.9962085), (-0.08681185, 0.005689949, 0.9962085), (-0.08681185, -0.005689949, 0.9962085), (-0.08681185, -0.005689949, 0.9962085), (-0.08681185, -0.005689949, 0.9962085), (-0.08532647, -0.01697249, 0.9962085), (-0.08532647, -0.01697249, 0.9962085), (-0.08532647, -0.01697249, 0.9962085), (-0.08238114, -0.027964627, 0.9962085), (-0.08238114, -0.027964627, 0.9962085), (-0.08238114, -0.027964627, 0.9962085), (-0.078026235, -0.03847828, 0.9962085), (-0.078026235, -0.03847828, 0.9962085), (-0.078026235, -0.03847828, 0.9962085), (-0.07233629, -0.048333563, 0.9962085), (-0.07233629, -0.048333563, 0.9962085), (-0.07233629, -0.048333563, 0.9962085), (-0.06540865, -0.057361845, 0.9962085), (-0.06540865, -0.057361845, 0.9962085), (-0.06540865, -0.057361845, 0.9962085), (-0.057361845, -0.06540865, 0.9962085), (-0.057361845, -0.06540865, 0.9962085), (-0.057361845, -0.06540865, 0.9962085), (-0.048333563, -0.07233629, 0.9962085), (-0.048333563, -0.07233629, 0.9962085), (-0.048333563, -0.07233629, 0.9962085), (-0.03847828, -0.078026235, 0.9962085), (-0.03847828, -0.078026235, 0.9962085), (-0.03847828, -0.078026235, 0.9962085), (-0.027964627, -0.08238114, 0.9962085), (-0.027964627, -0.08238114, 0.9962085), (-0.027964627, -0.08238114, 0.9962085), (-0.01697249, -0.08532647, 0.9962085), (-0.01697249, -0.08532647, 0.9962085), (-0.01697249, -0.08532647, 0.9962085), (-0.005689949, -0.08681185, 0.9962085), (-0.005689949, -0.08681185, 0.9962085), (-0.005689949, -0.08681185, 0.9962085), (0.005689949, -0.08681185, 0.9962085), (0.005689949, -0.08681185, 0.9962085), (0.005689949, -0.08681185, 0.9962085), (0.01697249, -0.08532647, 0.9962085), (0.01697249, -0.08532647, 0.9962085), (0.01697249, -0.08532647, 0.9962085), (0.027964627, -0.08238114, 0.9962085), (0.027964627, -0.08238114, 0.9962085), (0.027964627, -0.08238114, 0.9962085), (0.03847828, -0.078026235, 0.9962085), (0.03847828, -0.078026235, 0.9962085), (0.03847828, -0.078026235, 0.9962085), (0.048333563, -0.07233629, 0.9962085), (0.048333563, -0.07233629, 0.9962085), (0.048333563, -0.07233629, 0.9962085), (0.057361845, -0.06540865, 0.9962085), (0.057361845, -0.06540865, 0.9962085), (0.057361845, -0.06540865, 0.9962085), (0.06540865, -0.057361845, 0.9962085), (0.06540865, -0.057361845, 0.9962085), (0.06540865, -0.057361845, 0.9962085), (0.07233629, -0.048333563, 0.9962085), (0.07233629, -0.048333563, 0.9962085), (0.07233629, -0.048333563, 0.9962085), (0.078026235, -0.03847828, 0.9962085), (0.078026235, -0.03847828, 0.9962085), (0.078026235, -0.03847828, 0.9962085), (0.08238114, -0.027964627, 0.9962085), (0.08238114, -0.027964627, 0.9962085), (0.08238114, -0.027964627, 0.9962085), (0.08532647, -0.01697249, 0.9962085), (0.08532647, -0.01697249, 0.9962085), (0.08532647, -0.01697249, 0.9962085), (0.08681185, -0.005689949, 0.9962085), (0.08681185, -0.005689949, 0.9962085), (0.08681185, -0.005689949, 0.9962085), (0.19427162, 0.012733235, 0.9808651), (0.19427162, 0.012733235, 0.9808651), (0.19427162, 0.012733235, 0.9808651), (0.19427162, 0.012733235, 0.9808651), (0.19094758, 0.037981834, 0.9808651), (0.19094758, 0.037981834, 0.9808651), (0.19094758, 0.037981834, 0.9808651), (0.19094758, 0.037981834, 0.9808651), (0.18435638, 0.062580556, 0.9808651), (0.18435638, 0.062580556, 0.9808651), (0.18435638, 0.062580556, 0.9808651), (0.18435638, 0.062580556, 0.9808651), (0.17461078, 0.086108506, 0.9808651), (0.17461078, 0.086108506, 0.9808651), (0.17461078, 0.086108506, 0.9808651), (0.17461078, 0.086108506, 0.9808651), (0.16187754, 0.10816312, 0.9808651), (0.16187754, 0.10816312, 0.9808651), (0.16187754, 0.10816312, 0.9808651), (0.16187754, 0.10816312, 0.9808651), (0.14637454, 0.12836702, 0.9808651), (0.14637454, 0.12836702, 0.9808651), (0.14637454, 0.12836702, 0.9808651), (0.14637454, 0.12836702, 0.9808651), (0.12836702, 0.14637454, 0.9808651), (0.12836702, 0.14637454, 0.9808651), (0.12836702, 0.14637454, 0.9808651), (0.12836702, 0.14637454, 0.9808651), (0.10816312, 0.16187754, 0.9808651), (0.10816312, 0.16187754, 0.9808651), (0.10816312, 0.16187754, 0.9808651), (0.10816312, 0.16187754, 0.9808651), (0.086108506, 0.17461078, 0.9808651), (0.086108506, 0.17461078, 0.9808651), (0.086108506, 0.17461078, 0.9808651), (0.086108506, 0.17461078, 0.9808651), (0.062580556, 0.18435638, 0.9808651), (0.062580556, 0.18435638, 0.9808651), (0.062580556, 0.18435638, 0.9808651), (0.062580556, 0.18435638, 0.9808651), (0.037981834, 0.19094758, 0.9808651), (0.037981834, 0.19094758, 0.9808651), (0.037981834, 0.19094758, 0.9808651), (0.037981834, 0.19094758, 0.9808651), (0.012733235, 0.19427162, 0.9808651), (0.012733235, 0.19427162, 0.9808651), (0.012733235, 0.19427162, 0.9808651), (0.012733235, 0.19427162, 0.9808651), (-0.012733235, 0.19427162, 0.9808651), (-0.012733235, 0.19427162, 0.9808651), (-0.012733235, 0.19427162, 0.9808651), (-0.012733235, 0.19427162, 0.9808651), (-0.037981834, 0.19094758, 0.9808651), (-0.037981834, 0.19094758, 0.9808651), (-0.037981834, 0.19094758, 0.9808651), (-0.037981834, 0.19094758, 0.9808651), (-0.062580556, 0.18435638, 0.9808651), (-0.062580556, 0.18435638, 0.9808651), (-0.062580556, 0.18435638, 0.9808651), (-0.062580556, 0.18435638, 0.9808651), (-0.086108506, 0.17461078, 0.9808651), (-0.086108506, 0.17461078, 0.9808651), (-0.086108506, 0.17461078, 0.9808651), (-0.086108506, 0.17461078, 0.9808651), (-0.10816312, 0.16187754, 0.9808651), (-0.10816312, 0.16187754, 0.9808651), (-0.10816312, 0.16187754, 0.9808651), (-0.10816312, 0.16187754, 0.9808651), (-0.12836702, 0.14637454, 0.9808651), (-0.12836702, 0.14637454, 0.9808651), (-0.12836702, 0.14637454, 0.9808651), (-0.12836702, 0.14637454, 0.9808651), (-0.14637454, 0.12836702, 0.9808651), (-0.14637454, 0.12836702, 0.9808651), (-0.14637454, 0.12836702, 0.9808651), (-0.14637454, 0.12836702, 0.9808651), (-0.16187754, 0.10816312, 0.9808651), (-0.16187754, 0.10816312, 0.9808651), (-0.16187754, 0.10816312, 0.9808651), (-0.16187754, 0.10816312, 0.9808651), (-0.17461078, 0.086108506, 0.9808651), (-0.17461078, 0.086108506, 0.9808651), (-0.17461078, 0.086108506, 0.9808651), (-0.17461078, 0.086108506, 0.9808651), (-0.18435638, 0.062580556, 0.9808651), (-0.18435638, 0.062580556, 0.9808651), (-0.18435638, 0.062580556, 0.9808651), (-0.18435638, 0.062580556, 0.9808651), (-0.19094758, 0.037981834, 0.9808651), (-0.19094758, 0.037981834, 0.9808651), (-0.19094758, 0.037981834, 0.9808651), (-0.19094758, 0.037981834, 0.9808651), (-0.19427162, 0.012733235, 0.9808651), (-0.19427162, 0.012733235, 0.9808651), (-0.19427162, 0.012733235, 0.9808651), (-0.19427162, 0.012733235, 0.9808651), (-0.19427162, -0.012733235, 0.9808651), (-0.19427162, -0.012733235, 0.9808651), (-0.19427162, -0.012733235, 0.9808651), (-0.19427162, -0.012733235, 0.9808651), (-0.19094758, -0.037981834, 0.9808651), (-0.19094758, -0.037981834, 0.9808651), (-0.19094758, -0.037981834, 0.9808651), (-0.19094758, -0.037981834, 0.9808651), (-0.18435638, -0.062580556, 0.9808651), (-0.18435638, -0.062580556, 0.9808651), (-0.18435638, -0.062580556, 0.9808651), (-0.18435638, -0.062580556, 0.9808651), (-0.17461078, -0.086108506, 0.9808651), (-0.17461078, -0.086108506, 0.9808651), (-0.17461078, -0.086108506, 0.9808651), (-0.17461078, -0.086108506, 0.9808651), (-0.16187754, -0.10816312, 0.9808651), (-0.16187754, -0.10816312, 0.9808651), (-0.16187754, -0.10816312, 0.9808651), (-0.16187754, -0.10816312, 0.9808651), (-0.14637454, -0.12836702, 0.9808651), (-0.14637454, -0.12836702, 0.9808651), (-0.14637454, -0.12836702, 0.9808651), (-0.14637454, -0.12836702, 0.9808651), (-0.12836702, -0.14637454, 0.9808651), (-0.12836702, -0.14637454, 0.9808651), (-0.12836702, -0.14637454, 0.9808651), (-0.12836702, -0.14637454, 0.9808651), (-0.10816312, -0.16187754, 0.9808651), (-0.10816312, -0.16187754, 0.9808651), (-0.10816312, -0.16187754, 0.9808651), (-0.10816312, -0.16187754, 0.9808651), (-0.086108506, -0.17461078, 0.9808651), (-0.086108506, -0.17461078, 0.9808651), (-0.086108506, -0.17461078, 0.9808651), (-0.086108506, -0.17461078, 0.9808651), (-0.062580556, -0.18435638, 0.9808651), (-0.062580556, -0.18435638, 0.9808651), (-0.062580556, -0.18435638, 0.9808651), (-0.062580556, -0.18435638, 0.9808651), (-0.037981834, -0.19094758, 0.9808651), (-0.037981834, -0.19094758, 0.9808651), (-0.037981834, -0.19094758, 0.9808651), (-0.037981834, -0.19094758, 0.9808651), (-0.012733235, -0.19427162, 0.9808651), (-0.012733235, -0.19427162, 0.9808651), (-0.012733235, -0.19427162, 0.9808651), (-0.012733235, -0.19427162, 0.9808651), (0.012733235, -0.19427162, 0.9808651), (0.012733235, -0.19427162, 0.9808651), (0.012733235, -0.19427162, 0.9808651), (0.012733235, -0.19427162, 0.9808651), (0.037981834, -0.19094758, 0.9808651), (0.037981834, -0.19094758, 0.9808651), (0.037981834, -0.19094758, 0.9808651), (0.037981834, -0.19094758, 0.9808651), (0.062580556, -0.18435638, 0.9808651), (0.062580556, -0.18435638, 0.9808651), (0.062580556, -0.18435638, 0.9808651), (0.062580556, -0.18435638, 0.9808651), (0.086108506, -0.17461078, 0.9808651), (0.086108506, -0.17461078, 0.9808651), (0.086108506, -0.17461078, 0.9808651), (0.086108506, -0.17461078, 0.9808651), (0.10816312, -0.16187754, 0.9808651), (0.10816312, -0.16187754, 0.9808651), (0.10816312, -0.16187754, 0.9808651), (0.10816312, -0.16187754, 0.9808651), (0.12836702, -0.14637454, 0.9808651), (0.12836702, -0.14637454, 0.9808651), (0.12836702, -0.14637454, 0.9808651), (0.12836702, -0.14637454, 0.9808651), (0.14637454, -0.12836702, 0.9808651), (0.14637454, -0.12836702, 0.9808651), (0.14637454, -0.12836702, 0.9808651), (0.14637454, -0.12836702, 0.9808651), (0.16187754, -0.10816312, 0.9808651), (0.16187754, -0.10816312, 0.9808651), (0.16187754, -0.10816312, 0.9808651), (0.16187754, -0.10816312, 0.9808651), (0.17461078, -0.086108506, 0.9808651), (0.17461078, -0.086108506, 0.9808651), (0.17461078, -0.086108506, 0.9808651), (0.17461078, -0.086108506, 0.9808651), (0.18435638, -0.062580556, 0.9808651), (0.18435638, -0.062580556, 0.9808651), (0.18435638, -0.062580556, 0.9808651), (0.18435638, -0.062580556, 0.9808651), (0.19094758, -0.037981834, 0.9808651), (0.19094758, -0.037981834, 0.9808651), (0.19094758, -0.037981834, 0.9808651), (0.19094758, -0.037981834, 0.9808651), (0.19427162, -0.012733235, 0.9808651), (0.19427162, -0.012733235, 0.9808651), (0.19427162, -0.012733235, 0.9808651), (0.19427162, -0.012733235, 0.9808651), (0.32013524, 0.020982772, 0.94713944), (0.32013524, 0.020982772, 0.94713944), (0.32013524, 0.020982772, 0.94713944), (0.32013524, 0.020982772, 0.94713944), (0.31465763, 0.062589295, 0.94713944), (0.31465763, 0.062589295, 0.94713944), (0.31465763, 0.062589295, 0.94713944), (0.31465763, 0.062589295, 0.94713944), (0.30379614, 0.1031249, 0.94713944), (0.30379614, 0.1031249, 0.94713944), (0.30379614, 0.1031249, 0.94713944), (0.30379614, 0.1031249, 0.94713944), (0.28773662, 0.14189601, 0.94713944), (0.28773662, 0.14189601, 0.94713944), (0.28773662, 0.14189601, 0.94713944), (0.28773662, 0.14189601, 0.94713944), (0.26675385, 0.17823923, 0.94713944), (0.26675385, 0.17823923, 0.94713944), (0.26675385, 0.17823923, 0.94713944), (0.26675385, 0.17823923, 0.94713944), (0.24120685, 0.21153274, 0.94713944), (0.24120685, 0.21153274, 0.94713944), (0.24120685, 0.21153274, 0.94713944), (0.24120685, 0.21153274, 0.94713944), (0.21153274, 0.24120685, 0.94713944), (0.21153274, 0.24120685, 0.94713944), (0.21153274, 0.24120685, 0.94713944), (0.21153274, 0.24120685, 0.94713944), (0.17823923, 0.26675385, 0.94713944), (0.17823923, 0.26675385, 0.94713944), (0.17823923, 0.26675385, 0.94713944), (0.17823923, 0.26675385, 0.94713944), (0.14189601, 0.28773662, 0.94713944), (0.14189601, 0.28773662, 0.94713944), (0.14189601, 0.28773662, 0.94713944), (0.14189601, 0.28773662, 0.94713944), (0.1031249, 0.30379614, 0.94713944), (0.1031249, 0.30379614, 0.94713944), (0.1031249, 0.30379614, 0.94713944), (0.1031249, 0.30379614, 0.94713944), (0.062589295, 0.31465763, 0.94713944), (0.062589295, 0.31465763, 0.94713944), (0.062589295, 0.31465763, 0.94713944), (0.062589295, 0.31465763, 0.94713944), (0.020982772, 0.32013524, 0.94713944), (0.020982772, 0.32013524, 0.94713944), (0.020982772, 0.32013524, 0.94713944), (0.020982772, 0.32013524, 0.94713944), (-0.020982772, 0.32013524, 0.94713944), (-0.020982772, 0.32013524, 0.94713944), (-0.020982772, 0.32013524, 0.94713944), (-0.020982772, 0.32013524, 0.94713944), (-0.062589295, 0.31465763, 0.94713944), (-0.062589295, 0.31465763, 0.94713944), (-0.062589295, 0.31465763, 0.94713944), (-0.062589295, 0.31465763, 0.94713944), (-0.1031249, 0.30379614, 0.94713944), (-0.1031249, 0.30379614, 0.94713944), (-0.1031249, 0.30379614, 0.94713944), (-0.1031249, 0.30379614, 0.94713944), (-0.14189601, 0.28773662, 0.94713944), (-0.14189601, 0.28773662, 0.94713944), (-0.14189601, 0.28773662, 0.94713944), (-0.14189601, 0.28773662, 0.94713944), (-0.17823923, 0.26675385, 0.94713944), (-0.17823923, 0.26675385, 0.94713944), (-0.17823923, 0.26675385, 0.94713944), (-0.17823923, 0.26675385, 0.94713944), (-0.21153274, 0.24120685, 0.94713944), (-0.21153274, 0.24120685, 0.94713944), (-0.21153274, 0.24120685, 0.94713944), (-0.21153274, 0.24120685, 0.94713944), (-0.24120685, 0.21153274, 0.94713944), (-0.24120685, 0.21153274, 0.94713944), (-0.24120685, 0.21153274, 0.94713944), (-0.24120685, 0.21153274, 0.94713944), (-0.26675385, 0.17823923, 0.94713944), (-0.26675385, 0.17823923, 0.94713944), (-0.26675385, 0.17823923, 0.94713944), (-0.26675385, 0.17823923, 0.94713944), (-0.28773662, 0.14189601, 0.94713944), (-0.28773662, 0.14189601, 0.94713944), (-0.28773662, 0.14189601, 0.94713944), (-0.28773662, 0.14189601, 0.94713944), (-0.30379614, 0.1031249, 0.94713944), (-0.30379614, 0.1031249, 0.94713944), (-0.30379614, 0.1031249, 0.94713944), (-0.30379614, 0.1031249, 0.94713944), (-0.31465763, 0.062589295, 0.94713944), (-0.31465763, 0.062589295, 0.94713944), (-0.31465763, 0.062589295, 0.94713944), (-0.31465763, 0.062589295, 0.94713944), (-0.32013524, 0.020982772, 0.94713944), (-0.32013524, 0.020982772, 0.94713944), (-0.32013524, 0.020982772, 0.94713944), (-0.32013524, 0.020982772, 0.94713944), (-0.32013524, -0.020982772, 0.94713944), (-0.32013524, -0.020982772, 0.94713944), (-0.32013524, -0.020982772, 0.94713944), (-0.32013524, -0.020982772, 0.94713944), (-0.31465763, -0.062589295, 0.94713944), (-0.31465763, -0.062589295, 0.94713944), (-0.31465763, -0.062589295, 0.94713944), (-0.31465763, -0.062589295, 0.94713944), (-0.30379614, -0.1031249, 0.94713944), (-0.30379614, -0.1031249, 0.94713944), (-0.30379614, -0.1031249, 0.94713944), (-0.30379614, -0.1031249, 0.94713944), (-0.28773662, -0.14189601, 0.94713944), (-0.28773662, -0.14189601, 0.94713944), (-0.28773662, -0.14189601, 0.94713944), (-0.28773662, -0.14189601, 0.94713944), (-0.26675385, -0.17823923, 0.94713944), (-0.26675385, -0.17823923, 0.94713944), (-0.26675385, -0.17823923, 0.94713944), (-0.26675385, -0.17823923, 0.94713944), (-0.24120685, -0.21153274, 0.94713944), (-0.24120685, -0.21153274, 0.94713944), (-0.24120685, -0.21153274, 0.94713944), (-0.24120685, -0.21153274, 0.94713944), (-0.21153274, -0.24120685, 0.94713944), (-0.21153274, -0.24120685, 0.94713944), (-0.21153274, -0.24120685, 0.94713944), (-0.21153274, -0.24120685, 0.94713944), (-0.17823923, -0.26675385, 0.94713944), (-0.17823923, -0.26675385, 0.94713944), (-0.17823923, -0.26675385, 0.94713944), (-0.17823923, -0.26675385, 0.94713944), (-0.14189601, -0.28773662, 0.94713944), (-0.14189601, -0.28773662, 0.94713944), (-0.14189601, -0.28773662, 0.94713944), (-0.14189601, -0.28773662, 0.94713944), (-0.1031249, -0.30379614, 0.94713944), (-0.1031249, -0.30379614, 0.94713944), (-0.1031249, -0.30379614, 0.94713944), (-0.1031249, -0.30379614, 0.94713944), (-0.062589295, -0.31465763, 0.94713944), (-0.062589295, -0.31465763, 0.94713944), (-0.062589295, -0.31465763, 0.94713944), (-0.062589295, -0.31465763, 0.94713944), (-0.020982772, -0.32013524, 0.94713944), (-0.020982772, -0.32013524, 0.94713944), (-0.020982772, -0.32013524, 0.94713944), (-0.020982772, -0.32013524, 0.94713944), (0.020982772, -0.32013524, 0.94713944), (0.020982772, -0.32013524, 0.94713944), (0.020982772, -0.32013524, 0.94713944), (0.020982772, -0.32013524, 0.94713944), (0.062589295, -0.31465763, 0.94713944), (0.062589295, -0.31465763, 0.94713944), (0.062589295, -0.31465763, 0.94713944), (0.062589295, -0.31465763, 0.94713944), (0.1031249, -0.30379614, 0.94713944), (0.1031249, -0.30379614, 0.94713944), (0.1031249, -0.30379614, 0.94713944), (0.1031249, -0.30379614, 0.94713944), (0.14189601, -0.28773662, 0.94713944), (0.14189601, -0.28773662, 0.94713944), (0.14189601, -0.28773662, 0.94713944), (0.14189601, -0.28773662, 0.94713944), (0.17823923, -0.26675385, 0.94713944), (0.17823923, -0.26675385, 0.94713944), (0.17823923, -0.26675385, 0.94713944), (0.17823923, -0.26675385, 0.94713944), (0.21153274, -0.24120685, 0.94713944), (0.21153274, -0.24120685, 0.94713944), (0.21153274, -0.24120685, 0.94713944), (0.21153274, -0.24120685, 0.94713944), (0.24120685, -0.21153274, 0.94713944), (0.24120685, -0.21153274, 0.94713944), (0.24120685, -0.21153274, 0.94713944), (0.24120685, -0.21153274, 0.94713944), (0.26675385, -0.17823923, 0.94713944), (0.26675385, -0.17823923, 0.94713944), (0.26675385, -0.17823923, 0.94713944), (0.26675385, -0.17823923, 0.94713944), (0.28773662, -0.14189601, 0.94713944), (0.28773662, -0.14189601, 0.94713944), (0.28773662, -0.14189601, 0.94713944), (0.28773662, -0.14189601, 0.94713944), (0.30379614, -0.1031249, 0.94713944), (0.30379614, -0.1031249, 0.94713944), (0.30379614, -0.1031249, 0.94713944), (0.30379614, -0.1031249, 0.94713944), (0.31465763, -0.062589295, 0.94713944), (0.31465763, -0.062589295, 0.94713944), (0.31465763, -0.062589295, 0.94713944), (0.31465763, -0.062589295, 0.94713944), (0.32013524, -0.020982772, 0.94713944), (0.32013524, -0.020982772, 0.94713944), (0.32013524, -0.020982772, 0.94713944), (0.32013524, -0.020982772, 0.94713944), (0.44058114, 0.028877214, 0.8972482), (0.44058114, 0.028877214, 0.8972482), (0.44058114, 0.028877214, 0.8972482), (0.44058114, 0.028877214, 0.8972482), (0.43304268, 0.08613754, 0.8972482), (0.43304268, 0.08613754, 0.8972482), (0.43304268, 0.08613754, 0.8972482), (0.43304268, 0.08613754, 0.8972482), (0.41809472, 0.14192404, 0.8972482), (0.41809472, 0.14192404, 0.8972482), (0.41809472, 0.14192404, 0.8972482), (0.41809472, 0.14192404, 0.8972482), (0.39599305, 0.19528218, 0.8972482), (0.39599305, 0.19528218, 0.8972482), (0.39599305, 0.19528218, 0.8972482), (0.39599305, 0.19528218, 0.8972482), (0.36711586, 0.24529897, 0.8972482), (0.36711586, 0.24529897, 0.8972482), (0.36711586, 0.24529897, 0.8972482), (0.36711586, 0.24529897, 0.8972482), (0.3319572, 0.29111865, 0.8972482), (0.3319572, 0.29111865, 0.8972482), (0.3319572, 0.29111865, 0.8972482), (0.3319572, 0.29111865, 0.8972482), (0.29111865, 0.3319572, 0.8972482), (0.29111865, 0.3319572, 0.8972482), (0.29111865, 0.3319572, 0.8972482), (0.29111865, 0.3319572, 0.8972482), (0.24529897, 0.36711586, 0.8972482), (0.24529897, 0.36711586, 0.8972482), (0.24529897, 0.36711586, 0.8972482), (0.24529897, 0.36711586, 0.8972482), (0.19528218, 0.39599305, 0.8972482), (0.19528218, 0.39599305, 0.8972482), (0.19528218, 0.39599305, 0.8972482), (0.19528218, 0.39599305, 0.8972482), (0.14192404, 0.41809472, 0.8972482), (0.14192404, 0.41809472, 0.8972482), (0.14192404, 0.41809472, 0.8972482), (0.14192404, 0.41809472, 0.8972482), (0.08613754, 0.43304268, 0.8972482), (0.08613754, 0.43304268, 0.8972482), (0.08613754, 0.43304268, 0.8972482), (0.08613754, 0.43304268, 0.8972482), (0.028877214, 0.44058114, 0.8972482), (0.028877214, 0.44058114, 0.8972482), (0.028877214, 0.44058114, 0.8972482), (0.028877214, 0.44058114, 0.8972482), (-0.028877214, 0.44058114, 0.8972482), (-0.028877214, 0.44058114, 0.8972482), (-0.028877214, 0.44058114, 0.8972482), (-0.028877214, 0.44058114, 0.8972482), (-0.08613754, 0.43304268, 0.8972482), (-0.08613754, 0.43304268, 0.8972482), (-0.08613754, 0.43304268, 0.8972482), (-0.08613754, 0.43304268, 0.8972482), (-0.14192404, 0.41809472, 0.8972482), (-0.14192404, 0.41809472, 0.8972482), (-0.14192404, 0.41809472, 0.8972482), (-0.14192404, 0.41809472, 0.8972482), (-0.19528218, 0.39599305, 0.8972482), (-0.19528218, 0.39599305, 0.8972482), (-0.19528218, 0.39599305, 0.8972482), (-0.19528218, 0.39599305, 0.8972482), (-0.24529897, 0.36711586, 0.8972482), (-0.24529897, 0.36711586, 0.8972482), (-0.24529897, 0.36711586, 0.8972482), (-0.24529897, 0.36711586, 0.8972482), (-0.29111865, 0.3319572, 0.8972482), (-0.29111865, 0.3319572, 0.8972482), (-0.29111865, 0.3319572, 0.8972482), (-0.29111865, 0.3319572, 0.8972482), (-0.3319572, 0.29111865, 0.8972482), (-0.3319572, 0.29111865, 0.8972482), (-0.3319572, 0.29111865, 0.8972482), (-0.3319572, 0.29111865, 0.8972482), (-0.36711586, 0.24529897, 0.8972482), (-0.36711586, 0.24529897, 0.8972482), (-0.36711586, 0.24529897, 0.8972482), (-0.36711586, 0.24529897, 0.8972482), (-0.39599305, 0.19528218, 0.8972482), (-0.39599305, 0.19528218, 0.8972482), (-0.39599305, 0.19528218, 0.8972482), (-0.39599305, 0.19528218, 0.8972482), (-0.41809472, 0.14192404, 0.8972482), (-0.41809472, 0.14192404, 0.8972482), (-0.41809472, 0.14192404, 0.8972482), (-0.41809472, 0.14192404, 0.8972482), (-0.43304268, 0.08613754, 0.8972482), (-0.43304268, 0.08613754, 0.8972482), (-0.43304268, 0.08613754, 0.8972482), (-0.43304268, 0.08613754, 0.8972482), (-0.44058114, 0.028877214, 0.8972482), (-0.44058114, 0.028877214, 0.8972482), (-0.44058114, 0.028877214, 0.8972482), (-0.44058114, 0.028877214, 0.8972482), (-0.44058114, -0.028877214, 0.8972482), (-0.44058114, -0.028877214, 0.8972482), (-0.44058114, -0.028877214, 0.8972482), (-0.44058114, -0.028877214, 0.8972482), (-0.43304268, -0.08613754, 0.8972482), (-0.43304268, -0.08613754, 0.8972482), (-0.43304268, -0.08613754, 0.8972482), (-0.43304268, -0.08613754, 0.8972482), (-0.41809472, -0.14192404, 0.8972482), (-0.41809472, -0.14192404, 0.8972482), (-0.41809472, -0.14192404, 0.8972482), (-0.41809472, -0.14192404, 0.8972482), (-0.39599305, -0.19528218, 0.8972482), (-0.39599305, -0.19528218, 0.8972482), (-0.39599305, -0.19528218, 0.8972482), (-0.39599305, -0.19528218, 0.8972482), (-0.36711586, -0.24529897, 0.8972482), (-0.36711586, -0.24529897, 0.8972482), (-0.36711586, -0.24529897, 0.8972482), (-0.36711586, -0.24529897, 0.8972482), (-0.3319572, -0.29111865, 0.8972482), (-0.3319572, -0.29111865, 0.8972482), (-0.3319572, -0.29111865, 0.8972482), (-0.3319572, -0.29111865, 0.8972482), (-0.29111865, -0.3319572, 0.8972482), (-0.29111865, -0.3319572, 0.8972482), (-0.29111865, -0.3319572, 0.8972482), (-0.29111865, -0.3319572, 0.8972482), (-0.24529897, -0.36711586, 0.8972482), (-0.24529897, -0.36711586, 0.8972482), (-0.24529897, -0.36711586, 0.8972482), (-0.24529897, -0.36711586, 0.8972482), (-0.19528218, -0.39599305, 0.8972482), (-0.19528218, -0.39599305, 0.8972482), (-0.19528218, -0.39599305, 0.8972482), (-0.19528218, -0.39599305, 0.8972482), (-0.14192404, -0.41809472, 0.8972482), (-0.14192404, -0.41809472, 0.8972482), (-0.14192404, -0.41809472, 0.8972482), (-0.14192404, -0.41809472, 0.8972482), (-0.08613754, -0.43304268, 0.8972482), (-0.08613754, -0.43304268, 0.8972482), (-0.08613754, -0.43304268, 0.8972482), (-0.08613754, -0.43304268, 0.8972482), (-0.028877214, -0.44058114, 0.8972482), (-0.028877214, -0.44058114, 0.8972482), (-0.028877214, -0.44058114, 0.8972482), (-0.028877214, -0.44058114, 0.8972482), (0.028877214, -0.44058114, 0.8972482), (0.028877214, -0.44058114, 0.8972482), (0.028877214, -0.44058114, 0.8972482), (0.028877214, -0.44058114, 0.8972482), (0.08613754, -0.43304268, 0.8972482), (0.08613754, -0.43304268, 0.8972482), (0.08613754, -0.43304268, 0.8972482), (0.08613754, -0.43304268, 0.8972482), (0.14192404, -0.41809472, 0.8972482), (0.14192404, -0.41809472, 0.8972482), (0.14192404, -0.41809472, 0.8972482), (0.14192404, -0.41809472, 0.8972482), (0.19528218, -0.39599305, 0.8972482), (0.19528218, -0.39599305, 0.8972482), (0.19528218, -0.39599305, 0.8972482), (0.19528218, -0.39599305, 0.8972482), (0.24529897, -0.36711586, 0.8972482), (0.24529897, -0.36711586, 0.8972482), (0.24529897, -0.36711586, 0.8972482), (0.24529897, -0.36711586, 0.8972482), (0.29111865, -0.3319572, 0.8972482), (0.29111865, -0.3319572, 0.8972482), (0.29111865, -0.3319572, 0.8972482), (0.29111865, -0.3319572, 0.8972482), (0.3319572, -0.29111865, 0.8972482), (0.3319572, -0.29111865, 0.8972482), (0.3319572, -0.29111865, 0.8972482), (0.3319572, -0.29111865, 0.8972482), (0.36711586, -0.24529897, 0.8972482), (0.36711586, -0.24529897, 0.8972482), (0.36711586, -0.24529897, 0.8972482), (0.36711586, -0.24529897, 0.8972482), (0.39599305, -0.19528218, 0.8972482), (0.39599305, -0.19528218, 0.8972482), (0.39599305, -0.19528218, 0.8972482), (0.39599305, -0.19528218, 0.8972482), (0.41809472, -0.14192404, 0.8972482), (0.41809472, -0.14192404, 0.8972482), (0.41809472, -0.14192404, 0.8972482), (0.41809472, -0.14192404, 0.8972482), (0.43304268, -0.08613754, 0.8972482), (0.43304268, -0.08613754, 0.8972482), (0.43304268, -0.08613754, 0.8972482), (0.43304268, -0.08613754, 0.8972482), (0.44058114, -0.028877214, 0.8972482), (0.44058114, -0.028877214, 0.8972482), (0.44058114, -0.028877214, 0.8972482), (0.44058114, -0.028877214, 0.8972482), (0.5535593, 0.036282193, 0.83201903), (0.5535593, 0.036282193, 0.83201903), (0.5535593, 0.036282193, 0.83201903), (0.5535593, 0.036282193, 0.83201903), (0.54408777, 0.10822578, 0.83201903), (0.54408777, 0.10822578, 0.83201903), (0.54408777, 0.10822578, 0.83201903), (0.54408777, 0.10822578, 0.83201903), (0.5253067, 0.17831759, 0.83201903), (0.5253067, 0.17831759, 0.83201903), (0.5253067, 0.17831759, 0.83201903), (0.5253067, 0.17831759, 0.83201903), (0.49753752, 0.24535835, 0.83201903), (0.49753752, 0.24535835, 0.83201903), (0.49753752, 0.24535835, 0.83201903), (0.49753752, 0.24535835, 0.83201903), (0.4612553, 0.30820096, 0.83201903), (0.4612553, 0.30820096, 0.83201903), (0.4612553, 0.30820096, 0.83201903), (0.4612553, 0.30820096, 0.83201903), (0.4170809, 0.36577016, 0.83201903), (0.4170809, 0.36577016, 0.83201903), (0.4170809, 0.36577016, 0.83201903), (0.4170809, 0.36577016, 0.83201903), (0.36577016, 0.4170809, 0.83201903), (0.36577016, 0.4170809, 0.83201903), (0.36577016, 0.4170809, 0.83201903), (0.36577016, 0.4170809, 0.83201903), (0.30820096, 0.4612553, 0.83201903), (0.30820096, 0.4612553, 0.83201903), (0.30820096, 0.4612553, 0.83201903), (0.30820096, 0.4612553, 0.83201903), (0.24535835, 0.49753752, 0.83201903), (0.24535835, 0.49753752, 0.83201903), (0.24535835, 0.49753752, 0.83201903), (0.24535835, 0.49753752, 0.83201903), (0.17831759, 0.5253067, 0.83201903), (0.17831759, 0.5253067, 0.83201903), (0.17831759, 0.5253067, 0.83201903), (0.17831759, 0.5253067, 0.83201903), (0.10822578, 0.54408777, 0.83201903), (0.10822578, 0.54408777, 0.83201903), (0.10822578, 0.54408777, 0.83201903), (0.10822578, 0.54408777, 0.83201903), (0.036282193, 0.5535593, 0.83201903), (0.036282193, 0.5535593, 0.83201903), (0.036282193, 0.5535593, 0.83201903), (0.036282193, 0.5535593, 0.83201903), (-0.036282193, 0.5535593, 0.83201903), (-0.036282193, 0.5535593, 0.83201903), (-0.036282193, 0.5535593, 0.83201903), (-0.036282193, 0.5535593, 0.83201903), (-0.10822578, 0.54408777, 0.83201903), (-0.10822578, 0.54408777, 0.83201903), (-0.10822578, 0.54408777, 0.83201903), (-0.10822578, 0.54408777, 0.83201903), (-0.17831759, 0.5253067, 0.83201903), (-0.17831759, 0.5253067, 0.83201903), (-0.17831759, 0.5253067, 0.83201903), (-0.17831759, 0.5253067, 0.83201903), (-0.24535835, 0.49753752, 0.83201903), (-0.24535835, 0.49753752, 0.83201903), (-0.24535835, 0.49753752, 0.83201903), (-0.24535835, 0.49753752, 0.83201903), (-0.30820096, 0.4612553, 0.83201903), (-0.30820096, 0.4612553, 0.83201903), (-0.30820096, 0.4612553, 0.83201903), (-0.30820096, 0.4612553, 0.83201903), (-0.36577016, 0.4170809, 0.83201903), (-0.36577016, 0.4170809, 0.83201903), (-0.36577016, 0.4170809, 0.83201903), (-0.36577016, 0.4170809, 0.83201903), (-0.4170809, 0.36577016, 0.83201903), (-0.4170809, 0.36577016, 0.83201903), (-0.4170809, 0.36577016, 0.83201903), (-0.4170809, 0.36577016, 0.83201903), (-0.4612553, 0.30820096, 0.83201903), (-0.4612553, 0.30820096, 0.83201903), (-0.4612553, 0.30820096, 0.83201903), (-0.4612553, 0.30820096, 0.83201903), (-0.49753752, 0.24535835, 0.83201903), (-0.49753752, 0.24535835, 0.83201903), (-0.49753752, 0.24535835, 0.83201903), (-0.49753752, 0.24535835, 0.83201903), (-0.5253067, 0.17831759, 0.83201903), (-0.5253067, 0.17831759, 0.83201903), (-0.5253067, 0.17831759, 0.83201903), (-0.5253067, 0.17831759, 0.83201903), (-0.54408777, 0.10822578, 0.83201903), (-0.54408777, 0.10822578, 0.83201903), (-0.54408777, 0.10822578, 0.83201903), (-0.54408777, 0.10822578, 0.83201903), (-0.5535593, 0.036282193, 0.83201903), (-0.5535593, 0.036282193, 0.83201903), (-0.5535593, 0.036282193, 0.83201903), (-0.5535593, 0.036282193, 0.83201903), (-0.5535593, -0.036282193, 0.83201903), (-0.5535593, -0.036282193, 0.83201903), (-0.5535593, -0.036282193, 0.83201903), (-0.5535593, -0.036282193, 0.83201903), (-0.54408777, -0.10822578, 0.83201903), (-0.54408777, -0.10822578, 0.83201903), (-0.54408777, -0.10822578, 0.83201903), (-0.54408777, -0.10822578, 0.83201903), (-0.5253067, -0.17831759, 0.83201903), (-0.5253067, -0.17831759, 0.83201903), (-0.5253067, -0.17831759, 0.83201903), (-0.5253067, -0.17831759, 0.83201903), (-0.49753752, -0.24535835, 0.83201903), (-0.49753752, -0.24535835, 0.83201903), (-0.49753752, -0.24535835, 0.83201903), (-0.49753752, -0.24535835, 0.83201903), (-0.4612553, -0.30820096, 0.83201903), (-0.4612553, -0.30820096, 0.83201903), (-0.4612553, -0.30820096, 0.83201903), (-0.4612553, -0.30820096, 0.83201903), (-0.4170809, -0.36577016, 0.83201903), (-0.4170809, -0.36577016, 0.83201903), (-0.4170809, -0.36577016, 0.83201903), (-0.4170809, -0.36577016, 0.83201903), (-0.36577016, -0.4170809, 0.83201903), (-0.36577016, -0.4170809, 0.83201903), (-0.36577016, -0.4170809, 0.83201903), (-0.36577016, -0.4170809, 0.83201903), (-0.30820096, -0.4612553, 0.83201903), (-0.30820096, -0.4612553, 0.83201903), (-0.30820096, -0.4612553, 0.83201903), (-0.30820096, -0.4612553, 0.83201903), (-0.24535835, -0.49753752, 0.83201903), (-0.24535835, -0.49753752, 0.83201903), (-0.24535835, -0.49753752, 0.83201903), (-0.24535835, -0.49753752, 0.83201903), (-0.17831759, -0.5253067, 0.83201903), (-0.17831759, -0.5253067, 0.83201903), (-0.17831759, -0.5253067, 0.83201903), (-0.17831759, -0.5253067, 0.83201903), (-0.10822578, -0.54408777, 0.83201903), (-0.10822578, -0.54408777, 0.83201903), (-0.10822578, -0.54408777, 0.83201903), (-0.10822578, -0.54408777, 0.83201903), (-0.036282193, -0.5535593, 0.83201903), (-0.036282193, -0.5535593, 0.83201903), (-0.036282193, -0.5535593, 0.83201903), (-0.036282193, -0.5535593, 0.83201903), (0.036282193, -0.5535593, 0.83201903), (0.036282193, -0.5535593, 0.83201903), (0.036282193, -0.5535593, 0.83201903), (0.036282193, -0.5535593, 0.83201903), (0.10822578, -0.54408777, 0.83201903), (0.10822578, -0.54408777, 0.83201903), (0.10822578, -0.54408777, 0.83201903), (0.10822578, -0.54408777, 0.83201903), (0.17831759, -0.5253067, 0.83201903), (0.17831759, -0.5253067, 0.83201903), (0.17831759, -0.5253067, 0.83201903), (0.17831759, -0.5253067, 0.83201903), (0.24535835, -0.49753752, 0.83201903), (0.24535835, -0.49753752, 0.83201903), (0.24535835, -0.49753752, 0.83201903), (0.24535835, -0.49753752, 0.83201903), (0.30820096, -0.4612553, 0.83201903), (0.30820096, -0.4612553, 0.83201903), (0.30820096, -0.4612553, 0.83201903), (0.30820096, -0.4612553, 0.83201903), (0.36577016, -0.4170809, 0.83201903), (0.36577016, -0.4170809, 0.83201903), (0.36577016, -0.4170809, 0.83201903), (0.36577016, -0.4170809, 0.83201903), (0.4170809, -0.36577016, 0.83201903), (0.4170809, -0.36577016, 0.83201903), (0.4170809, -0.36577016, 0.83201903), (0.4170809, -0.36577016, 0.83201903), (0.4612553, -0.30820096, 0.83201903), (0.4612553, -0.30820096, 0.83201903), (0.4612553, -0.30820096, 0.83201903), (0.4612553, -0.30820096, 0.83201903), (0.49753752, -0.24535835, 0.83201903), (0.49753752, -0.24535835, 0.83201903), (0.49753752, -0.24535835, 0.83201903), (0.49753752, -0.24535835, 0.83201903), (0.5253067, -0.17831759, 0.83201903), (0.5253067, -0.17831759, 0.83201903), (0.5253067, -0.17831759, 0.83201903), (0.5253067, -0.17831759, 0.83201903), (0.54408777, -0.10822578, 0.83201903), (0.54408777, -0.10822578, 0.83201903), (0.54408777, -0.10822578, 0.83201903), (0.54408777, -0.10822578, 0.83201903), (0.5535593, -0.036282193, 0.83201903), (0.5535593, -0.036282193, 0.83201903), (0.5535593, -0.036282193, 0.83201903), (0.5535593, -0.036282193, 0.83201903), (0.65713674, 0.043071017, 0.7525399), (0.65713674, 0.043071017, 0.7525399), (0.65713674, 0.043071017, 0.7525399), (0.65713674, 0.043071017, 0.7525399), (0.6458929, 0.12847608, 0.7525399), (0.6458929, 0.12847608, 0.7525399), (0.6458929, 0.12847608, 0.7525399), (0.6458929, 0.12847608, 0.7525399), (0.62359774, 0.2116829, 0.7525399), (0.62359774, 0.2116829, 0.7525399), (0.62359774, 0.2116829, 0.7525399), (0.62359774, 0.2116829, 0.7525399), (0.5906326, 0.29126775, 0.7525399), (0.5906326, 0.29126775, 0.7525399), (0.5906326, 0.29126775, 0.7525399), (0.5906326, 0.29126775, 0.7525399), (0.5475616, 0.36586896, 0.7525399), (0.5475616, 0.36586896, 0.7525399), (0.5475616, 0.36586896, 0.7525399), (0.5475616, 0.36586896, 0.7525399), (0.49512163, 0.43421003, 0.7525399), (0.49512163, 0.43421003, 0.7525399), (0.49512163, 0.43421003, 0.7525399), (0.49512163, 0.43421003, 0.7525399), (0.43421003, 0.49512163, 0.7525399), (0.43421003, 0.49512163, 0.7525399), (0.43421003, 0.49512163, 0.7525399), (0.43421003, 0.49512163, 0.7525399), (0.36586896, 0.5475616, 0.7525399), (0.36586896, 0.5475616, 0.7525399), (0.36586896, 0.5475616, 0.7525399), (0.36586896, 0.5475616, 0.7525399), (0.29126775, 0.5906326, 0.7525399), (0.29126775, 0.5906326, 0.7525399), (0.29126775, 0.5906326, 0.7525399), (0.29126775, 0.5906326, 0.7525399), (0.2116829, 0.62359774, 0.7525399), (0.2116829, 0.62359774, 0.7525399), (0.2116829, 0.62359774, 0.7525399), (0.2116829, 0.62359774, 0.7525399), (0.12847608, 0.6458929, 0.7525399), (0.12847608, 0.6458929, 0.7525399), (0.12847608, 0.6458929, 0.7525399), (0.12847608, 0.6458929, 0.7525399), (0.043071017, 0.65713674, 0.7525399), (0.043071017, 0.65713674, 0.7525399), (0.043071017, 0.65713674, 0.7525399), (0.043071017, 0.65713674, 0.7525399), (-0.043071017, 0.65713674, 0.7525399), (-0.043071017, 0.65713674, 0.7525399), (-0.043071017, 0.65713674, 0.7525399), (-0.043071017, 0.65713674, 0.7525399), (-0.12847608, 0.6458929, 0.7525399), (-0.12847608, 0.6458929, 0.7525399), (-0.12847608, 0.6458929, 0.7525399), (-0.12847608, 0.6458929, 0.7525399), (-0.2116829, 0.62359774, 0.7525399), (-0.2116829, 0.62359774, 0.7525399), (-0.2116829, 0.62359774, 0.7525399), (-0.2116829, 0.62359774, 0.7525399), (-0.29126775, 0.5906326, 0.7525399), (-0.29126775, 0.5906326, 0.7525399), (-0.29126775, 0.5906326, 0.7525399), (-0.29126775, 0.5906326, 0.7525399), (-0.36586896, 0.5475616, 0.7525399), (-0.36586896, 0.5475616, 0.7525399), (-0.36586896, 0.5475616, 0.7525399), (-0.36586896, 0.5475616, 0.7525399), (-0.43421003, 0.49512163, 0.7525399), (-0.43421003, 0.49512163, 0.7525399), (-0.43421003, 0.49512163, 0.7525399), (-0.43421003, 0.49512163, 0.7525399), (-0.49512163, 0.43421003, 0.7525399), (-0.49512163, 0.43421003, 0.7525399), (-0.49512163, 0.43421003, 0.7525399), (-0.49512163, 0.43421003, 0.7525399), (-0.5475616, 0.36586896, 0.7525399), (-0.5475616, 0.36586896, 0.7525399), (-0.5475616, 0.36586896, 0.7525399), (-0.5475616, 0.36586896, 0.7525399), (-0.5906326, 0.29126775, 0.7525399), (-0.5906326, 0.29126775, 0.7525399), (-0.5906326, 0.29126775, 0.7525399), (-0.5906326, 0.29126775, 0.7525399), (-0.62359774, 0.2116829, 0.7525399), (-0.62359774, 0.2116829, 0.7525399), (-0.62359774, 0.2116829, 0.7525399), (-0.62359774, 0.2116829, 0.7525399), (-0.6458929, 0.12847608, 0.7525399), (-0.6458929, 0.12847608, 0.7525399), (-0.6458929, 0.12847608, 0.7525399), (-0.6458929, 0.12847608, 0.7525399), (-0.65713674, 0.043071017, 0.7525399), (-0.65713674, 0.043071017, 0.7525399), (-0.65713674, 0.043071017, 0.7525399), (-0.65713674, 0.043071017, 0.7525399), (-0.65713674, -0.043071017, 0.7525399), (-0.65713674, -0.043071017, 0.7525399), (-0.65713674, -0.043071017, 0.7525399), (-0.65713674, -0.043071017, 0.7525399), (-0.6458929, -0.12847608, 0.7525399), (-0.6458929, -0.12847608, 0.7525399), (-0.6458929, -0.12847608, 0.7525399), (-0.6458929, -0.12847608, 0.7525399), (-0.62359774, -0.2116829, 0.7525399), (-0.62359774, -0.2116829, 0.7525399), (-0.62359774, -0.2116829, 0.7525399), (-0.62359774, -0.2116829, 0.7525399), (-0.5906326, -0.29126775, 0.7525399), (-0.5906326, -0.29126775, 0.7525399), (-0.5906326, -0.29126775, 0.7525399), (-0.5906326, -0.29126775, 0.7525399), (-0.5475616, -0.36586896, 0.7525399), (-0.5475616, -0.36586896, 0.7525399), (-0.5475616, -0.36586896, 0.7525399), (-0.5475616, -0.36586896, 0.7525399), (-0.49512163, -0.43421003, 0.7525399), (-0.49512163, -0.43421003, 0.7525399), (-0.49512163, -0.43421003, 0.7525399), (-0.49512163, -0.43421003, 0.7525399), (-0.43421003, -0.49512163, 0.7525399), (-0.43421003, -0.49512163, 0.7525399), (-0.43421003, -0.49512163, 0.7525399), (-0.43421003, -0.49512163, 0.7525399), (-0.36586896, -0.5475616, 0.7525399), (-0.36586896, -0.5475616, 0.7525399), (-0.36586896, -0.5475616, 0.7525399), (-0.36586896, -0.5475616, 0.7525399), (-0.29126775, -0.5906326, 0.7525399), (-0.29126775, -0.5906326, 0.7525399), (-0.29126775, -0.5906326, 0.7525399), (-0.29126775, -0.5906326, 0.7525399), (-0.2116829, -0.62359774, 0.7525399), (-0.2116829, -0.62359774, 0.7525399), (-0.2116829, -0.62359774, 0.7525399), (-0.2116829, -0.62359774, 0.7525399), (-0.12847608, -0.6458929, 0.7525399), (-0.12847608, -0.6458929, 0.7525399), (-0.12847608, -0.6458929, 0.7525399), (-0.12847608, -0.6458929, 0.7525399), (-0.043071017, -0.65713674, 0.7525399), (-0.043071017, -0.65713674, 0.7525399), (-0.043071017, -0.65713674, 0.7525399), (-0.043071017, -0.65713674, 0.7525399), (0.043071017, -0.65713674, 0.7525399), (0.043071017, -0.65713674, 0.7525399), (0.043071017, -0.65713674, 0.7525399), (0.043071017, -0.65713674, 0.7525399), (0.12847608, -0.6458929, 0.7525399), (0.12847608, -0.6458929, 0.7525399), (0.12847608, -0.6458929, 0.7525399), (0.12847608, -0.6458929, 0.7525399), (0.2116829, -0.62359774, 0.7525399), (0.2116829, -0.62359774, 0.7525399), (0.2116829, -0.62359774, 0.7525399), (0.2116829, -0.62359774, 0.7525399), (0.29126775, -0.5906326, 0.7525399), (0.29126775, -0.5906326, 0.7525399), (0.29126775, -0.5906326, 0.7525399), (0.29126775, -0.5906326, 0.7525399), (0.36586896, -0.5475616, 0.7525399), (0.36586896, -0.5475616, 0.7525399), (0.36586896, -0.5475616, 0.7525399), (0.36586896, -0.5475616, 0.7525399), (0.43421003, -0.49512163, 0.7525399), (0.43421003, -0.49512163, 0.7525399), (0.43421003, -0.49512163, 0.7525399), (0.43421003, -0.49512163, 0.7525399), (0.49512163, -0.43421003, 0.7525399), (0.49512163, -0.43421003, 0.7525399), (0.49512163, -0.43421003, 0.7525399), (0.49512163, -0.43421003, 0.7525399), (0.5475616, -0.36586896, 0.7525399), (0.5475616, -0.36586896, 0.7525399), (0.5475616, -0.36586896, 0.7525399), (0.5475616, -0.36586896, 0.7525399), (0.5906326, -0.29126775, 0.7525399), (0.5906326, -0.29126775, 0.7525399), (0.5906326, -0.29126775, 0.7525399), (0.5906326, -0.29126775, 0.7525399), (0.62359774, -0.2116829, 0.7525399), (0.62359774, -0.2116829, 0.7525399), (0.62359774, -0.2116829, 0.7525399), (0.62359774, -0.2116829, 0.7525399), (0.6458929, -0.12847608, 0.7525399), (0.6458929, -0.12847608, 0.7525399), (0.6458929, -0.12847608, 0.7525399), (0.6458929, -0.12847608, 0.7525399), (0.65713674, -0.043071017, 0.7525399), (0.65713674, -0.043071017, 0.7525399), (0.65713674, -0.043071017, 0.7525399), (0.65713674, -0.043071017, 0.7525399), (0.7495305, 0.049126823, 0.6601444), (0.7495305, 0.049126823, 0.6601444), (0.7495305, 0.049126823, 0.6601444), (0.7495305, 0.049126823, 0.6601444), (0.7367058, 0.1465399, 0.6601444), (0.7367058, 0.1465399, 0.6601444), (0.7367058, 0.1465399, 0.6601444), (0.7367058, 0.1465399, 0.6601444), (0.7112759, 0.24144563, 0.6601444), (0.7112759, 0.24144563, 0.6601444), (0.7112759, 0.24144563, 0.6601444), (0.7112759, 0.24144563, 0.6601444), (0.67367584, 0.33222017, 0.6601444), (0.67367584, 0.33222017, 0.6601444), (0.67367584, 0.33222017, 0.6601444), (0.67367584, 0.33222017, 0.6601444), (0.62454903, 0.41731033, 0.6601444), (0.62454903, 0.41731033, 0.6601444), (0.62454903, 0.41731033, 0.6601444), (0.62454903, 0.41731033, 0.6601444), (0.564736, 0.49526018, 0.6601444), (0.564736, 0.49526018, 0.6601444), (0.564736, 0.49526018, 0.6601444), (0.564736, 0.49526018, 0.6601444), (0.49526018, 0.564736, 0.6601444), (0.49526018, 0.564736, 0.6601444), (0.49526018, 0.564736, 0.6601444), (0.49526018, 0.564736, 0.6601444), (0.41731033, 0.62454903, 0.6601444), (0.41731033, 0.62454903, 0.6601444), (0.41731033, 0.62454903, 0.6601444), (0.41731033, 0.62454903, 0.6601444), (0.33222017, 0.67367584, 0.6601444), (0.33222017, 0.67367584, 0.6601444), (0.33222017, 0.67367584, 0.6601444), (0.33222017, 0.67367584, 0.6601444), (0.24144563, 0.7112759, 0.6601444), (0.24144563, 0.7112759, 0.6601444), (0.24144563, 0.7112759, 0.6601444), (0.24144563, 0.7112759, 0.6601444), (0.1465399, 0.7367058, 0.6601444), (0.1465399, 0.7367058, 0.6601444), (0.1465399, 0.7367058, 0.6601444), (0.1465399, 0.7367058, 0.6601444), (0.049126823, 0.7495305, 0.6601444), (0.049126823, 0.7495305, 0.6601444), (0.049126823, 0.7495305, 0.6601444), (0.049126823, 0.7495305, 0.6601444), (-0.049126823, 0.7495305, 0.6601444), (-0.049126823, 0.7495305, 0.6601444), (-0.049126823, 0.7495305, 0.6601444), (-0.049126823, 0.7495305, 0.6601444), (-0.1465399, 0.7367058, 0.6601444), (-0.1465399, 0.7367058, 0.6601444), (-0.1465399, 0.7367058, 0.6601444), (-0.1465399, 0.7367058, 0.6601444), (-0.24144563, 0.7112759, 0.6601444), (-0.24144563, 0.7112759, 0.6601444), (-0.24144563, 0.7112759, 0.6601444), (-0.24144563, 0.7112759, 0.6601444), (-0.33222017, 0.67367584, 0.6601444), (-0.33222017, 0.67367584, 0.6601444), (-0.33222017, 0.67367584, 0.6601444), (-0.33222017, 0.67367584, 0.6601444), (-0.41731033, 0.62454903, 0.6601444), (-0.41731033, 0.62454903, 0.6601444), (-0.41731033, 0.62454903, 0.6601444), (-0.41731033, 0.62454903, 0.6601444), (-0.49526018, 0.564736, 0.6601444), (-0.49526018, 0.564736, 0.6601444), (-0.49526018, 0.564736, 0.6601444), (-0.49526018, 0.564736, 0.6601444), (-0.564736, 0.49526018, 0.6601444), (-0.564736, 0.49526018, 0.6601444), (-0.564736, 0.49526018, 0.6601444), (-0.564736, 0.49526018, 0.6601444), (-0.62454903, 0.41731033, 0.6601444), (-0.62454903, 0.41731033, 0.6601444), (-0.62454903, 0.41731033, 0.6601444), (-0.62454903, 0.41731033, 0.6601444), (-0.67367584, 0.33222017, 0.6601444), (-0.67367584, 0.33222017, 0.6601444), (-0.67367584, 0.33222017, 0.6601444), (-0.67367584, 0.33222017, 0.6601444), (-0.7112759, 0.24144563, 0.6601444), (-0.7112759, 0.24144563, 0.6601444), (-0.7112759, 0.24144563, 0.6601444), (-0.7112759, 0.24144563, 0.6601444), (-0.7367058, 0.1465399, 0.6601444), (-0.7367058, 0.1465399, 0.6601444), (-0.7367058, 0.1465399, 0.6601444), (-0.7367058, 0.1465399, 0.6601444), (-0.7495305, 0.049126823, 0.6601444), (-0.7495305, 0.049126823, 0.6601444), (-0.7495305, 0.049126823, 0.6601444), (-0.7495305, 0.049126823, 0.6601444), (-0.7495305, -0.049126823, 0.6601444), (-0.7495305, -0.049126823, 0.6601444), (-0.7495305, -0.049126823, 0.6601444), (-0.7495305, -0.049126823, 0.6601444), (-0.7367058, -0.1465399, 0.6601444), (-0.7367058, -0.1465399, 0.6601444), (-0.7367058, -0.1465399, 0.6601444), (-0.7367058, -0.1465399, 0.6601444), (-0.7112759, -0.24144563, 0.6601444), (-0.7112759, -0.24144563, 0.6601444), (-0.7112759, -0.24144563, 0.6601444), (-0.7112759, -0.24144563, 0.6601444), (-0.67367584, -0.33222017, 0.6601444), (-0.67367584, -0.33222017, 0.6601444), (-0.67367584, -0.33222017, 0.6601444), (-0.67367584, -0.33222017, 0.6601444), (-0.62454903, -0.41731033, 0.6601444), (-0.62454903, -0.41731033, 0.6601444), (-0.62454903, -0.41731033, 0.6601444), (-0.62454903, -0.41731033, 0.6601444), (-0.564736, -0.49526018, 0.6601444), (-0.564736, -0.49526018, 0.6601444), (-0.564736, -0.49526018, 0.6601444), (-0.564736, -0.49526018, 0.6601444), (-0.49526018, -0.564736, 0.6601444), (-0.49526018, -0.564736, 0.6601444), (-0.49526018, -0.564736, 0.6601444), (-0.49526018, -0.564736, 0.6601444), (-0.41731033, -0.62454903, 0.6601444), (-0.41731033, -0.62454903, 0.6601444), (-0.41731033, -0.62454903, 0.6601444), (-0.41731033, -0.62454903, 0.6601444), (-0.33222017, -0.67367584, 0.6601444), (-0.33222017, -0.67367584, 0.6601444), (-0.33222017, -0.67367584, 0.6601444), (-0.33222017, -0.67367584, 0.6601444), (-0.24144563, -0.7112759, 0.6601444), (-0.24144563, -0.7112759, 0.6601444), (-0.24144563, -0.7112759, 0.6601444), (-0.24144563, -0.7112759, 0.6601444), (-0.1465399, -0.7367058, 0.6601444), (-0.1465399, -0.7367058, 0.6601444), (-0.1465399, -0.7367058, 0.6601444), (-0.1465399, -0.7367058, 0.6601444), (-0.049126823, -0.7495305, 0.6601444), (-0.049126823, -0.7495305, 0.6601444), (-0.049126823, -0.7495305, 0.6601444), (-0.049126823, -0.7495305, 0.6601444), (0.049126823, -0.7495305, 0.6601444), (0.049126823, -0.7495305, 0.6601444), (0.049126823, -0.7495305, 0.6601444), (0.049126823, -0.7495305, 0.6601444), (0.1465399, -0.7367058, 0.6601444), (0.1465399, -0.7367058, 0.6601444), (0.1465399, -0.7367058, 0.6601444), (0.1465399, -0.7367058, 0.6601444), (0.24144563, -0.7112759, 0.6601444), (0.24144563, -0.7112759, 0.6601444), (0.24144563, -0.7112759, 0.6601444), (0.24144563, -0.7112759, 0.6601444), (0.33222017, -0.67367584, 0.6601444), (0.33222017, -0.67367584, 0.6601444), (0.33222017, -0.67367584, 0.6601444), (0.33222017, -0.67367584, 0.6601444), (0.41731033, -0.62454903, 0.6601444), (0.41731033, -0.62454903, 0.6601444), (0.41731033, -0.62454903, 0.6601444), (0.41731033, -0.62454903, 0.6601444), (0.49526018, -0.564736, 0.6601444), (0.49526018, -0.564736, 0.6601444), (0.49526018, -0.564736, 0.6601444), (0.49526018, -0.564736, 0.6601444), (0.564736, -0.49526018, 0.6601444), (0.564736, -0.49526018, 0.6601444), (0.564736, -0.49526018, 0.6601444), (0.564736, -0.49526018, 0.6601444), (0.62454903, -0.41731033, 0.6601444), (0.62454903, -0.41731033, 0.6601444), (0.62454903, -0.41731033, 0.6601444), (0.62454903, -0.41731033, 0.6601444), (0.67367584, -0.33222017, 0.6601444), (0.67367584, -0.33222017, 0.6601444), (0.67367584, -0.33222017, 0.6601444), (0.67367584, -0.33222017, 0.6601444), (0.7112759, -0.24144563, 0.6601444), (0.7112759, -0.24144563, 0.6601444), (0.7112759, -0.24144563, 0.6601444), (0.7112759, -0.24144563, 0.6601444), (0.7367058, -0.1465399, 0.6601444), (0.7367058, -0.1465399, 0.6601444), (0.7367058, -0.1465399, 0.6601444), (0.7367058, -0.1465399, 0.6601444), (0.7495305, -0.049126823, 0.6601444), (0.7495305, -0.049126823, 0.6601444), (0.7495305, -0.049126823, 0.6601444), (0.7495305, -0.049126823, 0.6601444), (0.8291398, 0.054344695, 0.55639356), (0.8291398, 0.054344695, 0.55639356), (0.8291398, 0.054344695, 0.55639356), (0.8291398, 0.054344695, 0.55639356), (0.814953, 0.16210423, 0.55639356), (0.814953, 0.16210423, 0.55639356), (0.814953, 0.16210423, 0.55639356), (0.814953, 0.16210423, 0.55639356), (0.78682214, 0.26709014, 0.55639356), (0.78682214, 0.26709014, 0.55639356), (0.78682214, 0.26709014, 0.55639356), (0.78682214, 0.26709014, 0.55639356), (0.7452285, 0.36750603, 0.55639356), (0.7452285, 0.36750603, 0.55639356), (0.7452285, 0.36750603, 0.55639356), (0.7452285, 0.36750603, 0.55639356), (0.6908838, 0.4616338, 0.55639356), (0.6908838, 0.4616338, 0.55639356), (0.6908838, 0.4616338, 0.55639356), (0.6908838, 0.4616338, 0.55639356), (0.6247179, 0.5478629, 0.55639356), (0.6247179, 0.5478629, 0.55639356), (0.6247179, 0.5478629, 0.55639356), (0.6247179, 0.5478629, 0.55639356), (0.5478629, 0.6247179, 0.55639356), (0.5478629, 0.6247179, 0.55639356), (0.5478629, 0.6247179, 0.55639356), (0.5478629, 0.6247179, 0.55639356), (0.4616338, 0.6908838, 0.55639356), (0.4616338, 0.6908838, 0.55639356), (0.4616338, 0.6908838, 0.55639356), (0.4616338, 0.6908838, 0.55639356), (0.36750603, 0.7452285, 0.55639356), (0.36750603, 0.7452285, 0.55639356), (0.36750603, 0.7452285, 0.55639356), (0.36750603, 0.7452285, 0.55639356), (0.26709014, 0.78682214, 0.55639356), (0.26709014, 0.78682214, 0.55639356), (0.26709014, 0.78682214, 0.55639356), (0.26709014, 0.78682214, 0.55639356), (0.16210423, 0.814953, 0.55639356), (0.16210423, 0.814953, 0.55639356), (0.16210423, 0.814953, 0.55639356), (0.16210423, 0.814953, 0.55639356), (0.054344695, 0.8291398, 0.55639356), (0.054344695, 0.8291398, 0.55639356), (0.054344695, 0.8291398, 0.55639356), (0.054344695, 0.8291398, 0.55639356), (-0.054344695, 0.8291398, 0.55639356), (-0.054344695, 0.8291398, 0.55639356), (-0.054344695, 0.8291398, 0.55639356), (-0.054344695, 0.8291398, 0.55639356), (-0.16210423, 0.814953, 0.55639356), (-0.16210423, 0.814953, 0.55639356), (-0.16210423, 0.814953, 0.55639356), (-0.16210423, 0.814953, 0.55639356), (-0.26709014, 0.78682214, 0.55639356), (-0.26709014, 0.78682214, 0.55639356), (-0.26709014, 0.78682214, 0.55639356), (-0.26709014, 0.78682214, 0.55639356), (-0.36750603, 0.7452285, 0.55639356), (-0.36750603, 0.7452285, 0.55639356), (-0.36750603, 0.7452285, 0.55639356), (-0.36750603, 0.7452285, 0.55639356), (-0.4616338, 0.6908838, 0.55639356), (-0.4616338, 0.6908838, 0.55639356), (-0.4616338, 0.6908838, 0.55639356), (-0.4616338, 0.6908838, 0.55639356), (-0.5478629, 0.6247179, 0.55639356), (-0.5478629, 0.6247179, 0.55639356), (-0.5478629, 0.6247179, 0.55639356), (-0.5478629, 0.6247179, 0.55639356), (-0.6247179, 0.5478629, 0.55639356), (-0.6247179, 0.5478629, 0.55639356), (-0.6247179, 0.5478629, 0.55639356), (-0.6247179, 0.5478629, 0.55639356), (-0.6908838, 0.4616338, 0.55639356), (-0.6908838, 0.4616338, 0.55639356), (-0.6908838, 0.4616338, 0.55639356), (-0.6908838, 0.4616338, 0.55639356), (-0.7452285, 0.36750603, 0.55639356), (-0.7452285, 0.36750603, 0.55639356), (-0.7452285, 0.36750603, 0.55639356), (-0.7452285, 0.36750603, 0.55639356), (-0.78682214, 0.26709014, 0.55639356), (-0.78682214, 0.26709014, 0.55639356), (-0.78682214, 0.26709014, 0.55639356), (-0.78682214, 0.26709014, 0.55639356), (-0.814953, 0.16210423, 0.55639356), (-0.814953, 0.16210423, 0.55639356), (-0.814953, 0.16210423, 0.55639356), (-0.814953, 0.16210423, 0.55639356), (-0.8291398, 0.054344695, 0.55639356), (-0.8291398, 0.054344695, 0.55639356), (-0.8291398, 0.054344695, 0.55639356), (-0.8291398, 0.054344695, 0.55639356), (-0.8291398, -0.054344695, 0.55639356), (-0.8291398, -0.054344695, 0.55639356), (-0.8291398, -0.054344695, 0.55639356), (-0.8291398, -0.054344695, 0.55639356), (-0.814953, -0.16210423, 0.55639356), (-0.814953, -0.16210423, 0.55639356), (-0.814953, -0.16210423, 0.55639356), (-0.814953, -0.16210423, 0.55639356), (-0.78682214, -0.26709014, 0.55639356), (-0.78682214, -0.26709014, 0.55639356), (-0.78682214, -0.26709014, 0.55639356), (-0.78682214, -0.26709014, 0.55639356), (-0.7452285, -0.36750603, 0.55639356), (-0.7452285, -0.36750603, 0.55639356), (-0.7452285, -0.36750603, 0.55639356), (-0.7452285, -0.36750603, 0.55639356), (-0.6908838, -0.4616338, 0.55639356), (-0.6908838, -0.4616338, 0.55639356), (-0.6908838, -0.4616338, 0.55639356), (-0.6908838, -0.4616338, 0.55639356), (-0.6247179, -0.5478629, 0.55639356), (-0.6247179, -0.5478629, 0.55639356), (-0.6247179, -0.5478629, 0.55639356), (-0.6247179, -0.5478629, 0.55639356), (-0.5478629, -0.6247179, 0.55639356), (-0.5478629, -0.6247179, 0.55639356), (-0.5478629, -0.6247179, 0.55639356), (-0.5478629, -0.6247179, 0.55639356), (-0.4616338, -0.6908838, 0.55639356), (-0.4616338, -0.6908838, 0.55639356), (-0.4616338, -0.6908838, 0.55639356), (-0.4616338, -0.6908838, 0.55639356), (-0.36750603, -0.7452285, 0.55639356), (-0.36750603, -0.7452285, 0.55639356), (-0.36750603, -0.7452285, 0.55639356), (-0.36750603, -0.7452285, 0.55639356), (-0.26709014, -0.78682214, 0.55639356), (-0.26709014, -0.78682214, 0.55639356), (-0.26709014, -0.78682214, 0.55639356), (-0.26709014, -0.78682214, 0.55639356), (-0.16210423, -0.814953, 0.55639356), (-0.16210423, -0.814953, 0.55639356), (-0.16210423, -0.814953, 0.55639356), (-0.16210423, -0.814953, 0.55639356), (-0.054344695, -0.8291398, 0.55639356), (-0.054344695, -0.8291398, 0.55639356), (-0.054344695, -0.8291398, 0.55639356), (-0.054344695, -0.8291398, 0.55639356), (0.054344695, -0.8291398, 0.55639356), (0.054344695, -0.8291398, 0.55639356), (0.054344695, -0.8291398, 0.55639356), (0.054344695, -0.8291398, 0.55639356), (0.16210423, -0.814953, 0.55639356), (0.16210423, -0.814953, 0.55639356), (0.16210423, -0.814953, 0.55639356), (0.16210423, -0.814953, 0.55639356), (0.26709014, -0.78682214, 0.55639356), (0.26709014, -0.78682214, 0.55639356), (0.26709014, -0.78682214, 0.55639356), (0.26709014, -0.78682214, 0.55639356), (0.36750603, -0.7452285, 0.55639356), (0.36750603, -0.7452285, 0.55639356), (0.36750603, -0.7452285, 0.55639356), (0.36750603, -0.7452285, 0.55639356), (0.4616338, -0.6908838, 0.55639356), (0.4616338, -0.6908838, 0.55639356), (0.4616338, -0.6908838, 0.55639356), (0.4616338, -0.6908838, 0.55639356), (0.5478629, -0.6247179, 0.55639356), (0.5478629, -0.6247179, 0.55639356), (0.5478629, -0.6247179, 0.55639356), (0.5478629, -0.6247179, 0.55639356), (0.6247179, -0.5478629, 0.55639356), (0.6247179, -0.5478629, 0.55639356), (0.6247179, -0.5478629, 0.55639356), (0.6247179, -0.5478629, 0.55639356), (0.6908838, -0.4616338, 0.55639356), (0.6908838, -0.4616338, 0.55639356), (0.6908838, -0.4616338, 0.55639356), (0.6908838, -0.4616338, 0.55639356), (0.7452285, -0.36750603, 0.55639356), (0.7452285, -0.36750603, 0.55639356), (0.7452285, -0.36750603, 0.55639356), (0.7452285, -0.36750603, 0.55639356), (0.78682214, -0.26709014, 0.55639356), (0.78682214, -0.26709014, 0.55639356), (0.78682214, -0.26709014, 0.55639356), (0.78682214, -0.26709014, 0.55639356), (0.814953, -0.16210423, 0.55639356), (0.814953, -0.16210423, 0.55639356), (0.814953, -0.16210423, 0.55639356), (0.814953, -0.16210423, 0.55639356), (0.8291398, -0.054344695, 0.55639356), (0.8291398, -0.054344695, 0.55639356), (0.8291398, -0.054344695, 0.55639356), (0.8291398, -0.054344695, 0.55639356), (0.89457667, 0.05863365, 0.44305158), (0.89457667, 0.05863365, 0.44305158), (0.89457667, 0.05863365, 0.44305158), (0.89457667, 0.05863365, 0.44305158), (0.8792702, 0.17489772, 0.44305158), (0.8792702, 0.17489772, 0.44305158), (0.8792702, 0.17489772, 0.44305158), (0.8792702, 0.17489772, 0.44305158), (0.8489192, 0.28816923, 0.44305158), (0.8489192, 0.28816923, 0.44305158), (0.8489192, 0.28816923, 0.44305158), (0.8489192, 0.28816923, 0.44305158), (0.80404294, 0.3965101, 0.44305158), (0.80404294, 0.3965101, 0.44305158), (0.80404294, 0.3965101, 0.44305158), (0.80404294, 0.3965101, 0.44305158), (0.7454093, 0.49806657, 0.44305158), (0.7454093, 0.49806657, 0.44305158), (0.7454093, 0.49806657, 0.44305158), (0.7454093, 0.49806657, 0.44305158), (0.6740215, 0.591101, 0.44305158), (0.6740215, 0.591101, 0.44305158), (0.6740215, 0.591101, 0.44305158), (0.6740215, 0.591101, 0.44305158), (0.591101, 0.6740215, 0.44305158), (0.591101, 0.6740215, 0.44305158), (0.591101, 0.6740215, 0.44305158), (0.591101, 0.6740215, 0.44305158), (0.49806657, 0.7454093, 0.44305158), (0.49806657, 0.7454093, 0.44305158), (0.49806657, 0.7454093, 0.44305158), (0.49806657, 0.7454093, 0.44305158), (0.3965101, 0.80404294, 0.44305158), (0.3965101, 0.80404294, 0.44305158), (0.3965101, 0.80404294, 0.44305158), (0.3965101, 0.80404294, 0.44305158), (0.28816923, 0.8489192, 0.44305158), (0.28816923, 0.8489192, 0.44305158), (0.28816923, 0.8489192, 0.44305158), (0.28816923, 0.8489192, 0.44305158), (0.17489772, 0.8792702, 0.44305158), (0.17489772, 0.8792702, 0.44305158), (0.17489772, 0.8792702, 0.44305158), (0.17489772, 0.8792702, 0.44305158), (0.05863365, 0.89457667, 0.44305158), (0.05863365, 0.89457667, 0.44305158), (0.05863365, 0.89457667, 0.44305158), (0.05863365, 0.89457667, 0.44305158), (-0.05863365, 0.89457667, 0.44305158), (-0.05863365, 0.89457667, 0.44305158), (-0.05863365, 0.89457667, 0.44305158), (-0.05863365, 0.89457667, 0.44305158), (-0.17489772, 0.8792702, 0.44305158), (-0.17489772, 0.8792702, 0.44305158), (-0.17489772, 0.8792702, 0.44305158), (-0.17489772, 0.8792702, 0.44305158), (-0.28816923, 0.8489192, 0.44305158), (-0.28816923, 0.8489192, 0.44305158), (-0.28816923, 0.8489192, 0.44305158), (-0.28816923, 0.8489192, 0.44305158), (-0.3965101, 0.80404294, 0.44305158), (-0.3965101, 0.80404294, 0.44305158), (-0.3965101, 0.80404294, 0.44305158), (-0.3965101, 0.80404294, 0.44305158), (-0.49806657, 0.7454093, 0.44305158), (-0.49806657, 0.7454093, 0.44305158), (-0.49806657, 0.7454093, 0.44305158), (-0.49806657, 0.7454093, 0.44305158), (-0.591101, 0.6740215, 0.44305158), (-0.591101, 0.6740215, 0.44305158), (-0.591101, 0.6740215, 0.44305158), (-0.591101, 0.6740215, 0.44305158), (-0.6740215, 0.591101, 0.44305158), (-0.6740215, 0.591101, 0.44305158), (-0.6740215, 0.591101, 0.44305158), (-0.6740215, 0.591101, 0.44305158), (-0.7454093, 0.49806657, 0.44305158), (-0.7454093, 0.49806657, 0.44305158), (-0.7454093, 0.49806657, 0.44305158), (-0.7454093, 0.49806657, 0.44305158), (-0.80404294, 0.3965101, 0.44305158), (-0.80404294, 0.3965101, 0.44305158), (-0.80404294, 0.3965101, 0.44305158), (-0.80404294, 0.3965101, 0.44305158), (-0.8489192, 0.28816923, 0.44305158), (-0.8489192, 0.28816923, 0.44305158), (-0.8489192, 0.28816923, 0.44305158), (-0.8489192, 0.28816923, 0.44305158), (-0.8792702, 0.17489772, 0.44305158), (-0.8792702, 0.17489772, 0.44305158), (-0.8792702, 0.17489772, 0.44305158), (-0.8792702, 0.17489772, 0.44305158), (-0.89457667, 0.05863365, 0.44305158), (-0.89457667, 0.05863365, 0.44305158), (-0.89457667, 0.05863365, 0.44305158), (-0.89457667, 0.05863365, 0.44305158), (-0.89457667, -0.05863365, 0.44305158), (-0.89457667, -0.05863365, 0.44305158), (-0.89457667, -0.05863365, 0.44305158), (-0.89457667, -0.05863365, 0.44305158), (-0.8792702, -0.17489772, 0.44305158), (-0.8792702, -0.17489772, 0.44305158), (-0.8792702, -0.17489772, 0.44305158), (-0.8792702, -0.17489772, 0.44305158), (-0.8489192, -0.28816923, 0.44305158), (-0.8489192, -0.28816923, 0.44305158), (-0.8489192, -0.28816923, 0.44305158), (-0.8489192, -0.28816923, 0.44305158), (-0.80404294, -0.3965101, 0.44305158), (-0.80404294, -0.3965101, 0.44305158), (-0.80404294, -0.3965101, 0.44305158), (-0.80404294, -0.3965101, 0.44305158), (-0.7454093, -0.49806657, 0.44305158), (-0.7454093, -0.49806657, 0.44305158), (-0.7454093, -0.49806657, 0.44305158), (-0.7454093, -0.49806657, 0.44305158), (-0.6740215, -0.591101, 0.44305158), (-0.6740215, -0.591101, 0.44305158), (-0.6740215, -0.591101, 0.44305158), (-0.6740215, -0.591101, 0.44305158), (-0.591101, -0.6740215, 0.44305158), (-0.591101, -0.6740215, 0.44305158), (-0.591101, -0.6740215, 0.44305158), (-0.591101, -0.6740215, 0.44305158), (-0.49806657, -0.7454093, 0.44305158), (-0.49806657, -0.7454093, 0.44305158), (-0.49806657, -0.7454093, 0.44305158), (-0.49806657, -0.7454093, 0.44305158), (-0.3965101, -0.80404294, 0.44305158), (-0.3965101, -0.80404294, 0.44305158), (-0.3965101, -0.80404294, 0.44305158), (-0.3965101, -0.80404294, 0.44305158), (-0.28816923, -0.8489192, 0.44305158), (-0.28816923, -0.8489192, 0.44305158), (-0.28816923, -0.8489192, 0.44305158), (-0.28816923, -0.8489192, 0.44305158), (-0.17489772, -0.8792702, 0.44305158), (-0.17489772, -0.8792702, 0.44305158), (-0.17489772, -0.8792702, 0.44305158), (-0.17489772, -0.8792702, 0.44305158), (-0.05863365, -0.89457667, 0.44305158), (-0.05863365, -0.89457667, 0.44305158), (-0.05863365, -0.89457667, 0.44305158), (-0.05863365, -0.89457667, 0.44305158), (0.05863365, -0.89457667, 0.44305158), (0.05863365, -0.89457667, 0.44305158), (0.05863365, -0.89457667, 0.44305158), (0.05863365, -0.89457667, 0.44305158), (0.17489772, -0.8792702, 0.44305158), (0.17489772, -0.8792702, 0.44305158), (0.17489772, -0.8792702, 0.44305158), (0.17489772, -0.8792702, 0.44305158), (0.28816923, -0.8489192, 0.44305158), (0.28816923, -0.8489192, 0.44305158), (0.28816923, -0.8489192, 0.44305158), (0.28816923, -0.8489192, 0.44305158), (0.3965101, -0.80404294, 0.44305158), (0.3965101, -0.80404294, 0.44305158), (0.3965101, -0.80404294, 0.44305158), (0.3965101, -0.80404294, 0.44305158), (0.49806657, -0.7454093, 0.44305158), (0.49806657, -0.7454093, 0.44305158), (0.49806657, -0.7454093, 0.44305158), (0.49806657, -0.7454093, 0.44305158), (0.591101, -0.6740215, 0.44305158), (0.591101, -0.6740215, 0.44305158), (0.591101, -0.6740215, 0.44305158), (0.591101, -0.6740215, 0.44305158), (0.6740215, -0.591101, 0.44305158), (0.6740215, -0.591101, 0.44305158), (0.6740215, -0.591101, 0.44305158), (0.6740215, -0.591101, 0.44305158), (0.7454093, -0.49806657, 0.44305158), (0.7454093, -0.49806657, 0.44305158), (0.7454093, -0.49806657, 0.44305158), (0.7454093, -0.49806657, 0.44305158), (0.80404294, -0.3965101, 0.44305158), (0.80404294, -0.3965101, 0.44305158), (0.80404294, -0.3965101, 0.44305158), (0.80404294, -0.3965101, 0.44305158), (0.8489192, -0.28816923, 0.44305158), (0.8489192, -0.28816923, 0.44305158), (0.8489192, -0.28816923, 0.44305158), (0.8489192, -0.28816923, 0.44305158), (0.8792702, -0.17489772, 0.44305158), (0.8792702, -0.17489772, 0.44305158), (0.8792702, -0.17489772, 0.44305158), (0.8792702, -0.17489772, 0.44305158), (0.89457667, -0.05863365, 0.44305158), (0.89457667, -0.05863365, 0.44305158), (0.89457667, -0.05863365, 0.44305158), (0.89457667, -0.05863365, 0.44305158), (0.944693, 0.061918452, 0.3220577), (0.944693, 0.061918452, 0.3220577), (0.944693, 0.061918452, 0.3220577), (0.944693, 0.061918452, 0.3220577), (0.9285291, 0.18469591, 0.3220577), (0.9285291, 0.18469591, 0.3220577), (0.9285291, 0.18469591, 0.3220577), (0.9285291, 0.18469591, 0.3220577), (0.89647776, 0.30431318, 0.3220577), (0.89647776, 0.30431318, 0.3220577), (0.89647776, 0.30431318, 0.3220577), (0.89647776, 0.30431318, 0.3220577), (0.8490874, 0.41872355, 0.3220577), (0.8490874, 0.41872355, 0.3220577), (0.8490874, 0.41872355, 0.3220577), (0.8490874, 0.41872355, 0.3220577), (0.7871689, 0.52596945, 0.3220577), (0.7871689, 0.52596945, 0.3220577), (0.7871689, 0.52596945, 0.3220577), (0.7871689, 0.52596945, 0.3220577), (0.7117818, 0.6242159, 0.3220577), (0.7117818, 0.6242159, 0.3220577), (0.7117818, 0.6242159, 0.3220577), (0.7117818, 0.6242159, 0.3220577), (0.6242159, 0.7117818, 0.3220577), (0.6242159, 0.7117818, 0.3220577), (0.6242159, 0.7117818, 0.3220577), (0.6242159, 0.7117818, 0.3220577), (0.52596945, 0.7871689, 0.3220577), (0.52596945, 0.7871689, 0.3220577), (0.52596945, 0.7871689, 0.3220577), (0.52596945, 0.7871689, 0.3220577), (0.41872355, 0.8490874, 0.3220577), (0.41872355, 0.8490874, 0.3220577), (0.41872355, 0.8490874, 0.3220577), (0.41872355, 0.8490874, 0.3220577), (0.30431318, 0.89647776, 0.3220577), (0.30431318, 0.89647776, 0.3220577), (0.30431318, 0.89647776, 0.3220577), (0.30431318, 0.89647776, 0.3220577), (0.18469591, 0.9285291, 0.3220577), (0.18469591, 0.9285291, 0.3220577), (0.18469591, 0.9285291, 0.3220577), (0.18469591, 0.9285291, 0.3220577), (0.061918452, 0.944693, 0.3220577), (0.061918452, 0.944693, 0.3220577), (0.061918452, 0.944693, 0.3220577), (0.061918452, 0.944693, 0.3220577), (-0.061918452, 0.944693, 0.3220577), (-0.061918452, 0.944693, 0.3220577), (-0.061918452, 0.944693, 0.3220577), (-0.061918452, 0.944693, 0.3220577), (-0.18469591, 0.9285291, 0.3220577), (-0.18469591, 0.9285291, 0.3220577), (-0.18469591, 0.9285291, 0.3220577), (-0.18469591, 0.9285291, 0.3220577), (-0.30431318, 0.89647776, 0.3220577), (-0.30431318, 0.89647776, 0.3220577), (-0.30431318, 0.89647776, 0.3220577), (-0.30431318, 0.89647776, 0.3220577), (-0.41872355, 0.8490874, 0.3220577), (-0.41872355, 0.8490874, 0.3220577), (-0.41872355, 0.8490874, 0.3220577), (-0.41872355, 0.8490874, 0.3220577), (-0.52596945, 0.7871689, 0.3220577), (-0.52596945, 0.7871689, 0.3220577), (-0.52596945, 0.7871689, 0.3220577), (-0.52596945, 0.7871689, 0.3220577), (-0.6242159, 0.7117818, 0.3220577), (-0.6242159, 0.7117818, 0.3220577), (-0.6242159, 0.7117818, 0.3220577), (-0.6242159, 0.7117818, 0.3220577), (-0.7117818, 0.6242159, 0.3220577), (-0.7117818, 0.6242159, 0.3220577), (-0.7117818, 0.6242159, 0.3220577), (-0.7117818, 0.6242159, 0.3220577), (-0.7871689, 0.52596945, 0.3220577), (-0.7871689, 0.52596945, 0.3220577), (-0.7871689, 0.52596945, 0.3220577), (-0.7871689, 0.52596945, 0.3220577), (-0.8490874, 0.41872355, 0.3220577), (-0.8490874, 0.41872355, 0.3220577), (-0.8490874, 0.41872355, 0.3220577), (-0.8490874, 0.41872355, 0.3220577), (-0.89647776, 0.30431318, 0.3220577), (-0.89647776, 0.30431318, 0.3220577), (-0.89647776, 0.30431318, 0.3220577), (-0.89647776, 0.30431318, 0.3220577), (-0.9285291, 0.18469591, 0.3220577), (-0.9285291, 0.18469591, 0.3220577), (-0.9285291, 0.18469591, 0.3220577), (-0.9285291, 0.18469591, 0.3220577), (-0.944693, 0.061918452, 0.3220577), (-0.944693, 0.061918452, 0.3220577), (-0.944693, 0.061918452, 0.3220577), (-0.944693, 0.061918452, 0.3220577), (-0.944693, -0.061918452, 0.3220577), (-0.944693, -0.061918452, 0.3220577), (-0.944693, -0.061918452, 0.3220577), (-0.944693, -0.061918452, 0.3220577), (-0.9285291, -0.18469591, 0.3220577), (-0.9285291, -0.18469591, 0.3220577), (-0.9285291, -0.18469591, 0.3220577), (-0.9285291, -0.18469591, 0.3220577), (-0.89647776, -0.30431318, 0.3220577), (-0.89647776, -0.30431318, 0.3220577), (-0.89647776, -0.30431318, 0.3220577), (-0.89647776, -0.30431318, 0.3220577), (-0.8490874, -0.41872355, 0.3220577), (-0.8490874, -0.41872355, 0.3220577), (-0.8490874, -0.41872355, 0.3220577), (-0.8490874, -0.41872355, 0.3220577), (-0.7871689, -0.52596945, 0.3220577), (-0.7871689, -0.52596945, 0.3220577), (-0.7871689, -0.52596945, 0.3220577), (-0.7871689, -0.52596945, 0.3220577), (-0.7117818, -0.6242159, 0.3220577), (-0.7117818, -0.6242159, 0.3220577), (-0.7117818, -0.6242159, 0.3220577), (-0.7117818, -0.6242159, 0.3220577), (-0.6242159, -0.7117818, 0.3220577), (-0.6242159, -0.7117818, 0.3220577), (-0.6242159, -0.7117818, 0.3220577), (-0.6242159, -0.7117818, 0.3220577), (-0.52596945, -0.7871689, 0.3220577), (-0.52596945, -0.7871689, 0.3220577), (-0.52596945, -0.7871689, 0.3220577), (-0.52596945, -0.7871689, 0.3220577), (-0.41872355, -0.8490874, 0.3220577), (-0.41872355, -0.8490874, 0.3220577), (-0.41872355, -0.8490874, 0.3220577), (-0.41872355, -0.8490874, 0.3220577), (-0.30431318, -0.89647776, 0.3220577), (-0.30431318, -0.89647776, 0.3220577), (-0.30431318, -0.89647776, 0.3220577), (-0.30431318, -0.89647776, 0.3220577), (-0.18469591, -0.9285291, 0.3220577), (-0.18469591, -0.9285291, 0.3220577), (-0.18469591, -0.9285291, 0.3220577), (-0.18469591, -0.9285291, 0.3220577), (-0.061918452, -0.944693, 0.3220577), (-0.061918452, -0.944693, 0.3220577), (-0.061918452, -0.944693, 0.3220577), (-0.061918452, -0.944693, 0.3220577), (0.061918452, -0.944693, 0.3220577), (0.061918452, -0.944693, 0.3220577), (0.061918452, -0.944693, 0.3220577), (0.061918452, -0.944693, 0.3220577), (0.18469591, -0.9285291, 0.3220577), (0.18469591, -0.9285291, 0.3220577), (0.18469591, -0.9285291, 0.3220577), (0.18469591, -0.9285291, 0.3220577), (0.30431318, -0.89647776, 0.3220577), (0.30431318, -0.89647776, 0.3220577), (0.30431318, -0.89647776, 0.3220577), (0.30431318, -0.89647776, 0.3220577), (0.41872355, -0.8490874, 0.3220577), (0.41872355, -0.8490874, 0.3220577), (0.41872355, -0.8490874, 0.3220577), (0.41872355, -0.8490874, 0.3220577), (0.52596945, -0.7871689, 0.3220577), (0.52596945, -0.7871689, 0.3220577), (0.52596945, -0.7871689, 0.3220577), (0.52596945, -0.7871689, 0.3220577), (0.6242159, -0.7117818, 0.3220577), (0.6242159, -0.7117818, 0.3220577), (0.6242159, -0.7117818, 0.3220577), (0.6242159, -0.7117818, 0.3220577), (0.7117818, -0.6242159, 0.3220577), (0.7117818, -0.6242159, 0.3220577), (0.7117818, -0.6242159, 0.3220577), (0.7117818, -0.6242159, 0.3220577), (0.7871689, -0.52596945, 0.3220577), (0.7871689, -0.52596945, 0.3220577), (0.7871689, -0.52596945, 0.3220577), (0.7871689, -0.52596945, 0.3220577), (0.8490874, -0.41872355, 0.3220577), (0.8490874, -0.41872355, 0.3220577), (0.8490874, -0.41872355, 0.3220577), (0.8490874, -0.41872355, 0.3220577), (0.89647776, -0.30431318, 0.3220577), (0.89647776, -0.30431318, 0.3220577), (0.89647776, -0.30431318, 0.3220577), (0.89647776, -0.30431318, 0.3220577), (0.9285291, -0.18469591, 0.3220577), (0.9285291, -0.18469591, 0.3220577), (0.9285291, -0.18469591, 0.3220577), (0.9285291, -0.18469591, 0.3220577), (0.944693, -0.061918452, 0.3220577), (0.944693, -0.061918452, 0.3220577), (0.944693, -0.061918452, 0.3220577), (0.944693, -0.061918452, 0.3220577), (0.97860533, 0.064141184, 0.19549294), (0.97860533, 0.064141184, 0.19549294), (0.97860533, 0.064141184, 0.19549294), (0.97860533, 0.064141184, 0.19549294), (0.96186113, 0.19132608, 0.19549294), (0.96186113, 0.19132608, 0.19549294), (0.96186113, 0.19132608, 0.19549294), (0.96186113, 0.19132608, 0.19549294), (0.9286592, 0.3152373, 0.19549294), (0.9286592, 0.3152373, 0.19549294), (0.9286592, 0.3152373, 0.19549294), (0.9286592, 0.3152373, 0.19549294), (0.8795677, 0.43375477, 0.19549294), (0.8795677, 0.43375477, 0.19549294), (0.8795677, 0.43375477, 0.19549294), (0.8795677, 0.43375477, 0.19549294), (0.81542647, 0.5448506, 0.19549294), (0.81542647, 0.5448506, 0.19549294), (0.81542647, 0.5448506, 0.19549294), (0.81542647, 0.5448506, 0.19549294), (0.7373331, 0.6466238, 0.19549294), (0.7373331, 0.6466238, 0.19549294), (0.7373331, 0.6466238, 0.19549294), (0.7373331, 0.6466238, 0.19549294), (0.6466238, 0.7373331, 0.19549294), (0.6466238, 0.7373331, 0.19549294), (0.6466238, 0.7373331, 0.19549294), (0.6466238, 0.7373331, 0.19549294), (0.5448506, 0.81542647, 0.19549294), (0.5448506, 0.81542647, 0.19549294), (0.5448506, 0.81542647, 0.19549294), (0.5448506, 0.81542647, 0.19549294), (0.43375477, 0.8795677, 0.19549294), (0.43375477, 0.8795677, 0.19549294), (0.43375477, 0.8795677, 0.19549294), (0.43375477, 0.8795677, 0.19549294), (0.3152373, 0.9286592, 0.19549294), (0.3152373, 0.9286592, 0.19549294), (0.3152373, 0.9286592, 0.19549294), (0.3152373, 0.9286592, 0.19549294), (0.19132608, 0.96186113, 0.19549294), (0.19132608, 0.96186113, 0.19549294), (0.19132608, 0.96186113, 0.19549294), (0.19132608, 0.96186113, 0.19549294), (0.064141184, 0.97860533, 0.19549294), (0.064141184, 0.97860533, 0.19549294), (0.064141184, 0.97860533, 0.19549294), (0.064141184, 0.97860533, 0.19549294), (-0.064141184, 0.97860533, 0.19549294), (-0.064141184, 0.97860533, 0.19549294), (-0.064141184, 0.97860533, 0.19549294), (-0.064141184, 0.97860533, 0.19549294), (-0.19132608, 0.96186113, 0.19549294), (-0.19132608, 0.96186113, 0.19549294), (-0.19132608, 0.96186113, 0.19549294), (-0.19132608, 0.96186113, 0.19549294), (-0.3152373, 0.9286592, 0.19549294), (-0.3152373, 0.9286592, 0.19549294), (-0.3152373, 0.9286592, 0.19549294), (-0.3152373, 0.9286592, 0.19549294), (-0.43375477, 0.8795677, 0.19549294), (-0.43375477, 0.8795677, 0.19549294), (-0.43375477, 0.8795677, 0.19549294), (-0.43375477, 0.8795677, 0.19549294), (-0.5448506, 0.81542647, 0.19549294), (-0.5448506, 0.81542647, 0.19549294), (-0.5448506, 0.81542647, 0.19549294), (-0.5448506, 0.81542647, 0.19549294), (-0.6466238, 0.7373331, 0.19549294), (-0.6466238, 0.7373331, 0.19549294), (-0.6466238, 0.7373331, 0.19549294), (-0.6466238, 0.7373331, 0.19549294), (-0.7373331, 0.6466238, 0.19549294), (-0.7373331, 0.6466238, 0.19549294), (-0.7373331, 0.6466238, 0.19549294), (-0.7373331, 0.6466238, 0.19549294), (-0.81542647, 0.5448506, 0.19549294), (-0.81542647, 0.5448506, 0.19549294), (-0.81542647, 0.5448506, 0.19549294), (-0.81542647, 0.5448506, 0.19549294), (-0.8795677, 0.43375477, 0.19549294), (-0.8795677, 0.43375477, 0.19549294), (-0.8795677, 0.43375477, 0.19549294), (-0.8795677, 0.43375477, 0.19549294), (-0.9286592, 0.3152373, 0.19549294), (-0.9286592, 0.3152373, 0.19549294), (-0.9286592, 0.3152373, 0.19549294), (-0.9286592, 0.3152373, 0.19549294), (-0.96186113, 0.19132608, 0.19549294), (-0.96186113, 0.19132608, 0.19549294), (-0.96186113, 0.19132608, 0.19549294), (-0.96186113, 0.19132608, 0.19549294), (-0.97860533, 0.064141184, 0.19549294), (-0.97860533, 0.064141184, 0.19549294), (-0.97860533, 0.064141184, 0.19549294), (-0.97860533, 0.064141184, 0.19549294), (-0.97860533, -0.064141184, 0.19549294), (-0.97860533, -0.064141184, 0.19549294), (-0.97860533, -0.064141184, 0.19549294), (-0.97860533, -0.064141184, 0.19549294), (-0.96186113, -0.19132608, 0.19549294), (-0.96186113, -0.19132608, 0.19549294), (-0.96186113, -0.19132608, 0.19549294), (-0.96186113, -0.19132608, 0.19549294), (-0.9286592, -0.3152373, 0.19549294), (-0.9286592, -0.3152373, 0.19549294), (-0.9286592, -0.3152373, 0.19549294), (-0.9286592, -0.3152373, 0.19549294), (-0.8795677, -0.43375477, 0.19549294), (-0.8795677, -0.43375477, 0.19549294), (-0.8795677, -0.43375477, 0.19549294), (-0.8795677, -0.43375477, 0.19549294), (-0.81542647, -0.5448506, 0.19549294), (-0.81542647, -0.5448506, 0.19549294), (-0.81542647, -0.5448506, 0.19549294), (-0.81542647, -0.5448506, 0.19549294), (-0.7373331, -0.6466238, 0.19549294), (-0.7373331, -0.6466238, 0.19549294), (-0.7373331, -0.6466238, 0.19549294), (-0.7373331, -0.6466238, 0.19549294), (-0.6466238, -0.7373331, 0.19549294), (-0.6466238, -0.7373331, 0.19549294), (-0.6466238, -0.7373331, 0.19549294), (-0.6466238, -0.7373331, 0.19549294), (-0.5448506, -0.81542647, 0.19549294), (-0.5448506, -0.81542647, 0.19549294), (-0.5448506, -0.81542647, 0.19549294), (-0.5448506, -0.81542647, 0.19549294), (-0.43375477, -0.8795677, 0.19549294), (-0.43375477, -0.8795677, 0.19549294), (-0.43375477, -0.8795677, 0.19549294), (-0.43375477, -0.8795677, 0.19549294), (-0.3152373, -0.9286592, 0.19549294), (-0.3152373, -0.9286592, 0.19549294), (-0.3152373, -0.9286592, 0.19549294), (-0.3152373, -0.9286592, 0.19549294), (-0.19132608, -0.96186113, 0.19549294), (-0.19132608, -0.96186113, 0.19549294), (-0.19132608, -0.96186113, 0.19549294), (-0.19132608, -0.96186113, 0.19549294), (-0.064141184, -0.97860533, 0.19549294), (-0.064141184, -0.97860533, 0.19549294), (-0.064141184, -0.97860533, 0.19549294), (-0.064141184, -0.97860533, 0.19549294), (0.064141184, -0.97860533, 0.19549294), (0.064141184, -0.97860533, 0.19549294), (0.064141184, -0.97860533, 0.19549294), (0.064141184, -0.97860533, 0.19549294), (0.19132608, -0.96186113, 0.19549294), (0.19132608, -0.96186113, 0.19549294), (0.19132608, -0.96186113, 0.19549294), (0.19132608, -0.96186113, 0.19549294), (0.3152373, -0.9286592, 0.19549294), (0.3152373, -0.9286592, 0.19549294), (0.3152373, -0.9286592, 0.19549294), (0.3152373, -0.9286592, 0.19549294), (0.43375477, -0.8795677, 0.19549294), (0.43375477, -0.8795677, 0.19549294), (0.43375477, -0.8795677, 0.19549294), (0.43375477, -0.8795677, 0.19549294), (0.5448506, -0.81542647, 0.19549294), (0.5448506, -0.81542647, 0.19549294), (0.5448506, -0.81542647, 0.19549294), (0.5448506, -0.81542647, 0.19549294), (0.6466238, -0.7373331, 0.19549294), (0.6466238, -0.7373331, 0.19549294), (0.6466238, -0.7373331, 0.19549294), (0.6466238, -0.7373331, 0.19549294), (0.7373331, -0.6466238, 0.19549294), (0.7373331, -0.6466238, 0.19549294), (0.7373331, -0.6466238, 0.19549294), (0.7373331, -0.6466238, 0.19549294), (0.81542647, -0.5448506, 0.19549294), (0.81542647, -0.5448506, 0.19549294), (0.81542647, -0.5448506, 0.19549294), (0.81542647, -0.5448506, 0.19549294), (0.8795677, -0.43375477, 0.19549294), (0.8795677, -0.43375477, 0.19549294), (0.8795677, -0.43375477, 0.19549294), (0.8795677, -0.43375477, 0.19549294), (0.9286592, -0.3152373, 0.19549294), (0.9286592, -0.3152373, 0.19549294), (0.9286592, -0.3152373, 0.19549294), (0.9286592, -0.3152373, 0.19549294), (0.96186113, -0.19132608, 0.19549294), (0.96186113, -0.19132608, 0.19549294), (0.96186113, -0.19132608, 0.19549294), (0.96186113, -0.19132608, 0.19549294), (0.97860533, -0.064141184, 0.19549294), (0.97860533, -0.064141184, 0.19549294), (0.97860533, -0.064141184, 0.19549294), (0.97860533, -0.064141184, 0.19549294), (0.9957133, 0.0652625, 0.06554286), (0.9957133, 0.0652625, 0.06554286), (0.9957133, 0.0652625, 0.06554286), (0.9957133, 0.0652625, 0.06554286), (0.9786764, 0.19467083, 0.06554286), (0.9786764, 0.19467083, 0.06554286), (0.9786764, 0.19467083, 0.06554286), (0.9786764, 0.19467083, 0.06554286), (0.944894, 0.3207483, 0.06554286), (0.944894, 0.3207483, 0.06554286), (0.944894, 0.3207483, 0.06554286), (0.944894, 0.3207483, 0.06554286), (0.89494425, 0.44133767, 0.06554286), (0.89494425, 0.44133767, 0.06554286), (0.89494425, 0.44133767, 0.06554286), (0.89494425, 0.44133767, 0.06554286), (0.82968175, 0.55437565, 0.06554286), (0.82968175, 0.55437565, 0.06554286), (0.82968175, 0.55437565, 0.06554286), (0.82968175, 0.55437565, 0.06554286), (0.75022316, 0.65792805, 0.06554286), (0.75022316, 0.65792805, 0.06554286), (0.75022316, 0.65792805, 0.06554286), (0.75022316, 0.65792805, 0.06554286), (0.65792805, 0.75022316, 0.06554286), (0.65792805, 0.75022316, 0.06554286), (0.65792805, 0.75022316, 0.06554286), (0.65792805, 0.75022316, 0.06554286), (0.55437565, 0.82968175, 0.06554286), (0.55437565, 0.82968175, 0.06554286), (0.55437565, 0.82968175, 0.06554286), (0.55437565, 0.82968175, 0.06554286), (0.44133767, 0.89494425, 0.06554286), (0.44133767, 0.89494425, 0.06554286), (0.44133767, 0.89494425, 0.06554286), (0.44133767, 0.89494425, 0.06554286), (0.3207483, 0.944894, 0.06554286), (0.3207483, 0.944894, 0.06554286), (0.3207483, 0.944894, 0.06554286), (0.3207483, 0.944894, 0.06554286), (0.19467083, 0.9786764, 0.06554286), (0.19467083, 0.9786764, 0.06554286), (0.19467083, 0.9786764, 0.06554286), (0.19467083, 0.9786764, 0.06554286), (0.0652625, 0.9957133, 0.06554286), (0.0652625, 0.9957133, 0.06554286), (0.0652625, 0.9957133, 0.06554286), (0.0652625, 0.9957133, 0.06554286), (-0.0652625, 0.9957133, 0.06554286), (-0.0652625, 0.9957133, 0.06554286), (-0.0652625, 0.9957133, 0.06554286), (-0.0652625, 0.9957133, 0.06554286), (-0.19467083, 0.9786764, 0.06554286), (-0.19467083, 0.9786764, 0.06554286), (-0.19467083, 0.9786764, 0.06554286), (-0.19467083, 0.9786764, 0.06554286), (-0.3207483, 0.944894, 0.06554286), (-0.3207483, 0.944894, 0.06554286), (-0.3207483, 0.944894, 0.06554286), (-0.3207483, 0.944894, 0.06554286), (-0.44133767, 0.89494425, 0.06554286), (-0.44133767, 0.89494425, 0.06554286), (-0.44133767, 0.89494425, 0.06554286), (-0.44133767, 0.89494425, 0.06554286), (-0.55437565, 0.82968175, 0.06554286), (-0.55437565, 0.82968175, 0.06554286), (-0.55437565, 0.82968175, 0.06554286), (-0.55437565, 0.82968175, 0.06554286), (-0.65792805, 0.75022316, 0.06554286), (-0.65792805, 0.75022316, 0.06554286), (-0.65792805, 0.75022316, 0.06554286), (-0.65792805, 0.75022316, 0.06554286), (-0.75022316, 0.65792805, 0.06554286), (-0.75022316, 0.65792805, 0.06554286), (-0.75022316, 0.65792805, 0.06554286), (-0.75022316, 0.65792805, 0.06554286), (-0.82968175, 0.55437565, 0.06554286), (-0.82968175, 0.55437565, 0.06554286), (-0.82968175, 0.55437565, 0.06554286), (-0.82968175, 0.55437565, 0.06554286), (-0.89494425, 0.44133767, 0.06554286), (-0.89494425, 0.44133767, 0.06554286), (-0.89494425, 0.44133767, 0.06554286), (-0.89494425, 0.44133767, 0.06554286), (-0.944894, 0.3207483, 0.06554286), (-0.944894, 0.3207483, 0.06554286), (-0.944894, 0.3207483, 0.06554286), (-0.944894, 0.3207483, 0.06554286), (-0.9786764, 0.19467083, 0.06554286), (-0.9786764, 0.19467083, 0.06554286), (-0.9786764, 0.19467083, 0.06554286), (-0.9786764, 0.19467083, 0.06554286), (-0.9957133, 0.0652625, 0.06554286), (-0.9957133, 0.0652625, 0.06554286), (-0.9957133, 0.0652625, 0.06554286), (-0.9957133, 0.0652625, 0.06554286), (-0.9957133, -0.0652625, 0.06554286), (-0.9957133, -0.0652625, 0.06554286), (-0.9957133, -0.0652625, 0.06554286), (-0.9957133, -0.0652625, 0.06554286), (-0.9786764, -0.19467083, 0.06554286), (-0.9786764, -0.19467083, 0.06554286), (-0.9786764, -0.19467083, 0.06554286), (-0.9786764, -0.19467083, 0.06554286), (-0.944894, -0.3207483, 0.06554286), (-0.944894, -0.3207483, 0.06554286), (-0.944894, -0.3207483, 0.06554286), (-0.944894, -0.3207483, 0.06554286), (-0.89494425, -0.44133767, 0.06554286), (-0.89494425, -0.44133767, 0.06554286), (-0.89494425, -0.44133767, 0.06554286), (-0.89494425, -0.44133767, 0.06554286), (-0.82968175, -0.55437565, 0.06554286), (-0.82968175, -0.55437565, 0.06554286), (-0.82968175, -0.55437565, 0.06554286), (-0.82968175, -0.55437565, 0.06554286), (-0.75022316, -0.65792805, 0.06554286), (-0.75022316, -0.65792805, 0.06554286), (-0.75022316, -0.65792805, 0.06554286), (-0.75022316, -0.65792805, 0.06554286), (-0.65792805, -0.75022316, 0.06554286), (-0.65792805, -0.75022316, 0.06554286), (-0.65792805, -0.75022316, 0.06554286), (-0.65792805, -0.75022316, 0.06554286), (-0.55437565, -0.82968175, 0.06554286), (-0.55437565, -0.82968175, 0.06554286), (-0.55437565, -0.82968175, 0.06554286), (-0.55437565, -0.82968175, 0.06554286), (-0.44133767, -0.89494425, 0.06554286), (-0.44133767, -0.89494425, 0.06554286), (-0.44133767, -0.89494425, 0.06554286), (-0.44133767, -0.89494425, 0.06554286), (-0.3207483, -0.944894, 0.06554286), (-0.3207483, -0.944894, 0.06554286), (-0.3207483, -0.944894, 0.06554286), (-0.3207483, -0.944894, 0.06554286), (-0.19467083, -0.9786764, 0.06554286), (-0.19467083, -0.9786764, 0.06554286), (-0.19467083, -0.9786764, 0.06554286), (-0.19467083, -0.9786764, 0.06554286), (-0.0652625, -0.9957133, 0.06554286), (-0.0652625, -0.9957133, 0.06554286), (-0.0652625, -0.9957133, 0.06554286), (-0.0652625, -0.9957133, 0.06554286), (0.0652625, -0.9957133, 0.06554286), (0.0652625, -0.9957133, 0.06554286), (0.0652625, -0.9957133, 0.06554286), (0.0652625, -0.9957133, 0.06554286), (0.19467083, -0.9786764, 0.06554286), (0.19467083, -0.9786764, 0.06554286), (0.19467083, -0.9786764, 0.06554286), (0.19467083, -0.9786764, 0.06554286), (0.3207483, -0.944894, 0.06554286), (0.3207483, -0.944894, 0.06554286), (0.3207483, -0.944894, 0.06554286), (0.3207483, -0.944894, 0.06554286), (0.44133767, -0.89494425, 0.06554286), (0.44133767, -0.89494425, 0.06554286), (0.44133767, -0.89494425, 0.06554286), (0.44133767, -0.89494425, 0.06554286), (0.55437565, -0.82968175, 0.06554286), (0.55437565, -0.82968175, 0.06554286), (0.55437565, -0.82968175, 0.06554286), (0.55437565, -0.82968175, 0.06554286), (0.65792805, -0.75022316, 0.06554286), (0.65792805, -0.75022316, 0.06554286), (0.65792805, -0.75022316, 0.06554286), (0.65792805, -0.75022316, 0.06554286), (0.75022316, -0.65792805, 0.06554286), (0.75022316, -0.65792805, 0.06554286), (0.75022316, -0.65792805, 0.06554286), (0.75022316, -0.65792805, 0.06554286), (0.82968175, -0.55437565, 0.06554286), (0.82968175, -0.55437565, 0.06554286), (0.82968175, -0.55437565, 0.06554286), (0.82968175, -0.55437565, 0.06554286), (0.89494425, -0.44133767, 0.06554286), (0.89494425, -0.44133767, 0.06554286), (0.89494425, -0.44133767, 0.06554286), (0.89494425, -0.44133767, 0.06554286), (0.944894, -0.3207483, 0.06554286), (0.944894, -0.3207483, 0.06554286), (0.944894, -0.3207483, 0.06554286), (0.944894, -0.3207483, 0.06554286), (0.9786764, -0.19467083, 0.06554286), (0.9786764, -0.19467083, 0.06554286), (0.9786764, -0.19467083, 0.06554286), (0.9786764, -0.19467083, 0.06554286), (0.9957133, -0.0652625, 0.06554286), (0.9957133, -0.0652625, 0.06554286), (0.9957133, -0.0652625, 0.06554286), (0.9957133, -0.0652625, 0.06554286), (0.9957133, 0.0652625, -0.06554286), (0.9957133, 0.0652625, -0.06554286), (0.9957133, 0.0652625, -0.06554286), (0.9957133, 0.0652625, -0.06554286), (0.9786764, 0.19467083, -0.06554286), (0.9786764, 0.19467083, -0.06554286), (0.9786764, 0.19467083, -0.06554286), (0.9786764, 0.19467083, -0.06554286), (0.944894, 0.3207483, -0.06554286), (0.944894, 0.3207483, -0.06554286), (0.944894, 0.3207483, -0.06554286), (0.944894, 0.3207483, -0.06554286), (0.89494425, 0.44133767, -0.06554286), (0.89494425, 0.44133767, -0.06554286), (0.89494425, 0.44133767, -0.06554286), (0.89494425, 0.44133767, -0.06554286), (0.82968175, 0.55437565, -0.06554286), (0.82968175, 0.55437565, -0.06554286), (0.82968175, 0.55437565, -0.06554286), (0.82968175, 0.55437565, -0.06554286), (0.75022316, 0.65792805, -0.06554286), (0.75022316, 0.65792805, -0.06554286), (0.75022316, 0.65792805, -0.06554286), (0.75022316, 0.65792805, -0.06554286), (0.65792805, 0.75022316, -0.06554286), (0.65792805, 0.75022316, -0.06554286), (0.65792805, 0.75022316, -0.06554286), (0.65792805, 0.75022316, -0.06554286), (0.55437565, 0.82968175, -0.06554286), (0.55437565, 0.82968175, -0.06554286), (0.55437565, 0.82968175, -0.06554286), (0.55437565, 0.82968175, -0.06554286), (0.44133767, 0.89494425, -0.06554286), (0.44133767, 0.89494425, -0.06554286), (0.44133767, 0.89494425, -0.06554286), (0.44133767, 0.89494425, -0.06554286), (0.3207483, 0.944894, -0.06554286), (0.3207483, 0.944894, -0.06554286), (0.3207483, 0.944894, -0.06554286), (0.3207483, 0.944894, -0.06554286), (0.19467083, 0.9786764, -0.06554286), (0.19467083, 0.9786764, -0.06554286), (0.19467083, 0.9786764, -0.06554286), (0.19467083, 0.9786764, -0.06554286), (0.0652625, 0.9957133, -0.06554286), (0.0652625, 0.9957133, -0.06554286), (0.0652625, 0.9957133, -0.06554286), (0.0652625, 0.9957133, -0.06554286), (-0.0652625, 0.9957133, -0.06554286), (-0.0652625, 0.9957133, -0.06554286), (-0.0652625, 0.9957133, -0.06554286), (-0.0652625, 0.9957133, -0.06554286), (-0.19467083, 0.9786764, -0.06554286), (-0.19467083, 0.9786764, -0.06554286), (-0.19467083, 0.9786764, -0.06554286), (-0.19467083, 0.9786764, -0.06554286), (-0.3207483, 0.944894, -0.06554286), (-0.3207483, 0.944894, -0.06554286), (-0.3207483, 0.944894, -0.06554286), (-0.3207483, 0.944894, -0.06554286), (-0.44133767, 0.89494425, -0.06554286), (-0.44133767, 0.89494425, -0.06554286), (-0.44133767, 0.89494425, -0.06554286), (-0.44133767, 0.89494425, -0.06554286), (-0.55437565, 0.82968175, -0.06554286), (-0.55437565, 0.82968175, -0.06554286), (-0.55437565, 0.82968175, -0.06554286), (-0.55437565, 0.82968175, -0.06554286), (-0.65792805, 0.75022316, -0.06554286), (-0.65792805, 0.75022316, -0.06554286), (-0.65792805, 0.75022316, -0.06554286), (-0.65792805, 0.75022316, -0.06554286), (-0.75022316, 0.65792805, -0.06554286), (-0.75022316, 0.65792805, -0.06554286), (-0.75022316, 0.65792805, -0.06554286), (-0.75022316, 0.65792805, -0.06554286), (-0.82968175, 0.55437565, -0.06554286), (-0.82968175, 0.55437565, -0.06554286), (-0.82968175, 0.55437565, -0.06554286), (-0.82968175, 0.55437565, -0.06554286), (-0.89494425, 0.44133767, -0.06554286), (-0.89494425, 0.44133767, -0.06554286), (-0.89494425, 0.44133767, -0.06554286), (-0.89494425, 0.44133767, -0.06554286), (-0.944894, 0.3207483, -0.06554286), (-0.944894, 0.3207483, -0.06554286), (-0.944894, 0.3207483, -0.06554286), (-0.944894, 0.3207483, -0.06554286), (-0.9786764, 0.19467083, -0.06554286), (-0.9786764, 0.19467083, -0.06554286), (-0.9786764, 0.19467083, -0.06554286), (-0.9786764, 0.19467083, -0.06554286), (-0.9957133, 0.0652625, -0.06554286), (-0.9957133, 0.0652625, -0.06554286), (-0.9957133, 0.0652625, -0.06554286), (-0.9957133, 0.0652625, -0.06554286), (-0.9957133, -0.0652625, -0.06554286), (-0.9957133, -0.0652625, -0.06554286), (-0.9957133, -0.0652625, -0.06554286), (-0.9957133, -0.0652625, -0.06554286), (-0.9786764, -0.19467083, -0.06554286), (-0.9786764, -0.19467083, -0.06554286), (-0.9786764, -0.19467083, -0.06554286), (-0.9786764, -0.19467083, -0.06554286), (-0.944894, -0.3207483, -0.06554286), (-0.944894, -0.3207483, -0.06554286), (-0.944894, -0.3207483, -0.06554286), (-0.944894, -0.3207483, -0.06554286), (-0.89494425, -0.44133767, -0.06554286), (-0.89494425, -0.44133767, -0.06554286), (-0.89494425, -0.44133767, -0.06554286), (-0.89494425, -0.44133767, -0.06554286), (-0.82968175, -0.55437565, -0.06554286), (-0.82968175, -0.55437565, -0.06554286), (-0.82968175, -0.55437565, -0.06554286), (-0.82968175, -0.55437565, -0.06554286), (-0.75022316, -0.65792805, -0.06554286), (-0.75022316, -0.65792805, -0.06554286), (-0.75022316, -0.65792805, -0.06554286), (-0.75022316, -0.65792805, -0.06554286), (-0.65792805, -0.75022316, -0.06554286), (-0.65792805, -0.75022316, -0.06554286), (-0.65792805, -0.75022316, -0.06554286), (-0.65792805, -0.75022316, -0.06554286), (-0.55437565, -0.82968175, -0.06554286), (-0.55437565, -0.82968175, -0.06554286), (-0.55437565, -0.82968175, -0.06554286), (-0.55437565, -0.82968175, -0.06554286), (-0.44133767, -0.89494425, -0.06554286), (-0.44133767, -0.89494425, -0.06554286), (-0.44133767, -0.89494425, -0.06554286), (-0.44133767, -0.89494425, -0.06554286), (-0.3207483, -0.944894, -0.06554286), (-0.3207483, -0.944894, -0.06554286), (-0.3207483, -0.944894, -0.06554286), (-0.3207483, -0.944894, -0.06554286), (-0.19467083, -0.9786764, -0.06554286), (-0.19467083, -0.9786764, -0.06554286), (-0.19467083, -0.9786764, -0.06554286), (-0.19467083, -0.9786764, -0.06554286), (-0.0652625, -0.9957133, -0.06554286), (-0.0652625, -0.9957133, -0.06554286), (-0.0652625, -0.9957133, -0.06554286), (-0.0652625, -0.9957133, -0.06554286), (0.0652625, -0.9957133, -0.06554286), (0.0652625, -0.9957133, -0.06554286), (0.0652625, -0.9957133, -0.06554286), (0.0652625, -0.9957133, -0.06554286), (0.19467083, -0.9786764, -0.06554286), (0.19467083, -0.9786764, -0.06554286), (0.19467083, -0.9786764, -0.06554286), (0.19467083, -0.9786764, -0.06554286), (0.3207483, -0.944894, -0.06554286), (0.3207483, -0.944894, -0.06554286), (0.3207483, -0.944894, -0.06554286), (0.3207483, -0.944894, -0.06554286), (0.44133767, -0.89494425, -0.06554286), (0.44133767, -0.89494425, -0.06554286), (0.44133767, -0.89494425, -0.06554286), (0.44133767, -0.89494425, -0.06554286), (0.55437565, -0.82968175, -0.06554286), (0.55437565, -0.82968175, -0.06554286), (0.55437565, -0.82968175, -0.06554286), (0.55437565, -0.82968175, -0.06554286), (0.65792805, -0.75022316, -0.06554286), (0.65792805, -0.75022316, -0.06554286), (0.65792805, -0.75022316, -0.06554286), (0.65792805, -0.75022316, -0.06554286), (0.75022316, -0.65792805, -0.06554286), (0.75022316, -0.65792805, -0.06554286), (0.75022316, -0.65792805, -0.06554286), (0.75022316, -0.65792805, -0.06554286), (0.82968175, -0.55437565, -0.06554286), (0.82968175, -0.55437565, -0.06554286), (0.82968175, -0.55437565, -0.06554286), (0.82968175, -0.55437565, -0.06554286), (0.89494425, -0.44133767, -0.06554286), (0.89494425, -0.44133767, -0.06554286), (0.89494425, -0.44133767, -0.06554286), (0.89494425, -0.44133767, -0.06554286), (0.944894, -0.3207483, -0.06554286), (0.944894, -0.3207483, -0.06554286), (0.944894, -0.3207483, -0.06554286), (0.944894, -0.3207483, -0.06554286), (0.9786764, -0.19467083, -0.06554286), (0.9786764, -0.19467083, -0.06554286), (0.9786764, -0.19467083, -0.06554286), (0.9786764, -0.19467083, -0.06554286), (0.9957133, -0.0652625, -0.06554286), (0.9957133, -0.0652625, -0.06554286), (0.9957133, -0.0652625, -0.06554286), (0.9957133, -0.0652625, -0.06554286), (0.97860533, 0.064141184, -0.19549294), (0.97860533, 0.064141184, -0.19549294), (0.97860533, 0.064141184, -0.19549294), (0.97860533, 0.064141184, -0.19549294), (0.96186113, 0.19132608, -0.19549294), (0.96186113, 0.19132608, -0.19549294), (0.96186113, 0.19132608, -0.19549294), (0.96186113, 0.19132608, -0.19549294), (0.9286592, 0.3152373, -0.19549294), (0.9286592, 0.3152373, -0.19549294), (0.9286592, 0.3152373, -0.19549294), (0.9286592, 0.3152373, -0.19549294), (0.8795677, 0.43375477, -0.19549294), (0.8795677, 0.43375477, -0.19549294), (0.8795677, 0.43375477, -0.19549294), (0.8795677, 0.43375477, -0.19549294), (0.81542647, 0.5448506, -0.19549294), (0.81542647, 0.5448506, -0.19549294), (0.81542647, 0.5448506, -0.19549294), (0.81542647, 0.5448506, -0.19549294), (0.7373331, 0.6466238, -0.19549294), (0.7373331, 0.6466238, -0.19549294), (0.7373331, 0.6466238, -0.19549294), (0.7373331, 0.6466238, -0.19549294), (0.6466238, 0.7373331, -0.19549294), (0.6466238, 0.7373331, -0.19549294), (0.6466238, 0.7373331, -0.19549294), (0.6466238, 0.7373331, -0.19549294), (0.5448506, 0.81542647, -0.19549294), (0.5448506, 0.81542647, -0.19549294), (0.5448506, 0.81542647, -0.19549294), (0.5448506, 0.81542647, -0.19549294), (0.43375477, 0.8795677, -0.19549294), (0.43375477, 0.8795677, -0.19549294), (0.43375477, 0.8795677, -0.19549294), (0.43375477, 0.8795677, -0.19549294), (0.3152373, 0.9286592, -0.19549294), (0.3152373, 0.9286592, -0.19549294), (0.3152373, 0.9286592, -0.19549294), (0.3152373, 0.9286592, -0.19549294), (0.19132608, 0.96186113, -0.19549294), (0.19132608, 0.96186113, -0.19549294), (0.19132608, 0.96186113, -0.19549294), (0.19132608, 0.96186113, -0.19549294), (0.064141184, 0.97860533, -0.19549294), (0.064141184, 0.97860533, -0.19549294), (0.064141184, 0.97860533, -0.19549294), (0.064141184, 0.97860533, -0.19549294), (-0.064141184, 0.97860533, -0.19549294), (-0.064141184, 0.97860533, -0.19549294), (-0.064141184, 0.97860533, -0.19549294), (-0.064141184, 0.97860533, -0.19549294), (-0.19132608, 0.96186113, -0.19549294), (-0.19132608, 0.96186113, -0.19549294), (-0.19132608, 0.96186113, -0.19549294), (-0.19132608, 0.96186113, -0.19549294), (-0.3152373, 0.9286592, -0.19549294), (-0.3152373, 0.9286592, -0.19549294), (-0.3152373, 0.9286592, -0.19549294), (-0.3152373, 0.9286592, -0.19549294), (-0.43375477, 0.8795677, -0.19549294), (-0.43375477, 0.8795677, -0.19549294), (-0.43375477, 0.8795677, -0.19549294), (-0.43375477, 0.8795677, -0.19549294), (-0.5448506, 0.81542647, -0.19549294), (-0.5448506, 0.81542647, -0.19549294), (-0.5448506, 0.81542647, -0.19549294), (-0.5448506, 0.81542647, -0.19549294), (-0.6466238, 0.7373331, -0.19549294), (-0.6466238, 0.7373331, -0.19549294), (-0.6466238, 0.7373331, -0.19549294), (-0.6466238, 0.7373331, -0.19549294), (-0.7373331, 0.6466238, -0.19549294), (-0.7373331, 0.6466238, -0.19549294), (-0.7373331, 0.6466238, -0.19549294), (-0.7373331, 0.6466238, -0.19549294), (-0.81542647, 0.5448506, -0.19549294), (-0.81542647, 0.5448506, -0.19549294), (-0.81542647, 0.5448506, -0.19549294), (-0.81542647, 0.5448506, -0.19549294), (-0.8795677, 0.43375477, -0.19549294), (-0.8795677, 0.43375477, -0.19549294), (-0.8795677, 0.43375477, -0.19549294), (-0.8795677, 0.43375477, -0.19549294), (-0.9286592, 0.3152373, -0.19549294), (-0.9286592, 0.3152373, -0.19549294), (-0.9286592, 0.3152373, -0.19549294), (-0.9286592, 0.3152373, -0.19549294), (-0.96186113, 0.19132608, -0.19549294), (-0.96186113, 0.19132608, -0.19549294), (-0.96186113, 0.19132608, -0.19549294), (-0.96186113, 0.19132608, -0.19549294), (-0.97860533, 0.064141184, -0.19549294), (-0.97860533, 0.064141184, -0.19549294), (-0.97860533, 0.064141184, -0.19549294), (-0.97860533, 0.064141184, -0.19549294), (-0.97860533, -0.064141184, -0.19549294), (-0.97860533, -0.064141184, -0.19549294), (-0.97860533, -0.064141184, -0.19549294), (-0.97860533, -0.064141184, -0.19549294), (-0.96186113, -0.19132608, -0.19549294), (-0.96186113, -0.19132608, -0.19549294), (-0.96186113, -0.19132608, -0.19549294), (-0.96186113, -0.19132608, -0.19549294), (-0.9286592, -0.3152373, -0.19549294), (-0.9286592, -0.3152373, -0.19549294), (-0.9286592, -0.3152373, -0.19549294), (-0.9286592, -0.3152373, -0.19549294), (-0.8795677, -0.43375477, -0.19549294), (-0.8795677, -0.43375477, -0.19549294), (-0.8795677, -0.43375477, -0.19549294), (-0.8795677, -0.43375477, -0.19549294), (-0.81542647, -0.5448506, -0.19549294), (-0.81542647, -0.5448506, -0.19549294), (-0.81542647, -0.5448506, -0.19549294), (-0.81542647, -0.5448506, -0.19549294), (-0.7373331, -0.6466238, -0.19549294), (-0.7373331, -0.6466238, -0.19549294), (-0.7373331, -0.6466238, -0.19549294), (-0.7373331, -0.6466238, -0.19549294), (-0.6466238, -0.7373331, -0.19549294), (-0.6466238, -0.7373331, -0.19549294), (-0.6466238, -0.7373331, -0.19549294), (-0.6466238, -0.7373331, -0.19549294), (-0.5448506, -0.81542647, -0.19549294), (-0.5448506, -0.81542647, -0.19549294), (-0.5448506, -0.81542647, -0.19549294), (-0.5448506, -0.81542647, -0.19549294), (-0.43375477, -0.8795677, -0.19549294), (-0.43375477, -0.8795677, -0.19549294), (-0.43375477, -0.8795677, -0.19549294), (-0.43375477, -0.8795677, -0.19549294), (-0.3152373, -0.9286592, -0.19549294), (-0.3152373, -0.9286592, -0.19549294), (-0.3152373, -0.9286592, -0.19549294), (-0.3152373, -0.9286592, -0.19549294), (-0.19132608, -0.96186113, -0.19549294), (-0.19132608, -0.96186113, -0.19549294), (-0.19132608, -0.96186113, -0.19549294), (-0.19132608, -0.96186113, -0.19549294), (-0.064141184, -0.97860533, -0.19549294), (-0.064141184, -0.97860533, -0.19549294), (-0.064141184, -0.97860533, -0.19549294), (-0.064141184, -0.97860533, -0.19549294), (0.064141184, -0.97860533, -0.19549294), (0.064141184, -0.97860533, -0.19549294), (0.064141184, -0.97860533, -0.19549294), (0.064141184, -0.97860533, -0.19549294), (0.19132608, -0.96186113, -0.19549294), (0.19132608, -0.96186113, -0.19549294), (0.19132608, -0.96186113, -0.19549294), (0.19132608, -0.96186113, -0.19549294), (0.3152373, -0.9286592, -0.19549294), (0.3152373, -0.9286592, -0.19549294), (0.3152373, -0.9286592, -0.19549294), (0.3152373, -0.9286592, -0.19549294), (0.43375477, -0.8795677, -0.19549294), (0.43375477, -0.8795677, -0.19549294), (0.43375477, -0.8795677, -0.19549294), (0.43375477, -0.8795677, -0.19549294), (0.5448506, -0.81542647, -0.19549294), (0.5448506, -0.81542647, -0.19549294), (0.5448506, -0.81542647, -0.19549294), (0.5448506, -0.81542647, -0.19549294), (0.6466238, -0.7373331, -0.19549294), (0.6466238, -0.7373331, -0.19549294), (0.6466238, -0.7373331, -0.19549294), (0.6466238, -0.7373331, -0.19549294), (0.7373331, -0.6466238, -0.19549294), (0.7373331, -0.6466238, -0.19549294), (0.7373331, -0.6466238, -0.19549294), (0.7373331, -0.6466238, -0.19549294), (0.81542647, -0.5448506, -0.19549294), (0.81542647, -0.5448506, -0.19549294), (0.81542647, -0.5448506, -0.19549294), (0.81542647, -0.5448506, -0.19549294), (0.8795677, -0.43375477, -0.19549294), (0.8795677, -0.43375477, -0.19549294), (0.8795677, -0.43375477, -0.19549294), (0.8795677, -0.43375477, -0.19549294), (0.9286592, -0.3152373, -0.19549294), (0.9286592, -0.3152373, -0.19549294), (0.9286592, -0.3152373, -0.19549294), (0.9286592, -0.3152373, -0.19549294), (0.96186113, -0.19132608, -0.19549294), (0.96186113, -0.19132608, -0.19549294), (0.96186113, -0.19132608, -0.19549294), (0.96186113, -0.19132608, -0.19549294), (0.97860533, -0.064141184, -0.19549294), (0.97860533, -0.064141184, -0.19549294), (0.97860533, -0.064141184, -0.19549294), (0.97860533, -0.064141184, -0.19549294), (0.944693, 0.061918452, -0.3220577), (0.944693, 0.061918452, -0.3220577), (0.944693, 0.061918452, -0.3220577), (0.944693, 0.061918452, -0.3220577), (0.9285291, 0.18469591, -0.3220577), (0.9285291, 0.18469591, -0.3220577), (0.9285291, 0.18469591, -0.3220577), (0.9285291, 0.18469591, -0.3220577), (0.89647776, 0.30431318, -0.3220577), (0.89647776, 0.30431318, -0.3220577), (0.89647776, 0.30431318, -0.3220577), (0.89647776, 0.30431318, -0.3220577), (0.8490874, 0.41872355, -0.3220577), (0.8490874, 0.41872355, -0.3220577), (0.8490874, 0.41872355, -0.3220577), (0.8490874, 0.41872355, -0.3220577), (0.7871689, 0.52596945, -0.3220577), (0.7871689, 0.52596945, -0.3220577), (0.7871689, 0.52596945, -0.3220577), (0.7871689, 0.52596945, -0.3220577), (0.7117818, 0.6242159, -0.3220577), (0.7117818, 0.6242159, -0.3220577), (0.7117818, 0.6242159, -0.3220577), (0.7117818, 0.6242159, -0.3220577), (0.6242159, 0.7117818, -0.3220577), (0.6242159, 0.7117818, -0.3220577), (0.6242159, 0.7117818, -0.3220577), (0.6242159, 0.7117818, -0.3220577), (0.52596945, 0.7871689, -0.3220577), (0.52596945, 0.7871689, -0.3220577), (0.52596945, 0.7871689, -0.3220577), (0.52596945, 0.7871689, -0.3220577), (0.41872355, 0.8490874, -0.3220577), (0.41872355, 0.8490874, -0.3220577), (0.41872355, 0.8490874, -0.3220577), (0.41872355, 0.8490874, -0.3220577), (0.30431318, 0.89647776, -0.3220577), (0.30431318, 0.89647776, -0.3220577), (0.30431318, 0.89647776, -0.3220577), (0.30431318, 0.89647776, -0.3220577), (0.18469591, 0.9285291, -0.3220577), (0.18469591, 0.9285291, -0.3220577), (0.18469591, 0.9285291, -0.3220577), (0.18469591, 0.9285291, -0.3220577), (0.061918452, 0.944693, -0.3220577), (0.061918452, 0.944693, -0.3220577), (0.061918452, 0.944693, -0.3220577), (0.061918452, 0.944693, -0.3220577), (-0.061918452, 0.944693, -0.3220577), (-0.061918452, 0.944693, -0.3220577), (-0.061918452, 0.944693, -0.3220577), (-0.061918452, 0.944693, -0.3220577), (-0.18469591, 0.9285291, -0.3220577), (-0.18469591, 0.9285291, -0.3220577), (-0.18469591, 0.9285291, -0.3220577), (-0.18469591, 0.9285291, -0.3220577), (-0.30431318, 0.89647776, -0.3220577), (-0.30431318, 0.89647776, -0.3220577), (-0.30431318, 0.89647776, -0.3220577), (-0.30431318, 0.89647776, -0.3220577), (-0.41872355, 0.8490874, -0.3220577), (-0.41872355, 0.8490874, -0.3220577), (-0.41872355, 0.8490874, -0.3220577), (-0.41872355, 0.8490874, -0.3220577), (-0.52596945, 0.7871689, -0.3220577), (-0.52596945, 0.7871689, -0.3220577), (-0.52596945, 0.7871689, -0.3220577), (-0.52596945, 0.7871689, -0.3220577), (-0.6242159, 0.7117818, -0.3220577), (-0.6242159, 0.7117818, -0.3220577), (-0.6242159, 0.7117818, -0.3220577), (-0.6242159, 0.7117818, -0.3220577), (-0.7117818, 0.6242159, -0.3220577), (-0.7117818, 0.6242159, -0.3220577), (-0.7117818, 0.6242159, -0.3220577), (-0.7117818, 0.6242159, -0.3220577), (-0.7871689, 0.52596945, -0.3220577), (-0.7871689, 0.52596945, -0.3220577), (-0.7871689, 0.52596945, -0.3220577), (-0.7871689, 0.52596945, -0.3220577), (-0.8490874, 0.41872355, -0.3220577), (-0.8490874, 0.41872355, -0.3220577), (-0.8490874, 0.41872355, -0.3220577), (-0.8490874, 0.41872355, -0.3220577), (-0.89647776, 0.30431318, -0.3220577), (-0.89647776, 0.30431318, -0.3220577), (-0.89647776, 0.30431318, -0.3220577), (-0.89647776, 0.30431318, -0.3220577), (-0.9285291, 0.18469591, -0.3220577), (-0.9285291, 0.18469591, -0.3220577), (-0.9285291, 0.18469591, -0.3220577), (-0.9285291, 0.18469591, -0.3220577), (-0.944693, 0.061918452, -0.3220577), (-0.944693, 0.061918452, -0.3220577), (-0.944693, 0.061918452, -0.3220577), (-0.944693, 0.061918452, -0.3220577), (-0.944693, -0.061918452, -0.3220577), (-0.944693, -0.061918452, -0.3220577), (-0.944693, -0.061918452, -0.3220577), (-0.944693, -0.061918452, -0.3220577), (-0.9285291, -0.18469591, -0.3220577), (-0.9285291, -0.18469591, -0.3220577), (-0.9285291, -0.18469591, -0.3220577), (-0.9285291, -0.18469591, -0.3220577), (-0.89647776, -0.30431318, -0.3220577), (-0.89647776, -0.30431318, -0.3220577), (-0.89647776, -0.30431318, -0.3220577), (-0.89647776, -0.30431318, -0.3220577), (-0.8490874, -0.41872355, -0.3220577), (-0.8490874, -0.41872355, -0.3220577), (-0.8490874, -0.41872355, -0.3220577), (-0.8490874, -0.41872355, -0.3220577), (-0.7871689, -0.52596945, -0.3220577), (-0.7871689, -0.52596945, -0.3220577), (-0.7871689, -0.52596945, -0.3220577), (-0.7871689, -0.52596945, -0.3220577), (-0.7117818, -0.6242159, -0.3220577), (-0.7117818, -0.6242159, -0.3220577), (-0.7117818, -0.6242159, -0.3220577), (-0.7117818, -0.6242159, -0.3220577), (-0.6242159, -0.7117818, -0.3220577), (-0.6242159, -0.7117818, -0.3220577), (-0.6242159, -0.7117818, -0.3220577), (-0.6242159, -0.7117818, -0.3220577), (-0.52596945, -0.7871689, -0.3220577), (-0.52596945, -0.7871689, -0.3220577), (-0.52596945, -0.7871689, -0.3220577), (-0.52596945, -0.7871689, -0.3220577), (-0.41872355, -0.8490874, -0.3220577), (-0.41872355, -0.8490874, -0.3220577), (-0.41872355, -0.8490874, -0.3220577), (-0.41872355, -0.8490874, -0.3220577), (-0.30431318, -0.89647776, -0.3220577), (-0.30431318, -0.89647776, -0.3220577), (-0.30431318, -0.89647776, -0.3220577), (-0.30431318, -0.89647776, -0.3220577), (-0.18469591, -0.9285291, -0.3220577), (-0.18469591, -0.9285291, -0.3220577), (-0.18469591, -0.9285291, -0.3220577), (-0.18469591, -0.9285291, -0.3220577), (-0.061918452, -0.944693, -0.3220577), (-0.061918452, -0.944693, -0.3220577), (-0.061918452, -0.944693, -0.3220577), (-0.061918452, -0.944693, -0.3220577), (0.061918452, -0.944693, -0.3220577), (0.061918452, -0.944693, -0.3220577), (0.061918452, -0.944693, -0.3220577), (0.061918452, -0.944693, -0.3220577), (0.18469591, -0.9285291, -0.3220577), (0.18469591, -0.9285291, -0.3220577), (0.18469591, -0.9285291, -0.3220577), (0.18469591, -0.9285291, -0.3220577), (0.30431318, -0.89647776, -0.3220577), (0.30431318, -0.89647776, -0.3220577), (0.30431318, -0.89647776, -0.3220577), (0.30431318, -0.89647776, -0.3220577), (0.41872355, -0.8490874, -0.3220577), (0.41872355, -0.8490874, -0.3220577), (0.41872355, -0.8490874, -0.3220577), (0.41872355, -0.8490874, -0.3220577), (0.52596945, -0.7871689, -0.3220577), (0.52596945, -0.7871689, -0.3220577), (0.52596945, -0.7871689, -0.3220577), (0.52596945, -0.7871689, -0.3220577), (0.6242159, -0.7117818, -0.3220577), (0.6242159, -0.7117818, -0.3220577), (0.6242159, -0.7117818, -0.3220577), (0.6242159, -0.7117818, -0.3220577), (0.7117818, -0.6242159, -0.3220577), (0.7117818, -0.6242159, -0.3220577), (0.7117818, -0.6242159, -0.3220577), (0.7117818, -0.6242159, -0.3220577), (0.7871689, -0.52596945, -0.3220577), (0.7871689, -0.52596945, -0.3220577), (0.7871689, -0.52596945, -0.3220577), (0.7871689, -0.52596945, -0.3220577), (0.8490874, -0.41872355, -0.3220577), (0.8490874, -0.41872355, -0.3220577), (0.8490874, -0.41872355, -0.3220577), (0.8490874, -0.41872355, -0.3220577), (0.89647776, -0.30431318, -0.3220577), (0.89647776, -0.30431318, -0.3220577), (0.89647776, -0.30431318, -0.3220577), (0.89647776, -0.30431318, -0.3220577), (0.9285291, -0.18469591, -0.3220577), (0.9285291, -0.18469591, -0.3220577), (0.9285291, -0.18469591, -0.3220577), (0.9285291, -0.18469591, -0.3220577), (0.944693, -0.061918452, -0.3220577), (0.944693, -0.061918452, -0.3220577), (0.944693, -0.061918452, -0.3220577), (0.944693, -0.061918452, -0.3220577), (0.89457667, 0.05863365, -0.44305158), (0.89457667, 0.05863365, -0.44305158), (0.89457667, 0.05863365, -0.44305158), (0.89457667, 0.05863365, -0.44305158), (0.8792702, 0.17489772, -0.44305158), (0.8792702, 0.17489772, -0.44305158), (0.8792702, 0.17489772, -0.44305158), (0.8792702, 0.17489772, -0.44305158), (0.8489192, 0.28816923, -0.44305158), (0.8489192, 0.28816923, -0.44305158), (0.8489192, 0.28816923, -0.44305158), (0.8489192, 0.28816923, -0.44305158), (0.80404294, 0.3965101, -0.44305158), (0.80404294, 0.3965101, -0.44305158), (0.80404294, 0.3965101, -0.44305158), (0.80404294, 0.3965101, -0.44305158), (0.7454093, 0.49806657, -0.44305158), (0.7454093, 0.49806657, -0.44305158), (0.7454093, 0.49806657, -0.44305158), (0.7454093, 0.49806657, -0.44305158), (0.6740215, 0.591101, -0.44305158), (0.6740215, 0.591101, -0.44305158), (0.6740215, 0.591101, -0.44305158), (0.6740215, 0.591101, -0.44305158), (0.591101, 0.6740215, -0.44305158), (0.591101, 0.6740215, -0.44305158), (0.591101, 0.6740215, -0.44305158), (0.591101, 0.6740215, -0.44305158), (0.49806657, 0.7454093, -0.44305158), (0.49806657, 0.7454093, -0.44305158), (0.49806657, 0.7454093, -0.44305158), (0.49806657, 0.7454093, -0.44305158), (0.3965101, 0.80404294, -0.44305158), (0.3965101, 0.80404294, -0.44305158), (0.3965101, 0.80404294, -0.44305158), (0.3965101, 0.80404294, -0.44305158), (0.28816923, 0.8489192, -0.44305158), (0.28816923, 0.8489192, -0.44305158), (0.28816923, 0.8489192, -0.44305158), (0.28816923, 0.8489192, -0.44305158), (0.17489772, 0.8792702, -0.44305158), (0.17489772, 0.8792702, -0.44305158), (0.17489772, 0.8792702, -0.44305158), (0.17489772, 0.8792702, -0.44305158), (0.05863365, 0.89457667, -0.44305158), (0.05863365, 0.89457667, -0.44305158), (0.05863365, 0.89457667, -0.44305158), (0.05863365, 0.89457667, -0.44305158), (-0.05863365, 0.89457667, -0.44305158), (-0.05863365, 0.89457667, -0.44305158), (-0.05863365, 0.89457667, -0.44305158), (-0.05863365, 0.89457667, -0.44305158), (-0.17489772, 0.8792702, -0.44305158), (-0.17489772, 0.8792702, -0.44305158), (-0.17489772, 0.8792702, -0.44305158), (-0.17489772, 0.8792702, -0.44305158), (-0.28816923, 0.8489192, -0.44305158), (-0.28816923, 0.8489192, -0.44305158), (-0.28816923, 0.8489192, -0.44305158), (-0.28816923, 0.8489192, -0.44305158), (-0.3965101, 0.80404294, -0.44305158), (-0.3965101, 0.80404294, -0.44305158), (-0.3965101, 0.80404294, -0.44305158), (-0.3965101, 0.80404294, -0.44305158), (-0.49806657, 0.7454093, -0.44305158), (-0.49806657, 0.7454093, -0.44305158), (-0.49806657, 0.7454093, -0.44305158), (-0.49806657, 0.7454093, -0.44305158), (-0.591101, 0.6740215, -0.44305158), (-0.591101, 0.6740215, -0.44305158), (-0.591101, 0.6740215, -0.44305158), (-0.591101, 0.6740215, -0.44305158), (-0.6740215, 0.591101, -0.44305158), (-0.6740215, 0.591101, -0.44305158), (-0.6740215, 0.591101, -0.44305158), (-0.6740215, 0.591101, -0.44305158), (-0.7454093, 0.49806657, -0.44305158), (-0.7454093, 0.49806657, -0.44305158), (-0.7454093, 0.49806657, -0.44305158), (-0.7454093, 0.49806657, -0.44305158), (-0.80404294, 0.3965101, -0.44305158), (-0.80404294, 0.3965101, -0.44305158), (-0.80404294, 0.3965101, -0.44305158), (-0.80404294, 0.3965101, -0.44305158), (-0.8489192, 0.28816923, -0.44305158), (-0.8489192, 0.28816923, -0.44305158), (-0.8489192, 0.28816923, -0.44305158), (-0.8489192, 0.28816923, -0.44305158), (-0.8792702, 0.17489772, -0.44305158), (-0.8792702, 0.17489772, -0.44305158), (-0.8792702, 0.17489772, -0.44305158), (-0.8792702, 0.17489772, -0.44305158), (-0.89457667, 0.05863365, -0.44305158), (-0.89457667, 0.05863365, -0.44305158), (-0.89457667, 0.05863365, -0.44305158), (-0.89457667, 0.05863365, -0.44305158), (-0.89457667, -0.05863365, -0.44305158), (-0.89457667, -0.05863365, -0.44305158), (-0.89457667, -0.05863365, -0.44305158), (-0.89457667, -0.05863365, -0.44305158), (-0.8792702, -0.17489772, -0.44305158), (-0.8792702, -0.17489772, -0.44305158), (-0.8792702, -0.17489772, -0.44305158), (-0.8792702, -0.17489772, -0.44305158), (-0.8489192, -0.28816923, -0.44305158), (-0.8489192, -0.28816923, -0.44305158), (-0.8489192, -0.28816923, -0.44305158), (-0.8489192, -0.28816923, -0.44305158), (-0.80404294, -0.3965101, -0.44305158), (-0.80404294, -0.3965101, -0.44305158), (-0.80404294, -0.3965101, -0.44305158), (-0.80404294, -0.3965101, -0.44305158), (-0.7454093, -0.49806657, -0.44305158), (-0.7454093, -0.49806657, -0.44305158), (-0.7454093, -0.49806657, -0.44305158), (-0.7454093, -0.49806657, -0.44305158), (-0.6740215, -0.591101, -0.44305158), (-0.6740215, -0.591101, -0.44305158), (-0.6740215, -0.591101, -0.44305158), (-0.6740215, -0.591101, -0.44305158), (-0.591101, -0.6740215, -0.44305158), (-0.591101, -0.6740215, -0.44305158), (-0.591101, -0.6740215, -0.44305158), (-0.591101, -0.6740215, -0.44305158), (-0.49806657, -0.7454093, -0.44305158), (-0.49806657, -0.7454093, -0.44305158), (-0.49806657, -0.7454093, -0.44305158), (-0.49806657, -0.7454093, -0.44305158), (-0.3965101, -0.80404294, -0.44305158), (-0.3965101, -0.80404294, -0.44305158), (-0.3965101, -0.80404294, -0.44305158), (-0.3965101, -0.80404294, -0.44305158), (-0.28816923, -0.8489192, -0.44305158), (-0.28816923, -0.8489192, -0.44305158), (-0.28816923, -0.8489192, -0.44305158), (-0.28816923, -0.8489192, -0.44305158), (-0.17489772, -0.8792702, -0.44305158), (-0.17489772, -0.8792702, -0.44305158), (-0.17489772, -0.8792702, -0.44305158), (-0.17489772, -0.8792702, -0.44305158), (-0.05863365, -0.89457667, -0.44305158), (-0.05863365, -0.89457667, -0.44305158), (-0.05863365, -0.89457667, -0.44305158), (-0.05863365, -0.89457667, -0.44305158), (0.05863365, -0.89457667, -0.44305158), (0.05863365, -0.89457667, -0.44305158), (0.05863365, -0.89457667, -0.44305158), (0.05863365, -0.89457667, -0.44305158), (0.17489772, -0.8792702, -0.44305158), (0.17489772, -0.8792702, -0.44305158), (0.17489772, -0.8792702, -0.44305158), (0.17489772, -0.8792702, -0.44305158), (0.28816923, -0.8489192, -0.44305158), (0.28816923, -0.8489192, -0.44305158), (0.28816923, -0.8489192, -0.44305158), (0.28816923, -0.8489192, -0.44305158), (0.3965101, -0.80404294, -0.44305158), (0.3965101, -0.80404294, -0.44305158), (0.3965101, -0.80404294, -0.44305158), (0.3965101, -0.80404294, -0.44305158), (0.49806657, -0.7454093, -0.44305158), (0.49806657, -0.7454093, -0.44305158), (0.49806657, -0.7454093, -0.44305158), (0.49806657, -0.7454093, -0.44305158), (0.591101, -0.6740215, -0.44305158), (0.591101, -0.6740215, -0.44305158), (0.591101, -0.6740215, -0.44305158), (0.591101, -0.6740215, -0.44305158), (0.6740215, -0.591101, -0.44305158), (0.6740215, -0.591101, -0.44305158), (0.6740215, -0.591101, -0.44305158), (0.6740215, -0.591101, -0.44305158), (0.7454093, -0.49806657, -0.44305158), (0.7454093, -0.49806657, -0.44305158), (0.7454093, -0.49806657, -0.44305158), (0.7454093, -0.49806657, -0.44305158), (0.80404294, -0.3965101, -0.44305158), (0.80404294, -0.3965101, -0.44305158), (0.80404294, -0.3965101, -0.44305158), (0.80404294, -0.3965101, -0.44305158), (0.8489192, -0.28816923, -0.44305158), (0.8489192, -0.28816923, -0.44305158), (0.8489192, -0.28816923, -0.44305158), (0.8489192, -0.28816923, -0.44305158), (0.8792702, -0.17489772, -0.44305158), (0.8792702, -0.17489772, -0.44305158), (0.8792702, -0.17489772, -0.44305158), (0.8792702, -0.17489772, -0.44305158), (0.89457667, -0.05863365, -0.44305158), (0.89457667, -0.05863365, -0.44305158), (0.89457667, -0.05863365, -0.44305158), (0.89457667, -0.05863365, -0.44305158), (0.8291398, 0.054344695, -0.55639356), (0.8291398, 0.054344695, -0.55639356), (0.8291398, 0.054344695, -0.55639356), (0.8291398, 0.054344695, -0.55639356), (0.814953, 0.16210423, -0.55639356), (0.814953, 0.16210423, -0.55639356), (0.814953, 0.16210423, -0.55639356), (0.814953, 0.16210423, -0.55639356), (0.78682214, 0.26709014, -0.55639356), (0.78682214, 0.26709014, -0.55639356), (0.78682214, 0.26709014, -0.55639356), (0.78682214, 0.26709014, -0.55639356), (0.7452285, 0.36750603, -0.55639356), (0.7452285, 0.36750603, -0.55639356), (0.7452285, 0.36750603, -0.55639356), (0.7452285, 0.36750603, -0.55639356), (0.6908838, 0.4616338, -0.55639356), (0.6908838, 0.4616338, -0.55639356), (0.6908838, 0.4616338, -0.55639356), (0.6908838, 0.4616338, -0.55639356), (0.6247179, 0.5478629, -0.55639356), (0.6247179, 0.5478629, -0.55639356), (0.6247179, 0.5478629, -0.55639356), (0.6247179, 0.5478629, -0.55639356), (0.5478629, 0.6247179, -0.55639356), (0.5478629, 0.6247179, -0.55639356), (0.5478629, 0.6247179, -0.55639356), (0.5478629, 0.6247179, -0.55639356), (0.4616338, 0.6908838, -0.55639356), (0.4616338, 0.6908838, -0.55639356), (0.4616338, 0.6908838, -0.55639356), (0.4616338, 0.6908838, -0.55639356), (0.36750603, 0.7452285, -0.55639356), (0.36750603, 0.7452285, -0.55639356), (0.36750603, 0.7452285, -0.55639356), (0.36750603, 0.7452285, -0.55639356), (0.26709014, 0.78682214, -0.55639356), (0.26709014, 0.78682214, -0.55639356), (0.26709014, 0.78682214, -0.55639356), (0.26709014, 0.78682214, -0.55639356), (0.16210423, 0.814953, -0.55639356), (0.16210423, 0.814953, -0.55639356), (0.16210423, 0.814953, -0.55639356), (0.16210423, 0.814953, -0.55639356), (0.054344695, 0.8291398, -0.55639356), (0.054344695, 0.8291398, -0.55639356), (0.054344695, 0.8291398, -0.55639356), (0.054344695, 0.8291398, -0.55639356), (-0.054344695, 0.8291398, -0.55639356), (-0.054344695, 0.8291398, -0.55639356), (-0.054344695, 0.8291398, -0.55639356), (-0.054344695, 0.8291398, -0.55639356), (-0.16210423, 0.814953, -0.55639356), (-0.16210423, 0.814953, -0.55639356), (-0.16210423, 0.814953, -0.55639356), (-0.16210423, 0.814953, -0.55639356), (-0.26709014, 0.78682214, -0.55639356), (-0.26709014, 0.78682214, -0.55639356), (-0.26709014, 0.78682214, -0.55639356), (-0.26709014, 0.78682214, -0.55639356), (-0.36750603, 0.7452285, -0.55639356), (-0.36750603, 0.7452285, -0.55639356), (-0.36750603, 0.7452285, -0.55639356), (-0.36750603, 0.7452285, -0.55639356), (-0.4616338, 0.6908838, -0.55639356), (-0.4616338, 0.6908838, -0.55639356), (-0.4616338, 0.6908838, -0.55639356), (-0.4616338, 0.6908838, -0.55639356), (-0.5478629, 0.6247179, -0.55639356), (-0.5478629, 0.6247179, -0.55639356), (-0.5478629, 0.6247179, -0.55639356), (-0.5478629, 0.6247179, -0.55639356), (-0.6247179, 0.5478629, -0.55639356), (-0.6247179, 0.5478629, -0.55639356), (-0.6247179, 0.5478629, -0.55639356), (-0.6247179, 0.5478629, -0.55639356), (-0.6908838, 0.4616338, -0.55639356), (-0.6908838, 0.4616338, -0.55639356), (-0.6908838, 0.4616338, -0.55639356), (-0.6908838, 0.4616338, -0.55639356), (-0.7452285, 0.36750603, -0.55639356), (-0.7452285, 0.36750603, -0.55639356), (-0.7452285, 0.36750603, -0.55639356), (-0.7452285, 0.36750603, -0.55639356), (-0.78682214, 0.26709014, -0.55639356), (-0.78682214, 0.26709014, -0.55639356), (-0.78682214, 0.26709014, -0.55639356), (-0.78682214, 0.26709014, -0.55639356), (-0.814953, 0.16210423, -0.55639356), (-0.814953, 0.16210423, -0.55639356), (-0.814953, 0.16210423, -0.55639356), (-0.814953, 0.16210423, -0.55639356), (-0.8291398, 0.054344695, -0.55639356), (-0.8291398, 0.054344695, -0.55639356), (-0.8291398, 0.054344695, -0.55639356), (-0.8291398, 0.054344695, -0.55639356), (-0.8291398, -0.054344695, -0.55639356), (-0.8291398, -0.054344695, -0.55639356), (-0.8291398, -0.054344695, -0.55639356), (-0.8291398, -0.054344695, -0.55639356), (-0.814953, -0.16210423, -0.55639356), (-0.814953, -0.16210423, -0.55639356), (-0.814953, -0.16210423, -0.55639356), (-0.814953, -0.16210423, -0.55639356), (-0.78682214, -0.26709014, -0.55639356), (-0.78682214, -0.26709014, -0.55639356), (-0.78682214, -0.26709014, -0.55639356), (-0.78682214, -0.26709014, -0.55639356), (-0.7452285, -0.36750603, -0.55639356), (-0.7452285, -0.36750603, -0.55639356), (-0.7452285, -0.36750603, -0.55639356), (-0.7452285, -0.36750603, -0.55639356), (-0.6908838, -0.4616338, -0.55639356), (-0.6908838, -0.4616338, -0.55639356), (-0.6908838, -0.4616338, -0.55639356), (-0.6908838, -0.4616338, -0.55639356), (-0.6247179, -0.5478629, -0.55639356), (-0.6247179, -0.5478629, -0.55639356), (-0.6247179, -0.5478629, -0.55639356), (-0.6247179, -0.5478629, -0.55639356), (-0.5478629, -0.6247179, -0.55639356), (-0.5478629, -0.6247179, -0.55639356), (-0.5478629, -0.6247179, -0.55639356), (-0.5478629, -0.6247179, -0.55639356), (-0.4616338, -0.6908838, -0.55639356), (-0.4616338, -0.6908838, -0.55639356), (-0.4616338, -0.6908838, -0.55639356), (-0.4616338, -0.6908838, -0.55639356), (-0.36750603, -0.7452285, -0.55639356), (-0.36750603, -0.7452285, -0.55639356), (-0.36750603, -0.7452285, -0.55639356), (-0.36750603, -0.7452285, -0.55639356), (-0.26709014, -0.78682214, -0.55639356), (-0.26709014, -0.78682214, -0.55639356), (-0.26709014, -0.78682214, -0.55639356), (-0.26709014, -0.78682214, -0.55639356), (-0.16210423, -0.814953, -0.55639356), (-0.16210423, -0.814953, -0.55639356), (-0.16210423, -0.814953, -0.55639356), (-0.16210423, -0.814953, -0.55639356), (-0.054344695, -0.8291398, -0.55639356), (-0.054344695, -0.8291398, -0.55639356), (-0.054344695, -0.8291398, -0.55639356), (-0.054344695, -0.8291398, -0.55639356), (0.054344695, -0.8291398, -0.55639356), (0.054344695, -0.8291398, -0.55639356), (0.054344695, -0.8291398, -0.55639356), (0.054344695, -0.8291398, -0.55639356), (0.16210423, -0.814953, -0.55639356), (0.16210423, -0.814953, -0.55639356), (0.16210423, -0.814953, -0.55639356), (0.16210423, -0.814953, -0.55639356), (0.26709014, -0.78682214, -0.55639356), (0.26709014, -0.78682214, -0.55639356), (0.26709014, -0.78682214, -0.55639356), (0.26709014, -0.78682214, -0.55639356), (0.36750603, -0.7452285, -0.55639356), (0.36750603, -0.7452285, -0.55639356), (0.36750603, -0.7452285, -0.55639356), (0.36750603, -0.7452285, -0.55639356), (0.4616338, -0.6908838, -0.55639356), (0.4616338, -0.6908838, -0.55639356), (0.4616338, -0.6908838, -0.55639356), (0.4616338, -0.6908838, -0.55639356), (0.5478629, -0.6247179, -0.55639356), (0.5478629, -0.6247179, -0.55639356), (0.5478629, -0.6247179, -0.55639356), (0.5478629, -0.6247179, -0.55639356), (0.6247179, -0.5478629, -0.55639356), (0.6247179, -0.5478629, -0.55639356), (0.6247179, -0.5478629, -0.55639356), (0.6247179, -0.5478629, -0.55639356), (0.6908838, -0.4616338, -0.55639356), (0.6908838, -0.4616338, -0.55639356), (0.6908838, -0.4616338, -0.55639356), (0.6908838, -0.4616338, -0.55639356), (0.7452285, -0.36750603, -0.55639356), (0.7452285, -0.36750603, -0.55639356), (0.7452285, -0.36750603, -0.55639356), (0.7452285, -0.36750603, -0.55639356), (0.78682214, -0.26709014, -0.55639356), (0.78682214, -0.26709014, -0.55639356), (0.78682214, -0.26709014, -0.55639356), (0.78682214, -0.26709014, -0.55639356), (0.814953, -0.16210423, -0.55639356), (0.814953, -0.16210423, -0.55639356), (0.814953, -0.16210423, -0.55639356), (0.814953, -0.16210423, -0.55639356), (0.8291398, -0.054344695, -0.55639356), (0.8291398, -0.054344695, -0.55639356), (0.8291398, -0.054344695, -0.55639356), (0.8291398, -0.054344695, -0.55639356), (0.7495305, 0.049126823, -0.6601444), (0.7495305, 0.049126823, -0.6601444), (0.7495305, 0.049126823, -0.6601444), (0.7495305, 0.049126823, -0.6601444), (0.7367058, 0.1465399, -0.6601444), (0.7367058, 0.1465399, -0.6601444), (0.7367058, 0.1465399, -0.6601444), (0.7367058, 0.1465399, -0.6601444), (0.7112759, 0.24144563, -0.6601444), (0.7112759, 0.24144563, -0.6601444), (0.7112759, 0.24144563, -0.6601444), (0.7112759, 0.24144563, -0.6601444), (0.67367584, 0.33222017, -0.6601444), (0.67367584, 0.33222017, -0.6601444), (0.67367584, 0.33222017, -0.6601444), (0.67367584, 0.33222017, -0.6601444), (0.62454903, 0.41731033, -0.6601444), (0.62454903, 0.41731033, -0.6601444), (0.62454903, 0.41731033, -0.6601444), (0.62454903, 0.41731033, -0.6601444), (0.564736, 0.49526018, -0.6601444), (0.564736, 0.49526018, -0.6601444), (0.564736, 0.49526018, -0.6601444), (0.564736, 0.49526018, -0.6601444), (0.49526018, 0.564736, -0.6601444), (0.49526018, 0.564736, -0.6601444), (0.49526018, 0.564736, -0.6601444), (0.49526018, 0.564736, -0.6601444), (0.41731033, 0.62454903, -0.6601444), (0.41731033, 0.62454903, -0.6601444), (0.41731033, 0.62454903, -0.6601444), (0.41731033, 0.62454903, -0.6601444), (0.33222017, 0.67367584, -0.6601444), (0.33222017, 0.67367584, -0.6601444), (0.33222017, 0.67367584, -0.6601444), (0.33222017, 0.67367584, -0.6601444), (0.24144563, 0.7112759, -0.6601444), (0.24144563, 0.7112759, -0.6601444), (0.24144563, 0.7112759, -0.6601444), (0.24144563, 0.7112759, -0.6601444), (0.1465399, 0.7367058, -0.6601444), (0.1465399, 0.7367058, -0.6601444), (0.1465399, 0.7367058, -0.6601444), (0.1465399, 0.7367058, -0.6601444), (0.049126823, 0.7495305, -0.6601444), (0.049126823, 0.7495305, -0.6601444), (0.049126823, 0.7495305, -0.6601444), (0.049126823, 0.7495305, -0.6601444), (-0.049126823, 0.7495305, -0.6601444), (-0.049126823, 0.7495305, -0.6601444), (-0.049126823, 0.7495305, -0.6601444), (-0.049126823, 0.7495305, -0.6601444), (-0.1465399, 0.7367058, -0.6601444), (-0.1465399, 0.7367058, -0.6601444), (-0.1465399, 0.7367058, -0.6601444), (-0.1465399, 0.7367058, -0.6601444), (-0.24144563, 0.7112759, -0.6601444), (-0.24144563, 0.7112759, -0.6601444), (-0.24144563, 0.7112759, -0.6601444), (-0.24144563, 0.7112759, -0.6601444), (-0.33222017, 0.67367584, -0.6601444), (-0.33222017, 0.67367584, -0.6601444), (-0.33222017, 0.67367584, -0.6601444), (-0.33222017, 0.67367584, -0.6601444), (-0.41731033, 0.62454903, -0.6601444), (-0.41731033, 0.62454903, -0.6601444), (-0.41731033, 0.62454903, -0.6601444), (-0.41731033, 0.62454903, -0.6601444), (-0.49526018, 0.564736, -0.6601444), (-0.49526018, 0.564736, -0.6601444), (-0.49526018, 0.564736, -0.6601444), (-0.49526018, 0.564736, -0.6601444), (-0.564736, 0.49526018, -0.6601444), (-0.564736, 0.49526018, -0.6601444), (-0.564736, 0.49526018, -0.6601444), (-0.564736, 0.49526018, -0.6601444), (-0.62454903, 0.41731033, -0.6601444), (-0.62454903, 0.41731033, -0.6601444), (-0.62454903, 0.41731033, -0.6601444), (-0.62454903, 0.41731033, -0.6601444), (-0.67367584, 0.33222017, -0.6601444), (-0.67367584, 0.33222017, -0.6601444), (-0.67367584, 0.33222017, -0.6601444), (-0.67367584, 0.33222017, -0.6601444), (-0.7112759, 0.24144563, -0.6601444), (-0.7112759, 0.24144563, -0.6601444), (-0.7112759, 0.24144563, -0.6601444), (-0.7112759, 0.24144563, -0.6601444), (-0.7367058, 0.1465399, -0.6601444), (-0.7367058, 0.1465399, -0.6601444), (-0.7367058, 0.1465399, -0.6601444), (-0.7367058, 0.1465399, -0.6601444), (-0.7495305, 0.049126823, -0.6601444), (-0.7495305, 0.049126823, -0.6601444), (-0.7495305, 0.049126823, -0.6601444), (-0.7495305, 0.049126823, -0.6601444), (-0.7495305, -0.049126823, -0.6601444), (-0.7495305, -0.049126823, -0.6601444), (-0.7495305, -0.049126823, -0.6601444), (-0.7495305, -0.049126823, -0.6601444), (-0.7367058, -0.1465399, -0.6601444), (-0.7367058, -0.1465399, -0.6601444), (-0.7367058, -0.1465399, -0.6601444), (-0.7367058, -0.1465399, -0.6601444), (-0.7112759, -0.24144563, -0.6601444), (-0.7112759, -0.24144563, -0.6601444), (-0.7112759, -0.24144563, -0.6601444), (-0.7112759, -0.24144563, -0.6601444), (-0.67367584, -0.33222017, -0.6601444), (-0.67367584, -0.33222017, -0.6601444), (-0.67367584, -0.33222017, -0.6601444), (-0.67367584, -0.33222017, -0.6601444), (-0.62454903, -0.41731033, -0.6601444), (-0.62454903, -0.41731033, -0.6601444), (-0.62454903, -0.41731033, -0.6601444), (-0.62454903, -0.41731033, -0.6601444), (-0.564736, -0.49526018, -0.6601444), (-0.564736, -0.49526018, -0.6601444), (-0.564736, -0.49526018, -0.6601444), (-0.564736, -0.49526018, -0.6601444), (-0.49526018, -0.564736, -0.6601444), (-0.49526018, -0.564736, -0.6601444), (-0.49526018, -0.564736, -0.6601444), (-0.49526018, -0.564736, -0.6601444), (-0.41731033, -0.62454903, -0.6601444), (-0.41731033, -0.62454903, -0.6601444), (-0.41731033, -0.62454903, -0.6601444), (-0.41731033, -0.62454903, -0.6601444), (-0.33222017, -0.67367584, -0.6601444), (-0.33222017, -0.67367584, -0.6601444), (-0.33222017, -0.67367584, -0.6601444), (-0.33222017, -0.67367584, -0.6601444), (-0.24144563, -0.7112759, -0.6601444), (-0.24144563, -0.7112759, -0.6601444), (-0.24144563, -0.7112759, -0.6601444), (-0.24144563, -0.7112759, -0.6601444), (-0.1465399, -0.7367058, -0.6601444), (-0.1465399, -0.7367058, -0.6601444), (-0.1465399, -0.7367058, -0.6601444), (-0.1465399, -0.7367058, -0.6601444), (-0.049126823, -0.7495305, -0.6601444), (-0.049126823, -0.7495305, -0.6601444), (-0.049126823, -0.7495305, -0.6601444), (-0.049126823, -0.7495305, -0.6601444), (0.049126823, -0.7495305, -0.6601444), (0.049126823, -0.7495305, -0.6601444), (0.049126823, -0.7495305, -0.6601444), (0.049126823, -0.7495305, -0.6601444), (0.1465399, -0.7367058, -0.6601444), (0.1465399, -0.7367058, -0.6601444), (0.1465399, -0.7367058, -0.6601444), (0.1465399, -0.7367058, -0.6601444), (0.24144563, -0.7112759, -0.6601444), (0.24144563, -0.7112759, -0.6601444), (0.24144563, -0.7112759, -0.6601444), (0.24144563, -0.7112759, -0.6601444), (0.33222017, -0.67367584, -0.6601444), (0.33222017, -0.67367584, -0.6601444), (0.33222017, -0.67367584, -0.6601444), (0.33222017, -0.67367584, -0.6601444), (0.41731033, -0.62454903, -0.6601444), (0.41731033, -0.62454903, -0.6601444), (0.41731033, -0.62454903, -0.6601444), (0.41731033, -0.62454903, -0.6601444), (0.49526018, -0.564736, -0.6601444), (0.49526018, -0.564736, -0.6601444), (0.49526018, -0.564736, -0.6601444), (0.49526018, -0.564736, -0.6601444), (0.564736, -0.49526018, -0.6601444), (0.564736, -0.49526018, -0.6601444), (0.564736, -0.49526018, -0.6601444), (0.564736, -0.49526018, -0.6601444), (0.62454903, -0.41731033, -0.6601444), (0.62454903, -0.41731033, -0.6601444), (0.62454903, -0.41731033, -0.6601444), (0.62454903, -0.41731033, -0.6601444), (0.67367584, -0.33222017, -0.6601444), (0.67367584, -0.33222017, -0.6601444), (0.67367584, -0.33222017, -0.6601444), (0.67367584, -0.33222017, -0.6601444), (0.7112759, -0.24144563, -0.6601444), (0.7112759, -0.24144563, -0.6601444), (0.7112759, -0.24144563, -0.6601444), (0.7112759, -0.24144563, -0.6601444), (0.7367058, -0.1465399, -0.6601444), (0.7367058, -0.1465399, -0.6601444), (0.7367058, -0.1465399, -0.6601444), (0.7367058, -0.1465399, -0.6601444), (0.7495305, -0.049126823, -0.6601444), (0.7495305, -0.049126823, -0.6601444), (0.7495305, -0.049126823, -0.6601444), (0.7495305, -0.049126823, -0.6601444), (0.65713674, 0.043071017, -0.7525399), (0.65713674, 0.043071017, -0.7525399), (0.65713674, 0.043071017, -0.7525399), (0.65713674, 0.043071017, -0.7525399), (0.6458929, 0.12847608, -0.7525399), (0.6458929, 0.12847608, -0.7525399), (0.6458929, 0.12847608, -0.7525399), (0.6458929, 0.12847608, -0.7525399), (0.62359774, 0.2116829, -0.7525399), (0.62359774, 0.2116829, -0.7525399), (0.62359774, 0.2116829, -0.7525399), (0.62359774, 0.2116829, -0.7525399), (0.5906326, 0.29126775, -0.7525399), (0.5906326, 0.29126775, -0.7525399), (0.5906326, 0.29126775, -0.7525399), (0.5906326, 0.29126775, -0.7525399), (0.5475616, 0.36586896, -0.7525399), (0.5475616, 0.36586896, -0.7525399), (0.5475616, 0.36586896, -0.7525399), (0.5475616, 0.36586896, -0.7525399), (0.49512163, 0.43421003, -0.7525399), (0.49512163, 0.43421003, -0.7525399), (0.49512163, 0.43421003, -0.7525399), (0.49512163, 0.43421003, -0.7525399), (0.43421003, 0.49512163, -0.7525399), (0.43421003, 0.49512163, -0.7525399), (0.43421003, 0.49512163, -0.7525399), (0.43421003, 0.49512163, -0.7525399), (0.36586896, 0.5475616, -0.7525399), (0.36586896, 0.5475616, -0.7525399), (0.36586896, 0.5475616, -0.7525399), (0.36586896, 0.5475616, -0.7525399), (0.29126775, 0.5906326, -0.7525399), (0.29126775, 0.5906326, -0.7525399), (0.29126775, 0.5906326, -0.7525399), (0.29126775, 0.5906326, -0.7525399), (0.2116829, 0.62359774, -0.7525399), (0.2116829, 0.62359774, -0.7525399), (0.2116829, 0.62359774, -0.7525399), (0.2116829, 0.62359774, -0.7525399), (0.12847608, 0.6458929, -0.7525399), (0.12847608, 0.6458929, -0.7525399), (0.12847608, 0.6458929, -0.7525399), (0.12847608, 0.6458929, -0.7525399), (0.043071017, 0.65713674, -0.7525399), (0.043071017, 0.65713674, -0.7525399), (0.043071017, 0.65713674, -0.7525399), (0.043071017, 0.65713674, -0.7525399), (-0.043071017, 0.65713674, -0.7525399), (-0.043071017, 0.65713674, -0.7525399), (-0.043071017, 0.65713674, -0.7525399), (-0.043071017, 0.65713674, -0.7525399), (-0.12847608, 0.6458929, -0.7525399), (-0.12847608, 0.6458929, -0.7525399), (-0.12847608, 0.6458929, -0.7525399), (-0.12847608, 0.6458929, -0.7525399), (-0.2116829, 0.62359774, -0.7525399), (-0.2116829, 0.62359774, -0.7525399), (-0.2116829, 0.62359774, -0.7525399), (-0.2116829, 0.62359774, -0.7525399), (-0.29126775, 0.5906326, -0.7525399), (-0.29126775, 0.5906326, -0.7525399), (-0.29126775, 0.5906326, -0.7525399), (-0.29126775, 0.5906326, -0.7525399), (-0.36586896, 0.5475616, -0.7525399), (-0.36586896, 0.5475616, -0.7525399), (-0.36586896, 0.5475616, -0.7525399), (-0.36586896, 0.5475616, -0.7525399), (-0.43421003, 0.49512163, -0.7525399), (-0.43421003, 0.49512163, -0.7525399), (-0.43421003, 0.49512163, -0.7525399), (-0.43421003, 0.49512163, -0.7525399), (-0.49512163, 0.43421003, -0.7525399), (-0.49512163, 0.43421003, -0.7525399), (-0.49512163, 0.43421003, -0.7525399), (-0.49512163, 0.43421003, -0.7525399), (-0.5475616, 0.36586896, -0.7525399), (-0.5475616, 0.36586896, -0.7525399), (-0.5475616, 0.36586896, -0.7525399), (-0.5475616, 0.36586896, -0.7525399), (-0.5906326, 0.29126775, -0.7525399), (-0.5906326, 0.29126775, -0.7525399), (-0.5906326, 0.29126775, -0.7525399), (-0.5906326, 0.29126775, -0.7525399), (-0.62359774, 0.2116829, -0.7525399), (-0.62359774, 0.2116829, -0.7525399), (-0.62359774, 0.2116829, -0.7525399), (-0.62359774, 0.2116829, -0.7525399), (-0.6458929, 0.12847608, -0.7525399), (-0.6458929, 0.12847608, -0.7525399), (-0.6458929, 0.12847608, -0.7525399), (-0.6458929, 0.12847608, -0.7525399), (-0.65713674, 0.043071017, -0.7525399), (-0.65713674, 0.043071017, -0.7525399), (-0.65713674, 0.043071017, -0.7525399), (-0.65713674, 0.043071017, -0.7525399), (-0.65713674, -0.043071017, -0.7525399), (-0.65713674, -0.043071017, -0.7525399), (-0.65713674, -0.043071017, -0.7525399), (-0.65713674, -0.043071017, -0.7525399), (-0.6458929, -0.12847608, -0.7525399), (-0.6458929, -0.12847608, -0.7525399), (-0.6458929, -0.12847608, -0.7525399), (-0.6458929, -0.12847608, -0.7525399), (-0.62359774, -0.2116829, -0.7525399), (-0.62359774, -0.2116829, -0.7525399), (-0.62359774, -0.2116829, -0.7525399), (-0.62359774, -0.2116829, -0.7525399), (-0.5906326, -0.29126775, -0.7525399), (-0.5906326, -0.29126775, -0.7525399), (-0.5906326, -0.29126775, -0.7525399), (-0.5906326, -0.29126775, -0.7525399), (-0.5475616, -0.36586896, -0.7525399), (-0.5475616, -0.36586896, -0.7525399), (-0.5475616, -0.36586896, -0.7525399), (-0.5475616, -0.36586896, -0.7525399), (-0.49512163, -0.43421003, -0.7525399), (-0.49512163, -0.43421003, -0.7525399), (-0.49512163, -0.43421003, -0.7525399), (-0.49512163, -0.43421003, -0.7525399), (-0.43421003, -0.49512163, -0.7525399), (-0.43421003, -0.49512163, -0.7525399), (-0.43421003, -0.49512163, -0.7525399), (-0.43421003, -0.49512163, -0.7525399), (-0.36586896, -0.5475616, -0.7525399), (-0.36586896, -0.5475616, -0.7525399), (-0.36586896, -0.5475616, -0.7525399), (-0.36586896, -0.5475616, -0.7525399), (-0.29126775, -0.5906326, -0.7525399), (-0.29126775, -0.5906326, -0.7525399), (-0.29126775, -0.5906326, -0.7525399), (-0.29126775, -0.5906326, -0.7525399), (-0.2116829, -0.62359774, -0.7525399), (-0.2116829, -0.62359774, -0.7525399), (-0.2116829, -0.62359774, -0.7525399), (-0.2116829, -0.62359774, -0.7525399), (-0.12847608, -0.6458929, -0.7525399), (-0.12847608, -0.6458929, -0.7525399), (-0.12847608, -0.6458929, -0.7525399), (-0.12847608, -0.6458929, -0.7525399), (-0.043071017, -0.65713674, -0.7525399), (-0.043071017, -0.65713674, -0.7525399), (-0.043071017, -0.65713674, -0.7525399), (-0.043071017, -0.65713674, -0.7525399), (0.043071017, -0.65713674, -0.7525399), (0.043071017, -0.65713674, -0.7525399), (0.043071017, -0.65713674, -0.7525399), (0.043071017, -0.65713674, -0.7525399), (0.12847608, -0.6458929, -0.7525399), (0.12847608, -0.6458929, -0.7525399), (0.12847608, -0.6458929, -0.7525399), (0.12847608, -0.6458929, -0.7525399), (0.2116829, -0.62359774, -0.7525399), (0.2116829, -0.62359774, -0.7525399), (0.2116829, -0.62359774, -0.7525399), (0.2116829, -0.62359774, -0.7525399), (0.29126775, -0.5906326, -0.7525399), (0.29126775, -0.5906326, -0.7525399), (0.29126775, -0.5906326, -0.7525399), (0.29126775, -0.5906326, -0.7525399), (0.36586896, -0.5475616, -0.7525399), (0.36586896, -0.5475616, -0.7525399), (0.36586896, -0.5475616, -0.7525399), (0.36586896, -0.5475616, -0.7525399), (0.43421003, -0.49512163, -0.7525399), (0.43421003, -0.49512163, -0.7525399), (0.43421003, -0.49512163, -0.7525399), (0.43421003, -0.49512163, -0.7525399), (0.49512163, -0.43421003, -0.7525399), (0.49512163, -0.43421003, -0.7525399), (0.49512163, -0.43421003, -0.7525399), (0.49512163, -0.43421003, -0.7525399), (0.5475616, -0.36586896, -0.7525399), (0.5475616, -0.36586896, -0.7525399), (0.5475616, -0.36586896, -0.7525399), (0.5475616, -0.36586896, -0.7525399), (0.5906326, -0.29126775, -0.7525399), (0.5906326, -0.29126775, -0.7525399), (0.5906326, -0.29126775, -0.7525399), (0.5906326, -0.29126775, -0.7525399), (0.62359774, -0.2116829, -0.7525399), (0.62359774, -0.2116829, -0.7525399), (0.62359774, -0.2116829, -0.7525399), (0.62359774, -0.2116829, -0.7525399), (0.6458929, -0.12847608, -0.7525399), (0.6458929, -0.12847608, -0.7525399), (0.6458929, -0.12847608, -0.7525399), (0.6458929, -0.12847608, -0.7525399), (0.65713674, -0.043071017, -0.7525399), (0.65713674, -0.043071017, -0.7525399), (0.65713674, -0.043071017, -0.7525399), (0.65713674, -0.043071017, -0.7525399), (0.5535593, 0.036282193, -0.83201903), (0.5535593, 0.036282193, -0.83201903), (0.5535593, 0.036282193, -0.83201903), (0.5535593, 0.036282193, -0.83201903), (0.54408777, 0.10822578, -0.83201903), (0.54408777, 0.10822578, -0.83201903), (0.54408777, 0.10822578, -0.83201903), (0.54408777, 0.10822578, -0.83201903), (0.5253067, 0.17831759, -0.83201903), (0.5253067, 0.17831759, -0.83201903), (0.5253067, 0.17831759, -0.83201903), (0.5253067, 0.17831759, -0.83201903), (0.49753752, 0.24535835, -0.83201903), (0.49753752, 0.24535835, -0.83201903), (0.49753752, 0.24535835, -0.83201903), (0.49753752, 0.24535835, -0.83201903), (0.4612553, 0.30820096, -0.83201903), (0.4612553, 0.30820096, -0.83201903), (0.4612553, 0.30820096, -0.83201903), (0.4612553, 0.30820096, -0.83201903), (0.4170809, 0.36577016, -0.83201903), (0.4170809, 0.36577016, -0.83201903), (0.4170809, 0.36577016, -0.83201903), (0.4170809, 0.36577016, -0.83201903), (0.36577016, 0.4170809, -0.83201903), (0.36577016, 0.4170809, -0.83201903), (0.36577016, 0.4170809, -0.83201903), (0.36577016, 0.4170809, -0.83201903), (0.30820096, 0.4612553, -0.83201903), (0.30820096, 0.4612553, -0.83201903), (0.30820096, 0.4612553, -0.83201903), (0.30820096, 0.4612553, -0.83201903), (0.24535835, 0.49753752, -0.83201903), (0.24535835, 0.49753752, -0.83201903), (0.24535835, 0.49753752, -0.83201903), (0.24535835, 0.49753752, -0.83201903), (0.17831759, 0.5253067, -0.83201903), (0.17831759, 0.5253067, -0.83201903), (0.17831759, 0.5253067, -0.83201903), (0.17831759, 0.5253067, -0.83201903), (0.10822578, 0.54408777, -0.83201903), (0.10822578, 0.54408777, -0.83201903), (0.10822578, 0.54408777, -0.83201903), (0.10822578, 0.54408777, -0.83201903), (0.036282193, 0.5535593, -0.83201903), (0.036282193, 0.5535593, -0.83201903), (0.036282193, 0.5535593, -0.83201903), (0.036282193, 0.5535593, -0.83201903), (-0.036282193, 0.5535593, -0.83201903), (-0.036282193, 0.5535593, -0.83201903), (-0.036282193, 0.5535593, -0.83201903), (-0.036282193, 0.5535593, -0.83201903), (-0.10822578, 0.54408777, -0.83201903), (-0.10822578, 0.54408777, -0.83201903), (-0.10822578, 0.54408777, -0.83201903), (-0.10822578, 0.54408777, -0.83201903), (-0.17831759, 0.5253067, -0.83201903), (-0.17831759, 0.5253067, -0.83201903), (-0.17831759, 0.5253067, -0.83201903), (-0.17831759, 0.5253067, -0.83201903), (-0.24535835, 0.49753752, -0.83201903), (-0.24535835, 0.49753752, -0.83201903), (-0.24535835, 0.49753752, -0.83201903), (-0.24535835, 0.49753752, -0.83201903), (-0.30820096, 0.4612553, -0.83201903), (-0.30820096, 0.4612553, -0.83201903), (-0.30820096, 0.4612553, -0.83201903), (-0.30820096, 0.4612553, -0.83201903), (-0.36577016, 0.4170809, -0.83201903), (-0.36577016, 0.4170809, -0.83201903), (-0.36577016, 0.4170809, -0.83201903), (-0.36577016, 0.4170809, -0.83201903), (-0.4170809, 0.36577016, -0.83201903), (-0.4170809, 0.36577016, -0.83201903), (-0.4170809, 0.36577016, -0.83201903), (-0.4170809, 0.36577016, -0.83201903), (-0.4612553, 0.30820096, -0.83201903), (-0.4612553, 0.30820096, -0.83201903), (-0.4612553, 0.30820096, -0.83201903), (-0.4612553, 0.30820096, -0.83201903), (-0.49753752, 0.24535835, -0.83201903), (-0.49753752, 0.24535835, -0.83201903), (-0.49753752, 0.24535835, -0.83201903), (-0.49753752, 0.24535835, -0.83201903), (-0.5253067, 0.17831759, -0.83201903), (-0.5253067, 0.17831759, -0.83201903), (-0.5253067, 0.17831759, -0.83201903), (-0.5253067, 0.17831759, -0.83201903), (-0.54408777, 0.10822578, -0.83201903), (-0.54408777, 0.10822578, -0.83201903), (-0.54408777, 0.10822578, -0.83201903), (-0.54408777, 0.10822578, -0.83201903), (-0.5535593, 0.036282193, -0.83201903), (-0.5535593, 0.036282193, -0.83201903), (-0.5535593, 0.036282193, -0.83201903), (-0.5535593, 0.036282193, -0.83201903), (-0.5535593, -0.036282193, -0.83201903), (-0.5535593, -0.036282193, -0.83201903), (-0.5535593, -0.036282193, -0.83201903), (-0.5535593, -0.036282193, -0.83201903), (-0.54408777, -0.10822578, -0.83201903), (-0.54408777, -0.10822578, -0.83201903), (-0.54408777, -0.10822578, -0.83201903), (-0.54408777, -0.10822578, -0.83201903), (-0.5253067, -0.17831759, -0.83201903), (-0.5253067, -0.17831759, -0.83201903), (-0.5253067, -0.17831759, -0.83201903), (-0.5253067, -0.17831759, -0.83201903), (-0.49753752, -0.24535835, -0.83201903), (-0.49753752, -0.24535835, -0.83201903), (-0.49753752, -0.24535835, -0.83201903), (-0.49753752, -0.24535835, -0.83201903), (-0.4612553, -0.30820096, -0.83201903), (-0.4612553, -0.30820096, -0.83201903), (-0.4612553, -0.30820096, -0.83201903), (-0.4612553, -0.30820096, -0.83201903), (-0.4170809, -0.36577016, -0.83201903), (-0.4170809, -0.36577016, -0.83201903), (-0.4170809, -0.36577016, -0.83201903), (-0.4170809, -0.36577016, -0.83201903), (-0.36577016, -0.4170809, -0.83201903), (-0.36577016, -0.4170809, -0.83201903), (-0.36577016, -0.4170809, -0.83201903), (-0.36577016, -0.4170809, -0.83201903), (-0.30820096, -0.4612553, -0.83201903), (-0.30820096, -0.4612553, -0.83201903), (-0.30820096, -0.4612553, -0.83201903), (-0.30820096, -0.4612553, -0.83201903), (-0.24535835, -0.49753752, -0.83201903), (-0.24535835, -0.49753752, -0.83201903), (-0.24535835, -0.49753752, -0.83201903), (-0.24535835, -0.49753752, -0.83201903), (-0.17831759, -0.5253067, -0.83201903), (-0.17831759, -0.5253067, -0.83201903), (-0.17831759, -0.5253067, -0.83201903), (-0.17831759, -0.5253067, -0.83201903), (-0.10822578, -0.54408777, -0.83201903), (-0.10822578, -0.54408777, -0.83201903), (-0.10822578, -0.54408777, -0.83201903), (-0.10822578, -0.54408777, -0.83201903), (-0.036282193, -0.5535593, -0.83201903), (-0.036282193, -0.5535593, -0.83201903), (-0.036282193, -0.5535593, -0.83201903), (-0.036282193, -0.5535593, -0.83201903), (0.036282193, -0.5535593, -0.83201903), (0.036282193, -0.5535593, -0.83201903), (0.036282193, -0.5535593, -0.83201903), (0.036282193, -0.5535593, -0.83201903), (0.10822578, -0.54408777, -0.83201903), (0.10822578, -0.54408777, -0.83201903), (0.10822578, -0.54408777, -0.83201903), (0.10822578, -0.54408777, -0.83201903), (0.17831759, -0.5253067, -0.83201903), (0.17831759, -0.5253067, -0.83201903), (0.17831759, -0.5253067, -0.83201903), (0.17831759, -0.5253067, -0.83201903), (0.24535835, -0.49753752, -0.83201903), (0.24535835, -0.49753752, -0.83201903), (0.24535835, -0.49753752, -0.83201903), (0.24535835, -0.49753752, -0.83201903), (0.30820096, -0.4612553, -0.83201903), (0.30820096, -0.4612553, -0.83201903), (0.30820096, -0.4612553, -0.83201903), (0.30820096, -0.4612553, -0.83201903), (0.36577016, -0.4170809, -0.83201903), (0.36577016, -0.4170809, -0.83201903), (0.36577016, -0.4170809, -0.83201903), (0.36577016, -0.4170809, -0.83201903), (0.4170809, -0.36577016, -0.83201903), (0.4170809, -0.36577016, -0.83201903), (0.4170809, -0.36577016, -0.83201903), (0.4170809, -0.36577016, -0.83201903), (0.4612553, -0.30820096, -0.83201903), (0.4612553, -0.30820096, -0.83201903), (0.4612553, -0.30820096, -0.83201903), (0.4612553, -0.30820096, -0.83201903), (0.49753752, -0.24535835, -0.83201903), (0.49753752, -0.24535835, -0.83201903), (0.49753752, -0.24535835, -0.83201903), (0.49753752, -0.24535835, -0.83201903), (0.5253067, -0.17831759, -0.83201903), (0.5253067, -0.17831759, -0.83201903), (0.5253067, -0.17831759, -0.83201903), (0.5253067, -0.17831759, -0.83201903), (0.54408777, -0.10822578, -0.83201903), (0.54408777, -0.10822578, -0.83201903), (0.54408777, -0.10822578, -0.83201903), (0.54408777, -0.10822578, -0.83201903), (0.5535593, -0.036282193, -0.83201903), (0.5535593, -0.036282193, -0.83201903), (0.5535593, -0.036282193, -0.83201903), (0.5535593, -0.036282193, -0.83201903), (0.44058114, 0.028877214, -0.8972482), (0.44058114, 0.028877214, -0.8972482), (0.44058114, 0.028877214, -0.8972482), (0.44058114, 0.028877214, -0.8972482), (0.43304268, 0.08613754, -0.8972482), (0.43304268, 0.08613754, -0.8972482), (0.43304268, 0.08613754, -0.8972482), (0.43304268, 0.08613754, -0.8972482), (0.41809472, 0.14192404, -0.8972482), (0.41809472, 0.14192404, -0.8972482), (0.41809472, 0.14192404, -0.8972482), (0.41809472, 0.14192404, -0.8972482), (0.39599305, 0.19528218, -0.8972482), (0.39599305, 0.19528218, -0.8972482), (0.39599305, 0.19528218, -0.8972482), (0.39599305, 0.19528218, -0.8972482), (0.36711586, 0.24529897, -0.8972482), (0.36711586, 0.24529897, -0.8972482), (0.36711586, 0.24529897, -0.8972482), (0.36711586, 0.24529897, -0.8972482), (0.3319572, 0.29111865, -0.8972482), (0.3319572, 0.29111865, -0.8972482), (0.3319572, 0.29111865, -0.8972482), (0.3319572, 0.29111865, -0.8972482), (0.29111865, 0.3319572, -0.8972482), (0.29111865, 0.3319572, -0.8972482), (0.29111865, 0.3319572, -0.8972482), (0.29111865, 0.3319572, -0.8972482), (0.24529897, 0.36711586, -0.8972482), (0.24529897, 0.36711586, -0.8972482), (0.24529897, 0.36711586, -0.8972482), (0.24529897, 0.36711586, -0.8972482), (0.19528218, 0.39599305, -0.8972482), (0.19528218, 0.39599305, -0.8972482), (0.19528218, 0.39599305, -0.8972482), (0.19528218, 0.39599305, -0.8972482), (0.14192404, 0.41809472, -0.8972482), (0.14192404, 0.41809472, -0.8972482), (0.14192404, 0.41809472, -0.8972482), (0.14192404, 0.41809472, -0.8972482), (0.08613754, 0.43304268, -0.8972482), (0.08613754, 0.43304268, -0.8972482), (0.08613754, 0.43304268, -0.8972482), (0.08613754, 0.43304268, -0.8972482), (0.028877214, 0.44058114, -0.8972482), (0.028877214, 0.44058114, -0.8972482), (0.028877214, 0.44058114, -0.8972482), (0.028877214, 0.44058114, -0.8972482), (-0.028877214, 0.44058114, -0.8972482), (-0.028877214, 0.44058114, -0.8972482), (-0.028877214, 0.44058114, -0.8972482), (-0.028877214, 0.44058114, -0.8972482), (-0.08613754, 0.43304268, -0.8972482), (-0.08613754, 0.43304268, -0.8972482), (-0.08613754, 0.43304268, -0.8972482), (-0.08613754, 0.43304268, -0.8972482), (-0.14192404, 0.41809472, -0.8972482), (-0.14192404, 0.41809472, -0.8972482), (-0.14192404, 0.41809472, -0.8972482), (-0.14192404, 0.41809472, -0.8972482), (-0.19528218, 0.39599305, -0.8972482), (-0.19528218, 0.39599305, -0.8972482), (-0.19528218, 0.39599305, -0.8972482), (-0.19528218, 0.39599305, -0.8972482), (-0.24529897, 0.36711586, -0.8972482), (-0.24529897, 0.36711586, -0.8972482), (-0.24529897, 0.36711586, -0.8972482), (-0.24529897, 0.36711586, -0.8972482), (-0.29111865, 0.3319572, -0.8972482), (-0.29111865, 0.3319572, -0.8972482), (-0.29111865, 0.3319572, -0.8972482), (-0.29111865, 0.3319572, -0.8972482), (-0.3319572, 0.29111865, -0.8972482), (-0.3319572, 0.29111865, -0.8972482), (-0.3319572, 0.29111865, -0.8972482), (-0.3319572, 0.29111865, -0.8972482), (-0.36711586, 0.24529897, -0.8972482), (-0.36711586, 0.24529897, -0.8972482), (-0.36711586, 0.24529897, -0.8972482), (-0.36711586, 0.24529897, -0.8972482), (-0.39599305, 0.19528218, -0.8972482), (-0.39599305, 0.19528218, -0.8972482), (-0.39599305, 0.19528218, -0.8972482), (-0.39599305, 0.19528218, -0.8972482), (-0.41809472, 0.14192404, -0.8972482), (-0.41809472, 0.14192404, -0.8972482), (-0.41809472, 0.14192404, -0.8972482), (-0.41809472, 0.14192404, -0.8972482), (-0.43304268, 0.08613754, -0.8972482), (-0.43304268, 0.08613754, -0.8972482), (-0.43304268, 0.08613754, -0.8972482), (-0.43304268, 0.08613754, -0.8972482), (-0.44058114, 0.028877214, -0.8972482), (-0.44058114, 0.028877214, -0.8972482), (-0.44058114, 0.028877214, -0.8972482), (-0.44058114, 0.028877214, -0.8972482), (-0.44058114, -0.028877214, -0.8972482), (-0.44058114, -0.028877214, -0.8972482), (-0.44058114, -0.028877214, -0.8972482), (-0.44058114, -0.028877214, -0.8972482), (-0.43304268, -0.08613754, -0.8972482), (-0.43304268, -0.08613754, -0.8972482), (-0.43304268, -0.08613754, -0.8972482), (-0.43304268, -0.08613754, -0.8972482), (-0.41809472, -0.14192404, -0.8972482), (-0.41809472, -0.14192404, -0.8972482), (-0.41809472, -0.14192404, -0.8972482), (-0.41809472, -0.14192404, -0.8972482), (-0.39599305, -0.19528218, -0.8972482), (-0.39599305, -0.19528218, -0.8972482), (-0.39599305, -0.19528218, -0.8972482), (-0.39599305, -0.19528218, -0.8972482), (-0.36711586, -0.24529897, -0.8972482), (-0.36711586, -0.24529897, -0.8972482), (-0.36711586, -0.24529897, -0.8972482), (-0.36711586, -0.24529897, -0.8972482), (-0.3319572, -0.29111865, -0.8972482), (-0.3319572, -0.29111865, -0.8972482), (-0.3319572, -0.29111865, -0.8972482), (-0.3319572, -0.29111865, -0.8972482), (-0.29111865, -0.3319572, -0.8972482), (-0.29111865, -0.3319572, -0.8972482), (-0.29111865, -0.3319572, -0.8972482), (-0.29111865, -0.3319572, -0.8972482), (-0.24529897, -0.36711586, -0.8972482), (-0.24529897, -0.36711586, -0.8972482), (-0.24529897, -0.36711586, -0.8972482), (-0.24529897, -0.36711586, -0.8972482), (-0.19528218, -0.39599305, -0.8972482), (-0.19528218, -0.39599305, -0.8972482), (-0.19528218, -0.39599305, -0.8972482), (-0.19528218, -0.39599305, -0.8972482), (-0.14192404, -0.41809472, -0.8972482), (-0.14192404, -0.41809472, -0.8972482), (-0.14192404, -0.41809472, -0.8972482), (-0.14192404, -0.41809472, -0.8972482), (-0.08613754, -0.43304268, -0.8972482), (-0.08613754, -0.43304268, -0.8972482), (-0.08613754, -0.43304268, -0.8972482), (-0.08613754, -0.43304268, -0.8972482), (-0.028877214, -0.44058114, -0.8972482), (-0.028877214, -0.44058114, -0.8972482), (-0.028877214, -0.44058114, -0.8972482), (-0.028877214, -0.44058114, -0.8972482), (0.028877214, -0.44058114, -0.8972482), (0.028877214, -0.44058114, -0.8972482), (0.028877214, -0.44058114, -0.8972482), (0.028877214, -0.44058114, -0.8972482), (0.08613754, -0.43304268, -0.8972482), (0.08613754, -0.43304268, -0.8972482), (0.08613754, -0.43304268, -0.8972482), (0.08613754, -0.43304268, -0.8972482), (0.14192404, -0.41809472, -0.8972482), (0.14192404, -0.41809472, -0.8972482), (0.14192404, -0.41809472, -0.8972482), (0.14192404, -0.41809472, -0.8972482), (0.19528218, -0.39599305, -0.8972482), (0.19528218, -0.39599305, -0.8972482), (0.19528218, -0.39599305, -0.8972482), (0.19528218, -0.39599305, -0.8972482), (0.24529897, -0.36711586, -0.8972482), (0.24529897, -0.36711586, -0.8972482), (0.24529897, -0.36711586, -0.8972482), (0.24529897, -0.36711586, -0.8972482), (0.29111865, -0.3319572, -0.8972482), (0.29111865, -0.3319572, -0.8972482), (0.29111865, -0.3319572, -0.8972482), (0.29111865, -0.3319572, -0.8972482), (0.3319572, -0.29111865, -0.8972482), (0.3319572, -0.29111865, -0.8972482), (0.3319572, -0.29111865, -0.8972482), (0.3319572, -0.29111865, -0.8972482), (0.36711586, -0.24529897, -0.8972482), (0.36711586, -0.24529897, -0.8972482), (0.36711586, -0.24529897, -0.8972482), (0.36711586, -0.24529897, -0.8972482), (0.39599305, -0.19528218, -0.8972482), (0.39599305, -0.19528218, -0.8972482), (0.39599305, -0.19528218, -0.8972482), (0.39599305, -0.19528218, -0.8972482), (0.41809472, -0.14192404, -0.8972482), (0.41809472, -0.14192404, -0.8972482), (0.41809472, -0.14192404, -0.8972482), (0.41809472, -0.14192404, -0.8972482), (0.43304268, -0.08613754, -0.8972482), (0.43304268, -0.08613754, -0.8972482), (0.43304268, -0.08613754, -0.8972482), (0.43304268, -0.08613754, -0.8972482), (0.44058114, -0.028877214, -0.8972482), (0.44058114, -0.028877214, -0.8972482), (0.44058114, -0.028877214, -0.8972482), (0.44058114, -0.028877214, -0.8972482), (0.32013524, 0.020982772, -0.94713944), (0.32013524, 0.020982772, -0.94713944), (0.32013524, 0.020982772, -0.94713944), (0.32013524, 0.020982772, -0.94713944), (0.31465763, 0.062589295, -0.94713944), (0.31465763, 0.062589295, -0.94713944), (0.31465763, 0.062589295, -0.94713944), (0.31465763, 0.062589295, -0.94713944), (0.30379614, 0.1031249, -0.94713944), (0.30379614, 0.1031249, -0.94713944), (0.30379614, 0.1031249, -0.94713944), (0.30379614, 0.1031249, -0.94713944), (0.28773662, 0.14189601, -0.94713944), (0.28773662, 0.14189601, -0.94713944), (0.28773662, 0.14189601, -0.94713944), (0.28773662, 0.14189601, -0.94713944), (0.26675385, 0.17823923, -0.94713944), (0.26675385, 0.17823923, -0.94713944), (0.26675385, 0.17823923, -0.94713944), (0.26675385, 0.17823923, -0.94713944), (0.24120685, 0.21153274, -0.94713944), (0.24120685, 0.21153274, -0.94713944), (0.24120685, 0.21153274, -0.94713944), (0.24120685, 0.21153274, -0.94713944), (0.21153274, 0.24120685, -0.94713944), (0.21153274, 0.24120685, -0.94713944), (0.21153274, 0.24120685, -0.94713944), (0.21153274, 0.24120685, -0.94713944), (0.17823923, 0.26675385, -0.94713944), (0.17823923, 0.26675385, -0.94713944), (0.17823923, 0.26675385, -0.94713944), (0.17823923, 0.26675385, -0.94713944), (0.14189601, 0.28773662, -0.94713944), (0.14189601, 0.28773662, -0.94713944), (0.14189601, 0.28773662, -0.94713944), (0.14189601, 0.28773662, -0.94713944), (0.1031249, 0.30379614, -0.94713944), (0.1031249, 0.30379614, -0.94713944), (0.1031249, 0.30379614, -0.94713944), (0.1031249, 0.30379614, -0.94713944), (0.062589295, 0.31465763, -0.94713944), (0.062589295, 0.31465763, -0.94713944), (0.062589295, 0.31465763, -0.94713944), (0.062589295, 0.31465763, -0.94713944), (0.020982772, 0.32013524, -0.94713944), (0.020982772, 0.32013524, -0.94713944), (0.020982772, 0.32013524, -0.94713944), (0.020982772, 0.32013524, -0.94713944), (-0.020982772, 0.32013524, -0.94713944), (-0.020982772, 0.32013524, -0.94713944), (-0.020982772, 0.32013524, -0.94713944), (-0.020982772, 0.32013524, -0.94713944), (-0.062589295, 0.31465763, -0.94713944), (-0.062589295, 0.31465763, -0.94713944), (-0.062589295, 0.31465763, -0.94713944), (-0.062589295, 0.31465763, -0.94713944), (-0.1031249, 0.30379614, -0.94713944), (-0.1031249, 0.30379614, -0.94713944), (-0.1031249, 0.30379614, -0.94713944), (-0.1031249, 0.30379614, -0.94713944), (-0.14189601, 0.28773662, -0.94713944), (-0.14189601, 0.28773662, -0.94713944), (-0.14189601, 0.28773662, -0.94713944), (-0.14189601, 0.28773662, -0.94713944), (-0.17823923, 0.26675385, -0.94713944), (-0.17823923, 0.26675385, -0.94713944), (-0.17823923, 0.26675385, -0.94713944), (-0.17823923, 0.26675385, -0.94713944), (-0.21153274, 0.24120685, -0.94713944), (-0.21153274, 0.24120685, -0.94713944), (-0.21153274, 0.24120685, -0.94713944), (-0.21153274, 0.24120685, -0.94713944), (-0.24120685, 0.21153274, -0.94713944), (-0.24120685, 0.21153274, -0.94713944), (-0.24120685, 0.21153274, -0.94713944), (-0.24120685, 0.21153274, -0.94713944), (-0.26675385, 0.17823923, -0.94713944), (-0.26675385, 0.17823923, -0.94713944), (-0.26675385, 0.17823923, -0.94713944), (-0.26675385, 0.17823923, -0.94713944), (-0.28773662, 0.14189601, -0.94713944), (-0.28773662, 0.14189601, -0.94713944), (-0.28773662, 0.14189601, -0.94713944), (-0.28773662, 0.14189601, -0.94713944), (-0.30379614, 0.1031249, -0.94713944), (-0.30379614, 0.1031249, -0.94713944), (-0.30379614, 0.1031249, -0.94713944), (-0.30379614, 0.1031249, -0.94713944), (-0.31465763, 0.062589295, -0.94713944), (-0.31465763, 0.062589295, -0.94713944), (-0.31465763, 0.062589295, -0.94713944), (-0.31465763, 0.062589295, -0.94713944), (-0.32013524, 0.020982772, -0.94713944), (-0.32013524, 0.020982772, -0.94713944), (-0.32013524, 0.020982772, -0.94713944), (-0.32013524, 0.020982772, -0.94713944), (-0.32013524, -0.020982772, -0.94713944), (-0.32013524, -0.020982772, -0.94713944), (-0.32013524, -0.020982772, -0.94713944), (-0.32013524, -0.020982772, -0.94713944), (-0.31465763, -0.062589295, -0.94713944), (-0.31465763, -0.062589295, -0.94713944), (-0.31465763, -0.062589295, -0.94713944), (-0.31465763, -0.062589295, -0.94713944), (-0.30379614, -0.1031249, -0.94713944), (-0.30379614, -0.1031249, -0.94713944), (-0.30379614, -0.1031249, -0.94713944), (-0.30379614, -0.1031249, -0.94713944), (-0.28773662, -0.14189601, -0.94713944), (-0.28773662, -0.14189601, -0.94713944), (-0.28773662, -0.14189601, -0.94713944), (-0.28773662, -0.14189601, -0.94713944), (-0.26675385, -0.17823923, -0.94713944), (-0.26675385, -0.17823923, -0.94713944), (-0.26675385, -0.17823923, -0.94713944), (-0.26675385, -0.17823923, -0.94713944), (-0.24120685, -0.21153274, -0.94713944), (-0.24120685, -0.21153274, -0.94713944), (-0.24120685, -0.21153274, -0.94713944), (-0.24120685, -0.21153274, -0.94713944), (-0.21153274, -0.24120685, -0.94713944), (-0.21153274, -0.24120685, -0.94713944), (-0.21153274, -0.24120685, -0.94713944), (-0.21153274, -0.24120685, -0.94713944), (-0.17823923, -0.26675385, -0.94713944), (-0.17823923, -0.26675385, -0.94713944), (-0.17823923, -0.26675385, -0.94713944), (-0.17823923, -0.26675385, -0.94713944), (-0.14189601, -0.28773662, -0.94713944), (-0.14189601, -0.28773662, -0.94713944), (-0.14189601, -0.28773662, -0.94713944), (-0.14189601, -0.28773662, -0.94713944), (-0.1031249, -0.30379614, -0.94713944), (-0.1031249, -0.30379614, -0.94713944), (-0.1031249, -0.30379614, -0.94713944), (-0.1031249, -0.30379614, -0.94713944), (-0.062589295, -0.31465763, -0.94713944), (-0.062589295, -0.31465763, -0.94713944), (-0.062589295, -0.31465763, -0.94713944), (-0.062589295, -0.31465763, -0.94713944), (-0.020982772, -0.32013524, -0.94713944), (-0.020982772, -0.32013524, -0.94713944), (-0.020982772, -0.32013524, -0.94713944), (-0.020982772, -0.32013524, -0.94713944), (0.020982772, -0.32013524, -0.94713944), (0.020982772, -0.32013524, -0.94713944), (0.020982772, -0.32013524, -0.94713944), (0.020982772, -0.32013524, -0.94713944), (0.062589295, -0.31465763, -0.94713944), (0.062589295, -0.31465763, -0.94713944), (0.062589295, -0.31465763, -0.94713944), (0.062589295, -0.31465763, -0.94713944), (0.1031249, -0.30379614, -0.94713944), (0.1031249, -0.30379614, -0.94713944), (0.1031249, -0.30379614, -0.94713944), (0.1031249, -0.30379614, -0.94713944), (0.14189601, -0.28773662, -0.94713944), (0.14189601, -0.28773662, -0.94713944), (0.14189601, -0.28773662, -0.94713944), (0.14189601, -0.28773662, -0.94713944), (0.17823923, -0.26675385, -0.94713944), (0.17823923, -0.26675385, -0.94713944), (0.17823923, -0.26675385, -0.94713944), (0.17823923, -0.26675385, -0.94713944), (0.21153274, -0.24120685, -0.94713944), (0.21153274, -0.24120685, -0.94713944), (0.21153274, -0.24120685, -0.94713944), (0.21153274, -0.24120685, -0.94713944), (0.24120685, -0.21153274, -0.94713944), (0.24120685, -0.21153274, -0.94713944), (0.24120685, -0.21153274, -0.94713944), (0.24120685, -0.21153274, -0.94713944), (0.26675385, -0.17823923, -0.94713944), (0.26675385, -0.17823923, -0.94713944), (0.26675385, -0.17823923, -0.94713944), (0.26675385, -0.17823923, -0.94713944), (0.28773662, -0.14189601, -0.94713944), (0.28773662, -0.14189601, -0.94713944), (0.28773662, -0.14189601, -0.94713944), (0.28773662, -0.14189601, -0.94713944), (0.30379614, -0.1031249, -0.94713944), (0.30379614, -0.1031249, -0.94713944), (0.30379614, -0.1031249, -0.94713944), (0.30379614, -0.1031249, -0.94713944), (0.31465763, -0.062589295, -0.94713944), (0.31465763, -0.062589295, -0.94713944), (0.31465763, -0.062589295, -0.94713944), (0.31465763, -0.062589295, -0.94713944), (0.32013524, -0.020982772, -0.94713944), (0.32013524, -0.020982772, -0.94713944), (0.32013524, -0.020982772, -0.94713944), (0.32013524, -0.020982772, -0.94713944), (0.19427162, 0.012733235, -0.9808651), (0.19427162, 0.012733235, -0.9808651), (0.19427162, 0.012733235, -0.9808651), (0.19427162, 0.012733235, -0.9808651), (0.19094758, 0.037981834, -0.9808651), (0.19094758, 0.037981834, -0.9808651), (0.19094758, 0.037981834, -0.9808651), (0.19094758, 0.037981834, -0.9808651), (0.18435638, 0.062580556, -0.9808651), (0.18435638, 0.062580556, -0.9808651), (0.18435638, 0.062580556, -0.9808651), (0.18435638, 0.062580556, -0.9808651), (0.17461078, 0.086108506, -0.9808651), (0.17461078, 0.086108506, -0.9808651), (0.17461078, 0.086108506, -0.9808651), (0.17461078, 0.086108506, -0.9808651), (0.16187754, 0.10816312, -0.9808651), (0.16187754, 0.10816312, -0.9808651), (0.16187754, 0.10816312, -0.9808651), (0.16187754, 0.10816312, -0.9808651), (0.14637454, 0.12836702, -0.9808651), (0.14637454, 0.12836702, -0.9808651), (0.14637454, 0.12836702, -0.9808651), (0.14637454, 0.12836702, -0.9808651), (0.12836702, 0.14637454, -0.9808651), (0.12836702, 0.14637454, -0.9808651), (0.12836702, 0.14637454, -0.9808651), (0.12836702, 0.14637454, -0.9808651), (0.10816312, 0.16187754, -0.9808651), (0.10816312, 0.16187754, -0.9808651), (0.10816312, 0.16187754, -0.9808651), (0.10816312, 0.16187754, -0.9808651), (0.086108506, 0.17461078, -0.9808651), (0.086108506, 0.17461078, -0.9808651), (0.086108506, 0.17461078, -0.9808651), (0.086108506, 0.17461078, -0.9808651), (0.062580556, 0.18435638, -0.9808651), (0.062580556, 0.18435638, -0.9808651), (0.062580556, 0.18435638, -0.9808651), (0.062580556, 0.18435638, -0.9808651), (0.037981834, 0.19094758, -0.9808651), (0.037981834, 0.19094758, -0.9808651), (0.037981834, 0.19094758, -0.9808651), (0.037981834, 0.19094758, -0.9808651), (0.012733235, 0.19427162, -0.9808651), (0.012733235, 0.19427162, -0.9808651), (0.012733235, 0.19427162, -0.9808651), (0.012733235, 0.19427162, -0.9808651), (-0.012733235, 0.19427162, -0.9808651), (-0.012733235, 0.19427162, -0.9808651), (-0.012733235, 0.19427162, -0.9808651), (-0.012733235, 0.19427162, -0.9808651), (-0.037981834, 0.19094758, -0.9808651), (-0.037981834, 0.19094758, -0.9808651), (-0.037981834, 0.19094758, -0.9808651), (-0.037981834, 0.19094758, -0.9808651), (-0.062580556, 0.18435638, -0.9808651), (-0.062580556, 0.18435638, -0.9808651), (-0.062580556, 0.18435638, -0.9808651), (-0.062580556, 0.18435638, -0.9808651), (-0.086108506, 0.17461078, -0.9808651), (-0.086108506, 0.17461078, -0.9808651), (-0.086108506, 0.17461078, -0.9808651), (-0.086108506, 0.17461078, -0.9808651), (-0.10816312, 0.16187754, -0.9808651), (-0.10816312, 0.16187754, -0.9808651), (-0.10816312, 0.16187754, -0.9808651), (-0.10816312, 0.16187754, -0.9808651), (-0.12836702, 0.14637454, -0.9808651), (-0.12836702, 0.14637454, -0.9808651), (-0.12836702, 0.14637454, -0.9808651), (-0.12836702, 0.14637454, -0.9808651), (-0.14637454, 0.12836702, -0.9808651), (-0.14637454, 0.12836702, -0.9808651), (-0.14637454, 0.12836702, -0.9808651), (-0.14637454, 0.12836702, -0.9808651), (-0.16187754, 0.10816312, -0.9808651), (-0.16187754, 0.10816312, -0.9808651), (-0.16187754, 0.10816312, -0.9808651), (-0.16187754, 0.10816312, -0.9808651), (-0.17461078, 0.086108506, -0.9808651), (-0.17461078, 0.086108506, -0.9808651), (-0.17461078, 0.086108506, -0.9808651), (-0.17461078, 0.086108506, -0.9808651), (-0.18435638, 0.062580556, -0.9808651), (-0.18435638, 0.062580556, -0.9808651), (-0.18435638, 0.062580556, -0.9808651), (-0.18435638, 0.062580556, -0.9808651), (-0.19094758, 0.037981834, -0.9808651), (-0.19094758, 0.037981834, -0.9808651), (-0.19094758, 0.037981834, -0.9808651), (-0.19094758, 0.037981834, -0.9808651), (-0.19427162, 0.012733235, -0.9808651), (-0.19427162, 0.012733235, -0.9808651), (-0.19427162, 0.012733235, -0.9808651), (-0.19427162, 0.012733235, -0.9808651), (-0.19427162, -0.012733235, -0.9808651), (-0.19427162, -0.012733235, -0.9808651), (-0.19427162, -0.012733235, -0.9808651), (-0.19427162, -0.012733235, -0.9808651), (-0.19094758, -0.037981834, -0.9808651), (-0.19094758, -0.037981834, -0.9808651), (-0.19094758, -0.037981834, -0.9808651), (-0.19094758, -0.037981834, -0.9808651), (-0.18435638, -0.062580556, -0.9808651), (-0.18435638, -0.062580556, -0.9808651), (-0.18435638, -0.062580556, -0.9808651), (-0.18435638, -0.062580556, -0.9808651), (-0.17461078, -0.086108506, -0.9808651), (-0.17461078, -0.086108506, -0.9808651), (-0.17461078, -0.086108506, -0.9808651), (-0.17461078, -0.086108506, -0.9808651), (-0.16187754, -0.10816312, -0.9808651), (-0.16187754, -0.10816312, -0.9808651), (-0.16187754, -0.10816312, -0.9808651), (-0.16187754, -0.10816312, -0.9808651), (-0.14637454, -0.12836702, -0.9808651), (-0.14637454, -0.12836702, -0.9808651), (-0.14637454, -0.12836702, -0.9808651), (-0.14637454, -0.12836702, -0.9808651), (-0.12836702, -0.14637454, -0.9808651), (-0.12836702, -0.14637454, -0.9808651), (-0.12836702, -0.14637454, -0.9808651), (-0.12836702, -0.14637454, -0.9808651), (-0.10816312, -0.16187754, -0.9808651), (-0.10816312, -0.16187754, -0.9808651), (-0.10816312, -0.16187754, -0.9808651), (-0.10816312, -0.16187754, -0.9808651), (-0.086108506, -0.17461078, -0.9808651), (-0.086108506, -0.17461078, -0.9808651), (-0.086108506, -0.17461078, -0.9808651), (-0.086108506, -0.17461078, -0.9808651), (-0.062580556, -0.18435638, -0.9808651), (-0.062580556, -0.18435638, -0.9808651), (-0.062580556, -0.18435638, -0.9808651), (-0.062580556, -0.18435638, -0.9808651), (-0.037981834, -0.19094758, -0.9808651), (-0.037981834, -0.19094758, -0.9808651), (-0.037981834, -0.19094758, -0.9808651), (-0.037981834, -0.19094758, -0.9808651), (-0.012733235, -0.19427162, -0.9808651), (-0.012733235, -0.19427162, -0.9808651), (-0.012733235, -0.19427162, -0.9808651), (-0.012733235, -0.19427162, -0.9808651), (0.012733235, -0.19427162, -0.9808651), (0.012733235, -0.19427162, -0.9808651), (0.012733235, -0.19427162, -0.9808651), (0.012733235, -0.19427162, -0.9808651), (0.037981834, -0.19094758, -0.9808651), (0.037981834, -0.19094758, -0.9808651), (0.037981834, -0.19094758, -0.9808651), (0.037981834, -0.19094758, -0.9808651), (0.062580556, -0.18435638, -0.9808651), (0.062580556, -0.18435638, -0.9808651), (0.062580556, -0.18435638, -0.9808651), (0.062580556, -0.18435638, -0.9808651), (0.086108506, -0.17461078, -0.9808651), (0.086108506, -0.17461078, -0.9808651), (0.086108506, -0.17461078, -0.9808651), (0.086108506, -0.17461078, -0.9808651), (0.10816312, -0.16187754, -0.9808651), (0.10816312, -0.16187754, -0.9808651), (0.10816312, -0.16187754, -0.9808651), (0.10816312, -0.16187754, -0.9808651), (0.12836702, -0.14637454, -0.9808651), (0.12836702, -0.14637454, -0.9808651), (0.12836702, -0.14637454, -0.9808651), (0.12836702, -0.14637454, -0.9808651), (0.14637454, -0.12836702, -0.9808651), (0.14637454, -0.12836702, -0.9808651), (0.14637454, -0.12836702, -0.9808651), (0.14637454, -0.12836702, -0.9808651), (0.16187754, -0.10816312, -0.9808651), (0.16187754, -0.10816312, -0.9808651), (0.16187754, -0.10816312, -0.9808651), (0.16187754, -0.10816312, -0.9808651), (0.17461078, -0.086108506, -0.9808651), (0.17461078, -0.086108506, -0.9808651), (0.17461078, -0.086108506, -0.9808651), (0.17461078, -0.086108506, -0.9808651), (0.18435638, -0.062580556, -0.9808651), (0.18435638, -0.062580556, -0.9808651), (0.18435638, -0.062580556, -0.9808651), (0.18435638, -0.062580556, -0.9808651), (0.19094758, -0.037981834, -0.9808651), (0.19094758, -0.037981834, -0.9808651), (0.19094758, -0.037981834, -0.9808651), (0.19094758, -0.037981834, -0.9808651), (0.19427162, -0.012733235, -0.9808651), (0.19427162, -0.012733235, -0.9808651), (0.19427162, -0.012733235, -0.9808651), (0.19427162, -0.012733235, -0.9808651), (0.08681185, 0.005689949, -0.9962085), (0.08681185, 0.005689949, -0.9962085), (0.08681185, 0.005689949, -0.9962085), (0.08532647, 0.01697249, -0.9962085), (0.08532647, 0.01697249, -0.9962085), (0.08532647, 0.01697249, -0.9962085), (0.08238114, 0.027964627, -0.9962085), (0.08238114, 0.027964627, -0.9962085), (0.08238114, 0.027964627, -0.9962085), (0.078026235, 0.03847828, -0.9962085), (0.078026235, 0.03847828, -0.9962085), (0.078026235, 0.03847828, -0.9962085), (0.07233629, 0.048333563, -0.9962085), (0.07233629, 0.048333563, -0.9962085), (0.07233629, 0.048333563, -0.9962085), (0.06540865, 0.057361845, -0.9962085), (0.06540865, 0.057361845, -0.9962085), (0.06540865, 0.057361845, -0.9962085), (0.057361845, 0.06540865, -0.9962085), (0.057361845, 0.06540865, -0.9962085), (0.057361845, 0.06540865, -0.9962085), (0.048333563, 0.07233629, -0.9962085), (0.048333563, 0.07233629, -0.9962085), (0.048333563, 0.07233629, -0.9962085), (0.03847828, 0.078026235, -0.9962085), (0.03847828, 0.078026235, -0.9962085), (0.03847828, 0.078026235, -0.9962085), (0.027964627, 0.08238114, -0.9962085), (0.027964627, 0.08238114, -0.9962085), (0.027964627, 0.08238114, -0.9962085), (0.01697249, 0.08532647, -0.9962085), (0.01697249, 0.08532647, -0.9962085), (0.01697249, 0.08532647, -0.9962085), (0.005689949, 0.08681185, -0.9962085), (0.005689949, 0.08681185, -0.9962085), (0.005689949, 0.08681185, -0.9962085), (-0.005689949, 0.08681185, -0.9962085), (-0.005689949, 0.08681185, -0.9962085), (-0.005689949, 0.08681185, -0.9962085), (-0.01697249, 0.08532647, -0.9962085), (-0.01697249, 0.08532647, -0.9962085), (-0.01697249, 0.08532647, -0.9962085), (-0.027964627, 0.08238114, -0.9962085), (-0.027964627, 0.08238114, -0.9962085), (-0.027964627, 0.08238114, -0.9962085), (-0.03847828, 0.078026235, -0.9962085), (-0.03847828, 0.078026235, -0.9962085), (-0.03847828, 0.078026235, -0.9962085), (-0.048333563, 0.07233629, -0.9962085), (-0.048333563, 0.07233629, -0.9962085), (-0.048333563, 0.07233629, -0.9962085), (-0.057361845, 0.06540865, -0.9962085), (-0.057361845, 0.06540865, -0.9962085), (-0.057361845, 0.06540865, -0.9962085), (-0.06540865, 0.057361845, -0.9962085), (-0.06540865, 0.057361845, -0.9962085), (-0.06540865, 0.057361845, -0.9962085), (-0.07233629, 0.048333563, -0.9962085), (-0.07233629, 0.048333563, -0.9962085), (-0.07233629, 0.048333563, -0.9962085), (-0.078026235, 0.03847828, -0.9962085), (-0.078026235, 0.03847828, -0.9962085), (-0.078026235, 0.03847828, -0.9962085), (-0.08238114, 0.027964627, -0.9962085), (-0.08238114, 0.027964627, -0.9962085), (-0.08238114, 0.027964627, -0.9962085), (-0.08532647, 0.01697249, -0.9962085), (-0.08532647, 0.01697249, -0.9962085), (-0.08532647, 0.01697249, -0.9962085), (-0.08681185, 0.005689949, -0.9962085), (-0.08681185, 0.005689949, -0.9962085), (-0.08681185, 0.005689949, -0.9962085), (-0.08681185, -0.005689949, -0.9962085), (-0.08681185, -0.005689949, -0.9962085), (-0.08681185, -0.005689949, -0.9962085), (-0.08532647, -0.01697249, -0.9962085), (-0.08532647, -0.01697249, -0.9962085), (-0.08532647, -0.01697249, -0.9962085), (-0.08238114, -0.027964627, -0.9962085), (-0.08238114, -0.027964627, -0.9962085), (-0.08238114, -0.027964627, -0.9962085), (-0.078026235, -0.03847828, -0.9962085), (-0.078026235, -0.03847828, -0.9962085), (-0.078026235, -0.03847828, -0.9962085), (-0.07233629, -0.048333563, -0.9962085), (-0.07233629, -0.048333563, -0.9962085), (-0.07233629, -0.048333563, -0.9962085), (-0.06540865, -0.057361845, -0.9962085), (-0.06540865, -0.057361845, -0.9962085), (-0.06540865, -0.057361845, -0.9962085), (-0.057361845, -0.06540865, -0.9962085), (-0.057361845, -0.06540865, -0.9962085), (-0.057361845, -0.06540865, -0.9962085), (-0.048333563, -0.07233629, -0.9962085), (-0.048333563, -0.07233629, -0.9962085), (-0.048333563, -0.07233629, -0.9962085), (-0.03847828, -0.078026235, -0.9962085), (-0.03847828, -0.078026235, -0.9962085), (-0.03847828, -0.078026235, -0.9962085), (-0.027964627, -0.08238114, -0.9962085), (-0.027964627, -0.08238114, -0.9962085), (-0.027964627, -0.08238114, -0.9962085), (-0.01697249, -0.08532647, -0.9962085), (-0.01697249, -0.08532647, -0.9962085), (-0.01697249, -0.08532647, -0.9962085), (-0.005689949, -0.08681185, -0.9962085), (-0.005689949, -0.08681185, -0.9962085), (-0.005689949, -0.08681185, -0.9962085), (0.005689949, -0.08681185, -0.9962085), (0.005689949, -0.08681185, -0.9962085), (0.005689949, -0.08681185, -0.9962085), (0.01697249, -0.08532647, -0.9962085), (0.01697249, -0.08532647, -0.9962085), (0.01697249, -0.08532647, -0.9962085), (0.027964627, -0.08238114, -0.9962085), (0.027964627, -0.08238114, -0.9962085), (0.027964627, -0.08238114, -0.9962085), (0.03847828, -0.078026235, -0.9962085), (0.03847828, -0.078026235, -0.9962085), (0.03847828, -0.078026235, -0.9962085), (0.048333563, -0.07233629, -0.9962085), (0.048333563, -0.07233629, -0.9962085), (0.048333563, -0.07233629, -0.9962085), (0.057361845, -0.06540865, -0.9962085), (0.057361845, -0.06540865, -0.9962085), (0.057361845, -0.06540865, -0.9962085), (0.06540865, -0.057361845, -0.9962085), (0.06540865, -0.057361845, -0.9962085), (0.06540865, -0.057361845, -0.9962085), (0.07233629, -0.048333563, -0.9962085), (0.07233629, -0.048333563, -0.9962085), (0.07233629, -0.048333563, -0.9962085), (0.078026235, -0.03847828, -0.9962085), (0.078026235, -0.03847828, -0.9962085), (0.078026235, -0.03847828, -0.9962085), (0.08238114, -0.027964627, -0.9962085), (0.08238114, -0.027964627, -0.9962085), (0.08238114, -0.027964627, -0.9962085), (0.08532647, -0.01697249, -0.9962085), (0.08532647, -0.01697249, -0.9962085), (0.08532647, -0.01697249, -0.9962085), (0.08681185, -0.005689949, -0.9962085), (0.08681185, -0.005689949, -0.9962085), (0.08681185, -0.005689949, -0.9962085)] (
                interpolation = "faceVarying"
            )
            point3f[] points = [(2.2, 2, 2.85), (2.2456841, 2, 2.8470056), (2.2452934, 2.005963, 2.8470056), (2.2, 2, 2.85), (2.2452934, 2.005963, 2.8470056), (2.2441275, 2.011824, 2.8470056), (2.2, 2, 2.85), (2.2441275, 2.011824, 2.8470056), (2.2422066, 2.0174825, 2.8470056), (2.2, 2, 2.85), (2.2422066, 2.0174825, 2.8470056), (2.2395637, 2.0228422, 2.8470056), (2.2, 2, 2.85), (2.2395637, 2.0228422, 2.8470056), (2.2362437, 2.0278108, 2.8470056), (2.2, 2, 2.85), (2.2362437, 2.0278108, 2.8470056), (2.2323036, 2.0323036, 2.8470056), (2.2, 2, 2.85), (2.2323036, 2.0323036, 2.8470056), (2.2278109, 2.0362437, 2.8470056), (2.2, 2, 2.85), (2.2278109, 2.0362437, 2.8470056), (2.222842, 2.0395637, 2.8470056), (2.2, 2, 2.85), (2.222842, 2.0395637, 2.8470056), (2.2174826, 2.0422068, 2.8470056), (2.2, 2, 2.85), (2.2174826, 2.0422068, 2.8470056), (2.211824, 2.0441275, 2.8470056), (2.2, 2, 2.85), (2.211824, 2.0441275, 2.8470056), (2.205963, 2.0452933, 2.8470056), (2.2, 2, 2.85), (2.205963, 2.0452933, 2.8470056), (2.2, 2.045684, 2.8470056), (2.2, 2, 2.85), (2.2, 2.045684, 2.8470056), (2.194037, 2.0452933, 2.8470056), (2.2, 2, 2.85), (2.194037, 2.0452933, 2.8470056), (2.1881762, 2.0441275, 2.8470056), (2.2, 2, 2.85), (2.1881762, 2.0441275, 2.8470056), (2.1825175, 2.0422068, 2.8470056), (2.2, 2, 2.85), (2.1825175, 2.0422068, 2.8470056), (2.1771579, 2.0395637, 2.8470056), (2.2, 2, 2.85), (2.1771579, 2.0395637, 2.8470056), (2.1721892, 2.0362437, 2.8470056), (2.2, 2, 2.85), (2.1721892, 2.0362437, 2.8470056), (2.1676965, 2.0323036, 2.8470056), (2.2, 2, 2.85), (2.1676965, 2.0323036, 2.8470056), (2.1637564, 2.0278108, 2.8470056), (2.2, 2, 2.85), (2.1637564, 2.0278108, 2.8470056), (2.1604364, 2.0228422, 2.8470056), (2.2, 2, 2.85), (2.1604364, 2.0228422, 2.8470056), (2.1577933, 2.0174825, 2.8470056), (2.2, 2, 2.85), (2.1577933, 2.0174825, 2.8470056), (2.1558726, 2.011824, 2.8470056), (2.2, 2, 2.85), (2.1558726, 2.011824, 2.8470056), (2.1547067, 2.005963, 2.8470056), (2.2, 2, 2.85), (2.1547067, 2.005963, 2.8470056), (2.154316, 2, 2.8470056), (2.2, 2, 2.85), (2.154316, 2, 2.8470056), (2.1547067, 1.994037, 2.8470056), (2.2, 2, 2.85), (2.1547067, 1.994037, 2.8470056), (2.1558726, 1.9881761, 2.8470056), (2.2, 2, 2.85), (2.1558726, 1.9881761, 2.8470056), (2.1577933, 1.9825175, 2.8470056), (2.2, 2, 2.85), (2.1577933, 1.9825175, 2.8470056), (2.1604364, 1.977158, 2.8470056), (2.2, 2, 2.85), (2.1604364, 1.977158, 2.8470056), (2.1637564, 1.9721892, 2.8470056), (2.2, 2, 2.85), (2.1637564, 1.9721892, 2.8470056), (2.1676965, 1.9676964, 2.8470056), (2.2, 2, 2.85), (2.1676965, 1.9676964, 2.8470056), (2.1721892, 1.9637563, 2.8470056), (2.2, 2, 2.85), (2.1721892, 1.9637563, 2.8470056), (2.1771579, 1.9604363, 2.8470056), (2.2, 2, 2.85), (2.1771579, 1.9604363, 2.8470056), (2.1825175, 1.9577934, 2.8470056), (2.2, 2, 2.85), (2.1825175, 1.9577934, 2.8470056), (2.1881762, 1.9558725, 2.8470056), (2.2, 2, 2.85), (2.1881762, 1.9558725, 2.8470056), (2.194037, 1.9547067, 2.8470056), (2.2, 2, 2.85), (2.194037, 1.9547067, 2.8470056), (2.2, 1.9543158, 2.8470056), (2.2, 2, 2.85), (2.2, 1.9543158, 2.8470056), (2.205963, 1.9547067, 2.8470056), (2.2, 2, 2.85), (2.205963, 1.9547067, 2.8470056), (2.211824, 1.9558725, 2.8470056), (2.2, 2, 2.85), (2.211824, 1.9558725, 2.8470056), (2.2174826, 1.9577934, 2.8470056), (2.2, 2, 2.85), (2.2174826, 1.9577934, 2.8470056), (2.222842, 1.9604363, 2.8470056), (2.2, 2, 2.85), (2.222842, 1.9604363, 2.8470056), (2.2278109, 1.9637563, 2.8470056), (2.2, 2, 2.85), (2.2278109, 1.9637563, 2.8470056), (2.2323036, 1.9676964, 2.8470056), (2.2, 2, 2.85), (2.2323036, 1.9676964, 2.8470056), (2.2362437, 1.9721892, 2.8470056), (2.2, 2, 2.85), (2.2362437, 1.9721892, 2.8470056), (2.2395637, 1.977158, 2.8470056), (2.2, 2, 2.85), (2.2395637, 1.977158, 2.8470056), (2.2422066, 1.9825175, 2.8470056), (2.2, 2, 2.85), (2.2422066, 1.9825175, 2.8470056), (2.2441275, 1.9881761, 2.8470056), (2.2, 2, 2.85), (2.2441275, 1.9881761, 2.8470056), (2.2452934, 1.994037, 2.8470056), (2.2, 2, 2.85), (2.2452934, 1.994037, 2.8470056), (2.2456841, 2, 2.8470056), (2.2456841, 2, 2.8470056), (2.2905867, 2, 2.838074), (2.2898116, 2.011824, 2.838074), (2.2452934, 2.005963, 2.8470056), (2.2452934, 2.005963, 2.8470056), (2.2898116, 2.011824, 2.838074), (2.2875, 2.0234456, 2.838074), (2.2441275, 2.011824, 2.8470056), (2.2441275, 2.011824, 2.8470056), (2.2875, 2.0234456, 2.838074), (2.2836912, 2.034666, 2.838074), (2.2422066, 2.0174825, 2.8470056), (2.2422066, 2.0174825, 2.8470056), (2.2836912, 2.034666, 2.838074), (2.2784503, 2.0452933, 2.838074), (2.2395637, 2.0228422, 2.8470056), (2.2395637, 2.0228422, 2.8470056), (2.2784503, 2.0452933, 2.838074), (2.2718673, 2.0551457, 2.838074), (2.2362437, 2.0278108, 2.8470056), (2.2362437, 2.0278108, 2.8470056), (2.2718673, 2.0551457, 2.838074), (2.2640545, 2.0640545, 2.838074), (2.2323036, 2.0323036, 2.8470056), (2.2323036, 2.0323036, 2.8470056), (2.2640545, 2.0640545, 2.838074), (2.2551455, 2.0718672, 2.838074), (2.2278109, 2.0362437, 2.8470056), (2.2278109, 2.0362437, 2.8470056), (2.2551455, 2.0718672, 2.838074), (2.2452934, 2.0784504, 2.838074), (2.222842, 2.0395637, 2.8470056), (2.222842, 2.0395637, 2.8470056), (2.2452934, 2.0784504, 2.838074), (2.234666, 2.0836911, 2.838074), (2.2174826, 2.0422068, 2.8470056), (2.2174826, 2.0422068, 2.8470056), (2.234666, 2.0836911, 2.838074), (2.2234457, 2.0875, 2.838074), (2.211824, 2.0441275, 2.8470056), (2.211824, 2.0441275, 2.8470056), (2.2234457, 2.0875, 2.838074), (2.211824, 2.0898118, 2.838074), (2.205963, 2.0452933, 2.8470056), (2.205963, 2.0452933, 2.8470056), (2.211824, 2.0898118, 2.838074), (2.2, 2.0905867, 2.838074), (2.2, 2.045684, 2.8470056), (2.2, 2.045684, 2.8470056), (2.2, 2.0905867, 2.838074), (2.1881762, 2.0898118, 2.838074), (2.194037, 2.0452933, 2.8470056), (2.194037, 2.0452933, 2.8470056), (2.1881762, 2.0898118, 2.838074), (2.1765544, 2.0875, 2.838074), (2.1881762, 2.0441275, 2.8470056), (2.1881762, 2.0441275, 2.8470056), (2.1765544, 2.0875, 2.838074), (2.165334, 2.0836911, 2.838074), (2.1825175, 2.0422068, 2.8470056), (2.1825175, 2.0422068, 2.8470056), (2.165334, 2.0836911, 2.838074), (2.1547067, 2.0784504, 2.838074), (2.1771579, 2.0395637, 2.8470056), (2.1771579, 2.0395637, 2.8470056), (2.1547067, 2.0784504, 2.838074), (2.1448543, 2.0718672, 2.838074), (2.1721892, 2.0362437, 2.8470056), (2.1721892, 2.0362437, 2.8470056), (2.1448543, 2.0718672, 2.838074), (2.1359456, 2.0640545, 2.838074), (2.1676965, 2.0323036, 2.8470056), (2.1676965, 2.0323036, 2.8470056), (2.1359456, 2.0640545, 2.838074), (2.1281328, 2.0551457, 2.838074), (2.1637564, 2.0278108, 2.8470056), (2.1637564, 2.0278108, 2.8470056), (2.1281328, 2.0551457, 2.838074), (2.1215496, 2.0452933, 2.838074), (2.1604364, 2.0228422, 2.8470056), (2.1604364, 2.0228422, 2.8470056), (2.1215496, 2.0452933, 2.838074), (2.116309, 2.034666, 2.838074), (2.1577933, 2.0174825, 2.8470056), (2.1577933, 2.0174825, 2.8470056), (2.116309, 2.034666, 2.838074), (2.1125, 2.0234456, 2.838074), (2.1558726, 2.011824, 2.8470056), (2.1558726, 2.011824, 2.8470056), (2.1125, 2.0234456, 2.838074), (2.1101882, 2.011824, 2.838074), (2.1547067, 2.005963, 2.8470056), (2.1547067, 2.005963, 2.8470056), (2.1101882, 2.011824, 2.838074), (2.1094134, 2, 2.838074), (2.154316, 2, 2.8470056), (2.154316, 2, 2.8470056), (2.1094134, 2, 2.838074), (2.1101882, 1.9881761, 2.838074), (2.1547067, 1.994037, 2.8470056), (2.1547067, 1.994037, 2.8470056), (2.1101882, 1.9881761, 2.838074), (2.1125, 1.9765544, 2.838074), (2.1558726, 1.9881761, 2.8470056), (2.1558726, 1.9881761, 2.8470056), (2.1125, 1.9765544, 2.838074), (2.116309, 1.9653339, 2.838074), (2.1577933, 1.9825175, 2.8470056), (2.1577933, 1.9825175, 2.8470056), (2.116309, 1.9653339, 2.838074), (2.1215496, 1.9547067, 2.838074), (2.1604364, 1.977158, 2.8470056), (2.1604364, 1.977158, 2.8470056), (2.1215496, 1.9547067, 2.838074), (2.1281328, 1.9448544, 2.838074), (2.1637564, 1.9721892, 2.8470056), (2.1637564, 1.9721892, 2.8470056), (2.1281328, 1.9448544, 2.838074), (2.1359456, 1.9359455, 2.838074), (2.1676965, 1.9676964, 2.8470056), (2.1676965, 1.9676964, 2.8470056), (2.1359456, 1.9359455, 2.838074), (2.1448543, 1.9281328, 2.838074), (2.1721892, 1.9637563, 2.8470056), (2.1721892, 1.9637563, 2.8470056), (2.1448543, 1.9281328, 2.838074), (2.1547067, 1.9215497, 2.838074), (2.1771579, 1.9604363, 2.8470056), (2.1771579, 1.9604363, 2.8470056), (2.1547067, 1.9215497, 2.838074), (2.165334, 1.9163089, 2.838074), (2.1825175, 1.9577934, 2.8470056), (2.1825175, 1.9577934, 2.8470056), (2.165334, 1.9163089, 2.838074), (2.1765544, 1.9125, 2.838074), (2.1881762, 1.9558725, 2.8470056), (2.1881762, 1.9558725, 2.8470056), (2.1765544, 1.9125, 2.838074), (2.1881762, 1.9101883, 2.838074), (2.194037, 1.9547067, 2.8470056), (2.194037, 1.9547067, 2.8470056), (2.1881762, 1.9101883, 2.838074), (2.2, 1.9094133, 2.838074), (2.2, 1.9543158, 2.8470056), (2.2, 1.9543158, 2.8470056), (2.2, 1.9094133, 2.838074), (2.211824, 1.9101883, 2.838074), (2.205963, 1.9547067, 2.8470056), (2.205963, 1.9547067, 2.8470056), (2.211824, 1.9101883, 2.838074), (2.2234457, 1.9125, 2.838074), (2.211824, 1.9558725, 2.8470056), (2.211824, 1.9558725, 2.8470056), (2.2234457, 1.9125, 2.838074), (2.234666, 1.9163089, 2.838074), (2.2174826, 1.9577934, 2.8470056), (2.2174826, 1.9577934, 2.8470056), (2.234666, 1.9163089, 2.838074), (2.2452934, 1.9215497, 2.838074), (2.222842, 1.9604363, 2.8470056), (2.222842, 1.9604363, 2.8470056), (2.2452934, 1.9215497, 2.838074), (2.2551455, 1.9281328, 2.838074), (2.2278109, 1.9637563, 2.8470056), (2.2278109, 1.9637563, 2.8470056), (2.2551455, 1.9281328, 2.838074), (2.2640545, 1.9359455, 2.838074), (2.2323036, 1.9676964, 2.8470056), (2.2323036, 1.9676964, 2.8470056), (2.2640545, 1.9359455, 2.838074), (2.2718673, 1.9448544, 2.838074), (2.2362437, 1.9721892, 2.8470056), (2.2362437, 1.9721892, 2.8470056), (2.2718673, 1.9448544, 2.838074), (2.2784503, 1.9547067, 2.838074), (2.2395637, 1.977158, 2.8470056), (2.2395637, 1.977158, 2.8470056), (2.2784503, 1.9547067, 2.838074), (2.2836912, 1.9653339, 2.838074), (2.2422066, 1.9825175, 2.8470056), (2.2422066, 1.9825175, 2.8470056), (2.2836912, 1.9653339, 2.838074), (2.2875, 1.9765544, 2.838074), (2.2441275, 1.9881761, 2.8470056), (2.2441275, 1.9881761, 2.8470056), (2.2875, 1.9765544, 2.838074), (2.2898116, 1.9881761, 2.838074), (2.2452934, 1.994037, 2.8470056), (2.2452934, 1.994037, 2.8470056), (2.2898116, 1.9881761, 2.838074), (2.2905867, 2, 2.838074), (2.2456841, 2, 2.8470056), (2.2905867, 2, 2.838074), (2.3339393, 2, 2.8233578), (2.3327932, 2.0174825, 2.8233578), (2.2898116, 2.011824, 2.838074), (2.2898116, 2.011824, 2.838074), (2.3327932, 2.0174825, 2.8233578), (2.3293753, 2.034666, 2.8233578), (2.2875, 2.0234456, 2.838074), (2.2875, 2.0234456, 2.838074), (2.3293753, 2.034666, 2.8233578), (2.3237436, 2.0512564, 2.8233578), (2.2836912, 2.034666, 2.838074), (2.2836912, 2.034666, 2.838074), (2.3237436, 2.0512564, 2.8233578), (2.3159947, 2.0669696, 2.8233578), (2.2784503, 2.0452933, 2.838074), (2.2784503, 2.0452933, 2.838074), (2.3159947, 2.0669696, 2.8233578), (2.306261, 2.081537, 2.8233578), (2.2718673, 2.0551457, 2.838074), (2.2718673, 2.0551457, 2.838074), (2.306261, 2.081537, 2.8233578), (2.2947092, 2.0947094, 2.8233578), (2.2640545, 2.0640545, 2.838074), (2.2640545, 2.0640545, 2.838074), (2.2947092, 2.0947094, 2.8233578), (2.281537, 2.106261, 2.8233578), (2.2551455, 2.0718672, 2.838074), (2.2551455, 2.0718672, 2.838074), (2.281537, 2.106261, 2.8233578), (2.2669697, 2.1159947, 2.8233578), (2.2452934, 2.0784504, 2.838074), (2.2452934, 2.0784504, 2.838074), (2.2669697, 2.1159947, 2.8233578), (2.2512562, 2.1237438, 2.8233578), (2.234666, 2.0836911, 2.838074), (2.234666, 2.0836911, 2.838074), (2.2512562, 2.1237438, 2.8233578), (2.234666, 2.1293752, 2.8233578), (2.2234457, 2.0875, 2.838074), (2.2234457, 2.0875, 2.838074), (2.234666, 2.1293752, 2.8233578), (2.2174826, 2.1327934, 2.8233578), (2.211824, 2.0898118, 2.838074), (2.211824, 2.0898118, 2.838074), (2.2174826, 2.1327934, 2.8233578), (2.2, 2.1339393, 2.8233578), (2.2, 2.0905867, 2.838074), (2.2, 2.0905867, 2.838074), (2.2, 2.1339393, 2.8233578), (2.1825175, 2.1327934, 2.8233578), (2.1881762, 2.0898118, 2.838074), (2.1881762, 2.0898118, 2.838074), (2.1825175, 2.1327934, 2.8233578), (2.165334, 2.1293752, 2.8233578), (2.1765544, 2.0875, 2.838074), (2.1765544, 2.0875, 2.838074), (2.165334, 2.1293752, 2.8233578), (2.1487436, 2.1237438, 2.8233578), (2.165334, 2.0836911, 2.838074), (2.165334, 2.0836911, 2.838074), (2.1487436, 2.1237438, 2.8233578), (2.1330304, 2.1159947, 2.8233578), (2.1547067, 2.0784504, 2.838074), (2.1547067, 2.0784504, 2.838074), (2.1330304, 2.1159947, 2.8233578), (2.118463, 2.106261, 2.8233578), (2.1448543, 2.0718672, 2.838074), (2.1448543, 2.0718672, 2.838074), (2.118463, 2.106261, 2.8233578), (2.1052907, 2.0947094, 2.8233578), (2.1359456, 2.0640545, 2.838074), (2.1359456, 2.0640545, 2.838074), (2.1052907, 2.0947094, 2.8233578), (2.0937388, 2.081537, 2.8233578), (2.1281328, 2.0551457, 2.838074), (2.1281328, 2.0551457, 2.838074), (2.0937388, 2.081537, 2.8233578), (2.0840054, 2.0669696, 2.8233578), (2.1215496, 2.0452933, 2.838074), (2.1215496, 2.0452933, 2.838074), (2.0840054, 2.0669696, 2.8233578), (2.0762563, 2.0512564, 2.8233578), (2.116309, 2.034666, 2.838074), (2.116309, 2.034666, 2.838074), (2.0762563, 2.0512564, 2.8233578), (2.0706246, 2.034666, 2.8233578), (2.1125, 2.0234456, 2.838074), (2.1125, 2.0234456, 2.838074), (2.0706246, 2.034666, 2.8233578), (2.0672066, 2.0174825, 2.8233578), (2.1101882, 2.011824, 2.838074), (2.1101882, 2.011824, 2.838074), (2.0672066, 2.0174825, 2.8233578), (2.0660608, 2, 2.8233578), (2.1094134, 2, 2.838074), (2.1094134, 2, 2.838074), (2.0660608, 2, 2.8233578), (2.0672066, 1.9825175, 2.8233578), (2.1101882, 1.9881761, 2.838074), (2.1101882, 1.9881761, 2.838074), (2.0672066, 1.9825175, 2.8233578), (2.0706246, 1.9653339, 2.8233578), (2.1125, 1.9765544, 2.838074), (2.1125, 1.9765544, 2.838074), (2.0706246, 1.9653339, 2.8233578), (2.0762563, 1.9487437, 2.8233578), (2.116309, 1.9653339, 2.838074), (2.116309, 1.9653339, 2.838074), (2.0762563, 1.9487437, 2.8233578), (2.0840054, 1.9330304, 2.8233578), (2.1215496, 1.9547067, 2.838074), (2.1215496, 1.9547067, 2.838074), (2.0840054, 1.9330304, 2.8233578), (2.0937388, 1.918463, 2.8233578), (2.1281328, 1.9448544, 2.838074), (2.1281328, 1.9448544, 2.838074), (2.0937388, 1.918463, 2.8233578), (2.1052907, 1.9052907, 2.8233578), (2.1359456, 1.9359455, 2.838074), (2.1359456, 1.9359455, 2.838074), (2.1052907, 1.9052907, 2.8233578), (2.118463, 1.8937389, 2.8233578), (2.1448543, 1.9281328, 2.838074), (2.1448543, 1.9281328, 2.838074), (2.118463, 1.8937389, 2.8233578), (2.1330304, 1.8840053, 2.8233578), (2.1547067, 1.9215497, 2.838074), (2.1547067, 1.9215497, 2.838074), (2.1330304, 1.8840053, 2.8233578), (2.1487436, 1.8762563, 2.8233578), (2.165334, 1.9163089, 2.838074), (2.165334, 1.9163089, 2.838074), (2.1487436, 1.8762563, 2.8233578), (2.165334, 1.8706247, 2.8233578), (2.1765544, 1.9125, 2.838074), (2.1765544, 1.9125, 2.838074), (2.165334, 1.8706247, 2.8233578), (2.1825175, 1.8672067, 2.8233578), (2.1881762, 1.9101883, 2.838074), (2.1881762, 1.9101883, 2.838074), (2.1825175, 1.8672067, 2.8233578), (2.2, 1.8660609, 2.8233578), (2.2, 1.9094133, 2.838074), (2.2, 1.9094133, 2.838074), (2.2, 1.8660609, 2.8233578), (2.2174826, 1.8672067, 2.8233578), (2.211824, 1.9101883, 2.838074), (2.211824, 1.9101883, 2.838074), (2.2174826, 1.8672067, 2.8233578), (2.234666, 1.8706247, 2.8233578), (2.2234457, 1.9125, 2.838074), (2.2234457, 1.9125, 2.838074), (2.234666, 1.8706247, 2.8233578), (2.2512562, 1.8762563, 2.8233578), (2.234666, 1.9163089, 2.838074), (2.234666, 1.9163089, 2.838074), (2.2512562, 1.8762563, 2.8233578), (2.2669697, 1.8840053, 2.8233578), (2.2452934, 1.9215497, 2.838074), (2.2452934, 1.9215497, 2.838074), (2.2669697, 1.8840053, 2.8233578), (2.281537, 1.8937389, 2.8233578), (2.2551455, 1.9281328, 2.838074), (2.2551455, 1.9281328, 2.838074), (2.281537, 1.8937389, 2.8233578), (2.2947092, 1.9052907, 2.8233578), (2.2640545, 1.9359455, 2.838074), (2.2640545, 1.9359455, 2.838074), (2.2947092, 1.9052907, 2.8233578), (2.306261, 1.918463, 2.8233578), (2.2718673, 1.9448544, 2.838074), (2.2718673, 1.9448544, 2.838074), (2.306261, 1.918463, 2.8233578), (2.3159947, 1.9330304, 2.8233578), (2.2784503, 1.9547067, 2.838074), (2.2784503, 1.9547067, 2.838074), (2.3159947, 1.9330304, 2.8233578), (2.3237436, 1.9487437, 2.8233578), (2.2836912, 1.9653339, 2.838074), (2.2836912, 1.9653339, 2.838074), (2.3237436, 1.9487437, 2.8233578), (2.3293753, 1.9653339, 2.8233578), (2.2875, 1.9765544, 2.838074), (2.2875, 1.9765544, 2.838074), (2.3293753, 1.9653339, 2.8233578), (2.3327932, 1.9825175, 2.8233578), (2.2898116, 1.9881761, 2.838074), (2.2898116, 1.9881761, 2.838074), (2.3327932, 1.9825175, 2.8233578), (2.3339393, 2, 2.8233578), (2.2905867, 2, 2.838074), (2.3339393, 2, 2.8233578), (2.375, 2, 2.803109), (2.373503, 2.0228422, 2.803109), (2.3327932, 2.0174825, 2.8233578), (2.3327932, 2.0174825, 2.8233578), (2.373503, 2.0228422, 2.803109), (2.369037, 2.0452933, 2.803109), (2.3293753, 2.034666, 2.8233578), (2.3293753, 2.034666, 2.8233578), (2.369037, 2.0452933, 2.803109), (2.3616788, 2.0669696, 2.803109), (2.3237436, 2.0512564, 2.8233578), (2.3237436, 2.0512564, 2.8233578), (2.3616788, 2.0669696, 2.803109), (2.3515544, 2.0875, 2.803109), (2.3159947, 2.0669696, 2.8233578), (2.3159947, 2.0669696, 2.8233578), (2.3515544, 2.0875, 2.803109), (2.338837, 2.1065333, 2.803109), (2.306261, 2.081537, 2.8233578), (2.306261, 2.081537, 2.8233578), (2.338837, 2.1065333, 2.803109), (2.3237436, 2.1237438, 2.803109), (2.2947092, 2.0947094, 2.8233578), (2.2947092, 2.0947094, 2.8233578), (2.3237436, 2.1237438, 2.803109), (2.3065333, 2.1388369, 2.803109), (2.281537, 2.106261, 2.8233578), (2.281537, 2.106261, 2.8233578), (2.3065333, 2.1388369, 2.803109), (2.2875, 2.1515543, 2.803109), (2.2669697, 2.1159947, 2.8233578), (2.2669697, 2.1159947, 2.8233578), (2.2875, 2.1515543, 2.803109), (2.2669697, 2.161679, 2.803109), (2.2512562, 2.1237438, 2.8233578), (2.2512562, 2.1237438, 2.8233578), (2.2669697, 2.161679, 2.803109), (2.2452934, 2.169037, 2.803109), (2.234666, 2.1293752, 2.8233578), (2.234666, 2.1293752, 2.8233578), (2.2452934, 2.169037, 2.803109), (2.222842, 2.173503, 2.803109), (2.2174826, 2.1327934, 2.8233578), (2.2174826, 2.1327934, 2.8233578), (2.222842, 2.173503, 2.803109), (2.2, 2.175, 2.803109), (2.2, 2.1339393, 2.8233578), (2.2, 2.1339393, 2.8233578), (2.2, 2.175, 2.803109), (2.1771579, 2.173503, 2.803109), (2.1825175, 2.1327934, 2.8233578), (2.1825175, 2.1327934, 2.8233578), (2.1771579, 2.173503, 2.803109), (2.1547067, 2.169037, 2.803109), (2.165334, 2.1293752, 2.8233578), (2.165334, 2.1293752, 2.8233578), (2.1547067, 2.169037, 2.803109), (2.1330304, 2.161679, 2.803109), (2.1487436, 2.1237438, 2.8233578), (2.1487436, 2.1237438, 2.8233578), (2.1330304, 2.161679, 2.803109), (2.1125, 2.1515543, 2.803109), (2.1330304, 2.1159947, 2.8233578), (2.1330304, 2.1159947, 2.8233578), (2.1125, 2.1515543, 2.803109), (2.0934668, 2.1388369, 2.803109), (2.118463, 2.106261, 2.8233578), (2.118463, 2.106261, 2.8233578), (2.0934668, 2.1388369, 2.803109), (2.0762563, 2.1237438, 2.803109), (2.1052907, 2.0947094, 2.8233578), (2.1052907, 2.0947094, 2.8233578), (2.0762563, 2.1237438, 2.803109), (2.0611632, 2.1065333, 2.803109), (2.0937388, 2.081537, 2.8233578), (2.0937388, 2.081537, 2.8233578), (2.0611632, 2.1065333, 2.803109), (2.0484455, 2.0875, 2.803109), (2.0840054, 2.0669696, 2.8233578), (2.0840054, 2.0669696, 2.8233578), (2.0484455, 2.0875, 2.803109), (2.038321, 2.0669696, 2.803109), (2.0762563, 2.0512564, 2.8233578), (2.0762563, 2.0512564, 2.8233578), (2.038321, 2.0669696, 2.803109), (2.030963, 2.0452933, 2.803109), (2.0706246, 2.034666, 2.8233578), (2.0706246, 2.034666, 2.8233578), (2.030963, 2.0452933, 2.803109), (2.0264971, 2.0228422, 2.803109), (2.0672066, 2.0174825, 2.8233578), (2.0672066, 2.0174825, 2.8233578), (2.0264971, 2.0228422, 2.803109), (2.025, 2, 2.803109), (2.0660608, 2, 2.8233578), (2.0660608, 2, 2.8233578), (2.025, 2, 2.803109), (2.0264971, 1.977158, 2.803109), (2.0672066, 1.9825175, 2.8233578), (2.0672066, 1.9825175, 2.8233578), (2.0264971, 1.977158, 2.803109), (2.030963, 1.9547067, 2.803109), (2.0706246, 1.9653339, 2.8233578), (2.0706246, 1.9653339, 2.8233578), (2.030963, 1.9547067, 2.803109), (2.038321, 1.9330304, 2.803109), (2.0762563, 1.9487437, 2.8233578), (2.0762563, 1.9487437, 2.8233578), (2.038321, 1.9330304, 2.803109), (2.0484455, 1.9125, 2.803109), (2.0840054, 1.9330304, 2.8233578), (2.0840054, 1.9330304, 2.8233578), (2.0484455, 1.9125, 2.803109), (2.0611632, 1.8934667, 2.803109), (2.0937388, 1.918463, 2.8233578), (2.0937388, 1.918463, 2.8233578), (2.0611632, 1.8934667, 2.803109), (2.0762563, 1.8762563, 2.803109), (2.1052907, 1.9052907, 2.8233578), (2.1052907, 1.9052907, 2.8233578), (2.0762563, 1.8762563, 2.803109), (2.0934668, 1.8611631, 2.803109), (2.118463, 1.8937389, 2.8233578), (2.118463, 1.8937389, 2.8233578), (2.0934668, 1.8611631, 2.803109), (2.1125, 1.8484455, 2.803109), (2.1330304, 1.8840053, 2.8233578), (2.1330304, 1.8840053, 2.8233578), (2.1125, 1.8484455, 2.803109), (2.1330304, 1.8383211, 2.803109), (2.1487436, 1.8762563, 2.8233578), (2.1487436, 1.8762563, 2.8233578), (2.1330304, 1.8383211, 2.803109), (2.1547067, 1.830963, 2.803109), (2.165334, 1.8706247, 2.8233578), (2.165334, 1.8706247, 2.8233578), (2.1547067, 1.830963, 2.803109), (2.1771579, 1.8264972, 2.803109), (2.1825175, 1.8672067, 2.8233578), (2.1825175, 1.8672067, 2.8233578), (2.1771579, 1.8264972, 2.803109), (2.2, 1.825, 2.803109), (2.2, 1.8660609, 2.8233578), (2.2, 1.8660609, 2.8233578), (2.2, 1.825, 2.803109), (2.222842, 1.8264972, 2.803109), (2.2174826, 1.8672067, 2.8233578), (2.2174826, 1.8672067, 2.8233578), (2.222842, 1.8264972, 2.803109), (2.2452934, 1.830963, 2.803109), (2.234666, 1.8706247, 2.8233578), (2.234666, 1.8706247, 2.8233578), (2.2452934, 1.830963, 2.803109), (2.2669697, 1.8383211, 2.803109), (2.2512562, 1.8762563, 2.8233578), (2.2512562, 1.8762563, 2.8233578), (2.2669697, 1.8383211, 2.803109), (2.2875, 1.8484455, 2.803109), (2.2669697, 1.8840053, 2.8233578), (2.2669697, 1.8840053, 2.8233578), (2.2875, 1.8484455, 2.803109), (2.3065333, 1.8611631, 2.803109), (2.281537, 1.8937389, 2.8233578), (2.281537, 1.8937389, 2.8233578), (2.3065333, 1.8611631, 2.803109), (2.3237436, 1.8762563, 2.803109), (2.2947092, 1.9052907, 2.8233578), (2.2947092, 1.9052907, 2.8233578), (2.3237436, 1.8762563, 2.803109), (2.338837, 1.8934667, 2.803109), (2.306261, 1.918463, 2.8233578), (2.306261, 1.918463, 2.8233578), (2.338837, 1.8934667, 2.803109), (2.3515544, 1.9125, 2.803109), (2.3159947, 1.9330304, 2.8233578), (2.3159947, 1.9330304, 2.8233578), (2.3515544, 1.9125, 2.803109), (2.3616788, 1.9330304, 2.803109), (2.3237436, 1.9487437, 2.8233578), (2.3237436, 1.9487437, 2.8233578), (2.3616788, 1.9330304, 2.803109), (2.369037, 1.9547067, 2.803109), (2.3293753, 1.9653339, 2.8233578), (2.3293753, 1.9653339, 2.8233578), (2.369037, 1.9547067, 2.803109), (2.373503, 1.977158, 2.803109), (2.3327932, 1.9825175, 2.8233578), (2.3327932, 1.9825175, 2.8233578), (2.373503, 1.977158, 2.803109), (2.375, 2, 2.803109), (2.3339393, 2, 2.8233578), (2.375, 2, 2.803109), (2.4130664, 2, 2.7776737), (2.4112437, 2.0278108, 2.7776737), (2.373503, 2.0228422, 2.803109), (2.373503, 2.0228422, 2.803109), (2.4112437, 2.0278108, 2.7776737), (2.4058065, 2.0551457, 2.7776737), (2.369037, 2.0452933, 2.803109), (2.369037, 2.0452933, 2.803109), (2.4058065, 2.0551457, 2.7776737), (2.3968477, 2.081537, 2.7776737), (2.3616788, 2.0669696, 2.803109), (2.3616788, 2.0669696, 2.803109), (2.3968477, 2.081537, 2.7776737), (2.384521, 2.1065333, 2.7776737), (2.3515544, 2.0875, 2.803109), (2.3515544, 2.0875, 2.803109), (2.384521, 2.1065333, 2.7776737), (2.369037, 2.1297066, 2.7776737), (2.338837, 2.1065333, 2.803109), (2.338837, 2.1065333, 2.803109), (2.369037, 2.1297066, 2.7776737), (2.3506608, 2.1506608, 2.7776737), (2.3237436, 2.1237438, 2.803109), (2.3237436, 2.1237438, 2.803109), (2.3506608, 2.1506608, 2.7776737), (2.3297067, 2.169037, 2.7776737), (2.3065333, 2.1388369, 2.803109), (2.3065333, 2.1388369, 2.803109), (2.3297067, 2.169037, 2.7776737), (2.3065333, 2.184521, 2.7776737), (2.2875, 2.1515543, 2.803109), (2.2875, 2.1515543, 2.803109), (2.3065333, 2.184521, 2.7776737), (2.281537, 2.1968477, 2.7776737), (2.2669697, 2.161679, 2.803109), (2.2669697, 2.161679, 2.803109), (2.281537, 2.1968477, 2.7776737), (2.2551455, 2.2058065, 2.7776737), (2.2452934, 2.169037, 2.803109), (2.2452934, 2.169037, 2.803109), (2.2551455, 2.2058065, 2.7776737), (2.2278109, 2.2112436, 2.7776737), (2.222842, 2.173503, 2.803109), (2.222842, 2.173503, 2.803109), (2.2278109, 2.2112436, 2.7776737), (2.2, 2.2130666, 2.7776737), (2.2, 2.175, 2.803109), (2.2, 2.175, 2.803109), (2.2, 2.2130666, 2.7776737), (2.1721892, 2.2112436, 2.7776737), (2.1771579, 2.173503, 2.803109), (2.1771579, 2.173503, 2.803109), (2.1721892, 2.2112436, 2.7776737), (2.1448543, 2.2058065, 2.7776737), (2.1547067, 2.169037, 2.803109), (2.1547067, 2.169037, 2.803109), (2.1448543, 2.2058065, 2.7776737), (2.118463, 2.1968477, 2.7776737), (2.1330304, 2.161679, 2.803109), (2.1330304, 2.161679, 2.803109), (2.118463, 2.1968477, 2.7776737), (2.0934668, 2.184521, 2.7776737), (2.1125, 2.1515543, 2.803109), (2.1125, 2.1515543, 2.803109), (2.0934668, 2.184521, 2.7776737), (2.0702934, 2.169037, 2.7776737), (2.0934668, 2.1388369, 2.803109), (2.0934668, 2.1388369, 2.803109), (2.0702934, 2.169037, 2.7776737), (2.0493393, 2.1506608, 2.7776737), (2.0762563, 2.1237438, 2.803109), (2.0762563, 2.1237438, 2.803109), (2.0493393, 2.1506608, 2.7776737), (2.030963, 2.1297066, 2.7776737), (2.0611632, 2.1065333, 2.803109), (2.0611632, 2.1065333, 2.803109), (2.030963, 2.1297066, 2.7776737), (2.015479, 2.1065333, 2.7776737), (2.0484455, 2.0875, 2.803109), (2.0484455, 2.0875, 2.803109), (2.015479, 2.1065333, 2.7776737), (2.0031521, 2.081537, 2.7776737), (2.038321, 2.0669696, 2.803109), (2.038321, 2.0669696, 2.803109), (2.0031521, 2.081537, 2.7776737), (1.9941936, 2.0551457, 2.7776737), (2.030963, 2.0452933, 2.803109), (2.030963, 2.0452933, 2.803109), (1.9941936, 2.0551457, 2.7776737), (1.9887563, 2.0278108, 2.7776737), (2.0264971, 2.0228422, 2.803109), (2.0264971, 2.0228422, 2.803109), (1.9887563, 2.0278108, 2.7776737), (1.9869335, 2, 2.7776737), (2.025, 2, 2.803109), (2.025, 2, 2.803109), (1.9869335, 2, 2.7776737), (1.9887563, 1.9721892, 2.7776737), (2.0264971, 1.977158, 2.803109), (2.0264971, 1.977158, 2.803109), (1.9887563, 1.9721892, 2.7776737), (1.9941936, 1.9448544, 2.7776737), (2.030963, 1.9547067, 2.803109), (2.030963, 1.9547067, 2.803109), (1.9941936, 1.9448544, 2.7776737), (2.0031521, 1.918463, 2.7776737), (2.038321, 1.9330304, 2.803109), (2.038321, 1.9330304, 2.803109), (2.0031521, 1.918463, 2.7776737), (2.015479, 1.8934667, 2.7776737), (2.0484455, 1.9125, 2.803109), (2.0484455, 1.9125, 2.803109), (2.015479, 1.8934667, 2.7776737), (2.030963, 1.8702934, 2.7776737), (2.0611632, 1.8934667, 2.803109), (2.0611632, 1.8934667, 2.803109), (2.030963, 1.8702934, 2.7776737), (2.0493393, 1.8493392, 2.7776737), (2.0762563, 1.8762563, 2.803109), (2.0762563, 1.8762563, 2.803109), (2.0493393, 1.8493392, 2.7776737), (2.0702934, 1.830963, 2.7776737), (2.0934668, 1.8611631, 2.803109), (2.0934668, 1.8611631, 2.803109), (2.0702934, 1.830963, 2.7776737), (2.0934668, 1.815479, 2.7776737), (2.1125, 1.8484455, 2.803109), (2.1125, 1.8484455, 2.803109), (2.0934668, 1.815479, 2.7776737), (2.118463, 1.8031522, 2.7776737), (2.1330304, 1.8383211, 2.803109), (2.1330304, 1.8383211, 2.803109), (2.118463, 1.8031522, 2.7776737), (2.1448543, 1.7941935, 2.7776737), (2.1547067, 1.830963, 2.803109), (2.1547067, 1.830963, 2.803109), (2.1448543, 1.7941935, 2.7776737), (2.1721892, 1.7887564, 2.7776737), (2.1771579, 1.8264972, 2.803109), (2.1771579, 1.8264972, 2.803109), (2.1721892, 1.7887564, 2.7776737), (2.2, 1.7869335, 2.7776737), (2.2, 1.825, 2.803109), (2.2, 1.825, 2.803109), (2.2, 1.7869335, 2.7776737), (2.2278109, 1.7887564, 2.7776737), (2.222842, 1.8264972, 2.803109), (2.222842, 1.8264972, 2.803109), (2.2278109, 1.7887564, 2.7776737), (2.2551455, 1.7941935, 2.7776737), (2.2452934, 1.830963, 2.803109), (2.2452934, 1.830963, 2.803109), (2.2551455, 1.7941935, 2.7776737), (2.281537, 1.8031522, 2.7776737), (2.2669697, 1.8383211, 2.803109), (2.2669697, 1.8383211, 2.803109), (2.281537, 1.8031522, 2.7776737), (2.3065333, 1.815479, 2.7776737), (2.2875, 1.8484455, 2.803109), (2.2875, 1.8484455, 2.803109), (2.3065333, 1.815479, 2.7776737), (2.3297067, 1.830963, 2.7776737), (2.3065333, 1.8611631, 2.803109), (2.3065333, 1.8611631, 2.803109), (2.3297067, 1.830963, 2.7776737), (2.3506608, 1.8493392, 2.7776737), (2.3237436, 1.8762563, 2.803109), (2.3237436, 1.8762563, 2.803109), (2.3506608, 1.8493392, 2.7776737), (2.369037, 1.8702934, 2.7776737), (2.338837, 1.8934667, 2.803109), (2.338837, 1.8934667, 2.803109), (2.369037, 1.8702934, 2.7776737), (2.384521, 1.8934667, 2.7776737), (2.3515544, 1.9125, 2.803109), (2.3515544, 1.9125, 2.803109), (2.384521, 1.8934667, 2.7776737), (2.3968477, 1.918463, 2.7776737), (2.3616788, 1.9330304, 2.803109), (2.3616788, 1.9330304, 2.803109), (2.3968477, 1.918463, 2.7776737), (2.4058065, 1.9448544, 2.7776737), (2.369037, 1.9547067, 2.803109), (2.369037, 1.9547067, 2.803109), (2.4058065, 1.9448544, 2.7776737), (2.4112437, 1.9721892, 2.7776737), (2.373503, 1.977158, 2.803109), (2.373503, 1.977158, 2.803109), (2.4112437, 1.9721892, 2.7776737), (2.4130664, 2, 2.7776737), (2.375, 2, 2.803109), (2.4130664, 2, 2.7776737), (2.4474874, 2, 2.7474873), (2.4453702, 2.0323036, 2.7474873), (2.4112437, 2.0278108, 2.7776737), (2.4112437, 2.0278108, 2.7776737), (2.4453702, 2.0323036, 2.7474873), (2.4390545, 2.0640545, 2.7474873), (2.4058065, 2.0551457, 2.7776737), (2.4058065, 2.0551457, 2.7776737), (2.4390545, 2.0640545, 2.7474873), (2.4286485, 2.0947094, 2.7474873), (2.3968477, 2.081537, 2.7776737), (2.3968477, 2.081537, 2.7776737), (2.4286485, 2.0947094, 2.7474873), (2.4143302, 2.1237438, 2.7474873), (2.384521, 2.1065333, 2.7776737), (2.384521, 2.1065333, 2.7776737), (2.4143302, 2.1237438, 2.7474873), (2.396345, 2.1506608, 2.7474873), (2.369037, 2.1297066, 2.7776737), (2.369037, 2.1297066, 2.7776737), (2.396345, 2.1506608, 2.7474873), (2.375, 2.175, 2.7474873), (2.3506608, 2.1506608, 2.7776737), (2.3506608, 2.1506608, 2.7776737), (2.375, 2.175, 2.7474873), (2.3506608, 2.1963449, 2.7474873), (2.3297067, 2.169037, 2.7776737), (2.3297067, 2.169037, 2.7776737), (2.3506608, 2.1963449, 2.7474873), (2.3237436, 2.2143304, 2.7474873), (2.3065333, 2.184521, 2.7776737), (2.3065333, 2.184521, 2.7776737), (2.3237436, 2.2143304, 2.7474873), (2.2947092, 2.2286484, 2.7474873), (2.281537, 2.1968477, 2.7776737), (2.281537, 2.1968477, 2.7776737), (2.2947092, 2.2286484, 2.7474873), (2.2640545, 2.2390544, 2.7474873), (2.2551455, 2.2058065, 2.7776737), (2.2551455, 2.2058065, 2.7776737), (2.2640545, 2.2390544, 2.7474873), (2.2323036, 2.2453701, 2.7474873), (2.2278109, 2.2112436, 2.7776737), (2.2278109, 2.2112436, 2.7776737), (2.2323036, 2.2453701, 2.7474873), (2.2, 2.2474873, 2.7474873), (2.2, 2.2130666, 2.7776737), (2.2, 2.2130666, 2.7776737), (2.2, 2.2474873, 2.7474873), (2.1676965, 2.2453701, 2.7474873), (2.1721892, 2.2112436, 2.7776737), (2.1721892, 2.2112436, 2.7776737), (2.1676965, 2.2453701, 2.7474873), (2.1359456, 2.2390544, 2.7474873), (2.1448543, 2.2058065, 2.7776737), (2.1448543, 2.2058065, 2.7776737), (2.1359456, 2.2390544, 2.7474873), (2.1052907, 2.2286484, 2.7474873), (2.118463, 2.1968477, 2.7776737), (2.118463, 2.1968477, 2.7776737), (2.1052907, 2.2286484, 2.7474873), (2.0762563, 2.2143304, 2.7474873), (2.0934668, 2.184521, 2.7776737), (2.0934668, 2.184521, 2.7776737), (2.0762563, 2.2143304, 2.7474873), (2.0493393, 2.1963449, 2.7474873), (2.0702934, 2.169037, 2.7776737), (2.0702934, 2.169037, 2.7776737), (2.0493393, 2.1963449, 2.7474873), (2.025, 2.175, 2.7474873), (2.0493393, 2.1506608, 2.7776737), (2.0493393, 2.1506608, 2.7776737), (2.025, 2.175, 2.7474873), (2.003655, 2.1506608, 2.7474873), (2.030963, 2.1297066, 2.7776737), (2.030963, 2.1297066, 2.7776737), (2.003655, 2.1506608, 2.7474873), (1.9856696, 2.1237438, 2.7474873), (2.015479, 2.1065333, 2.7776737), (2.015479, 2.1065333, 2.7776737), (1.9856696, 2.1237438, 2.7474873), (1.9713515, 2.0947094, 2.7474873), (2.0031521, 2.081537, 2.7776737), (2.0031521, 2.081537, 2.7776737), (1.9713515, 2.0947094, 2.7474873), (1.9609456, 2.0640545, 2.7474873), (1.9941936, 2.0551457, 2.7776737), (1.9941936, 2.0551457, 2.7776737), (1.9609456, 2.0640545, 2.7474873), (1.9546299, 2.0323036, 2.7474873), (1.9887563, 2.0278108, 2.7776737), (1.9887563, 2.0278108, 2.7776737), (1.9546299, 2.0323036, 2.7474873), (1.9525126, 2, 2.7474873), (1.9869335, 2, 2.7776737), (1.9869335, 2, 2.7776737), (1.9525126, 2, 2.7474873), (1.9546299, 1.9676964, 2.7474873), (1.9887563, 1.9721892, 2.7776737), (1.9887563, 1.9721892, 2.7776737), (1.9546299, 1.9676964, 2.7474873), (1.9609456, 1.9359455, 2.7474873), (1.9941936, 1.9448544, 2.7776737), (1.9941936, 1.9448544, 2.7776737), (1.9609456, 1.9359455, 2.7474873), (1.9713515, 1.9052907, 2.7474873), (2.0031521, 1.918463, 2.7776737), (2.0031521, 1.918463, 2.7776737), (1.9713515, 1.9052907, 2.7474873), (1.9856696, 1.8762563, 2.7474873), (2.015479, 1.8934667, 2.7776737), (2.015479, 1.8934667, 2.7776737), (1.9856696, 1.8762563, 2.7474873), (2.003655, 1.8493392, 2.7474873), (2.030963, 1.8702934, 2.7776737), (2.030963, 1.8702934, 2.7776737), (2.003655, 1.8493392, 2.7474873), (2.025, 1.825, 2.7474873), (2.0493393, 1.8493392, 2.7776737), (2.0493393, 1.8493392, 2.7776737), (2.025, 1.825, 2.7474873), (2.0493393, 1.803655, 2.7474873), (2.0702934, 1.830963, 2.7776737), (2.0702934, 1.830963, 2.7776737), (2.0493393, 1.803655, 2.7474873), (2.0762563, 1.7856697, 2.7474873), (2.0934668, 1.815479, 2.7776737), (2.0934668, 1.815479, 2.7776737), (2.0762563, 1.7856697, 2.7474873), (2.1052907, 1.7713515, 2.7474873), (2.118463, 1.8031522, 2.7776737), (2.118463, 1.8031522, 2.7776737), (2.1052907, 1.7713515, 2.7474873), (2.1359456, 1.7609456, 2.7474873), (2.1448543, 1.7941935, 2.7776737), (2.1448543, 1.7941935, 2.7776737), (2.1359456, 1.7609456, 2.7474873), (2.1676965, 1.75463, 2.7474873), (2.1721892, 1.7887564, 2.7776737), (2.1721892, 1.7887564, 2.7776737), (2.1676965, 1.75463, 2.7474873), (2.2, 1.7525126, 2.7474873), (2.2, 1.7869335, 2.7776737), (2.2, 1.7869335, 2.7776737), (2.2, 1.7525126, 2.7474873), (2.2323036, 1.75463, 2.7474873), (2.2278109, 1.7887564, 2.7776737), (2.2278109, 1.7887564, 2.7776737), (2.2323036, 1.75463, 2.7474873), (2.2640545, 1.7609456, 2.7474873), (2.2551455, 1.7941935, 2.7776737), (2.2551455, 1.7941935, 2.7776737), (2.2640545, 1.7609456, 2.7474873), (2.2947092, 1.7713515, 2.7474873), (2.281537, 1.8031522, 2.7776737), (2.281537, 1.8031522, 2.7776737), (2.2947092, 1.7713515, 2.7474873), (2.3237436, 1.7856697, 2.7474873), (2.3065333, 1.815479, 2.7776737), (2.3065333, 1.815479, 2.7776737), (2.3237436, 1.7856697, 2.7474873), (2.3506608, 1.803655, 2.7474873), (2.3297067, 1.830963, 2.7776737), (2.3297067, 1.830963, 2.7776737), (2.3506608, 1.803655, 2.7474873), (2.375, 1.825, 2.7474873), (2.3506608, 1.8493392, 2.7776737), (2.3506608, 1.8493392, 2.7776737), (2.375, 1.825, 2.7474873), (2.396345, 1.8493392, 2.7474873), (2.369037, 1.8702934, 2.7776737), (2.369037, 1.8702934, 2.7776737), (2.396345, 1.8493392, 2.7474873), (2.4143302, 1.8762563, 2.7474873), (2.384521, 1.8934667, 2.7776737), (2.384521, 1.8934667, 2.7776737), (2.4143302, 1.8762563, 2.7474873), (2.4286485, 1.9052907, 2.7474873), (2.3968477, 1.918463, 2.7776737), (2.3968477, 1.918463, 2.7776737), (2.4286485, 1.9052907, 2.7474873), (2.4390545, 1.9359455, 2.7474873), (2.4058065, 1.9448544, 2.7776737), (2.4058065, 1.9448544, 2.7776737), (2.4390545, 1.9359455, 2.7474873), (2.4453702, 1.9676964, 2.7474873), (2.4112437, 1.9721892, 2.7776737), (2.4112437, 1.9721892, 2.7776737), (2.4453702, 1.9676964, 2.7474873), (2.4474874, 2, 2.7474873), (2.4130664, 2, 2.7776737), (2.4474874, 2, 2.7474873), (2.4776738, 2, 2.7130666), (2.4752982, 2.0362437, 2.7130666), (2.4453702, 2.0323036, 2.7474873), (2.4453702, 2.0323036, 2.7474873), (2.4752982, 2.0362437, 2.7130666), (2.4682121, 2.0718672, 2.7130666), (2.4390545, 2.0640545, 2.7474873), (2.4390545, 2.0640545, 2.7474873), (2.4682121, 2.0718672, 2.7130666), (2.456537, 2.106261, 2.7130666), (2.4286485, 2.0947094, 2.7474873), (2.4286485, 2.0947094, 2.7474873), (2.456537, 2.106261, 2.7130666), (2.4404724, 2.1388369, 2.7130666), (2.4143302, 2.1237438, 2.7474873), (2.4143302, 2.1237438, 2.7474873), (2.4404724, 2.1388369, 2.7130666), (2.4202933, 2.169037, 2.7130666), (2.396345, 2.1506608, 2.7474873), (2.396345, 2.1506608, 2.7474873), (2.4202933, 2.169037, 2.7130666), (2.396345, 2.1963449, 2.7130666), (2.375, 2.175, 2.7474873), (2.375, 2.175, 2.7474873), (2.396345, 2.1963449, 2.7130666), (2.369037, 2.2202933, 2.7130666), (2.3506608, 2.1963449, 2.7474873), (2.3506608, 2.1963449, 2.7474873), (2.369037, 2.2202933, 2.7130666), (2.338837, 2.2404726, 2.7130666), (2.3237436, 2.2143304, 2.7474873), (2.3237436, 2.2143304, 2.7474873), (2.338837, 2.2404726, 2.7130666), (2.306261, 2.256537, 2.7130666), (2.2947092, 2.2286484, 2.7474873), (2.2947092, 2.2286484, 2.7474873), (2.306261, 2.256537, 2.7130666), (2.2718673, 2.268212, 2.7130666), (2.2640545, 2.2390544, 2.7474873), (2.2640545, 2.2390544, 2.7474873), (2.2718673, 2.268212, 2.7130666), (2.2362437, 2.275298, 2.7130666), (2.2323036, 2.2453701, 2.7474873), (2.2323036, 2.2453701, 2.7474873), (2.2362437, 2.275298, 2.7130666), (2.2, 2.2776737, 2.7130666), (2.2, 2.2474873, 2.7474873), (2.2, 2.2474873, 2.7474873), (2.2, 2.2776737, 2.7130666), (2.1637564, 2.275298, 2.7130666), (2.1676965, 2.2453701, 2.7474873), (2.1676965, 2.2453701, 2.7474873), (2.1637564, 2.275298, 2.7130666), (2.1281328, 2.268212, 2.7130666), (2.1359456, 2.2390544, 2.7474873), (2.1359456, 2.2390544, 2.7474873), (2.1281328, 2.268212, 2.7130666), (2.0937388, 2.256537, 2.7130666), (2.1052907, 2.2286484, 2.7474873), (2.1052907, 2.2286484, 2.7474873), (2.0937388, 2.256537, 2.7130666), (2.0611632, 2.2404726, 2.7130666), (2.0762563, 2.2143304, 2.7474873), (2.0762563, 2.2143304, 2.7474873), (2.0611632, 2.2404726, 2.7130666), (2.030963, 2.2202933, 2.7130666), (2.0493393, 2.1963449, 2.7474873), (2.0493393, 2.1963449, 2.7474873), (2.030963, 2.2202933, 2.7130666), (2.003655, 2.1963449, 2.7130666), (2.025, 2.175, 2.7474873), (2.025, 2.175, 2.7474873), (2.003655, 2.1963449, 2.7130666), (1.9797066, 2.169037, 2.7130666), (2.003655, 2.1506608, 2.7474873), (2.003655, 2.1506608, 2.7474873), (1.9797066, 2.169037, 2.7130666), (1.9595275, 2.1388369, 2.7130666), (1.9856696, 2.1237438, 2.7474873), (1.9856696, 2.1237438, 2.7474873), (1.9595275, 2.1388369, 2.7130666), (1.943463, 2.106261, 2.7130666), (1.9713515, 2.0947094, 2.7474873), (1.9713515, 2.0947094, 2.7474873), (1.943463, 2.106261, 2.7130666), (1.9317878, 2.0718672, 2.7130666), (1.9609456, 2.0640545, 2.7474873), (1.9609456, 2.0640545, 2.7474873), (1.9317878, 2.0718672, 2.7130666), (1.9247018, 2.0362437, 2.7130666), (1.9546299, 2.0323036, 2.7474873), (1.9546299, 2.0323036, 2.7474873), (1.9247018, 2.0362437, 2.7130666), (1.9223263, 2, 2.7130666), (1.9525126, 2, 2.7474873), (1.9525126, 2, 2.7474873), (1.9223263, 2, 2.7130666), (1.9247018, 1.9637563, 2.7130666), (1.9546299, 1.9676964, 2.7474873), (1.9546299, 1.9676964, 2.7474873), (1.9247018, 1.9637563, 2.7130666), (1.9317878, 1.9281328, 2.7130666), (1.9609456, 1.9359455, 2.7474873), (1.9609456, 1.9359455, 2.7474873), (1.9317878, 1.9281328, 2.7130666), (1.943463, 1.8937389, 2.7130666), (1.9713515, 1.9052907, 2.7474873), (1.9713515, 1.9052907, 2.7474873), (1.943463, 1.8937389, 2.7130666), (1.9595275, 1.8611631, 2.7130666), (1.9856696, 1.8762563, 2.7474873), (1.9856696, 1.8762563, 2.7474873), (1.9595275, 1.8611631, 2.7130666), (1.9797066, 1.830963, 2.7130666), (2.003655, 1.8493392, 2.7474873), (2.003655, 1.8493392, 2.7474873), (1.9797066, 1.830963, 2.7130666), (2.003655, 1.803655, 2.7130666), (2.025, 1.825, 2.7474873), (2.025, 1.825, 2.7474873), (2.003655, 1.803655, 2.7130666), (2.030963, 1.7797067, 2.7130666), (2.0493393, 1.803655, 2.7474873), (2.0493393, 1.803655, 2.7474873), (2.030963, 1.7797067, 2.7130666), (2.0611632, 1.7595276, 2.7130666), (2.0762563, 1.7856697, 2.7474873), (2.0762563, 1.7856697, 2.7474873), (2.0611632, 1.7595276, 2.7130666), (2.0937388, 1.743463, 2.7130666), (2.1052907, 1.7713515, 2.7474873), (2.1052907, 1.7713515, 2.7474873), (2.0937388, 1.743463, 2.7130666), (2.1281328, 1.7317878, 2.7130666), (2.1359456, 1.7609456, 2.7474873), (2.1359456, 1.7609456, 2.7474873), (2.1281328, 1.7317878, 2.7130666), (2.1637564, 1.7247019, 2.7130666), (2.1676965, 1.75463, 2.7474873), (2.1676965, 1.75463, 2.7474873), (2.1637564, 1.7247019, 2.7130666), (2.2, 1.7223263, 2.7130666), (2.2, 1.7525126, 2.7474873), (2.2, 1.7525126, 2.7474873), (2.2, 1.7223263, 2.7130666), (2.2362437, 1.7247019, 2.7130666), (2.2323036, 1.75463, 2.7474873), (2.2323036, 1.75463, 2.7474873), (2.2362437, 1.7247019, 2.7130666), (2.2718673, 1.7317878, 2.7130666), (2.2640545, 1.7609456, 2.7474873), (2.2640545, 1.7609456, 2.7474873), (2.2718673, 1.7317878, 2.7130666), (2.306261, 1.743463, 2.7130666), (2.2947092, 1.7713515, 2.7474873), (2.2947092, 1.7713515, 2.7474873), (2.306261, 1.743463, 2.7130666), (2.338837, 1.7595276, 2.7130666), (2.3237436, 1.7856697, 2.7474873), (2.3237436, 1.7856697, 2.7474873), (2.338837, 1.7595276, 2.7130666), (2.369037, 1.7797067, 2.7130666), (2.3506608, 1.803655, 2.7474873), (2.3506608, 1.803655, 2.7474873), (2.369037, 1.7797067, 2.7130666), (2.396345, 1.803655, 2.7130666), (2.375, 1.825, 2.7474873), (2.375, 1.825, 2.7474873), (2.396345, 1.803655, 2.7130666), (2.4202933, 1.830963, 2.7130666), (2.396345, 1.8493392, 2.7474873), (2.396345, 1.8493392, 2.7474873), (2.4202933, 1.830963, 2.7130666), (2.4404724, 1.8611631, 2.7130666), (2.4143302, 1.8762563, 2.7474873), (2.4143302, 1.8762563, 2.7474873), (2.4404724, 1.8611631, 2.7130666), (2.456537, 1.8937389, 2.7130666), (2.4286485, 1.9052907, 2.7474873), (2.4286485, 1.9052907, 2.7474873), (2.456537, 1.8937389, 2.7130666), (2.4682121, 1.9281328, 2.7130666), (2.4390545, 1.9359455, 2.7474873), (2.4390545, 1.9359455, 2.7474873), (2.4682121, 1.9281328, 2.7130666), (2.4752982, 1.9637563, 2.7130666), (2.4453702, 1.9676964, 2.7474873), (2.4453702, 1.9676964, 2.7474873), (2.4752982, 1.9637563, 2.7130666), (2.4776738, 2, 2.7130666), (2.4474874, 2, 2.7474873), (2.4776738, 2, 2.7130666), (2.503109, 2, 2.675), (2.5005157, 2.0395637, 2.675), (2.4752982, 2.0362437, 2.7130666), (2.4752982, 2.0362437, 2.7130666), (2.5005157, 2.0395637, 2.675), (2.4927807, 2.0784504, 2.675), (2.4682121, 2.0718672, 2.7130666), (2.4682121, 2.0718672, 2.7130666), (2.4927807, 2.0784504, 2.675), (2.480036, 2.1159947, 2.675), (2.456537, 2.106261, 2.7130666), (2.456537, 2.106261, 2.7130666), (2.480036, 2.1159947, 2.675), (2.4625, 2.1515543, 2.675), (2.4404724, 2.1388369, 2.7130666), (2.4404724, 2.1388369, 2.7130666), (2.4625, 2.1515543, 2.675), (2.4404724, 2.184521, 2.675), (2.4202933, 2.169037, 2.7130666), (2.4202933, 2.169037, 2.7130666), (2.4404724, 2.184521, 2.675), (2.4143302, 2.2143304, 2.675), (2.396345, 2.1963449, 2.7130666), (2.396345, 2.1963449, 2.7130666), (2.4143302, 2.2143304, 2.675), (2.384521, 2.2404726, 2.675), (2.369037, 2.2202933, 2.7130666), (2.369037, 2.2202933, 2.7130666), (2.384521, 2.2404726, 2.675), (2.3515544, 2.2625, 2.675), (2.338837, 2.2404726, 2.7130666), (2.338837, 2.2404726, 2.7130666), (2.3515544, 2.2625, 2.675), (2.3159947, 2.2800362, 2.675), (2.306261, 2.256537, 2.7130666), (2.306261, 2.256537, 2.7130666), (2.3159947, 2.2800362, 2.675), (2.2784503, 2.2927806, 2.675), (2.2718673, 2.268212, 2.7130666), (2.2718673, 2.268212, 2.7130666), (2.2784503, 2.2927806, 2.675), (2.2395637, 2.3005157, 2.675), (2.2362437, 2.275298, 2.7130666), (2.2362437, 2.275298, 2.7130666), (2.2395637, 2.3005157, 2.675), (2.2, 2.303109, 2.675), (2.2, 2.2776737, 2.7130666), (2.2, 2.2776737, 2.7130666), (2.2, 2.303109, 2.675), (2.1604364, 2.3005157, 2.675), (2.1637564, 2.275298, 2.7130666), (2.1637564, 2.275298, 2.7130666), (2.1604364, 2.3005157, 2.675), (2.1215496, 2.2927806, 2.675), (2.1281328, 2.268212, 2.7130666), (2.1281328, 2.268212, 2.7130666), (2.1215496, 2.2927806, 2.675), (2.0840054, 2.2800362, 2.675), (2.0937388, 2.256537, 2.7130666), (2.0937388, 2.256537, 2.7130666), (2.0840054, 2.2800362, 2.675), (2.0484455, 2.2625, 2.675), (2.0611632, 2.2404726, 2.7130666), (2.0611632, 2.2404726, 2.7130666), (2.0484455, 2.2625, 2.675), (2.015479, 2.2404726, 2.675), (2.030963, 2.2202933, 2.7130666), (2.030963, 2.2202933, 2.7130666), (2.015479, 2.2404726, 2.675), (1.9856696, 2.2143304, 2.675), (2.003655, 2.1963449, 2.7130666), (2.003655, 2.1963449, 2.7130666), (1.9856696, 2.2143304, 2.675), (1.9595275, 2.184521, 2.675), (1.9797066, 2.169037, 2.7130666), (1.9797066, 2.169037, 2.7130666), (1.9595275, 2.184521, 2.675), (1.9375, 2.1515543, 2.675), (1.9595275, 2.1388369, 2.7130666), (1.9595275, 2.1388369, 2.7130666), (1.9375, 2.1515543, 2.675), (1.919964, 2.1159947, 2.675), (1.943463, 2.106261, 2.7130666), (1.943463, 2.106261, 2.7130666), (1.919964, 2.1159947, 2.675), (1.9072193, 2.0784504, 2.675), (1.9317878, 2.0718672, 2.7130666), (1.9317878, 2.0718672, 2.7130666), (1.9072193, 2.0784504, 2.675), (1.8994843, 2.0395637, 2.675), (1.9247018, 2.0362437, 2.7130666), (1.9247018, 2.0362437, 2.7130666), (1.8994843, 2.0395637, 2.675), (1.8968911, 2, 2.675), (1.9223263, 2, 2.7130666), (1.9223263, 2, 2.7130666), (1.8968911, 2, 2.675), (1.8994843, 1.9604363, 2.675), (1.9247018, 1.9637563, 2.7130666), (1.9247018, 1.9637563, 2.7130666), (1.8994843, 1.9604363, 2.675), (1.9072193, 1.9215497, 2.675), (1.9317878, 1.9281328, 2.7130666), (1.9317878, 1.9281328, 2.7130666), (1.9072193, 1.9215497, 2.675), (1.919964, 1.8840053, 2.675), (1.943463, 1.8937389, 2.7130666), (1.943463, 1.8937389, 2.7130666), (1.919964, 1.8840053, 2.675), (1.9375, 1.8484455, 2.675), (1.9595275, 1.8611631, 2.7130666), (1.9595275, 1.8611631, 2.7130666), (1.9375, 1.8484455, 2.675), (1.9595275, 1.815479, 2.675), (1.9797066, 1.830963, 2.7130666), (1.9797066, 1.830963, 2.7130666), (1.9595275, 1.815479, 2.675), (1.9856696, 1.7856697, 2.675), (2.003655, 1.803655, 2.7130666), (2.003655, 1.803655, 2.7130666), (1.9856696, 1.7856697, 2.675), (2.015479, 1.7595276, 2.675), (2.030963, 1.7797067, 2.7130666), (2.030963, 1.7797067, 2.7130666), (2.015479, 1.7595276, 2.675), (2.0484455, 1.7375, 2.675), (2.0611632, 1.7595276, 2.7130666), (2.0611632, 1.7595276, 2.7130666), (2.0484455, 1.7375, 2.675), (2.0840054, 1.7199639, 2.675), (2.0937388, 1.743463, 2.7130666), (2.0937388, 1.743463, 2.7130666), (2.0840054, 1.7199639, 2.675), (2.1215496, 1.7072192, 2.675), (2.1281328, 1.7317878, 2.7130666), (2.1281328, 1.7317878, 2.7130666), (2.1215496, 1.7072192, 2.675), (2.1604364, 1.6994842, 2.675), (2.1637564, 1.7247019, 2.7130666), (2.1637564, 1.7247019, 2.7130666), (2.1604364, 1.6994842, 2.675), (2.2, 1.6968911, 2.675), (2.2, 1.7223263, 2.7130666), (2.2, 1.7223263, 2.7130666), (2.2, 1.6968911, 2.675), (2.2395637, 1.6994842, 2.675), (2.2362437, 1.7247019, 2.7130666), (2.2362437, 1.7247019, 2.7130666), (2.2395637, 1.6994842, 2.675), (2.2784503, 1.7072192, 2.675), (2.2718673, 1.7317878, 2.7130666), (2.2718673, 1.7317878, 2.7130666), (2.2784503, 1.7072192, 2.675), (2.3159947, 1.7199639, 2.675), (2.306261, 1.743463, 2.7130666), (2.306261, 1.743463, 2.7130666), (2.3159947, 1.7199639, 2.675), (2.3515544, 1.7375, 2.675), (2.338837, 1.7595276, 2.7130666), (2.338837, 1.7595276, 2.7130666), (2.3515544, 1.7375, 2.675), (2.384521, 1.7595276, 2.675), (2.369037, 1.7797067, 2.7130666), (2.369037, 1.7797067, 2.7130666), (2.384521, 1.7595276, 2.675), (2.4143302, 1.7856697, 2.675), (2.396345, 1.803655, 2.7130666), (2.396345, 1.803655, 2.7130666), (2.4143302, 1.7856697, 2.675), (2.4404724, 1.815479, 2.675), (2.4202933, 1.830963, 2.7130666), (2.4202933, 1.830963, 2.7130666), (2.4404724, 1.815479, 2.675), (2.4625, 1.8484455, 2.675), (2.4404724, 1.8611631, 2.7130666), (2.4404724, 1.8611631, 2.7130666), (2.4625, 1.8484455, 2.675), (2.480036, 1.8840053, 2.675), (2.456537, 1.8937389, 2.7130666), (2.456537, 1.8937389, 2.7130666), (2.480036, 1.8840053, 2.675), (2.4927807, 1.9215497, 2.675), (2.4682121, 1.9281328, 2.7130666), (2.4682121, 1.9281328, 2.7130666), (2.4927807, 1.9215497, 2.675), (2.5005157, 1.9604363, 2.675), (2.4752982, 1.9637563, 2.7130666), (2.4752982, 1.9637563, 2.7130666), (2.5005157, 1.9604363, 2.675), (2.503109, 2, 2.675), (2.4776738, 2, 2.7130666), (2.503109, 2, 2.675), (2.5233579, 2, 2.6339393), (2.5205915, 2.0422068, 2.6339393), (2.5005157, 2.0395637, 2.675), (2.5005157, 2.0395637, 2.675), (2.5205915, 2.0422068, 2.6339393), (2.5123396, 2.0836911, 2.6339393), (2.4927807, 2.0784504, 2.675), (2.4927807, 2.0784504, 2.675), (2.5123396, 2.0836911, 2.6339393), (2.4987438, 2.1237438, 2.6339393), (2.480036, 2.1159947, 2.675), (2.480036, 2.1159947, 2.675), (2.4987438, 2.1237438, 2.6339393), (2.480036, 2.161679, 2.6339393), (2.4625, 2.1515543, 2.675), (2.4625, 2.1515543, 2.675), (2.480036, 2.161679, 2.6339393), (2.456537, 2.1968477, 2.6339393), (2.4404724, 2.184521, 2.675), (2.4404724, 2.184521, 2.675), (2.456537, 2.1968477, 2.6339393), (2.4286485, 2.2286484, 2.6339393), (2.4143302, 2.2143304, 2.675), (2.4143302, 2.2143304, 2.675), (2.4286485, 2.2286484, 2.6339393), (2.3968477, 2.256537, 2.6339393), (2.384521, 2.2404726, 2.675), (2.384521, 2.2404726, 2.675), (2.3968477, 2.256537, 2.6339393), (2.3616788, 2.2800362, 2.6339393), (2.3515544, 2.2625, 2.675), (2.3515544, 2.2625, 2.675), (2.3616788, 2.2800362, 2.6339393), (2.3237436, 2.2987437, 2.6339393), (2.3159947, 2.2800362, 2.675), (2.3159947, 2.2800362, 2.675), (2.3237436, 2.2987437, 2.6339393), (2.2836912, 2.3123398, 2.6339393), (2.2784503, 2.2927806, 2.675), (2.2784503, 2.2927806, 2.675), (2.2836912, 2.3123398, 2.6339393), (2.2422066, 2.3205914, 2.6339393), (2.2395637, 2.3005157, 2.675), (2.2395637, 2.3005157, 2.675), (2.2422066, 2.3205914, 2.6339393), (2.2, 2.3233578, 2.6339393), (2.2, 2.303109, 2.675), (2.2, 2.303109, 2.675), (2.2, 2.3233578, 2.6339393), (2.1577933, 2.3205914, 2.6339393), (2.1604364, 2.3005157, 2.675), (2.1604364, 2.3005157, 2.675), (2.1577933, 2.3205914, 2.6339393), (2.116309, 2.3123398, 2.6339393), (2.1215496, 2.2927806, 2.675), (2.1215496, 2.2927806, 2.675), (2.116309, 2.3123398, 2.6339393), (2.0762563, 2.2987437, 2.6339393), (2.0840054, 2.2800362, 2.675), (2.0840054, 2.2800362, 2.675), (2.0762563, 2.2987437, 2.6339393), (2.038321, 2.2800362, 2.6339393), (2.0484455, 2.2625, 2.675), (2.0484455, 2.2625, 2.675), (2.038321, 2.2800362, 2.6339393), (2.0031521, 2.256537, 2.6339393), (2.015479, 2.2404726, 2.675), (2.015479, 2.2404726, 2.675), (2.0031521, 2.256537, 2.6339393), (1.9713515, 2.2286484, 2.6339393), (1.9856696, 2.2143304, 2.675), (1.9856696, 2.2143304, 2.675), (1.9713515, 2.2286484, 2.6339393), (1.943463, 2.1968477, 2.6339393), (1.9595275, 2.184521, 2.675), (1.9595275, 2.184521, 2.675), (1.943463, 2.1968477, 2.6339393), (1.919964, 2.161679, 2.6339393), (1.9375, 2.1515543, 2.675), (1.9375, 2.1515543, 2.675), (1.919964, 2.161679, 2.6339393), (1.9012563, 2.1237438, 2.6339393), (1.919964, 2.1159947, 2.675), (1.919964, 2.1159947, 2.675), (1.9012563, 2.1237438, 2.6339393), (1.8876603, 2.0836911, 2.6339393), (1.9072193, 2.0784504, 2.675), (1.9072193, 2.0784504, 2.675), (1.8876603, 2.0836911, 2.6339393), (1.8794085, 2.0422068, 2.6339393), (1.8994843, 2.0395637, 2.675), (1.8994843, 2.0395637, 2.675), (1.8794085, 2.0422068, 2.6339393), (1.8766421, 2, 2.6339393), (1.8968911, 2, 2.675), (1.8968911, 2, 2.675), (1.8766421, 2, 2.6339393), (1.8794085, 1.9577934, 2.6339393), (1.8994843, 1.9604363, 2.675), (1.8994843, 1.9604363, 2.675), (1.8794085, 1.9577934, 2.6339393), (1.8876603, 1.9163089, 2.6339393), (1.9072193, 1.9215497, 2.675), (1.9072193, 1.9215497, 2.675), (1.8876603, 1.9163089, 2.6339393), (1.9012563, 1.8762563, 2.6339393), (1.919964, 1.8840053, 2.675), (1.919964, 1.8840053, 2.675), (1.9012563, 1.8762563, 2.6339393), (1.919964, 1.8383211, 2.6339393), (1.9375, 1.8484455, 2.675), (1.9375, 1.8484455, 2.675), (1.919964, 1.8383211, 2.6339393), (1.943463, 1.8031522, 2.6339393), (1.9595275, 1.815479, 2.675), (1.9595275, 1.815479, 2.675), (1.943463, 1.8031522, 2.6339393), (1.9713515, 1.7713515, 2.6339393), (1.9856696, 1.7856697, 2.675), (1.9856696, 1.7856697, 2.675), (1.9713515, 1.7713515, 2.6339393), (2.0031521, 1.743463, 2.6339393), (2.015479, 1.7595276, 2.675), (2.015479, 1.7595276, 2.675), (2.0031521, 1.743463, 2.6339393), (2.038321, 1.7199639, 2.6339393), (2.0484455, 1.7375, 2.675), (2.0484455, 1.7375, 2.675), (2.038321, 1.7199639, 2.6339393), (2.0762563, 1.7012563, 2.6339393), (2.0840054, 1.7199639, 2.675), (2.0840054, 1.7199639, 2.675), (2.0762563, 1.7012563, 2.6339393), (2.116309, 1.6876603, 2.6339393), (2.1215496, 1.7072192, 2.675), (2.1215496, 1.7072192, 2.675), (2.116309, 1.6876603, 2.6339393), (2.1577933, 1.6794086, 2.6339393), (2.1604364, 1.6994842, 2.675), (2.1604364, 1.6994842, 2.675), (2.1577933, 1.6794086, 2.6339393), (2.2, 1.6766422, 2.6339393), (2.2, 1.6968911, 2.675), (2.2, 1.6968911, 2.675), (2.2, 1.6766422, 2.6339393), (2.2422066, 1.6794086, 2.6339393), (2.2395637, 1.6994842, 2.675), (2.2395637, 1.6994842, 2.675), (2.2422066, 1.6794086, 2.6339393), (2.2836912, 1.6876603, 2.6339393), (2.2784503, 1.7072192, 2.675), (2.2784503, 1.7072192, 2.675), (2.2836912, 1.6876603, 2.6339393), (2.3237436, 1.7012563, 2.6339393), (2.3159947, 1.7199639, 2.675), (2.3159947, 1.7199639, 2.675), (2.3237436, 1.7012563, 2.6339393), (2.3616788, 1.7199639, 2.6339393), (2.3515544, 1.7375, 2.675), (2.3515544, 1.7375, 2.675), (2.3616788, 1.7199639, 2.6339393), (2.3968477, 1.743463, 2.6339393), (2.384521, 1.7595276, 2.675), (2.384521, 1.7595276, 2.675), (2.3968477, 1.743463, 2.6339393), (2.4286485, 1.7713515, 2.6339393), (2.4143302, 1.7856697, 2.675), (2.4143302, 1.7856697, 2.675), (2.4286485, 1.7713515, 2.6339393), (2.456537, 1.8031522, 2.6339393), (2.4404724, 1.815479, 2.675), (2.4404724, 1.815479, 2.675), (2.456537, 1.8031522, 2.6339393), (2.480036, 1.8383211, 2.6339393), (2.4625, 1.8484455, 2.675), (2.4625, 1.8484455, 2.675), (2.480036, 1.8383211, 2.6339393), (2.4987438, 1.8762563, 2.6339393), (2.480036, 1.8840053, 2.675), (2.480036, 1.8840053, 2.675), (2.4987438, 1.8762563, 2.6339393), (2.5123396, 1.9163089, 2.6339393), (2.4927807, 1.9215497, 2.675), (2.4927807, 1.9215497, 2.675), (2.5123396, 1.9163089, 2.6339393), (2.5205915, 1.9577934, 2.6339393), (2.5005157, 1.9604363, 2.675), (2.5005157, 1.9604363, 2.675), (2.5205915, 1.9577934, 2.6339393), (2.5233579, 2, 2.6339393), (2.503109, 2, 2.675), (2.5233579, 2, 2.6339393), (2.538074, 2, 2.5905867), (2.5351818, 2.0441275, 2.5905867), (2.5205915, 2.0422068, 2.6339393), (2.5205915, 2.0422068, 2.6339393), (2.5351818, 2.0441275, 2.5905867), (2.5265543, 2.0875, 2.5905867), (2.5123396, 2.0836911, 2.6339393), (2.5123396, 2.0836911, 2.6339393), (2.5265543, 2.0875, 2.5905867), (2.5123396, 2.1293752, 2.5905867), (2.4987438, 2.1237438, 2.6339393), (2.4987438, 2.1237438, 2.6339393), (2.5123396, 2.1293752, 2.5905867), (2.4927807, 2.169037, 2.5905867), (2.480036, 2.161679, 2.6339393), (2.480036, 2.161679, 2.6339393), (2.4927807, 2.169037, 2.5905867), (2.4682121, 2.2058065, 2.5905867), (2.456537, 2.1968477, 2.6339393), (2.456537, 2.1968477, 2.6339393), (2.4682121, 2.2058065, 2.5905867), (2.4390545, 2.2390544, 2.5905867), (2.4286485, 2.2286484, 2.6339393), (2.4286485, 2.2286484, 2.6339393), (2.4390545, 2.2390544, 2.5905867), (2.4058065, 2.268212, 2.5905867), (2.3968477, 2.256537, 2.6339393), (2.3968477, 2.256537, 2.6339393), (2.4058065, 2.268212, 2.5905867), (2.369037, 2.2927806, 2.5905867), (2.3616788, 2.2800362, 2.6339393), (2.3616788, 2.2800362, 2.6339393), (2.369037, 2.2927806, 2.5905867), (2.3293753, 2.3123398, 2.5905867), (2.3237436, 2.2987437, 2.6339393), (2.3237436, 2.2987437, 2.6339393), (2.3293753, 2.3123398, 2.5905867), (2.2875, 2.3265545, 2.5905867), (2.2836912, 2.3123398, 2.6339393), (2.2836912, 2.3123398, 2.6339393), (2.2875, 2.3265545, 2.5905867), (2.2441275, 2.3351817, 2.5905867), (2.2422066, 2.3205914, 2.6339393), (2.2422066, 2.3205914, 2.6339393), (2.2441275, 2.3351817, 2.5905867), (2.2, 2.338074, 2.5905867), (2.2, 2.3233578, 2.6339393), (2.2, 2.3233578, 2.6339393), (2.2, 2.338074, 2.5905867), (2.1558726, 2.3351817, 2.5905867), (2.1577933, 2.3205914, 2.6339393), (2.1577933, 2.3205914, 2.6339393), (2.1558726, 2.3351817, 2.5905867), (2.1125, 2.3265545, 2.5905867), (2.116309, 2.3123398, 2.6339393), (2.116309, 2.3123398, 2.6339393), (2.1125, 2.3265545, 2.5905867), (2.0706246, 2.3123398, 2.5905867), (2.0762563, 2.2987437, 2.6339393), (2.0762563, 2.2987437, 2.6339393), (2.0706246, 2.3123398, 2.5905867), (2.030963, 2.2927806, 2.5905867), (2.038321, 2.2800362, 2.6339393), (2.038321, 2.2800362, 2.6339393), (2.030963, 2.2927806, 2.5905867), (1.9941936, 2.268212, 2.5905867), (2.0031521, 2.256537, 2.6339393), (2.0031521, 2.256537, 2.6339393), (1.9941936, 2.268212, 2.5905867), (1.9609456, 2.2390544, 2.5905867), (1.9713515, 2.2286484, 2.6339393), (1.9713515, 2.2286484, 2.6339393), (1.9609456, 2.2390544, 2.5905867), (1.9317878, 2.2058065, 2.5905867), (1.943463, 2.1968477, 2.6339393), (1.943463, 2.1968477, 2.6339393), (1.9317878, 2.2058065, 2.5905867), (1.9072193, 2.169037, 2.5905867), (1.919964, 2.161679, 2.6339393), (1.919964, 2.161679, 2.6339393), (1.9072193, 2.169037, 2.5905867), (1.8876603, 2.1293752, 2.5905867), (1.9012563, 2.1237438, 2.6339393), (1.9012563, 2.1237438, 2.6339393), (1.8876603, 2.1293752, 2.5905867), (1.8734455, 2.0875, 2.5905867), (1.8876603, 2.0836911, 2.6339393), (1.8876603, 2.0836911, 2.6339393), (1.8734455, 2.0875, 2.5905867), (1.8648182, 2.0441275, 2.5905867), (1.8794085, 2.0422068, 2.6339393), (1.8794085, 2.0422068, 2.6339393), (1.8648182, 2.0441275, 2.5905867), (1.861926, 2, 2.5905867), (1.8766421, 2, 2.6339393), (1.8766421, 2, 2.6339393), (1.861926, 2, 2.5905867), (1.8648182, 1.9558725, 2.5905867), (1.8794085, 1.9577934, 2.6339393), (1.8794085, 1.9577934, 2.6339393), (1.8648182, 1.9558725, 2.5905867), (1.8734455, 1.9125, 2.5905867), (1.8876603, 1.9163089, 2.6339393), (1.8876603, 1.9163089, 2.6339393), (1.8734455, 1.9125, 2.5905867), (1.8876603, 1.8706247, 2.5905867), (1.9012563, 1.8762563, 2.6339393), (1.9012563, 1.8762563, 2.6339393), (1.8876603, 1.8706247, 2.5905867), (1.9072193, 1.830963, 2.5905867), (1.919964, 1.8383211, 2.6339393), (1.919964, 1.8383211, 2.6339393), (1.9072193, 1.830963, 2.5905867), (1.9317878, 1.7941935, 2.5905867), (1.943463, 1.8031522, 2.6339393), (1.943463, 1.8031522, 2.6339393), (1.9317878, 1.7941935, 2.5905867), (1.9609456, 1.7609456, 2.5905867), (1.9713515, 1.7713515, 2.6339393), (1.9713515, 1.7713515, 2.6339393), (1.9609456, 1.7609456, 2.5905867), (1.9941936, 1.7317878, 2.5905867), (2.0031521, 1.743463, 2.6339393), (2.0031521, 1.743463, 2.6339393), (1.9941936, 1.7317878, 2.5905867), (2.030963, 1.7072192, 2.5905867), (2.038321, 1.7199639, 2.6339393), (2.038321, 1.7199639, 2.6339393), (2.030963, 1.7072192, 2.5905867), (2.0706246, 1.6876603, 2.5905867), (2.0762563, 1.7012563, 2.6339393), (2.0762563, 1.7012563, 2.6339393), (2.0706246, 1.6876603, 2.5905867), (2.1125, 1.6734456, 2.5905867), (2.116309, 1.6876603, 2.6339393), (2.116309, 1.6876603, 2.6339393), (2.1125, 1.6734456, 2.5905867), (2.1558726, 1.6648183, 2.5905867), (2.1577933, 1.6794086, 2.6339393), (2.1577933, 1.6794086, 2.6339393), (2.1558726, 1.6648183, 2.5905867), (2.2, 1.6619259, 2.5905867), (2.2, 1.6766422, 2.6339393), (2.2, 1.6766422, 2.6339393), (2.2, 1.6619259, 2.5905867), (2.2441275, 1.6648183, 2.5905867), (2.2422066, 1.6794086, 2.6339393), (2.2422066, 1.6794086, 2.6339393), (2.2441275, 1.6648183, 2.5905867), (2.2875, 1.6734456, 2.5905867), (2.2836912, 1.6876603, 2.6339393), (2.2836912, 1.6876603, 2.6339393), (2.2875, 1.6734456, 2.5905867), (2.3293753, 1.6876603, 2.5905867), (2.3237436, 1.7012563, 2.6339393), (2.3237436, 1.7012563, 2.6339393), (2.3293753, 1.6876603, 2.5905867), (2.369037, 1.7072192, 2.5905867), (2.3616788, 1.7199639, 2.6339393), (2.3616788, 1.7199639, 2.6339393), (2.369037, 1.7072192, 2.5905867), (2.4058065, 1.7317878, 2.5905867), (2.3968477, 1.743463, 2.6339393), (2.3968477, 1.743463, 2.6339393), (2.4058065, 1.7317878, 2.5905867), (2.4390545, 1.7609456, 2.5905867), (2.4286485, 1.7713515, 2.6339393), (2.4286485, 1.7713515, 2.6339393), (2.4390545, 1.7609456, 2.5905867), (2.4682121, 1.7941935, 2.5905867), (2.456537, 1.8031522, 2.6339393), (2.456537, 1.8031522, 2.6339393), (2.4682121, 1.7941935, 2.5905867), (2.4927807, 1.830963, 2.5905867), (2.480036, 1.8383211, 2.6339393), (2.480036, 1.8383211, 2.6339393), (2.4927807, 1.830963, 2.5905867), (2.5123396, 1.8706247, 2.5905867), (2.4987438, 1.8762563, 2.6339393), (2.4987438, 1.8762563, 2.6339393), (2.5123396, 1.8706247, 2.5905867), (2.5265543, 1.9125, 2.5905867), (2.5123396, 1.9163089, 2.6339393), (2.5123396, 1.9163089, 2.6339393), (2.5265543, 1.9125, 2.5905867), (2.5351818, 1.9558725, 2.5905867), (2.5205915, 1.9577934, 2.6339393), (2.5205915, 1.9577934, 2.6339393), (2.5351818, 1.9558725, 2.5905867), (2.538074, 2, 2.5905867), (2.5233579, 2, 2.6339393), (2.538074, 2, 2.5905867), (2.5470057, 2, 2.545684), (2.544037, 2.0452933, 2.545684), (2.5351818, 2.0441275, 2.5905867), (2.5351818, 2.0441275, 2.5905867), (2.544037, 2.0452933, 2.545684), (2.5351818, 2.0898118, 2.545684), (2.5265543, 2.0875, 2.5905867), (2.5265543, 2.0875, 2.5905867), (2.5351818, 2.0898118, 2.545684), (2.5205915, 2.1327934, 2.545684), (2.5123396, 2.1293752, 2.5905867), (2.5123396, 2.1293752, 2.5905867), (2.5205915, 2.1327934, 2.545684), (2.5005157, 2.173503, 2.545684), (2.4927807, 2.169037, 2.5905867), (2.4927807, 2.169037, 2.5905867), (2.5005157, 2.173503, 2.545684), (2.4752982, 2.2112436, 2.545684), (2.4682121, 2.2058065, 2.5905867), (2.4682121, 2.2058065, 2.5905867), (2.4752982, 2.2112436, 2.545684), (2.4453702, 2.2453701, 2.545684), (2.4390545, 2.2390544, 2.5905867), (2.4390545, 2.2390544, 2.5905867), (2.4453702, 2.2453701, 2.545684), (2.4112437, 2.275298, 2.545684), (2.4058065, 2.268212, 2.5905867), (2.4058065, 2.268212, 2.5905867), (2.4112437, 2.275298, 2.545684), (2.373503, 2.3005157, 2.545684), (2.369037, 2.2927806, 2.5905867), (2.369037, 2.2927806, 2.5905867), (2.373503, 2.3005157, 2.545684), (2.3327932, 2.3205914, 2.545684), (2.3293753, 2.3123398, 2.5905867), (2.3293753, 2.3123398, 2.5905867), (2.3327932, 2.3205914, 2.545684), (2.2898116, 2.3351817, 2.545684), (2.2875, 2.3265545, 2.5905867), (2.2875, 2.3265545, 2.5905867), (2.2898116, 2.3351817, 2.545684), (2.2452934, 2.344037, 2.545684), (2.2441275, 2.3351817, 2.5905867), (2.2441275, 2.3351817, 2.5905867), (2.2452934, 2.344037, 2.545684), (2.2, 2.3470056, 2.545684), (2.2, 2.338074, 2.5905867), (2.2, 2.338074, 2.5905867), (2.2, 2.3470056, 2.545684), (2.1547067, 2.344037, 2.545684), (2.1558726, 2.3351817, 2.5905867), (2.1558726, 2.3351817, 2.5905867), (2.1547067, 2.344037, 2.545684), (2.1101882, 2.3351817, 2.545684), (2.1125, 2.3265545, 2.5905867), (2.1125, 2.3265545, 2.5905867), (2.1101882, 2.3351817, 2.545684), (2.0672066, 2.3205914, 2.545684), (2.0706246, 2.3123398, 2.5905867), (2.0706246, 2.3123398, 2.5905867), (2.0672066, 2.3205914, 2.545684), (2.0264971, 2.3005157, 2.545684), (2.030963, 2.2927806, 2.5905867), (2.030963, 2.2927806, 2.5905867), (2.0264971, 2.3005157, 2.545684), (1.9887563, 2.275298, 2.545684), (1.9941936, 2.268212, 2.5905867), (1.9941936, 2.268212, 2.5905867), (1.9887563, 2.275298, 2.545684), (1.9546299, 2.2453701, 2.545684), (1.9609456, 2.2390544, 2.5905867), (1.9609456, 2.2390544, 2.5905867), (1.9546299, 2.2453701, 2.545684), (1.9247018, 2.2112436, 2.545684), (1.9317878, 2.2058065, 2.5905867), (1.9317878, 2.2058065, 2.5905867), (1.9247018, 2.2112436, 2.545684), (1.8994843, 2.173503, 2.545684), (1.9072193, 2.169037, 2.5905867), (1.9072193, 2.169037, 2.5905867), (1.8994843, 2.173503, 2.545684), (1.8794085, 2.1327934, 2.545684), (1.8876603, 2.1293752, 2.5905867), (1.8876603, 2.1293752, 2.5905867), (1.8794085, 2.1327934, 2.545684), (1.8648182, 2.0898118, 2.545684), (1.8734455, 2.0875, 2.5905867), (1.8734455, 2.0875, 2.5905867), (1.8648182, 2.0898118, 2.545684), (1.855963, 2.0452933, 2.545684), (1.8648182, 2.0441275, 2.5905867), (1.8648182, 2.0441275, 2.5905867), (1.855963, 2.0452933, 2.545684), (1.8529943, 2, 2.545684), (1.861926, 2, 2.5905867), (1.861926, 2, 2.5905867), (1.8529943, 2, 2.545684), (1.855963, 1.9547067, 2.545684), (1.8648182, 1.9558725, 2.5905867), (1.8648182, 1.9558725, 2.5905867), (1.855963, 1.9547067, 2.545684), (1.8648182, 1.9101883, 2.545684), (1.8734455, 1.9125, 2.5905867), (1.8734455, 1.9125, 2.5905867), (1.8648182, 1.9101883, 2.545684), (1.8794085, 1.8672067, 2.545684), (1.8876603, 1.8706247, 2.5905867), (1.8876603, 1.8706247, 2.5905867), (1.8794085, 1.8672067, 2.545684), (1.8994843, 1.8264972, 2.545684), (1.9072193, 1.830963, 2.5905867), (1.9072193, 1.830963, 2.5905867), (1.8994843, 1.8264972, 2.545684), (1.9247018, 1.7887564, 2.545684), (1.9317878, 1.7941935, 2.5905867), (1.9317878, 1.7941935, 2.5905867), (1.9247018, 1.7887564, 2.545684), (1.9546299, 1.75463, 2.545684), (1.9609456, 1.7609456, 2.5905867), (1.9609456, 1.7609456, 2.5905867), (1.9546299, 1.75463, 2.545684), (1.9887563, 1.7247019, 2.545684), (1.9941936, 1.7317878, 2.5905867), (1.9941936, 1.7317878, 2.5905867), (1.9887563, 1.7247019, 2.545684), (2.0264971, 1.6994842, 2.545684), (2.030963, 1.7072192, 2.5905867), (2.030963, 1.7072192, 2.5905867), (2.0264971, 1.6994842, 2.545684), (2.0672066, 1.6794086, 2.545684), (2.0706246, 1.6876603, 2.5905867), (2.0706246, 1.6876603, 2.5905867), (2.0672066, 1.6794086, 2.545684), (2.1101882, 1.6648183, 2.545684), (2.1125, 1.6734456, 2.5905867), (2.1125, 1.6734456, 2.5905867), (2.1101882, 1.6648183, 2.545684), (2.1547067, 1.655963, 2.545684), (2.1558726, 1.6648183, 2.5905867), (2.1558726, 1.6648183, 2.5905867), (2.1547067, 1.655963, 2.545684), (2.2, 1.6529943, 2.545684), (2.2, 1.6619259, 2.5905867), (2.2, 1.6619259, 2.5905867), (2.2, 1.6529943, 2.545684), (2.2452934, 1.655963, 2.545684), (2.2441275, 1.6648183, 2.5905867), (2.2441275, 1.6648183, 2.5905867), (2.2452934, 1.655963, 2.545684), (2.2898116, 1.6648183, 2.545684), (2.2875, 1.6734456, 2.5905867), (2.2875, 1.6734456, 2.5905867), (2.2898116, 1.6648183, 2.545684), (2.3327932, 1.6794086, 2.545684), (2.3293753, 1.6876603, 2.5905867), (2.3293753, 1.6876603, 2.5905867), (2.3327932, 1.6794086, 2.545684), (2.373503, 1.6994842, 2.545684), (2.369037, 1.7072192, 2.5905867), (2.369037, 1.7072192, 2.5905867), (2.373503, 1.6994842, 2.545684), (2.4112437, 1.7247019, 2.545684), (2.4058065, 1.7317878, 2.5905867), (2.4058065, 1.7317878, 2.5905867), (2.4112437, 1.7247019, 2.545684), (2.4453702, 1.75463, 2.545684), (2.4390545, 1.7609456, 2.5905867), (2.4390545, 1.7609456, 2.5905867), (2.4453702, 1.75463, 2.545684), (2.4752982, 1.7887564, 2.545684), (2.4682121, 1.7941935, 2.5905867), (2.4682121, 1.7941935, 2.5905867), (2.4752982, 1.7887564, 2.545684), (2.5005157, 1.8264972, 2.545684), (2.4927807, 1.830963, 2.5905867), (2.4927807, 1.830963, 2.5905867), (2.5005157, 1.8264972, 2.545684), (2.5205915, 1.8672067, 2.545684), (2.5123396, 1.8706247, 2.5905867), (2.5123396, 1.8706247, 2.5905867), (2.5205915, 1.8672067, 2.545684), (2.5351818, 1.9101883, 2.545684), (2.5265543, 1.9125, 2.5905867), (2.5265543, 1.9125, 2.5905867), (2.5351818, 1.9101883, 2.545684), (2.544037, 1.9547067, 2.545684), (2.5351818, 1.9558725, 2.5905867), (2.5351818, 1.9558725, 2.5905867), (2.544037, 1.9547067, 2.545684), (2.5470057, 2, 2.545684), (2.538074, 2, 2.5905867), (2.5470057, 2, 2.545684), (2.55, 2, 2.5), (2.5470057, 2.045684, 2.5), (2.544037, 2.0452933, 2.545684), (2.544037, 2.0452933, 2.545684), (2.5470057, 2.045684, 2.5), (2.538074, 2.0905867, 2.5), (2.5351818, 2.0898118, 2.545684), (2.5351818, 2.0898118, 2.545684), (2.538074, 2.0905867, 2.5), (2.5233579, 2.1339393, 2.5), (2.5205915, 2.1327934, 2.545684), (2.5205915, 2.1327934, 2.545684), (2.5233579, 2.1339393, 2.5), (2.503109, 2.175, 2.5), (2.5005157, 2.173503, 2.545684), (2.5005157, 2.173503, 2.545684), (2.503109, 2.175, 2.5), (2.4776738, 2.2130666, 2.5), (2.4752982, 2.2112436, 2.545684), (2.4752982, 2.2112436, 2.545684), (2.4776738, 2.2130666, 2.5), (2.4474874, 2.2474873, 2.5), (2.4453702, 2.2453701, 2.545684), (2.4453702, 2.2453701, 2.545684), (2.4474874, 2.2474873, 2.5), (2.4130664, 2.2776737, 2.5), (2.4112437, 2.275298, 2.545684), (2.4112437, 2.275298, 2.545684), (2.4130664, 2.2776737, 2.5), (2.375, 2.303109, 2.5), (2.373503, 2.3005157, 2.545684), (2.373503, 2.3005157, 2.545684), (2.375, 2.303109, 2.5), (2.3339393, 2.3233578, 2.5), (2.3327932, 2.3205914, 2.545684), (2.3327932, 2.3205914, 2.545684), (2.3339393, 2.3233578, 2.5), (2.2905867, 2.338074, 2.5), (2.2898116, 2.3351817, 2.545684), (2.2898116, 2.3351817, 2.545684), (2.2905867, 2.338074, 2.5), (2.2456841, 2.3470056, 2.5), (2.2452934, 2.344037, 2.545684), (2.2452934, 2.344037, 2.545684), (2.2456841, 2.3470056, 2.5), (2.2, 2.35, 2.5), (2.2, 2.3470056, 2.545684), (2.2, 2.3470056, 2.545684), (2.2, 2.35, 2.5), (2.154316, 2.3470056, 2.5), (2.1547067, 2.344037, 2.545684), (2.1547067, 2.344037, 2.545684), (2.154316, 2.3470056, 2.5), (2.1094134, 2.338074, 2.5), (2.1101882, 2.3351817, 2.545684), (2.1101882, 2.3351817, 2.545684), (2.1094134, 2.338074, 2.5), (2.0660608, 2.3233578, 2.5), (2.0672066, 2.3205914, 2.545684), (2.0672066, 2.3205914, 2.545684), (2.0660608, 2.3233578, 2.5), (2.025, 2.303109, 2.5), (2.0264971, 2.3005157, 2.545684), (2.0264971, 2.3005157, 2.545684), (2.025, 2.303109, 2.5), (1.9869335, 2.2776737, 2.5), (1.9887563, 2.275298, 2.545684), (1.9887563, 2.275298, 2.545684), (1.9869335, 2.2776737, 2.5), (1.9525126, 2.2474873, 2.5), (1.9546299, 2.2453701, 2.545684), (1.9546299, 2.2453701, 2.545684), (1.9525126, 2.2474873, 2.5), (1.9223263, 2.2130666, 2.5), (1.9247018, 2.2112436, 2.545684), (1.9247018, 2.2112436, 2.545684), (1.9223263, 2.2130666, 2.5), (1.8968911, 2.175, 2.5), (1.8994843, 2.173503, 2.545684), (1.8994843, 2.173503, 2.545684), (1.8968911, 2.175, 2.5), (1.8766421, 2.1339393, 2.5), (1.8794085, 2.1327934, 2.545684), (1.8794085, 2.1327934, 2.545684), (1.8766421, 2.1339393, 2.5), (1.861926, 2.0905867, 2.5), (1.8648182, 2.0898118, 2.545684), (1.8648182, 2.0898118, 2.545684), (1.861926, 2.0905867, 2.5), (1.8529943, 2.045684, 2.5), (1.855963, 2.0452933, 2.545684), (1.855963, 2.0452933, 2.545684), (1.8529943, 2.045684, 2.5), (1.85, 2, 2.5), (1.8529943, 2, 2.545684), (1.8529943, 2, 2.545684), (1.85, 2, 2.5), (1.8529943, 1.9543158, 2.5), (1.855963, 1.9547067, 2.545684), (1.855963, 1.9547067, 2.545684), (1.8529943, 1.9543158, 2.5), (1.861926, 1.9094133, 2.5), (1.8648182, 1.9101883, 2.545684), (1.8648182, 1.9101883, 2.545684), (1.861926, 1.9094133, 2.5), (1.8766421, 1.8660609, 2.5), (1.8794085, 1.8672067, 2.545684), (1.8794085, 1.8672067, 2.545684), (1.8766421, 1.8660609, 2.5), (1.8968911, 1.825, 2.5), (1.8994843, 1.8264972, 2.545684), (1.8994843, 1.8264972, 2.545684), (1.8968911, 1.825, 2.5), (1.9223263, 1.7869335, 2.5), (1.9247018, 1.7887564, 2.545684), (1.9247018, 1.7887564, 2.545684), (1.9223263, 1.7869335, 2.5), (1.9525126, 1.7525126, 2.5), (1.9546299, 1.75463, 2.545684), (1.9546299, 1.75463, 2.545684), (1.9525126, 1.7525126, 2.5), (1.9869335, 1.7223263, 2.5), (1.9887563, 1.7247019, 2.545684), (1.9887563, 1.7247019, 2.545684), (1.9869335, 1.7223263, 2.5), (2.025, 1.6968911, 2.5), (2.0264971, 1.6994842, 2.545684), (2.0264971, 1.6994842, 2.545684), (2.025, 1.6968911, 2.5), (2.0660608, 1.6766422, 2.5), (2.0672066, 1.6794086, 2.545684), (2.0672066, 1.6794086, 2.545684), (2.0660608, 1.6766422, 2.5), (2.1094134, 1.6619259, 2.5), (2.1101882, 1.6648183, 2.545684), (2.1101882, 1.6648183, 2.545684), (2.1094134, 1.6619259, 2.5), (2.154316, 1.6529943, 2.5), (2.1547067, 1.655963, 2.545684), (2.1547067, 1.655963, 2.545684), (2.154316, 1.6529943, 2.5), (2.2, 1.65, 2.5), (2.2, 1.6529943, 2.545684), (2.2, 1.6529943, 2.545684), (2.2, 1.65, 2.5), (2.2456841, 1.6529943, 2.5), (2.2452934, 1.655963, 2.545684), (2.2452934, 1.655963, 2.545684), (2.2456841, 1.6529943, 2.5), (2.2905867, 1.6619259, 2.5), (2.2898116, 1.6648183, 2.545684), (2.2898116, 1.6648183, 2.545684), (2.2905867, 1.6619259, 2.5), (2.3339393, 1.6766422, 2.5), (2.3327932, 1.6794086, 2.545684), (2.3327932, 1.6794086, 2.545684), (2.3339393, 1.6766422, 2.5), (2.375, 1.6968911, 2.5), (2.373503, 1.6994842, 2.545684), (2.373503, 1.6994842, 2.545684), (2.375, 1.6968911, 2.5), (2.4130664, 1.7223263, 2.5), (2.4112437, 1.7247019, 2.545684), (2.4112437, 1.7247019, 2.545684), (2.4130664, 1.7223263, 2.5), (2.4474874, 1.7525126, 2.5), (2.4453702, 1.75463, 2.545684), (2.4453702, 1.75463, 2.545684), (2.4474874, 1.7525126, 2.5), (2.4776738, 1.7869335, 2.5), (2.4752982, 1.7887564, 2.545684), (2.4752982, 1.7887564, 2.545684), (2.4776738, 1.7869335, 2.5), (2.503109, 1.825, 2.5), (2.5005157, 1.8264972, 2.545684), (2.5005157, 1.8264972, 2.545684), (2.503109, 1.825, 2.5), (2.5233579, 1.8660609, 2.5), (2.5205915, 1.8672067, 2.545684), (2.5205915, 1.8672067, 2.545684), (2.5233579, 1.8660609, 2.5), (2.538074, 1.9094133, 2.5), (2.5351818, 1.9101883, 2.545684), (2.5351818, 1.9101883, 2.545684), (2.538074, 1.9094133, 2.5), (2.5470057, 1.9543158, 2.5), (2.544037, 1.9547067, 2.545684), (2.544037, 1.9547067, 2.545684), (2.5470057, 1.9543158, 2.5), (2.55, 2, 2.5), (2.5470057, 2, 2.545684), (2.55, 2, 2.5), (2.5470057, 2, 2.454316), (2.544037, 2.0452933, 2.454316), (2.5470057, 2.045684, 2.5), (2.5470057, 2.045684, 2.5), (2.544037, 2.0452933, 2.454316), (2.5351818, 2.0898118, 2.454316), (2.538074, 2.0905867, 2.5), (2.538074, 2.0905867, 2.5), (2.5351818, 2.0898118, 2.454316), (2.5205915, 2.1327934, 2.454316), (2.5233579, 2.1339393, 2.5), (2.5233579, 2.1339393, 2.5), (2.5205915, 2.1327934, 2.454316), (2.5005157, 2.173503, 2.454316), (2.503109, 2.175, 2.5), (2.503109, 2.175, 2.5), (2.5005157, 2.173503, 2.454316), (2.4752982, 2.2112436, 2.454316), (2.4776738, 2.2130666, 2.5), (2.4776738, 2.2130666, 2.5), (2.4752982, 2.2112436, 2.454316), (2.4453702, 2.2453701, 2.454316), (2.4474874, 2.2474873, 2.5), (2.4474874, 2.2474873, 2.5), (2.4453702, 2.2453701, 2.454316), (2.4112437, 2.275298, 2.454316), (2.4130664, 2.2776737, 2.5), (2.4130664, 2.2776737, 2.5), (2.4112437, 2.275298, 2.454316), (2.373503, 2.3005157, 2.454316), (2.375, 2.303109, 2.5), (2.375, 2.303109, 2.5), (2.373503, 2.3005157, 2.454316), (2.3327932, 2.3205914, 2.454316), (2.3339393, 2.3233578, 2.5), (2.3339393, 2.3233578, 2.5), (2.3327932, 2.3205914, 2.454316), (2.2898116, 2.3351817, 2.454316), (2.2905867, 2.338074, 2.5), (2.2905867, 2.338074, 2.5), (2.2898116, 2.3351817, 2.454316), (2.2452934, 2.344037, 2.454316), (2.2456841, 2.3470056, 2.5), (2.2456841, 2.3470056, 2.5), (2.2452934, 2.344037, 2.454316), (2.2, 2.3470056, 2.454316), (2.2, 2.35, 2.5), (2.2, 2.35, 2.5), (2.2, 2.3470056, 2.454316), (2.1547067, 2.344037, 2.454316), (2.154316, 2.3470056, 2.5), (2.154316, 2.3470056, 2.5), (2.1547067, 2.344037, 2.454316), (2.1101882, 2.3351817, 2.454316), (2.1094134, 2.338074, 2.5), (2.1094134, 2.338074, 2.5), (2.1101882, 2.3351817, 2.454316), (2.0672066, 2.3205914, 2.454316), (2.0660608, 2.3233578, 2.5), (2.0660608, 2.3233578, 2.5), (2.0672066, 2.3205914, 2.454316), (2.0264971, 2.3005157, 2.454316), (2.025, 2.303109, 2.5), (2.025, 2.303109, 2.5), (2.0264971, 2.3005157, 2.454316), (1.9887563, 2.275298, 2.454316), (1.9869335, 2.2776737, 2.5), (1.9869335, 2.2776737, 2.5), (1.9887563, 2.275298, 2.454316), (1.9546299, 2.2453701, 2.454316), (1.9525126, 2.2474873, 2.5), (1.9525126, 2.2474873, 2.5), (1.9546299, 2.2453701, 2.454316), (1.9247018, 2.2112436, 2.454316), (1.9223263, 2.2130666, 2.5), (1.9223263, 2.2130666, 2.5), (1.9247018, 2.2112436, 2.454316), (1.8994843, 2.173503, 2.454316), (1.8968911, 2.175, 2.5), (1.8968911, 2.175, 2.5), (1.8994843, 2.173503, 2.454316), (1.8794085, 2.1327934, 2.454316), (1.8766421, 2.1339393, 2.5), (1.8766421, 2.1339393, 2.5), (1.8794085, 2.1327934, 2.454316), (1.8648182, 2.0898118, 2.454316), (1.861926, 2.0905867, 2.5), (1.861926, 2.0905867, 2.5), (1.8648182, 2.0898118, 2.454316), (1.855963, 2.0452933, 2.454316), (1.8529943, 2.045684, 2.5), (1.8529943, 2.045684, 2.5), (1.855963, 2.0452933, 2.454316), (1.8529943, 2, 2.454316), (1.85, 2, 2.5), (1.85, 2, 2.5), (1.8529943, 2, 2.454316), (1.855963, 1.9547067, 2.454316), (1.8529943, 1.9543158, 2.5), (1.8529943, 1.9543158, 2.5), (1.855963, 1.9547067, 2.454316), (1.8648182, 1.9101883, 2.454316), (1.861926, 1.9094133, 2.5), (1.861926, 1.9094133, 2.5), (1.8648182, 1.9101883, 2.454316), (1.8794085, 1.8672067, 2.454316), (1.8766421, 1.8660609, 2.5), (1.8766421, 1.8660609, 2.5), (1.8794085, 1.8672067, 2.454316), (1.8994843, 1.8264972, 2.454316), (1.8968911, 1.825, 2.5), (1.8968911, 1.825, 2.5), (1.8994843, 1.8264972, 2.454316), (1.9247018, 1.7887564, 2.454316), (1.9223263, 1.7869335, 2.5), (1.9223263, 1.7869335, 2.5), (1.9247018, 1.7887564, 2.454316), (1.9546299, 1.75463, 2.454316), (1.9525126, 1.7525126, 2.5), (1.9525126, 1.7525126, 2.5), (1.9546299, 1.75463, 2.454316), (1.9887563, 1.7247019, 2.454316), (1.9869335, 1.7223263, 2.5), (1.9869335, 1.7223263, 2.5), (1.9887563, 1.7247019, 2.454316), (2.0264971, 1.6994842, 2.454316), (2.025, 1.6968911, 2.5), (2.025, 1.6968911, 2.5), (2.0264971, 1.6994842, 2.454316), (2.0672066, 1.6794086, 2.454316), (2.0660608, 1.6766422, 2.5), (2.0660608, 1.6766422, 2.5), (2.0672066, 1.6794086, 2.454316), (2.1101882, 1.6648183, 2.454316), (2.1094134, 1.6619259, 2.5), (2.1094134, 1.6619259, 2.5), (2.1101882, 1.6648183, 2.454316), (2.1547067, 1.655963, 2.454316), (2.154316, 1.6529943, 2.5), (2.154316, 1.6529943, 2.5), (2.1547067, 1.655963, 2.454316), (2.2, 1.6529943, 2.454316), (2.2, 1.65, 2.5), (2.2, 1.65, 2.5), (2.2, 1.6529943, 2.454316), (2.2452934, 1.655963, 2.454316), (2.2456841, 1.6529943, 2.5), (2.2456841, 1.6529943, 2.5), (2.2452934, 1.655963, 2.454316), (2.2898116, 1.6648183, 2.454316), (2.2905867, 1.6619259, 2.5), (2.2905867, 1.6619259, 2.5), (2.2898116, 1.6648183, 2.454316), (2.3327932, 1.6794086, 2.454316), (2.3339393, 1.6766422, 2.5), (2.3339393, 1.6766422, 2.5), (2.3327932, 1.6794086, 2.454316), (2.373503, 1.6994842, 2.454316), (2.375, 1.6968911, 2.5), (2.375, 1.6968911, 2.5), (2.373503, 1.6994842, 2.454316), (2.4112437, 1.7247019, 2.454316), (2.4130664, 1.7223263, 2.5), (2.4130664, 1.7223263, 2.5), (2.4112437, 1.7247019, 2.454316), (2.4453702, 1.75463, 2.454316), (2.4474874, 1.7525126, 2.5), (2.4474874, 1.7525126, 2.5), (2.4453702, 1.75463, 2.454316), (2.4752982, 1.7887564, 2.454316), (2.4776738, 1.7869335, 2.5), (2.4776738, 1.7869335, 2.5), (2.4752982, 1.7887564, 2.454316), (2.5005157, 1.8264972, 2.454316), (2.503109, 1.825, 2.5), (2.503109, 1.825, 2.5), (2.5005157, 1.8264972, 2.454316), (2.5205915, 1.8672067, 2.454316), (2.5233579, 1.8660609, 2.5), (2.5233579, 1.8660609, 2.5), (2.5205915, 1.8672067, 2.454316), (2.5351818, 1.9101883, 2.454316), (2.538074, 1.9094133, 2.5), (2.538074, 1.9094133, 2.5), (2.5351818, 1.9101883, 2.454316), (2.544037, 1.9547067, 2.454316), (2.5470057, 1.9543158, 2.5), (2.5470057, 1.9543158, 2.5), (2.544037, 1.9547067, 2.454316), (2.5470057, 2, 2.454316), (2.55, 2, 2.5), (2.5470057, 2, 2.454316), (2.538074, 2, 2.4094133), (2.5351818, 2.0441275, 2.4094133), (2.544037, 2.0452933, 2.454316), (2.544037, 2.0452933, 2.454316), (2.5351818, 2.0441275, 2.4094133), (2.5265543, 2.0875, 2.4094133), (2.5351818, 2.0898118, 2.454316), (2.5351818, 2.0898118, 2.454316), (2.5265543, 2.0875, 2.4094133), (2.5123396, 2.1293752, 2.4094133), (2.5205915, 2.1327934, 2.454316), (2.5205915, 2.1327934, 2.454316), (2.5123396, 2.1293752, 2.4094133), (2.4927807, 2.169037, 2.4094133), (2.5005157, 2.173503, 2.454316), (2.5005157, 2.173503, 2.454316), (2.4927807, 2.169037, 2.4094133), (2.4682121, 2.2058065, 2.4094133), (2.4752982, 2.2112436, 2.454316), (2.4752982, 2.2112436, 2.454316), (2.4682121, 2.2058065, 2.4094133), (2.4390545, 2.2390544, 2.4094133), (2.4453702, 2.2453701, 2.454316), (2.4453702, 2.2453701, 2.454316), (2.4390545, 2.2390544, 2.4094133), (2.4058065, 2.268212, 2.4094133), (2.4112437, 2.275298, 2.454316), (2.4112437, 2.275298, 2.454316), (2.4058065, 2.268212, 2.4094133), (2.369037, 2.2927806, 2.4094133), (2.373503, 2.3005157, 2.454316), (2.373503, 2.3005157, 2.454316), (2.369037, 2.2927806, 2.4094133), (2.3293753, 2.3123398, 2.4094133), (2.3327932, 2.3205914, 2.454316), (2.3327932, 2.3205914, 2.454316), (2.3293753, 2.3123398, 2.4094133), (2.2875, 2.3265545, 2.4094133), (2.2898116, 2.3351817, 2.454316), (2.2898116, 2.3351817, 2.454316), (2.2875, 2.3265545, 2.4094133), (2.2441275, 2.3351817, 2.4094133), (2.2452934, 2.344037, 2.454316), (2.2452934, 2.344037, 2.454316), (2.2441275, 2.3351817, 2.4094133), (2.2, 2.338074, 2.4094133), (2.2, 2.3470056, 2.454316), (2.2, 2.3470056, 2.454316), (2.2, 2.338074, 2.4094133), (2.1558726, 2.3351817, 2.4094133), (2.1547067, 2.344037, 2.454316), (2.1547067, 2.344037, 2.454316), (2.1558726, 2.3351817, 2.4094133), (2.1125, 2.3265545, 2.4094133), (2.1101882, 2.3351817, 2.454316), (2.1101882, 2.3351817, 2.454316), (2.1125, 2.3265545, 2.4094133), (2.0706246, 2.3123398, 2.4094133), (2.0672066, 2.3205914, 2.454316), (2.0672066, 2.3205914, 2.454316), (2.0706246, 2.3123398, 2.4094133), (2.030963, 2.2927806, 2.4094133), (2.0264971, 2.3005157, 2.454316), (2.0264971, 2.3005157, 2.454316), (2.030963, 2.2927806, 2.4094133), (1.9941936, 2.268212, 2.4094133), (1.9887563, 2.275298, 2.454316), (1.9887563, 2.275298, 2.454316), (1.9941936, 2.268212, 2.4094133), (1.9609456, 2.2390544, 2.4094133), (1.9546299, 2.2453701, 2.454316), (1.9546299, 2.2453701, 2.454316), (1.9609456, 2.2390544, 2.4094133), (1.9317878, 2.2058065, 2.4094133), (1.9247018, 2.2112436, 2.454316), (1.9247018, 2.2112436, 2.454316), (1.9317878, 2.2058065, 2.4094133), (1.9072193, 2.169037, 2.4094133), (1.8994843, 2.173503, 2.454316), (1.8994843, 2.173503, 2.454316), (1.9072193, 2.169037, 2.4094133), (1.8876603, 2.1293752, 2.4094133), (1.8794085, 2.1327934, 2.454316), (1.8794085, 2.1327934, 2.454316), (1.8876603, 2.1293752, 2.4094133), (1.8734455, 2.0875, 2.4094133), (1.8648182, 2.0898118, 2.454316), (1.8648182, 2.0898118, 2.454316), (1.8734455, 2.0875, 2.4094133), (1.8648182, 2.0441275, 2.4094133), (1.855963, 2.0452933, 2.454316), (1.855963, 2.0452933, 2.454316), (1.8648182, 2.0441275, 2.4094133), (1.861926, 2, 2.4094133), (1.8529943, 2, 2.454316), (1.8529943, 2, 2.454316), (1.861926, 2, 2.4094133), (1.8648182, 1.9558725, 2.4094133), (1.855963, 1.9547067, 2.454316), (1.855963, 1.9547067, 2.454316), (1.8648182, 1.9558725, 2.4094133), (1.8734455, 1.9125, 2.4094133), (1.8648182, 1.9101883, 2.454316), (1.8648182, 1.9101883, 2.454316), (1.8734455, 1.9125, 2.4094133), (1.8876603, 1.8706247, 2.4094133), (1.8794085, 1.8672067, 2.454316), (1.8794085, 1.8672067, 2.454316), (1.8876603, 1.8706247, 2.4094133), (1.9072193, 1.830963, 2.4094133), (1.8994843, 1.8264972, 2.454316), (1.8994843, 1.8264972, 2.454316), (1.9072193, 1.830963, 2.4094133), (1.9317878, 1.7941935, 2.4094133), (1.9247018, 1.7887564, 2.454316), (1.9247018, 1.7887564, 2.454316), (1.9317878, 1.7941935, 2.4094133), (1.9609456, 1.7609456, 2.4094133), (1.9546299, 1.75463, 2.454316), (1.9546299, 1.75463, 2.454316), (1.9609456, 1.7609456, 2.4094133), (1.9941936, 1.7317878, 2.4094133), (1.9887563, 1.7247019, 2.454316), (1.9887563, 1.7247019, 2.454316), (1.9941936, 1.7317878, 2.4094133), (2.030963, 1.7072192, 2.4094133), (2.0264971, 1.6994842, 2.454316), (2.0264971, 1.6994842, 2.454316), (2.030963, 1.7072192, 2.4094133), (2.0706246, 1.6876603, 2.4094133), (2.0672066, 1.6794086, 2.454316), (2.0672066, 1.6794086, 2.454316), (2.0706246, 1.6876603, 2.4094133), (2.1125, 1.6734456, 2.4094133), (2.1101882, 1.6648183, 2.454316), (2.1101882, 1.6648183, 2.454316), (2.1125, 1.6734456, 2.4094133), (2.1558726, 1.6648183, 2.4094133), (2.1547067, 1.655963, 2.454316), (2.1547067, 1.655963, 2.454316), (2.1558726, 1.6648183, 2.4094133), (2.2, 1.6619259, 2.4094133), (2.2, 1.6529943, 2.454316), (2.2, 1.6529943, 2.454316), (2.2, 1.6619259, 2.4094133), (2.2441275, 1.6648183, 2.4094133), (2.2452934, 1.655963, 2.454316), (2.2452934, 1.655963, 2.454316), (2.2441275, 1.6648183, 2.4094133), (2.2875, 1.6734456, 2.4094133), (2.2898116, 1.6648183, 2.454316), (2.2898116, 1.6648183, 2.454316), (2.2875, 1.6734456, 2.4094133), (2.3293753, 1.6876603, 2.4094133), (2.3327932, 1.6794086, 2.454316), (2.3327932, 1.6794086, 2.454316), (2.3293753, 1.6876603, 2.4094133), (2.369037, 1.7072192, 2.4094133), (2.373503, 1.6994842, 2.454316), (2.373503, 1.6994842, 2.454316), (2.369037, 1.7072192, 2.4094133), (2.4058065, 1.7317878, 2.4094133), (2.4112437, 1.7247019, 2.454316), (2.4112437, 1.7247019, 2.454316), (2.4058065, 1.7317878, 2.4094133), (2.4390545, 1.7609456, 2.4094133), (2.4453702, 1.75463, 2.454316), (2.4453702, 1.75463, 2.454316), (2.4390545, 1.7609456, 2.4094133), (2.4682121, 1.7941935, 2.4094133), (2.4752982, 1.7887564, 2.454316), (2.4752982, 1.7887564, 2.454316), (2.4682121, 1.7941935, 2.4094133), (2.4927807, 1.830963, 2.4094133), (2.5005157, 1.8264972, 2.454316), (2.5005157, 1.8264972, 2.454316), (2.4927807, 1.830963, 2.4094133), (2.5123396, 1.8706247, 2.4094133), (2.5205915, 1.8672067, 2.454316), (2.5205915, 1.8672067, 2.454316), (2.5123396, 1.8706247, 2.4094133), (2.5265543, 1.9125, 2.4094133), (2.5351818, 1.9101883, 2.454316), (2.5351818, 1.9101883, 2.454316), (2.5265543, 1.9125, 2.4094133), (2.5351818, 1.9558725, 2.4094133), (2.544037, 1.9547067, 2.454316), (2.544037, 1.9547067, 2.454316), (2.5351818, 1.9558725, 2.4094133), (2.538074, 2, 2.4094133), (2.5470057, 2, 2.454316), (2.538074, 2, 2.4094133), (2.5233579, 2, 2.3660607), (2.5205915, 2.0422068, 2.3660607), (2.5351818, 2.0441275, 2.4094133), (2.5351818, 2.0441275, 2.4094133), (2.5205915, 2.0422068, 2.3660607), (2.5123396, 2.0836911, 2.3660607), (2.5265543, 2.0875, 2.4094133), (2.5265543, 2.0875, 2.4094133), (2.5123396, 2.0836911, 2.3660607), (2.4987438, 2.1237438, 2.3660607), (2.5123396, 2.1293752, 2.4094133), (2.5123396, 2.1293752, 2.4094133), (2.4987438, 2.1237438, 2.3660607), (2.480036, 2.161679, 2.3660607), (2.4927807, 2.169037, 2.4094133), (2.4927807, 2.169037, 2.4094133), (2.480036, 2.161679, 2.3660607), (2.456537, 2.1968477, 2.3660607), (2.4682121, 2.2058065, 2.4094133), (2.4682121, 2.2058065, 2.4094133), (2.456537, 2.1968477, 2.3660607), (2.4286485, 2.2286484, 2.3660607), (2.4390545, 2.2390544, 2.4094133), (2.4390545, 2.2390544, 2.4094133), (2.4286485, 2.2286484, 2.3660607), (2.3968477, 2.256537, 2.3660607), (2.4058065, 2.268212, 2.4094133), (2.4058065, 2.268212, 2.4094133), (2.3968477, 2.256537, 2.3660607), (2.3616788, 2.2800362, 2.3660607), (2.369037, 2.2927806, 2.4094133), (2.369037, 2.2927806, 2.4094133), (2.3616788, 2.2800362, 2.3660607), (2.3237436, 2.2987437, 2.3660607), (2.3293753, 2.3123398, 2.4094133), (2.3293753, 2.3123398, 2.4094133), (2.3237436, 2.2987437, 2.3660607), (2.2836912, 2.3123398, 2.3660607), (2.2875, 2.3265545, 2.4094133), (2.2875, 2.3265545, 2.4094133), (2.2836912, 2.3123398, 2.3660607), (2.2422066, 2.3205914, 2.3660607), (2.2441275, 2.3351817, 2.4094133), (2.2441275, 2.3351817, 2.4094133), (2.2422066, 2.3205914, 2.3660607), (2.2, 2.3233578, 2.3660607), (2.2, 2.338074, 2.4094133), (2.2, 2.338074, 2.4094133), (2.2, 2.3233578, 2.3660607), (2.1577933, 2.3205914, 2.3660607), (2.1558726, 2.3351817, 2.4094133), (2.1558726, 2.3351817, 2.4094133), (2.1577933, 2.3205914, 2.3660607), (2.116309, 2.3123398, 2.3660607), (2.1125, 2.3265545, 2.4094133), (2.1125, 2.3265545, 2.4094133), (2.116309, 2.3123398, 2.3660607), (2.0762563, 2.2987437, 2.3660607), (2.0706246, 2.3123398, 2.4094133), (2.0706246, 2.3123398, 2.4094133), (2.0762563, 2.2987437, 2.3660607), (2.038321, 2.2800362, 2.3660607), (2.030963, 2.2927806, 2.4094133), (2.030963, 2.2927806, 2.4094133), (2.038321, 2.2800362, 2.3660607), (2.0031521, 2.256537, 2.3660607), (1.9941936, 2.268212, 2.4094133), (1.9941936, 2.268212, 2.4094133), (2.0031521, 2.256537, 2.3660607), (1.9713515, 2.2286484, 2.3660607), (1.9609456, 2.2390544, 2.4094133), (1.9609456, 2.2390544, 2.4094133), (1.9713515, 2.2286484, 2.3660607), (1.943463, 2.1968477, 2.3660607), (1.9317878, 2.2058065, 2.4094133), (1.9317878, 2.2058065, 2.4094133), (1.943463, 2.1968477, 2.3660607), (1.919964, 2.161679, 2.3660607), (1.9072193, 2.169037, 2.4094133), (1.9072193, 2.169037, 2.4094133), (1.919964, 2.161679, 2.3660607), (1.9012563, 2.1237438, 2.3660607), (1.8876603, 2.1293752, 2.4094133), (1.8876603, 2.1293752, 2.4094133), (1.9012563, 2.1237438, 2.3660607), (1.8876603, 2.0836911, 2.3660607), (1.8734455, 2.0875, 2.4094133), (1.8734455, 2.0875, 2.4094133), (1.8876603, 2.0836911, 2.3660607), (1.8794085, 2.0422068, 2.3660607), (1.8648182, 2.0441275, 2.4094133), (1.8648182, 2.0441275, 2.4094133), (1.8794085, 2.0422068, 2.3660607), (1.8766421, 2, 2.3660607), (1.861926, 2, 2.4094133), (1.861926, 2, 2.4094133), (1.8766421, 2, 2.3660607), (1.8794085, 1.9577934, 2.3660607), (1.8648182, 1.9558725, 2.4094133), (1.8648182, 1.9558725, 2.4094133), (1.8794085, 1.9577934, 2.3660607), (1.8876603, 1.9163089, 2.3660607), (1.8734455, 1.9125, 2.4094133), (1.8734455, 1.9125, 2.4094133), (1.8876603, 1.9163089, 2.3660607), (1.9012563, 1.8762563, 2.3660607), (1.8876603, 1.8706247, 2.4094133), (1.8876603, 1.8706247, 2.4094133), (1.9012563, 1.8762563, 2.3660607), (1.919964, 1.8383211, 2.3660607), (1.9072193, 1.830963, 2.4094133), (1.9072193, 1.830963, 2.4094133), (1.919964, 1.8383211, 2.3660607), (1.943463, 1.8031522, 2.3660607), (1.9317878, 1.7941935, 2.4094133), (1.9317878, 1.7941935, 2.4094133), (1.943463, 1.8031522, 2.3660607), (1.9713515, 1.7713515, 2.3660607), (1.9609456, 1.7609456, 2.4094133), (1.9609456, 1.7609456, 2.4094133), (1.9713515, 1.7713515, 2.3660607), (2.0031521, 1.743463, 2.3660607), (1.9941936, 1.7317878, 2.4094133), (1.9941936, 1.7317878, 2.4094133), (2.0031521, 1.743463, 2.3660607), (2.038321, 1.7199639, 2.3660607), (2.030963, 1.7072192, 2.4094133), (2.030963, 1.7072192, 2.4094133), (2.038321, 1.7199639, 2.3660607), (2.0762563, 1.7012563, 2.3660607), (2.0706246, 1.6876603, 2.4094133), (2.0706246, 1.6876603, 2.4094133), (2.0762563, 1.7012563, 2.3660607), (2.116309, 1.6876603, 2.3660607), (2.1125, 1.6734456, 2.4094133), (2.1125, 1.6734456, 2.4094133), (2.116309, 1.6876603, 2.3660607), (2.1577933, 1.6794086, 2.3660607), (2.1558726, 1.6648183, 2.4094133), (2.1558726, 1.6648183, 2.4094133), (2.1577933, 1.6794086, 2.3660607), (2.2, 1.6766422, 2.3660607), (2.2, 1.6619259, 2.4094133), (2.2, 1.6619259, 2.4094133), (2.2, 1.6766422, 2.3660607), (2.2422066, 1.6794086, 2.3660607), (2.2441275, 1.6648183, 2.4094133), (2.2441275, 1.6648183, 2.4094133), (2.2422066, 1.6794086, 2.3660607), (2.2836912, 1.6876603, 2.3660607), (2.2875, 1.6734456, 2.4094133), (2.2875, 1.6734456, 2.4094133), (2.2836912, 1.6876603, 2.3660607), (2.3237436, 1.7012563, 2.3660607), (2.3293753, 1.6876603, 2.4094133), (2.3293753, 1.6876603, 2.4094133), (2.3237436, 1.7012563, 2.3660607), (2.3616788, 1.7199639, 2.3660607), (2.369037, 1.7072192, 2.4094133), (2.369037, 1.7072192, 2.4094133), (2.3616788, 1.7199639, 2.3660607), (2.3968477, 1.743463, 2.3660607), (2.4058065, 1.7317878, 2.4094133), (2.4058065, 1.7317878, 2.4094133), (2.3968477, 1.743463, 2.3660607), (2.4286485, 1.7713515, 2.3660607), (2.4390545, 1.7609456, 2.4094133), (2.4390545, 1.7609456, 2.4094133), (2.4286485, 1.7713515, 2.3660607), (2.456537, 1.8031522, 2.3660607), (2.4682121, 1.7941935, 2.4094133), (2.4682121, 1.7941935, 2.4094133), (2.456537, 1.8031522, 2.3660607), (2.480036, 1.8383211, 2.3660607), (2.4927807, 1.830963, 2.4094133), (2.4927807, 1.830963, 2.4094133), (2.480036, 1.8383211, 2.3660607), (2.4987438, 1.8762563, 2.3660607), (2.5123396, 1.8706247, 2.4094133), (2.5123396, 1.8706247, 2.4094133), (2.4987438, 1.8762563, 2.3660607), (2.5123396, 1.9163089, 2.3660607), (2.5265543, 1.9125, 2.4094133), (2.5265543, 1.9125, 2.4094133), (2.5123396, 1.9163089, 2.3660607), (2.5205915, 1.9577934, 2.3660607), (2.5351818, 1.9558725, 2.4094133), (2.5351818, 1.9558725, 2.4094133), (2.5205915, 1.9577934, 2.3660607), (2.5233579, 2, 2.3660607), (2.538074, 2, 2.4094133), (2.5233579, 2, 2.3660607), (2.503109, 2, 2.325), (2.5005157, 2.0395637, 2.325), (2.5205915, 2.0422068, 2.3660607), (2.5205915, 2.0422068, 2.3660607), (2.5005157, 2.0395637, 2.325), (2.4927807, 2.0784504, 2.325), (2.5123396, 2.0836911, 2.3660607), (2.5123396, 2.0836911, 2.3660607), (2.4927807, 2.0784504, 2.325), (2.480036, 2.1159947, 2.325), (2.4987438, 2.1237438, 2.3660607), (2.4987438, 2.1237438, 2.3660607), (2.480036, 2.1159947, 2.325), (2.4625, 2.1515543, 2.325), (2.480036, 2.161679, 2.3660607), (2.480036, 2.161679, 2.3660607), (2.4625, 2.1515543, 2.325), (2.4404724, 2.184521, 2.325), (2.456537, 2.1968477, 2.3660607), (2.456537, 2.1968477, 2.3660607), (2.4404724, 2.184521, 2.325), (2.4143302, 2.2143304, 2.325), (2.4286485, 2.2286484, 2.3660607), (2.4286485, 2.2286484, 2.3660607), (2.4143302, 2.2143304, 2.325), (2.384521, 2.2404726, 2.325), (2.3968477, 2.256537, 2.3660607), (2.3968477, 2.256537, 2.3660607), (2.384521, 2.2404726, 2.325), (2.3515544, 2.2625, 2.325), (2.3616788, 2.2800362, 2.3660607), (2.3616788, 2.2800362, 2.3660607), (2.3515544, 2.2625, 2.325), (2.3159947, 2.2800362, 2.325), (2.3237436, 2.2987437, 2.3660607), (2.3237436, 2.2987437, 2.3660607), (2.3159947, 2.2800362, 2.325), (2.2784503, 2.2927806, 2.325), (2.2836912, 2.3123398, 2.3660607), (2.2836912, 2.3123398, 2.3660607), (2.2784503, 2.2927806, 2.325), (2.2395637, 2.3005157, 2.325), (2.2422066, 2.3205914, 2.3660607), (2.2422066, 2.3205914, 2.3660607), (2.2395637, 2.3005157, 2.325), (2.2, 2.303109, 2.325), (2.2, 2.3233578, 2.3660607), (2.2, 2.3233578, 2.3660607), (2.2, 2.303109, 2.325), (2.1604364, 2.3005157, 2.325), (2.1577933, 2.3205914, 2.3660607), (2.1577933, 2.3205914, 2.3660607), (2.1604364, 2.3005157, 2.325), (2.1215496, 2.2927806, 2.325), (2.116309, 2.3123398, 2.3660607), (2.116309, 2.3123398, 2.3660607), (2.1215496, 2.2927806, 2.325), (2.0840054, 2.2800362, 2.325), (2.0762563, 2.2987437, 2.3660607), (2.0762563, 2.2987437, 2.3660607), (2.0840054, 2.2800362, 2.325), (2.0484455, 2.2625, 2.325), (2.038321, 2.2800362, 2.3660607), (2.038321, 2.2800362, 2.3660607), (2.0484455, 2.2625, 2.325), (2.015479, 2.2404726, 2.325), (2.0031521, 2.256537, 2.3660607), (2.0031521, 2.256537, 2.3660607), (2.015479, 2.2404726, 2.325), (1.9856696, 2.2143304, 2.325), (1.9713515, 2.2286484, 2.3660607), (1.9713515, 2.2286484, 2.3660607), (1.9856696, 2.2143304, 2.325), (1.9595275, 2.184521, 2.325), (1.943463, 2.1968477, 2.3660607), (1.943463, 2.1968477, 2.3660607), (1.9595275, 2.184521, 2.325), (1.9375, 2.1515543, 2.325), (1.919964, 2.161679, 2.3660607), (1.919964, 2.161679, 2.3660607), (1.9375, 2.1515543, 2.325), (1.919964, 2.1159947, 2.325), (1.9012563, 2.1237438, 2.3660607), (1.9012563, 2.1237438, 2.3660607), (1.919964, 2.1159947, 2.325), (1.9072193, 2.0784504, 2.325), (1.8876603, 2.0836911, 2.3660607), (1.8876603, 2.0836911, 2.3660607), (1.9072193, 2.0784504, 2.325), (1.8994843, 2.0395637, 2.325), (1.8794085, 2.0422068, 2.3660607), (1.8794085, 2.0422068, 2.3660607), (1.8994843, 2.0395637, 2.325), (1.8968911, 2, 2.325), (1.8766421, 2, 2.3660607), (1.8766421, 2, 2.3660607), (1.8968911, 2, 2.325), (1.8994843, 1.9604363, 2.325), (1.8794085, 1.9577934, 2.3660607), (1.8794085, 1.9577934, 2.3660607), (1.8994843, 1.9604363, 2.325), (1.9072193, 1.9215497, 2.325), (1.8876603, 1.9163089, 2.3660607), (1.8876603, 1.9163089, 2.3660607), (1.9072193, 1.9215497, 2.325), (1.919964, 1.8840053, 2.325), (1.9012563, 1.8762563, 2.3660607), (1.9012563, 1.8762563, 2.3660607), (1.919964, 1.8840053, 2.325), (1.9375, 1.8484455, 2.325), (1.919964, 1.8383211, 2.3660607), (1.919964, 1.8383211, 2.3660607), (1.9375, 1.8484455, 2.325), (1.9595275, 1.815479, 2.325), (1.943463, 1.8031522, 2.3660607), (1.943463, 1.8031522, 2.3660607), (1.9595275, 1.815479, 2.325), (1.9856696, 1.7856697, 2.325), (1.9713515, 1.7713515, 2.3660607), (1.9713515, 1.7713515, 2.3660607), (1.9856696, 1.7856697, 2.325), (2.015479, 1.7595276, 2.325), (2.0031521, 1.743463, 2.3660607), (2.0031521, 1.743463, 2.3660607), (2.015479, 1.7595276, 2.325), (2.0484455, 1.7375, 2.325), (2.038321, 1.7199639, 2.3660607), (2.038321, 1.7199639, 2.3660607), (2.0484455, 1.7375, 2.325), (2.0840054, 1.7199639, 2.325), (2.0762563, 1.7012563, 2.3660607), (2.0762563, 1.7012563, 2.3660607), (2.0840054, 1.7199639, 2.325), (2.1215496, 1.7072192, 2.325), (2.116309, 1.6876603, 2.3660607), (2.116309, 1.6876603, 2.3660607), (2.1215496, 1.7072192, 2.325), (2.1604364, 1.6994842, 2.325), (2.1577933, 1.6794086, 2.3660607), (2.1577933, 1.6794086, 2.3660607), (2.1604364, 1.6994842, 2.325), (2.2, 1.6968911, 2.325), (2.2, 1.6766422, 2.3660607), (2.2, 1.6766422, 2.3660607), (2.2, 1.6968911, 2.325), (2.2395637, 1.6994842, 2.325), (2.2422066, 1.6794086, 2.3660607), (2.2422066, 1.6794086, 2.3660607), (2.2395637, 1.6994842, 2.325), (2.2784503, 1.7072192, 2.325), (2.2836912, 1.6876603, 2.3660607), (2.2836912, 1.6876603, 2.3660607), (2.2784503, 1.7072192, 2.325), (2.3159947, 1.7199639, 2.325), (2.3237436, 1.7012563, 2.3660607), (2.3237436, 1.7012563, 2.3660607), (2.3159947, 1.7199639, 2.325), (2.3515544, 1.7375, 2.325), (2.3616788, 1.7199639, 2.3660607), (2.3616788, 1.7199639, 2.3660607), (2.3515544, 1.7375, 2.325), (2.384521, 1.7595276, 2.325), (2.3968477, 1.743463, 2.3660607), (2.3968477, 1.743463, 2.3660607), (2.384521, 1.7595276, 2.325), (2.4143302, 1.7856697, 2.325), (2.4286485, 1.7713515, 2.3660607), (2.4286485, 1.7713515, 2.3660607), (2.4143302, 1.7856697, 2.325), (2.4404724, 1.815479, 2.325), (2.456537, 1.8031522, 2.3660607), (2.456537, 1.8031522, 2.3660607), (2.4404724, 1.815479, 2.325), (2.4625, 1.8484455, 2.325), (2.480036, 1.8383211, 2.3660607), (2.480036, 1.8383211, 2.3660607), (2.4625, 1.8484455, 2.325), (2.480036, 1.8840053, 2.325), (2.4987438, 1.8762563, 2.3660607), (2.4987438, 1.8762563, 2.3660607), (2.480036, 1.8840053, 2.325), (2.4927807, 1.9215497, 2.325), (2.5123396, 1.9163089, 2.3660607), (2.5123396, 1.9163089, 2.3660607), (2.4927807, 1.9215497, 2.325), (2.5005157, 1.9604363, 2.325), (2.5205915, 1.9577934, 2.3660607), (2.5205915, 1.9577934, 2.3660607), (2.5005157, 1.9604363, 2.325), (2.503109, 2, 2.325), (2.5233579, 2, 2.3660607), (2.503109, 2, 2.325), (2.4776738, 2, 2.2869334), (2.4752982, 2.0362437, 2.2869334), (2.5005157, 2.0395637, 2.325), (2.5005157, 2.0395637, 2.325), (2.4752982, 2.0362437, 2.2869334), (2.4682121, 2.0718672, 2.2869334), (2.4927807, 2.0784504, 2.325), (2.4927807, 2.0784504, 2.325), (2.4682121, 2.0718672, 2.2869334), (2.456537, 2.106261, 2.2869334), (2.480036, 2.1159947, 2.325), (2.480036, 2.1159947, 2.325), (2.456537, 2.106261, 2.2869334), (2.4404724, 2.1388369, 2.2869334), (2.4625, 2.1515543, 2.325), (2.4625, 2.1515543, 2.325), (2.4404724, 2.1388369, 2.2869334), (2.4202933, 2.169037, 2.2869334), (2.4404724, 2.184521, 2.325), (2.4404724, 2.184521, 2.325), (2.4202933, 2.169037, 2.2869334), (2.396345, 2.1963449, 2.2869334), (2.4143302, 2.2143304, 2.325), (2.4143302, 2.2143304, 2.325), (2.396345, 2.1963449, 2.2869334), (2.369037, 2.2202933, 2.2869334), (2.384521, 2.2404726, 2.325), (2.384521, 2.2404726, 2.325), (2.369037, 2.2202933, 2.2869334), (2.338837, 2.2404726, 2.2869334), (2.3515544, 2.2625, 2.325), (2.3515544, 2.2625, 2.325), (2.338837, 2.2404726, 2.2869334), (2.306261, 2.256537, 2.2869334), (2.3159947, 2.2800362, 2.325), (2.3159947, 2.2800362, 2.325), (2.306261, 2.256537, 2.2869334), (2.2718673, 2.268212, 2.2869334), (2.2784503, 2.2927806, 2.325), (2.2784503, 2.2927806, 2.325), (2.2718673, 2.268212, 2.2869334), (2.2362437, 2.275298, 2.2869334), (2.2395637, 2.3005157, 2.325), (2.2395637, 2.3005157, 2.325), (2.2362437, 2.275298, 2.2869334), (2.2, 2.2776737, 2.2869334), (2.2, 2.303109, 2.325), (2.2, 2.303109, 2.325), (2.2, 2.2776737, 2.2869334), (2.1637564, 2.275298, 2.2869334), (2.1604364, 2.3005157, 2.325), (2.1604364, 2.3005157, 2.325), (2.1637564, 2.275298, 2.2869334), (2.1281328, 2.268212, 2.2869334), (2.1215496, 2.2927806, 2.325), (2.1215496, 2.2927806, 2.325), (2.1281328, 2.268212, 2.2869334), (2.0937388, 2.256537, 2.2869334), (2.0840054, 2.2800362, 2.325), (2.0840054, 2.2800362, 2.325), (2.0937388, 2.256537, 2.2869334), (2.0611632, 2.2404726, 2.2869334), (2.0484455, 2.2625, 2.325), (2.0484455, 2.2625, 2.325), (2.0611632, 2.2404726, 2.2869334), (2.030963, 2.2202933, 2.2869334), (2.015479, 2.2404726, 2.325), (2.015479, 2.2404726, 2.325), (2.030963, 2.2202933, 2.2869334), (2.003655, 2.1963449, 2.2869334), (1.9856696, 2.2143304, 2.325), (1.9856696, 2.2143304, 2.325), (2.003655, 2.1963449, 2.2869334), (1.9797066, 2.169037, 2.2869334), (1.9595275, 2.184521, 2.325), (1.9595275, 2.184521, 2.325), (1.9797066, 2.169037, 2.2869334), (1.9595275, 2.1388369, 2.2869334), (1.9375, 2.1515543, 2.325), (1.9375, 2.1515543, 2.325), (1.9595275, 2.1388369, 2.2869334), (1.943463, 2.106261, 2.2869334), (1.919964, 2.1159947, 2.325), (1.919964, 2.1159947, 2.325), (1.943463, 2.106261, 2.2869334), (1.9317878, 2.0718672, 2.2869334), (1.9072193, 2.0784504, 2.325), (1.9072193, 2.0784504, 2.325), (1.9317878, 2.0718672, 2.2869334), (1.9247018, 2.0362437, 2.2869334), (1.8994843, 2.0395637, 2.325), (1.8994843, 2.0395637, 2.325), (1.9247018, 2.0362437, 2.2869334), (1.9223263, 2, 2.2869334), (1.8968911, 2, 2.325), (1.8968911, 2, 2.325), (1.9223263, 2, 2.2869334), (1.9247018, 1.9637563, 2.2869334), (1.8994843, 1.9604363, 2.325), (1.8994843, 1.9604363, 2.325), (1.9247018, 1.9637563, 2.2869334), (1.9317878, 1.9281328, 2.2869334), (1.9072193, 1.9215497, 2.325), (1.9072193, 1.9215497, 2.325), (1.9317878, 1.9281328, 2.2869334), (1.943463, 1.8937389, 2.2869334), (1.919964, 1.8840053, 2.325), (1.919964, 1.8840053, 2.325), (1.943463, 1.8937389, 2.2869334), (1.9595275, 1.8611631, 2.2869334), (1.9375, 1.8484455, 2.325), (1.9375, 1.8484455, 2.325), (1.9595275, 1.8611631, 2.2869334), (1.9797066, 1.830963, 2.2869334), (1.9595275, 1.815479, 2.325), (1.9595275, 1.815479, 2.325), (1.9797066, 1.830963, 2.2869334), (2.003655, 1.803655, 2.2869334), (1.9856696, 1.7856697, 2.325), (1.9856696, 1.7856697, 2.325), (2.003655, 1.803655, 2.2869334), (2.030963, 1.7797067, 2.2869334), (2.015479, 1.7595276, 2.325), (2.015479, 1.7595276, 2.325), (2.030963, 1.7797067, 2.2869334), (2.0611632, 1.7595276, 2.2869334), (2.0484455, 1.7375, 2.325), (2.0484455, 1.7375, 2.325), (2.0611632, 1.7595276, 2.2869334), (2.0937388, 1.743463, 2.2869334), (2.0840054, 1.7199639, 2.325), (2.0840054, 1.7199639, 2.325), (2.0937388, 1.743463, 2.2869334), (2.1281328, 1.7317878, 2.2869334), (2.1215496, 1.7072192, 2.325), (2.1215496, 1.7072192, 2.325), (2.1281328, 1.7317878, 2.2869334), (2.1637564, 1.7247019, 2.2869334), (2.1604364, 1.6994842, 2.325), (2.1604364, 1.6994842, 2.325), (2.1637564, 1.7247019, 2.2869334), (2.2, 1.7223263, 2.2869334), (2.2, 1.6968911, 2.325), (2.2, 1.6968911, 2.325), (2.2, 1.7223263, 2.2869334), (2.2362437, 1.7247019, 2.2869334), (2.2395637, 1.6994842, 2.325), (2.2395637, 1.6994842, 2.325), (2.2362437, 1.7247019, 2.2869334), (2.2718673, 1.7317878, 2.2869334), (2.2784503, 1.7072192, 2.325), (2.2784503, 1.7072192, 2.325), (2.2718673, 1.7317878, 2.2869334), (2.306261, 1.743463, 2.2869334), (2.3159947, 1.7199639, 2.325), (2.3159947, 1.7199639, 2.325), (2.306261, 1.743463, 2.2869334), (2.338837, 1.7595276, 2.2869334), (2.3515544, 1.7375, 2.325), (2.3515544, 1.7375, 2.325), (2.338837, 1.7595276, 2.2869334), (2.369037, 1.7797067, 2.2869334), (2.384521, 1.7595276, 2.325), (2.384521, 1.7595276, 2.325), (2.369037, 1.7797067, 2.2869334), (2.396345, 1.803655, 2.2869334), (2.4143302, 1.7856697, 2.325), (2.4143302, 1.7856697, 2.325), (2.396345, 1.803655, 2.2869334), (2.4202933, 1.830963, 2.2869334), (2.4404724, 1.815479, 2.325), (2.4404724, 1.815479, 2.325), (2.4202933, 1.830963, 2.2869334), (2.4404724, 1.8611631, 2.2869334), (2.4625, 1.8484455, 2.325), (2.4625, 1.8484455, 2.325), (2.4404724, 1.8611631, 2.2869334), (2.456537, 1.8937389, 2.2869334), (2.480036, 1.8840053, 2.325), (2.480036, 1.8840053, 2.325), (2.456537, 1.8937389, 2.2869334), (2.4682121, 1.9281328, 2.2869334), (2.4927807, 1.9215497, 2.325), (2.4927807, 1.9215497, 2.325), (2.4682121, 1.9281328, 2.2869334), (2.4752982, 1.9637563, 2.2869334), (2.5005157, 1.9604363, 2.325), (2.5005157, 1.9604363, 2.325), (2.4752982, 1.9637563, 2.2869334), (2.4776738, 2, 2.2869334), (2.503109, 2, 2.325), (2.4776738, 2, 2.2869334), (2.4474874, 2, 2.2525127), (2.4453702, 2.0323036, 2.2525127), (2.4752982, 2.0362437, 2.2869334), (2.4752982, 2.0362437, 2.2869334), (2.4453702, 2.0323036, 2.2525127), (2.4390545, 2.0640545, 2.2525127), (2.4682121, 2.0718672, 2.2869334), (2.4682121, 2.0718672, 2.2869334), (2.4390545, 2.0640545, 2.2525127), (2.4286485, 2.0947094, 2.2525127), (2.456537, 2.106261, 2.2869334), (2.456537, 2.106261, 2.2869334), (2.4286485, 2.0947094, 2.2525127), (2.4143302, 2.1237438, 2.2525127), (2.4404724, 2.1388369, 2.2869334), (2.4404724, 2.1388369, 2.2869334), (2.4143302, 2.1237438, 2.2525127), (2.396345, 2.1506608, 2.2525127), (2.4202933, 2.169037, 2.2869334), (2.4202933, 2.169037, 2.2869334), (2.396345, 2.1506608, 2.2525127), (2.375, 2.175, 2.2525127), (2.396345, 2.1963449, 2.2869334), (2.396345, 2.1963449, 2.2869334), (2.375, 2.175, 2.2525127), (2.3506608, 2.1963449, 2.2525127), (2.369037, 2.2202933, 2.2869334), (2.369037, 2.2202933, 2.2869334), (2.3506608, 2.1963449, 2.2525127), (2.3237436, 2.2143304, 2.2525127), (2.338837, 2.2404726, 2.2869334), (2.338837, 2.2404726, 2.2869334), (2.3237436, 2.2143304, 2.2525127), (2.2947092, 2.2286484, 2.2525127), (2.306261, 2.256537, 2.2869334), (2.306261, 2.256537, 2.2869334), (2.2947092, 2.2286484, 2.2525127), (2.2640545, 2.2390544, 2.2525127), (2.2718673, 2.268212, 2.2869334), (2.2718673, 2.268212, 2.2869334), (2.2640545, 2.2390544, 2.2525127), (2.2323036, 2.2453701, 2.2525127), (2.2362437, 2.275298, 2.2869334), (2.2362437, 2.275298, 2.2869334), (2.2323036, 2.2453701, 2.2525127), (2.2, 2.2474873, 2.2525127), (2.2, 2.2776737, 2.2869334), (2.2, 2.2776737, 2.2869334), (2.2, 2.2474873, 2.2525127), (2.1676965, 2.2453701, 2.2525127), (2.1637564, 2.275298, 2.2869334), (2.1637564, 2.275298, 2.2869334), (2.1676965, 2.2453701, 2.2525127), (2.1359456, 2.2390544, 2.2525127), (2.1281328, 2.268212, 2.2869334), (2.1281328, 2.268212, 2.2869334), (2.1359456, 2.2390544, 2.2525127), (2.1052907, 2.2286484, 2.2525127), (2.0937388, 2.256537, 2.2869334), (2.0937388, 2.256537, 2.2869334), (2.1052907, 2.2286484, 2.2525127), (2.0762563, 2.2143304, 2.2525127), (2.0611632, 2.2404726, 2.2869334), (2.0611632, 2.2404726, 2.2869334), (2.0762563, 2.2143304, 2.2525127), (2.0493393, 2.1963449, 2.2525127), (2.030963, 2.2202933, 2.2869334), (2.030963, 2.2202933, 2.2869334), (2.0493393, 2.1963449, 2.2525127), (2.025, 2.175, 2.2525127), (2.003655, 2.1963449, 2.2869334), (2.003655, 2.1963449, 2.2869334), (2.025, 2.175, 2.2525127), (2.003655, 2.1506608, 2.2525127), (1.9797066, 2.169037, 2.2869334), (1.9797066, 2.169037, 2.2869334), (2.003655, 2.1506608, 2.2525127), (1.9856696, 2.1237438, 2.2525127), (1.9595275, 2.1388369, 2.2869334), (1.9595275, 2.1388369, 2.2869334), (1.9856696, 2.1237438, 2.2525127), (1.9713515, 2.0947094, 2.2525127), (1.943463, 2.106261, 2.2869334), (1.943463, 2.106261, 2.2869334), (1.9713515, 2.0947094, 2.2525127), (1.9609456, 2.0640545, 2.2525127), (1.9317878, 2.0718672, 2.2869334), (1.9317878, 2.0718672, 2.2869334), (1.9609456, 2.0640545, 2.2525127), (1.9546299, 2.0323036, 2.2525127), (1.9247018, 2.0362437, 2.2869334), (1.9247018, 2.0362437, 2.2869334), (1.9546299, 2.0323036, 2.2525127), (1.9525126, 2, 2.2525127), (1.9223263, 2, 2.2869334), (1.9223263, 2, 2.2869334), (1.9525126, 2, 2.2525127), (1.9546299, 1.9676964, 2.2525127), (1.9247018, 1.9637563, 2.2869334), (1.9247018, 1.9637563, 2.2869334), (1.9546299, 1.9676964, 2.2525127), (1.9609456, 1.9359455, 2.2525127), (1.9317878, 1.9281328, 2.2869334), (1.9317878, 1.9281328, 2.2869334), (1.9609456, 1.9359455, 2.2525127), (1.9713515, 1.9052907, 2.2525127), (1.943463, 1.8937389, 2.2869334), (1.943463, 1.8937389, 2.2869334), (1.9713515, 1.9052907, 2.2525127), (1.9856696, 1.8762563, 2.2525127), (1.9595275, 1.8611631, 2.2869334), (1.9595275, 1.8611631, 2.2869334), (1.9856696, 1.8762563, 2.2525127), (2.003655, 1.8493392, 2.2525127), (1.9797066, 1.830963, 2.2869334), (1.9797066, 1.830963, 2.2869334), (2.003655, 1.8493392, 2.2525127), (2.025, 1.825, 2.2525127), (2.003655, 1.803655, 2.2869334), (2.003655, 1.803655, 2.2869334), (2.025, 1.825, 2.2525127), (2.0493393, 1.803655, 2.2525127), (2.030963, 1.7797067, 2.2869334), (2.030963, 1.7797067, 2.2869334), (2.0493393, 1.803655, 2.2525127), (2.0762563, 1.7856697, 2.2525127), (2.0611632, 1.7595276, 2.2869334), (2.0611632, 1.7595276, 2.2869334), (2.0762563, 1.7856697, 2.2525127), (2.1052907, 1.7713515, 2.2525127), (2.0937388, 1.743463, 2.2869334), (2.0937388, 1.743463, 2.2869334), (2.1052907, 1.7713515, 2.2525127), (2.1359456, 1.7609456, 2.2525127), (2.1281328, 1.7317878, 2.2869334), (2.1281328, 1.7317878, 2.2869334), (2.1359456, 1.7609456, 2.2525127), (2.1676965, 1.75463, 2.2525127), (2.1637564, 1.7247019, 2.2869334), (2.1637564, 1.7247019, 2.2869334), (2.1676965, 1.75463, 2.2525127), (2.2, 1.7525126, 2.2525127), (2.2, 1.7223263, 2.2869334), (2.2, 1.7223263, 2.2869334), (2.2, 1.7525126, 2.2525127), (2.2323036, 1.75463, 2.2525127), (2.2362437, 1.7247019, 2.2869334), (2.2362437, 1.7247019, 2.2869334), (2.2323036, 1.75463, 2.2525127), (2.2640545, 1.7609456, 2.2525127), (2.2718673, 1.7317878, 2.2869334), (2.2718673, 1.7317878, 2.2869334), (2.2640545, 1.7609456, 2.2525127), (2.2947092, 1.7713515, 2.2525127), (2.306261, 1.743463, 2.2869334), (2.306261, 1.743463, 2.2869334), (2.2947092, 1.7713515, 2.2525127), (2.3237436, 1.7856697, 2.2525127), (2.338837, 1.7595276, 2.2869334), (2.338837, 1.7595276, 2.2869334), (2.3237436, 1.7856697, 2.2525127), (2.3506608, 1.803655, 2.2525127), (2.369037, 1.7797067, 2.2869334), (2.369037, 1.7797067, 2.2869334), (2.3506608, 1.803655, 2.2525127), (2.375, 1.825, 2.2525127), (2.396345, 1.803655, 2.2869334), (2.396345, 1.803655, 2.2869334), (2.375, 1.825, 2.2525127), (2.396345, 1.8493392, 2.2525127), (2.4202933, 1.830963, 2.2869334), (2.4202933, 1.830963, 2.2869334), (2.396345, 1.8493392, 2.2525127), (2.4143302, 1.8762563, 2.2525127), (2.4404724, 1.8611631, 2.2869334), (2.4404724, 1.8611631, 2.2869334), (2.4143302, 1.8762563, 2.2525127), (2.4286485, 1.9052907, 2.2525127), (2.456537, 1.8937389, 2.2869334), (2.456537, 1.8937389, 2.2869334), (2.4286485, 1.9052907, 2.2525127), (2.4390545, 1.9359455, 2.2525127), (2.4682121, 1.9281328, 2.2869334), (2.4682121, 1.9281328, 2.2869334), (2.4390545, 1.9359455, 2.2525127), (2.4453702, 1.9676964, 2.2525127), (2.4752982, 1.9637563, 2.2869334), (2.4752982, 1.9637563, 2.2869334), (2.4453702, 1.9676964, 2.2525127), (2.4474874, 2, 2.2525127), (2.4776738, 2, 2.2869334), (2.4474874, 2, 2.2525127), (2.4130664, 2, 2.2223263), (2.4112437, 2.0278108, 2.2223263), (2.4453702, 2.0323036, 2.2525127), (2.4453702, 2.0323036, 2.2525127), (2.4112437, 2.0278108, 2.2223263), (2.4058065, 2.0551457, 2.2223263), (2.4390545, 2.0640545, 2.2525127), (2.4390545, 2.0640545, 2.2525127), (2.4058065, 2.0551457, 2.2223263), (2.3968477, 2.081537, 2.2223263), (2.4286485, 2.0947094, 2.2525127), (2.4286485, 2.0947094, 2.2525127), (2.3968477, 2.081537, 2.2223263), (2.384521, 2.1065333, 2.2223263), (2.4143302, 2.1237438, 2.2525127), (2.4143302, 2.1237438, 2.2525127), (2.384521, 2.1065333, 2.2223263), (2.369037, 2.1297066, 2.2223263), (2.396345, 2.1506608, 2.2525127), (2.396345, 2.1506608, 2.2525127), (2.369037, 2.1297066, 2.2223263), (2.3506608, 2.1506608, 2.2223263), (2.375, 2.175, 2.2525127), (2.375, 2.175, 2.2525127), (2.3506608, 2.1506608, 2.2223263), (2.3297067, 2.169037, 2.2223263), (2.3506608, 2.1963449, 2.2525127), (2.3506608, 2.1963449, 2.2525127), (2.3297067, 2.169037, 2.2223263), (2.3065333, 2.184521, 2.2223263), (2.3237436, 2.2143304, 2.2525127), (2.3237436, 2.2143304, 2.2525127), (2.3065333, 2.184521, 2.2223263), (2.281537, 2.1968477, 2.2223263), (2.2947092, 2.2286484, 2.2525127), (2.2947092, 2.2286484, 2.2525127), (2.281537, 2.1968477, 2.2223263), (2.2551455, 2.2058065, 2.2223263), (2.2640545, 2.2390544, 2.2525127), (2.2640545, 2.2390544, 2.2525127), (2.2551455, 2.2058065, 2.2223263), (2.2278109, 2.2112436, 2.2223263), (2.2323036, 2.2453701, 2.2525127), (2.2323036, 2.2453701, 2.2525127), (2.2278109, 2.2112436, 2.2223263), (2.2, 2.2130666, 2.2223263), (2.2, 2.2474873, 2.2525127), (2.2, 2.2474873, 2.2525127), (2.2, 2.2130666, 2.2223263), (2.1721892, 2.2112436, 2.2223263), (2.1676965, 2.2453701, 2.2525127), (2.1676965, 2.2453701, 2.2525127), (2.1721892, 2.2112436, 2.2223263), (2.1448543, 2.2058065, 2.2223263), (2.1359456, 2.2390544, 2.2525127), (2.1359456, 2.2390544, 2.2525127), (2.1448543, 2.2058065, 2.2223263), (2.118463, 2.1968477, 2.2223263), (2.1052907, 2.2286484, 2.2525127), (2.1052907, 2.2286484, 2.2525127), (2.118463, 2.1968477, 2.2223263), (2.0934668, 2.184521, 2.2223263), (2.0762563, 2.2143304, 2.2525127), (2.0762563, 2.2143304, 2.2525127), (2.0934668, 2.184521, 2.2223263), (2.0702934, 2.169037, 2.2223263), (2.0493393, 2.1963449, 2.2525127), (2.0493393, 2.1963449, 2.2525127), (2.0702934, 2.169037, 2.2223263), (2.0493393, 2.1506608, 2.2223263), (2.025, 2.175, 2.2525127), (2.025, 2.175, 2.2525127), (2.0493393, 2.1506608, 2.2223263), (2.030963, 2.1297066, 2.2223263), (2.003655, 2.1506608, 2.2525127), (2.003655, 2.1506608, 2.2525127), (2.030963, 2.1297066, 2.2223263), (2.015479, 2.1065333, 2.2223263), (1.9856696, 2.1237438, 2.2525127), (1.9856696, 2.1237438, 2.2525127), (2.015479, 2.1065333, 2.2223263), (2.0031521, 2.081537, 2.2223263), (1.9713515, 2.0947094, 2.2525127), (1.9713515, 2.0947094, 2.2525127), (2.0031521, 2.081537, 2.2223263), (1.9941936, 2.0551457, 2.2223263), (1.9609456, 2.0640545, 2.2525127), (1.9609456, 2.0640545, 2.2525127), (1.9941936, 2.0551457, 2.2223263), (1.9887563, 2.0278108, 2.2223263), (1.9546299, 2.0323036, 2.2525127), (1.9546299, 2.0323036, 2.2525127), (1.9887563, 2.0278108, 2.2223263), (1.9869335, 2, 2.2223263), (1.9525126, 2, 2.2525127), (1.9525126, 2, 2.2525127), (1.9869335, 2, 2.2223263), (1.9887563, 1.9721892, 2.2223263), (1.9546299, 1.9676964, 2.2525127), (1.9546299, 1.9676964, 2.2525127), (1.9887563, 1.9721892, 2.2223263), (1.9941936, 1.9448544, 2.2223263), (1.9609456, 1.9359455, 2.2525127), (1.9609456, 1.9359455, 2.2525127), (1.9941936, 1.9448544, 2.2223263), (2.0031521, 1.918463, 2.2223263), (1.9713515, 1.9052907, 2.2525127), (1.9713515, 1.9052907, 2.2525127), (2.0031521, 1.918463, 2.2223263), (2.015479, 1.8934667, 2.2223263), (1.9856696, 1.8762563, 2.2525127), (1.9856696, 1.8762563, 2.2525127), (2.015479, 1.8934667, 2.2223263), (2.030963, 1.8702934, 2.2223263), (2.003655, 1.8493392, 2.2525127), (2.003655, 1.8493392, 2.2525127), (2.030963, 1.8702934, 2.2223263), (2.0493393, 1.8493392, 2.2223263), (2.025, 1.825, 2.2525127), (2.025, 1.825, 2.2525127), (2.0493393, 1.8493392, 2.2223263), (2.0702934, 1.830963, 2.2223263), (2.0493393, 1.803655, 2.2525127), (2.0493393, 1.803655, 2.2525127), (2.0702934, 1.830963, 2.2223263), (2.0934668, 1.815479, 2.2223263), (2.0762563, 1.7856697, 2.2525127), (2.0762563, 1.7856697, 2.2525127), (2.0934668, 1.815479, 2.2223263), (2.118463, 1.8031522, 2.2223263), (2.1052907, 1.7713515, 2.2525127), (2.1052907, 1.7713515, 2.2525127), (2.118463, 1.8031522, 2.2223263), (2.1448543, 1.7941935, 2.2223263), (2.1359456, 1.7609456, 2.2525127), (2.1359456, 1.7609456, 2.2525127), (2.1448543, 1.7941935, 2.2223263), (2.1721892, 1.7887564, 2.2223263), (2.1676965, 1.75463, 2.2525127), (2.1676965, 1.75463, 2.2525127), (2.1721892, 1.7887564, 2.2223263), (2.2, 1.7869335, 2.2223263), (2.2, 1.7525126, 2.2525127), (2.2, 1.7525126, 2.2525127), (2.2, 1.7869335, 2.2223263), (2.2278109, 1.7887564, 2.2223263), (2.2323036, 1.75463, 2.2525127), (2.2323036, 1.75463, 2.2525127), (2.2278109, 1.7887564, 2.2223263), (2.2551455, 1.7941935, 2.2223263), (2.2640545, 1.7609456, 2.2525127), (2.2640545, 1.7609456, 2.2525127), (2.2551455, 1.7941935, 2.2223263), (2.281537, 1.8031522, 2.2223263), (2.2947092, 1.7713515, 2.2525127), (2.2947092, 1.7713515, 2.2525127), (2.281537, 1.8031522, 2.2223263), (2.3065333, 1.815479, 2.2223263), (2.3237436, 1.7856697, 2.2525127), (2.3237436, 1.7856697, 2.2525127), (2.3065333, 1.815479, 2.2223263), (2.3297067, 1.830963, 2.2223263), (2.3506608, 1.803655, 2.2525127), (2.3506608, 1.803655, 2.2525127), (2.3297067, 1.830963, 2.2223263), (2.3506608, 1.8493392, 2.2223263), (2.375, 1.825, 2.2525127), (2.375, 1.825, 2.2525127), (2.3506608, 1.8493392, 2.2223263), (2.369037, 1.8702934, 2.2223263), (2.396345, 1.8493392, 2.2525127), (2.396345, 1.8493392, 2.2525127), (2.369037, 1.8702934, 2.2223263), (2.384521, 1.8934667, 2.2223263), (2.4143302, 1.8762563, 2.2525127), (2.4143302, 1.8762563, 2.2525127), (2.384521, 1.8934667, 2.2223263), (2.3968477, 1.918463, 2.2223263), (2.4286485, 1.9052907, 2.2525127), (2.4286485, 1.9052907, 2.2525127), (2.3968477, 1.918463, 2.2223263), (2.4058065, 1.9448544, 2.2223263), (2.4390545, 1.9359455, 2.2525127), (2.4390545, 1.9359455, 2.2525127), (2.4058065, 1.9448544, 2.2223263), (2.4112437, 1.9721892, 2.2223263), (2.4453702, 1.9676964, 2.2525127), (2.4453702, 1.9676964, 2.2525127), (2.4112437, 1.9721892, 2.2223263), (2.4130664, 2, 2.2223263), (2.4474874, 2, 2.2525127), (2.4130664, 2, 2.2223263), (2.375, 2, 2.196891), (2.373503, 2.0228422, 2.196891), (2.4112437, 2.0278108, 2.2223263), (2.4112437, 2.0278108, 2.2223263), (2.373503, 2.0228422, 2.196891), (2.369037, 2.0452933, 2.196891), (2.4058065, 2.0551457, 2.2223263), (2.4058065, 2.0551457, 2.2223263), (2.369037, 2.0452933, 2.196891), (2.3616788, 2.0669696, 2.196891), (2.3968477, 2.081537, 2.2223263), (2.3968477, 2.081537, 2.2223263), (2.3616788, 2.0669696, 2.196891), (2.3515544, 2.0875, 2.196891), (2.384521, 2.1065333, 2.2223263), (2.384521, 2.1065333, 2.2223263), (2.3515544, 2.0875, 2.196891), (2.338837, 2.1065333, 2.196891), (2.369037, 2.1297066, 2.2223263), (2.369037, 2.1297066, 2.2223263), (2.338837, 2.1065333, 2.196891), (2.3237436, 2.1237438, 2.196891), (2.3506608, 2.1506608, 2.2223263), (2.3506608, 2.1506608, 2.2223263), (2.3237436, 2.1237438, 2.196891), (2.3065333, 2.1388369, 2.196891), (2.3297067, 2.169037, 2.2223263), (2.3297067, 2.169037, 2.2223263), (2.3065333, 2.1388369, 2.196891), (2.2875, 2.1515543, 2.196891), (2.3065333, 2.184521, 2.2223263), (2.3065333, 2.184521, 2.2223263), (2.2875, 2.1515543, 2.196891), (2.2669697, 2.161679, 2.196891), (2.281537, 2.1968477, 2.2223263), (2.281537, 2.1968477, 2.2223263), (2.2669697, 2.161679, 2.196891), (2.2452934, 2.169037, 2.196891), (2.2551455, 2.2058065, 2.2223263), (2.2551455, 2.2058065, 2.2223263), (2.2452934, 2.169037, 2.196891), (2.222842, 2.173503, 2.196891), (2.2278109, 2.2112436, 2.2223263), (2.2278109, 2.2112436, 2.2223263), (2.222842, 2.173503, 2.196891), (2.2, 2.175, 2.196891), (2.2, 2.2130666, 2.2223263), (2.2, 2.2130666, 2.2223263), (2.2, 2.175, 2.196891), (2.1771579, 2.173503, 2.196891), (2.1721892, 2.2112436, 2.2223263), (2.1721892, 2.2112436, 2.2223263), (2.1771579, 2.173503, 2.196891), (2.1547067, 2.169037, 2.196891), (2.1448543, 2.2058065, 2.2223263), (2.1448543, 2.2058065, 2.2223263), (2.1547067, 2.169037, 2.196891), (2.1330304, 2.161679, 2.196891), (2.118463, 2.1968477, 2.2223263), (2.118463, 2.1968477, 2.2223263), (2.1330304, 2.161679, 2.196891), (2.1125, 2.1515543, 2.196891), (2.0934668, 2.184521, 2.2223263), (2.0934668, 2.184521, 2.2223263), (2.1125, 2.1515543, 2.196891), (2.0934668, 2.1388369, 2.196891), (2.0702934, 2.169037, 2.2223263), (2.0702934, 2.169037, 2.2223263), (2.0934668, 2.1388369, 2.196891), (2.0762563, 2.1237438, 2.196891), (2.0493393, 2.1506608, 2.2223263), (2.0493393, 2.1506608, 2.2223263), (2.0762563, 2.1237438, 2.196891), (2.0611632, 2.1065333, 2.196891), (2.030963, 2.1297066, 2.2223263), (2.030963, 2.1297066, 2.2223263), (2.0611632, 2.1065333, 2.196891), (2.0484455, 2.0875, 2.196891), (2.015479, 2.1065333, 2.2223263), (2.015479, 2.1065333, 2.2223263), (2.0484455, 2.0875, 2.196891), (2.038321, 2.0669696, 2.196891), (2.0031521, 2.081537, 2.2223263), (2.0031521, 2.081537, 2.2223263), (2.038321, 2.0669696, 2.196891), (2.030963, 2.0452933, 2.196891), (1.9941936, 2.0551457, 2.2223263), (1.9941936, 2.0551457, 2.2223263), (2.030963, 2.0452933, 2.196891), (2.0264971, 2.0228422, 2.196891), (1.9887563, 2.0278108, 2.2223263), (1.9887563, 2.0278108, 2.2223263), (2.0264971, 2.0228422, 2.196891), (2.025, 2, 2.196891), (1.9869335, 2, 2.2223263), (1.9869335, 2, 2.2223263), (2.025, 2, 2.196891), (2.0264971, 1.977158, 2.196891), (1.9887563, 1.9721892, 2.2223263), (1.9887563, 1.9721892, 2.2223263), (2.0264971, 1.977158, 2.196891), (2.030963, 1.9547067, 2.196891), (1.9941936, 1.9448544, 2.2223263), (1.9941936, 1.9448544, 2.2223263), (2.030963, 1.9547067, 2.196891), (2.038321, 1.9330304, 2.196891), (2.0031521, 1.918463, 2.2223263), (2.0031521, 1.918463, 2.2223263), (2.038321, 1.9330304, 2.196891), (2.0484455, 1.9125, 2.196891), (2.015479, 1.8934667, 2.2223263), (2.015479, 1.8934667, 2.2223263), (2.0484455, 1.9125, 2.196891), (2.0611632, 1.8934667, 2.196891), (2.030963, 1.8702934, 2.2223263), (2.030963, 1.8702934, 2.2223263), (2.0611632, 1.8934667, 2.196891), (2.0762563, 1.8762563, 2.196891), (2.0493393, 1.8493392, 2.2223263), (2.0493393, 1.8493392, 2.2223263), (2.0762563, 1.8762563, 2.196891), (2.0934668, 1.8611631, 2.196891), (2.0702934, 1.830963, 2.2223263), (2.0702934, 1.830963, 2.2223263), (2.0934668, 1.8611631, 2.196891), (2.1125, 1.8484455, 2.196891), (2.0934668, 1.815479, 2.2223263), (2.0934668, 1.815479, 2.2223263), (2.1125, 1.8484455, 2.196891), (2.1330304, 1.8383211, 2.196891), (2.118463, 1.8031522, 2.2223263), (2.118463, 1.8031522, 2.2223263), (2.1330304, 1.8383211, 2.196891), (2.1547067, 1.830963, 2.196891), (2.1448543, 1.7941935, 2.2223263), (2.1448543, 1.7941935, 2.2223263), (2.1547067, 1.830963, 2.196891), (2.1771579, 1.8264972, 2.196891), (2.1721892, 1.7887564, 2.2223263), (2.1721892, 1.7887564, 2.2223263), (2.1771579, 1.8264972, 2.196891), (2.2, 1.825, 2.196891), (2.2, 1.7869335, 2.2223263), (2.2, 1.7869335, 2.2223263), (2.2, 1.825, 2.196891), (2.222842, 1.8264972, 2.196891), (2.2278109, 1.7887564, 2.2223263), (2.2278109, 1.7887564, 2.2223263), (2.222842, 1.8264972, 2.196891), (2.2452934, 1.830963, 2.196891), (2.2551455, 1.7941935, 2.2223263), (2.2551455, 1.7941935, 2.2223263), (2.2452934, 1.830963, 2.196891), (2.2669697, 1.8383211, 2.196891), (2.281537, 1.8031522, 2.2223263), (2.281537, 1.8031522, 2.2223263), (2.2669697, 1.8383211, 2.196891), (2.2875, 1.8484455, 2.196891), (2.3065333, 1.815479, 2.2223263), (2.3065333, 1.815479, 2.2223263), (2.2875, 1.8484455, 2.196891), (2.3065333, 1.8611631, 2.196891), (2.3297067, 1.830963, 2.2223263), (2.3297067, 1.830963, 2.2223263), (2.3065333, 1.8611631, 2.196891), (2.3237436, 1.8762563, 2.196891), (2.3506608, 1.8493392, 2.2223263), (2.3506608, 1.8493392, 2.2223263), (2.3237436, 1.8762563, 2.196891), (2.338837, 1.8934667, 2.196891), (2.369037, 1.8702934, 2.2223263), (2.369037, 1.8702934, 2.2223263), (2.338837, 1.8934667, 2.196891), (2.3515544, 1.9125, 2.196891), (2.384521, 1.8934667, 2.2223263), (2.384521, 1.8934667, 2.2223263), (2.3515544, 1.9125, 2.196891), (2.3616788, 1.9330304, 2.196891), (2.3968477, 1.918463, 2.2223263), (2.3968477, 1.918463, 2.2223263), (2.3616788, 1.9330304, 2.196891), (2.369037, 1.9547067, 2.196891), (2.4058065, 1.9448544, 2.2223263), (2.4058065, 1.9448544, 2.2223263), (2.369037, 1.9547067, 2.196891), (2.373503, 1.977158, 2.196891), (2.4112437, 1.9721892, 2.2223263), (2.4112437, 1.9721892, 2.2223263), (2.373503, 1.977158, 2.196891), (2.375, 2, 2.196891), (2.4130664, 2, 2.2223263), (2.375, 2, 2.196891), (2.3339393, 2, 2.1766422), (2.3327932, 2.0174825, 2.1766422), (2.373503, 2.0228422, 2.196891), (2.373503, 2.0228422, 2.196891), (2.3327932, 2.0174825, 2.1766422), (2.3293753, 2.034666, 2.1766422), (2.369037, 2.0452933, 2.196891), (2.369037, 2.0452933, 2.196891), (2.3293753, 2.034666, 2.1766422), (2.3237436, 2.0512564, 2.1766422), (2.3616788, 2.0669696, 2.196891), (2.3616788, 2.0669696, 2.196891), (2.3237436, 2.0512564, 2.1766422), (2.3159947, 2.0669696, 2.1766422), (2.3515544, 2.0875, 2.196891), (2.3515544, 2.0875, 2.196891), (2.3159947, 2.0669696, 2.1766422), (2.306261, 2.081537, 2.1766422), (2.338837, 2.1065333, 2.196891), (2.338837, 2.1065333, 2.196891), (2.306261, 2.081537, 2.1766422), (2.2947092, 2.0947094, 2.1766422), (2.3237436, 2.1237438, 2.196891), (2.3237436, 2.1237438, 2.196891), (2.2947092, 2.0947094, 2.1766422), (2.281537, 2.106261, 2.1766422), (2.3065333, 2.1388369, 2.196891), (2.3065333, 2.1388369, 2.196891), (2.281537, 2.106261, 2.1766422), (2.2669697, 2.1159947, 2.1766422), (2.2875, 2.1515543, 2.196891), (2.2875, 2.1515543, 2.196891), (2.2669697, 2.1159947, 2.1766422), (2.2512562, 2.1237438, 2.1766422), (2.2669697, 2.161679, 2.196891), (2.2669697, 2.161679, 2.196891), (2.2512562, 2.1237438, 2.1766422), (2.234666, 2.1293752, 2.1766422), (2.2452934, 2.169037, 2.196891), (2.2452934, 2.169037, 2.196891), (2.234666, 2.1293752, 2.1766422), (2.2174826, 2.1327934, 2.1766422), (2.222842, 2.173503, 2.196891), (2.222842, 2.173503, 2.196891), (2.2174826, 2.1327934, 2.1766422), (2.2, 2.1339393, 2.1766422), (2.2, 2.175, 2.196891), (2.2, 2.175, 2.196891), (2.2, 2.1339393, 2.1766422), (2.1825175, 2.1327934, 2.1766422), (2.1771579, 2.173503, 2.196891), (2.1771579, 2.173503, 2.196891), (2.1825175, 2.1327934, 2.1766422), (2.165334, 2.1293752, 2.1766422), (2.1547067, 2.169037, 2.196891), (2.1547067, 2.169037, 2.196891), (2.165334, 2.1293752, 2.1766422), (2.1487436, 2.1237438, 2.1766422), (2.1330304, 2.161679, 2.196891), (2.1330304, 2.161679, 2.196891), (2.1487436, 2.1237438, 2.1766422), (2.1330304, 2.1159947, 2.1766422), (2.1125, 2.1515543, 2.196891), (2.1125, 2.1515543, 2.196891), (2.1330304, 2.1159947, 2.1766422), (2.118463, 2.106261, 2.1766422), (2.0934668, 2.1388369, 2.196891), (2.0934668, 2.1388369, 2.196891), (2.118463, 2.106261, 2.1766422), (2.1052907, 2.0947094, 2.1766422), (2.0762563, 2.1237438, 2.196891), (2.0762563, 2.1237438, 2.196891), (2.1052907, 2.0947094, 2.1766422), (2.0937388, 2.081537, 2.1766422), (2.0611632, 2.1065333, 2.196891), (2.0611632, 2.1065333, 2.196891), (2.0937388, 2.081537, 2.1766422), (2.0840054, 2.0669696, 2.1766422), (2.0484455, 2.0875, 2.196891), (2.0484455, 2.0875, 2.196891), (2.0840054, 2.0669696, 2.1766422), (2.0762563, 2.0512564, 2.1766422), (2.038321, 2.0669696, 2.196891), (2.038321, 2.0669696, 2.196891), (2.0762563, 2.0512564, 2.1766422), (2.0706246, 2.034666, 2.1766422), (2.030963, 2.0452933, 2.196891), (2.030963, 2.0452933, 2.196891), (2.0706246, 2.034666, 2.1766422), (2.0672066, 2.0174825, 2.1766422), (2.0264971, 2.0228422, 2.196891), (2.0264971, 2.0228422, 2.196891), (2.0672066, 2.0174825, 2.1766422), (2.0660608, 2, 2.1766422), (2.025, 2, 2.196891), (2.025, 2, 2.196891), (2.0660608, 2, 2.1766422), (2.0672066, 1.9825175, 2.1766422), (2.0264971, 1.977158, 2.196891), (2.0264971, 1.977158, 2.196891), (2.0672066, 1.9825175, 2.1766422), (2.0706246, 1.9653339, 2.1766422), (2.030963, 1.9547067, 2.196891), (2.030963, 1.9547067, 2.196891), (2.0706246, 1.9653339, 2.1766422), (2.0762563, 1.9487437, 2.1766422), (2.038321, 1.9330304, 2.196891), (2.038321, 1.9330304, 2.196891), (2.0762563, 1.9487437, 2.1766422), (2.0840054, 1.9330304, 2.1766422), (2.0484455, 1.9125, 2.196891), (2.0484455, 1.9125, 2.196891), (2.0840054, 1.9330304, 2.1766422), (2.0937388, 1.918463, 2.1766422), (2.0611632, 1.8934667, 2.196891), (2.0611632, 1.8934667, 2.196891), (2.0937388, 1.918463, 2.1766422), (2.1052907, 1.9052907, 2.1766422), (2.0762563, 1.8762563, 2.196891), (2.0762563, 1.8762563, 2.196891), (2.1052907, 1.9052907, 2.1766422), (2.118463, 1.8937389, 2.1766422), (2.0934668, 1.8611631, 2.196891), (2.0934668, 1.8611631, 2.196891), (2.118463, 1.8937389, 2.1766422), (2.1330304, 1.8840053, 2.1766422), (2.1125, 1.8484455, 2.196891), (2.1125, 1.8484455, 2.196891), (2.1330304, 1.8840053, 2.1766422), (2.1487436, 1.8762563, 2.1766422), (2.1330304, 1.8383211, 2.196891), (2.1330304, 1.8383211, 2.196891), (2.1487436, 1.8762563, 2.1766422), (2.165334, 1.8706247, 2.1766422), (2.1547067, 1.830963, 2.196891), (2.1547067, 1.830963, 2.196891), (2.165334, 1.8706247, 2.1766422), (2.1825175, 1.8672067, 2.1766422), (2.1771579, 1.8264972, 2.196891), (2.1771579, 1.8264972, 2.196891), (2.1825175, 1.8672067, 2.1766422), (2.2, 1.8660609, 2.1766422), (2.2, 1.825, 2.196891), (2.2, 1.825, 2.196891), (2.2, 1.8660609, 2.1766422), (2.2174826, 1.8672067, 2.1766422), (2.222842, 1.8264972, 2.196891), (2.222842, 1.8264972, 2.196891), (2.2174826, 1.8672067, 2.1766422), (2.234666, 1.8706247, 2.1766422), (2.2452934, 1.830963, 2.196891), (2.2452934, 1.830963, 2.196891), (2.234666, 1.8706247, 2.1766422), (2.2512562, 1.8762563, 2.1766422), (2.2669697, 1.8383211, 2.196891), (2.2669697, 1.8383211, 2.196891), (2.2512562, 1.8762563, 2.1766422), (2.2669697, 1.8840053, 2.1766422), (2.2875, 1.8484455, 2.196891), (2.2875, 1.8484455, 2.196891), (2.2669697, 1.8840053, 2.1766422), (2.281537, 1.8937389, 2.1766422), (2.3065333, 1.8611631, 2.196891), (2.3065333, 1.8611631, 2.196891), (2.281537, 1.8937389, 2.1766422), (2.2947092, 1.9052907, 2.1766422), (2.3237436, 1.8762563, 2.196891), (2.3237436, 1.8762563, 2.196891), (2.2947092, 1.9052907, 2.1766422), (2.306261, 1.918463, 2.1766422), (2.338837, 1.8934667, 2.196891), (2.338837, 1.8934667, 2.196891), (2.306261, 1.918463, 2.1766422), (2.3159947, 1.9330304, 2.1766422), (2.3515544, 1.9125, 2.196891), (2.3515544, 1.9125, 2.196891), (2.3159947, 1.9330304, 2.1766422), (2.3237436, 1.9487437, 2.1766422), (2.3616788, 1.9330304, 2.196891), (2.3616788, 1.9330304, 2.196891), (2.3237436, 1.9487437, 2.1766422), (2.3293753, 1.9653339, 2.1766422), (2.369037, 1.9547067, 2.196891), (2.369037, 1.9547067, 2.196891), (2.3293753, 1.9653339, 2.1766422), (2.3327932, 1.9825175, 2.1766422), (2.373503, 1.977158, 2.196891), (2.373503, 1.977158, 2.196891), (2.3327932, 1.9825175, 2.1766422), (2.3339393, 2, 2.1766422), (2.375, 2, 2.196891), (2.3339393, 2, 2.1766422), (2.2905867, 2, 2.161926), (2.2898116, 2.011824, 2.161926), (2.3327932, 2.0174825, 2.1766422), (2.3327932, 2.0174825, 2.1766422), (2.2898116, 2.011824, 2.161926), (2.2875, 2.0234456, 2.161926), (2.3293753, 2.034666, 2.1766422), (2.3293753, 2.034666, 2.1766422), (2.2875, 2.0234456, 2.161926), (2.2836912, 2.034666, 2.161926), (2.3237436, 2.0512564, 2.1766422), (2.3237436, 2.0512564, 2.1766422), (2.2836912, 2.034666, 2.161926), (2.2784503, 2.0452933, 2.161926), (2.3159947, 2.0669696, 2.1766422), (2.3159947, 2.0669696, 2.1766422), (2.2784503, 2.0452933, 2.161926), (2.2718673, 2.0551457, 2.161926), (2.306261, 2.081537, 2.1766422), (2.306261, 2.081537, 2.1766422), (2.2718673, 2.0551457, 2.161926), (2.2640545, 2.0640545, 2.161926), (2.2947092, 2.0947094, 2.1766422), (2.2947092, 2.0947094, 2.1766422), (2.2640545, 2.0640545, 2.161926), (2.2551455, 2.0718672, 2.161926), (2.281537, 2.106261, 2.1766422), (2.281537, 2.106261, 2.1766422), (2.2551455, 2.0718672, 2.161926), (2.2452934, 2.0784504, 2.161926), (2.2669697, 2.1159947, 2.1766422), (2.2669697, 2.1159947, 2.1766422), (2.2452934, 2.0784504, 2.161926), (2.234666, 2.0836911, 2.161926), (2.2512562, 2.1237438, 2.1766422), (2.2512562, 2.1237438, 2.1766422), (2.234666, 2.0836911, 2.161926), (2.2234457, 2.0875, 2.161926), (2.234666, 2.1293752, 2.1766422), (2.234666, 2.1293752, 2.1766422), (2.2234457, 2.0875, 2.161926), (2.211824, 2.0898118, 2.161926), (2.2174826, 2.1327934, 2.1766422), (2.2174826, 2.1327934, 2.1766422), (2.211824, 2.0898118, 2.161926), (2.2, 2.0905867, 2.161926), (2.2, 2.1339393, 2.1766422), (2.2, 2.1339393, 2.1766422), (2.2, 2.0905867, 2.161926), (2.1881762, 2.0898118, 2.161926), (2.1825175, 2.1327934, 2.1766422), (2.1825175, 2.1327934, 2.1766422), (2.1881762, 2.0898118, 2.161926), (2.1765544, 2.0875, 2.161926), (2.165334, 2.1293752, 2.1766422), (2.165334, 2.1293752, 2.1766422), (2.1765544, 2.0875, 2.161926), (2.165334, 2.0836911, 2.161926), (2.1487436, 2.1237438, 2.1766422), (2.1487436, 2.1237438, 2.1766422), (2.165334, 2.0836911, 2.161926), (2.1547067, 2.0784504, 2.161926), (2.1330304, 2.1159947, 2.1766422), (2.1330304, 2.1159947, 2.1766422), (2.1547067, 2.0784504, 2.161926), (2.1448543, 2.0718672, 2.161926), (2.118463, 2.106261, 2.1766422), (2.118463, 2.106261, 2.1766422), (2.1448543, 2.0718672, 2.161926), (2.1359456, 2.0640545, 2.161926), (2.1052907, 2.0947094, 2.1766422), (2.1052907, 2.0947094, 2.1766422), (2.1359456, 2.0640545, 2.161926), (2.1281328, 2.0551457, 2.161926), (2.0937388, 2.081537, 2.1766422), (2.0937388, 2.081537, 2.1766422), (2.1281328, 2.0551457, 2.161926), (2.1215496, 2.0452933, 2.161926), (2.0840054, 2.0669696, 2.1766422), (2.0840054, 2.0669696, 2.1766422), (2.1215496, 2.0452933, 2.161926), (2.116309, 2.034666, 2.161926), (2.0762563, 2.0512564, 2.1766422), (2.0762563, 2.0512564, 2.1766422), (2.116309, 2.034666, 2.161926), (2.1125, 2.0234456, 2.161926), (2.0706246, 2.034666, 2.1766422), (2.0706246, 2.034666, 2.1766422), (2.1125, 2.0234456, 2.161926), (2.1101882, 2.011824, 2.161926), (2.0672066, 2.0174825, 2.1766422), (2.0672066, 2.0174825, 2.1766422), (2.1101882, 2.011824, 2.161926), (2.1094134, 2, 2.161926), (2.0660608, 2, 2.1766422), (2.0660608, 2, 2.1766422), (2.1094134, 2, 2.161926), (2.1101882, 1.9881761, 2.161926), (2.0672066, 1.9825175, 2.1766422), (2.0672066, 1.9825175, 2.1766422), (2.1101882, 1.9881761, 2.161926), (2.1125, 1.9765544, 2.161926), (2.0706246, 1.9653339, 2.1766422), (2.0706246, 1.9653339, 2.1766422), (2.1125, 1.9765544, 2.161926), (2.116309, 1.9653339, 2.161926), (2.0762563, 1.9487437, 2.1766422), (2.0762563, 1.9487437, 2.1766422), (2.116309, 1.9653339, 2.161926), (2.1215496, 1.9547067, 2.161926), (2.0840054, 1.9330304, 2.1766422), (2.0840054, 1.9330304, 2.1766422), (2.1215496, 1.9547067, 2.161926), (2.1281328, 1.9448544, 2.161926), (2.0937388, 1.918463, 2.1766422), (2.0937388, 1.918463, 2.1766422), (2.1281328, 1.9448544, 2.161926), (2.1359456, 1.9359455, 2.161926), (2.1052907, 1.9052907, 2.1766422), (2.1052907, 1.9052907, 2.1766422), (2.1359456, 1.9359455, 2.161926), (2.1448543, 1.9281328, 2.161926), (2.118463, 1.8937389, 2.1766422), (2.118463, 1.8937389, 2.1766422), (2.1448543, 1.9281328, 2.161926), (2.1547067, 1.9215497, 2.161926), (2.1330304, 1.8840053, 2.1766422), (2.1330304, 1.8840053, 2.1766422), (2.1547067, 1.9215497, 2.161926), (2.165334, 1.9163089, 2.161926), (2.1487436, 1.8762563, 2.1766422), (2.1487436, 1.8762563, 2.1766422), (2.165334, 1.9163089, 2.161926), (2.1765544, 1.9125, 2.161926), (2.165334, 1.8706247, 2.1766422), (2.165334, 1.8706247, 2.1766422), (2.1765544, 1.9125, 2.161926), (2.1881762, 1.9101883, 2.161926), (2.1825175, 1.8672067, 2.1766422), (2.1825175, 1.8672067, 2.1766422), (2.1881762, 1.9101883, 2.161926), (2.2, 1.9094133, 2.161926), (2.2, 1.8660609, 2.1766422), (2.2, 1.8660609, 2.1766422), (2.2, 1.9094133, 2.161926), (2.211824, 1.9101883, 2.161926), (2.2174826, 1.8672067, 2.1766422), (2.2174826, 1.8672067, 2.1766422), (2.211824, 1.9101883, 2.161926), (2.2234457, 1.9125, 2.161926), (2.234666, 1.8706247, 2.1766422), (2.234666, 1.8706247, 2.1766422), (2.2234457, 1.9125, 2.161926), (2.234666, 1.9163089, 2.161926), (2.2512562, 1.8762563, 2.1766422), (2.2512562, 1.8762563, 2.1766422), (2.234666, 1.9163089, 2.161926), (2.2452934, 1.9215497, 2.161926), (2.2669697, 1.8840053, 2.1766422), (2.2669697, 1.8840053, 2.1766422), (2.2452934, 1.9215497, 2.161926), (2.2551455, 1.9281328, 2.161926), (2.281537, 1.8937389, 2.1766422), (2.281537, 1.8937389, 2.1766422), (2.2551455, 1.9281328, 2.161926), (2.2640545, 1.9359455, 2.161926), (2.2947092, 1.9052907, 2.1766422), (2.2947092, 1.9052907, 2.1766422), (2.2640545, 1.9359455, 2.161926), (2.2718673, 1.9448544, 2.161926), (2.306261, 1.918463, 2.1766422), (2.306261, 1.918463, 2.1766422), (2.2718673, 1.9448544, 2.161926), (2.2784503, 1.9547067, 2.161926), (2.3159947, 1.9330304, 2.1766422), (2.3159947, 1.9330304, 2.1766422), (2.2784503, 1.9547067, 2.161926), (2.2836912, 1.9653339, 2.161926), (2.3237436, 1.9487437, 2.1766422), (2.3237436, 1.9487437, 2.1766422), (2.2836912, 1.9653339, 2.161926), (2.2875, 1.9765544, 2.161926), (2.3293753, 1.9653339, 2.1766422), (2.3293753, 1.9653339, 2.1766422), (2.2875, 1.9765544, 2.161926), (2.2898116, 1.9881761, 2.161926), (2.3327932, 1.9825175, 2.1766422), (2.3327932, 1.9825175, 2.1766422), (2.2898116, 1.9881761, 2.161926), (2.2905867, 2, 2.161926), (2.3339393, 2, 2.1766422), (2.2905867, 2, 2.161926), (2.2456841, 2, 2.1529944), (2.2452934, 2.005963, 2.1529944), (2.2898116, 2.011824, 2.161926), (2.2898116, 2.011824, 2.161926), (2.2452934, 2.005963, 2.1529944), (2.2441275, 2.011824, 2.1529944), (2.2875, 2.0234456, 2.161926), (2.2875, 2.0234456, 2.161926), (2.2441275, 2.011824, 2.1529944), (2.2422066, 2.0174825, 2.1529944), (2.2836912, 2.034666, 2.161926), (2.2836912, 2.034666, 2.161926), (2.2422066, 2.0174825, 2.1529944), (2.2395637, 2.0228422, 2.1529944), (2.2784503, 2.0452933, 2.161926), (2.2784503, 2.0452933, 2.161926), (2.2395637, 2.0228422, 2.1529944), (2.2362437, 2.0278108, 2.1529944), (2.2718673, 2.0551457, 2.161926), (2.2718673, 2.0551457, 2.161926), (2.2362437, 2.0278108, 2.1529944), (2.2323036, 2.0323036, 2.1529944), (2.2640545, 2.0640545, 2.161926), (2.2640545, 2.0640545, 2.161926), (2.2323036, 2.0323036, 2.1529944), (2.2278109, 2.0362437, 2.1529944), (2.2551455, 2.0718672, 2.161926), (2.2551455, 2.0718672, 2.161926), (2.2278109, 2.0362437, 2.1529944), (2.222842, 2.0395637, 2.1529944), (2.2452934, 2.0784504, 2.161926), (2.2452934, 2.0784504, 2.161926), (2.222842, 2.0395637, 2.1529944), (2.2174826, 2.0422068, 2.1529944), (2.234666, 2.0836911, 2.161926), (2.234666, 2.0836911, 2.161926), (2.2174826, 2.0422068, 2.1529944), (2.211824, 2.0441275, 2.1529944), (2.2234457, 2.0875, 2.161926), (2.2234457, 2.0875, 2.161926), (2.211824, 2.0441275, 2.1529944), (2.205963, 2.0452933, 2.1529944), (2.211824, 2.0898118, 2.161926), (2.211824, 2.0898118, 2.161926), (2.205963, 2.0452933, 2.1529944), (2.2, 2.045684, 2.1529944), (2.2, 2.0905867, 2.161926), (2.2, 2.0905867, 2.161926), (2.2, 2.045684, 2.1529944), (2.194037, 2.0452933, 2.1529944), (2.1881762, 2.0898118, 2.161926), (2.1881762, 2.0898118, 2.161926), (2.194037, 2.0452933, 2.1529944), (2.1881762, 2.0441275, 2.1529944), (2.1765544, 2.0875, 2.161926), (2.1765544, 2.0875, 2.161926), (2.1881762, 2.0441275, 2.1529944), (2.1825175, 2.0422068, 2.1529944), (2.165334, 2.0836911, 2.161926), (2.165334, 2.0836911, 2.161926), (2.1825175, 2.0422068, 2.1529944), (2.1771579, 2.0395637, 2.1529944), (2.1547067, 2.0784504, 2.161926), (2.1547067, 2.0784504, 2.161926), (2.1771579, 2.0395637, 2.1529944), (2.1721892, 2.0362437, 2.1529944), (2.1448543, 2.0718672, 2.161926), (2.1448543, 2.0718672, 2.161926), (2.1721892, 2.0362437, 2.1529944), (2.1676965, 2.0323036, 2.1529944), (2.1359456, 2.0640545, 2.161926), (2.1359456, 2.0640545, 2.161926), (2.1676965, 2.0323036, 2.1529944), (2.1637564, 2.0278108, 2.1529944), (2.1281328, 2.0551457, 2.161926), (2.1281328, 2.0551457, 2.161926), (2.1637564, 2.0278108, 2.1529944), (2.1604364, 2.0228422, 2.1529944), (2.1215496, 2.0452933, 2.161926), (2.1215496, 2.0452933, 2.161926), (2.1604364, 2.0228422, 2.1529944), (2.1577933, 2.0174825, 2.1529944), (2.116309, 2.034666, 2.161926), (2.116309, 2.034666, 2.161926), (2.1577933, 2.0174825, 2.1529944), (2.1558726, 2.011824, 2.1529944), (2.1125, 2.0234456, 2.161926), (2.1125, 2.0234456, 2.161926), (2.1558726, 2.011824, 2.1529944), (2.1547067, 2.005963, 2.1529944), (2.1101882, 2.011824, 2.161926), (2.1101882, 2.011824, 2.161926), (2.1547067, 2.005963, 2.1529944), (2.154316, 2, 2.1529944), (2.1094134, 2, 2.161926), (2.1094134, 2, 2.161926), (2.154316, 2, 2.1529944), (2.1547067, 1.994037, 2.1529944), (2.1101882, 1.9881761, 2.161926), (2.1101882, 1.9881761, 2.161926), (2.1547067, 1.994037, 2.1529944), (2.1558726, 1.9881761, 2.1529944), (2.1125, 1.9765544, 2.161926), (2.1125, 1.9765544, 2.161926), (2.1558726, 1.9881761, 2.1529944), (2.1577933, 1.9825175, 2.1529944), (2.116309, 1.9653339, 2.161926), (2.116309, 1.9653339, 2.161926), (2.1577933, 1.9825175, 2.1529944), (2.1604364, 1.977158, 2.1529944), (2.1215496, 1.9547067, 2.161926), (2.1215496, 1.9547067, 2.161926), (2.1604364, 1.977158, 2.1529944), (2.1637564, 1.9721892, 2.1529944), (2.1281328, 1.9448544, 2.161926), (2.1281328, 1.9448544, 2.161926), (2.1637564, 1.9721892, 2.1529944), (2.1676965, 1.9676964, 2.1529944), (2.1359456, 1.9359455, 2.161926), (2.1359456, 1.9359455, 2.161926), (2.1676965, 1.9676964, 2.1529944), (2.1721892, 1.9637563, 2.1529944), (2.1448543, 1.9281328, 2.161926), (2.1448543, 1.9281328, 2.161926), (2.1721892, 1.9637563, 2.1529944), (2.1771579, 1.9604363, 2.1529944), (2.1547067, 1.9215497, 2.161926), (2.1547067, 1.9215497, 2.161926), (2.1771579, 1.9604363, 2.1529944), (2.1825175, 1.9577934, 2.1529944), (2.165334, 1.9163089, 2.161926), (2.165334, 1.9163089, 2.161926), (2.1825175, 1.9577934, 2.1529944), (2.1881762, 1.9558725, 2.1529944), (2.1765544, 1.9125, 2.161926), (2.1765544, 1.9125, 2.161926), (2.1881762, 1.9558725, 2.1529944), (2.194037, 1.9547067, 2.1529944), (2.1881762, 1.9101883, 2.161926), (2.1881762, 1.9101883, 2.161926), (2.194037, 1.9547067, 2.1529944), (2.2, 1.9543158, 2.1529944), (2.2, 1.9094133, 2.161926), (2.2, 1.9094133, 2.161926), (2.2, 1.9543158, 2.1529944), (2.205963, 1.9547067, 2.1529944), (2.211824, 1.9101883, 2.161926), (2.211824, 1.9101883, 2.161926), (2.205963, 1.9547067, 2.1529944), (2.211824, 1.9558725, 2.1529944), (2.2234457, 1.9125, 2.161926), (2.2234457, 1.9125, 2.161926), (2.211824, 1.9558725, 2.1529944), (2.2174826, 1.9577934, 2.1529944), (2.234666, 1.9163089, 2.161926), (2.234666, 1.9163089, 2.161926), (2.2174826, 1.9577934, 2.1529944), (2.222842, 1.9604363, 2.1529944), (2.2452934, 1.9215497, 2.161926), (2.2452934, 1.9215497, 2.161926), (2.222842, 1.9604363, 2.1529944), (2.2278109, 1.9637563, 2.1529944), (2.2551455, 1.9281328, 2.161926), (2.2551455, 1.9281328, 2.161926), (2.2278109, 1.9637563, 2.1529944), (2.2323036, 1.9676964, 2.1529944), (2.2640545, 1.9359455, 2.161926), (2.2640545, 1.9359455, 2.161926), (2.2323036, 1.9676964, 2.1529944), (2.2362437, 1.9721892, 2.1529944), (2.2718673, 1.9448544, 2.161926), (2.2718673, 1.9448544, 2.161926), (2.2362437, 1.9721892, 2.1529944), (2.2395637, 1.977158, 2.1529944), (2.2784503, 1.9547067, 2.161926), (2.2784503, 1.9547067, 2.161926), (2.2395637, 1.977158, 2.1529944), (2.2422066, 1.9825175, 2.1529944), (2.2836912, 1.9653339, 2.161926), (2.2836912, 1.9653339, 2.161926), (2.2422066, 1.9825175, 2.1529944), (2.2441275, 1.9881761, 2.1529944), (2.2875, 1.9765544, 2.161926), (2.2875, 1.9765544, 2.161926), (2.2441275, 1.9881761, 2.1529944), (2.2452934, 1.994037, 2.1529944), (2.2898116, 1.9881761, 2.161926), (2.2898116, 1.9881761, 2.161926), (2.2452934, 1.994037, 2.1529944), (2.2456841, 2, 2.1529944), (2.2905867, 2, 2.161926), (2.2456841, 2, 2.1529944), (2.2, 2, 2.15), (2.2452934, 2.005963, 2.1529944), (2.2452934, 2.005963, 2.1529944), (2.2, 2, 2.15), (2.2441275, 2.011824, 2.1529944), (2.2441275, 2.011824, 2.1529944), (2.2, 2, 2.15), (2.2422066, 2.0174825, 2.1529944), (2.2422066, 2.0174825, 2.1529944), (2.2, 2, 2.15), (2.2395637, 2.0228422, 2.1529944), (2.2395637, 2.0228422, 2.1529944), (2.2, 2, 2.15), (2.2362437, 2.0278108, 2.1529944), (2.2362437, 2.0278108, 2.1529944), (2.2, 2, 2.15), (2.2323036, 2.0323036, 2.1529944), (2.2323036, 2.0323036, 2.1529944), (2.2, 2, 2.15), (2.2278109, 2.0362437, 2.1529944), (2.2278109, 2.0362437, 2.1529944), (2.2, 2, 2.15), (2.222842, 2.0395637, 2.1529944), (2.222842, 2.0395637, 2.1529944), (2.2, 2, 2.15), (2.2174826, 2.0422068, 2.1529944), (2.2174826, 2.0422068, 2.1529944), (2.2, 2, 2.15), (2.211824, 2.0441275, 2.1529944), (2.211824, 2.0441275, 2.1529944), (2.2, 2, 2.15), (2.205963, 2.0452933, 2.1529944), (2.205963, 2.0452933, 2.1529944), (2.2, 2, 2.15), (2.2, 2.045684, 2.1529944), (2.2, 2.045684, 2.1529944), (2.2, 2, 2.15), (2.194037, 2.0452933, 2.1529944), (2.194037, 2.0452933, 2.1529944), (2.2, 2, 2.15), (2.1881762, 2.0441275, 2.1529944), (2.1881762, 2.0441275, 2.1529944), (2.2, 2, 2.15), (2.1825175, 2.0422068, 2.1529944), (2.1825175, 2.0422068, 2.1529944), (2.2, 2, 2.15), (2.1771579, 2.0395637, 2.1529944), (2.1771579, 2.0395637, 2.1529944), (2.2, 2, 2.15), (2.1721892, 2.0362437, 2.1529944), (2.1721892, 2.0362437, 2.1529944), (2.2, 2, 2.15), (2.1676965, 2.0323036, 2.1529944), (2.1676965, 2.0323036, 2.1529944), (2.2, 2, 2.15), (2.1637564, 2.0278108, 2.1529944), (2.1637564, 2.0278108, 2.1529944), (2.2, 2, 2.15), (2.1604364, 2.0228422, 2.1529944), (2.1604364, 2.0228422, 2.1529944), (2.2, 2, 2.15), (2.1577933, 2.0174825, 2.1529944), (2.1577933, 2.0174825, 2.1529944), (2.2, 2, 2.15), (2.1558726, 2.011824, 2.1529944), (2.1558726, 2.011824, 2.1529944), (2.2, 2, 2.15), (2.1547067, 2.005963, 2.1529944), (2.1547067, 2.005963, 2.1529944), (2.2, 2, 2.15), (2.154316, 2, 2.1529944), (2.154316, 2, 2.1529944), (2.2, 2, 2.15), (2.1547067, 1.994037, 2.1529944), (2.1547067, 1.994037, 2.1529944), (2.2, 2, 2.15), (2.1558726, 1.9881761, 2.1529944), (2.1558726, 1.9881761, 2.1529944), (2.2, 2, 2.15), (2.1577933, 1.9825175, 2.1529944), (2.1577933, 1.9825175, 2.1529944), (2.2, 2, 2.15), (2.1604364, 1.977158, 2.1529944), (2.1604364, 1.977158, 2.1529944), (2.2, 2, 2.15), (2.1637564, 1.9721892, 2.1529944), (2.1637564, 1.9721892, 2.1529944), (2.2, 2, 2.15), (2.1676965, 1.9676964, 2.1529944), (2.1676965, 1.9676964, 2.1529944), (2.2, 2, 2.15), (2.1721892, 1.9637563, 2.1529944), (2.1721892, 1.9637563, 2.1529944), (2.2, 2, 2.15), (2.1771579, 1.9604363, 2.1529944), (2.1771579, 1.9604363, 2.1529944), (2.2, 2, 2.15), (2.1825175, 1.9577934, 2.1529944), (2.1825175, 1.9577934, 2.1529944), (2.2, 2, 2.15), (2.1881762, 1.9558725, 2.1529944), (2.1881762, 1.9558725, 2.1529944), (2.2, 2, 2.15), (2.194037, 1.9547067, 2.1529944), (2.194037, 1.9547067, 2.1529944), (2.2, 2, 2.15), (2.2, 1.9543158, 2.1529944), (2.2, 1.9543158, 2.1529944), (2.2, 2, 2.15), (2.205963, 1.9547067, 2.1529944), (2.205963, 1.9547067, 2.1529944), (2.2, 2, 2.15), (2.211824, 1.9558725, 2.1529944), (2.211824, 1.9558725, 2.1529944), (2.2, 2, 2.15), (2.2174826, 1.9577934, 2.1529944), (2.2174826, 1.9577934, 2.1529944), (2.2, 2, 2.15), (2.222842, 1.9604363, 2.1529944), (2.222842, 1.9604363, 2.1529944), (2.2, 2, 2.15), (2.2278109, 1.9637563, 2.1529944), (2.2278109, 1.9637563, 2.1529944), (2.2, 2, 2.15), (2.2323036, 1.9676964, 2.1529944), (2.2323036, 1.9676964, 2.1529944), (2.2, 2, 2.15), (2.2362437, 1.9721892, 2.1529944), (2.2362437, 1.9721892, 2.1529944), (2.2, 2, 2.15), (2.2395637, 1.977158, 2.1529944), (2.2395637, 1.977158, 2.1529944), (2.2, 2, 2.15), (2.2422066, 1.9825175, 2.1529944), (2.2422066, 1.9825175, 2.1529944), (2.2, 2, 2.15), (2.2441275, 1.9881761, 2.1529944), (2.2441275, 1.9881761, 2.1529944), (2.2, 2, 2.15), (2.2452934, 1.994037, 2.1529944), (2.2452934, 1.994037, 2.1529944), (2.2, 2, 2.15), (2.2456841, 2, 2.1529944)]
            texCoord2f[] primvars:st = [(2.2, 2), (2.2456841, 2), (2.2452934, 2.005963), (2.2, 2), (2.2452934, 2.005963), (2.2441275, 2.011824), (2.2, 2), (2.2441275, 2.011824), (2.2422066, 2.0174825), (2.2, 2), (2.2422066, 2.0174825), (2.2395637, 2.0228422), (2.2, 2), (2.2395637, 2.0228422), (2.2362437, 2.0278108), (2.2, 2), (2.2362437, 2.0278108), (2.2323036, 2.0323036), (2.2, 2), (2.2323036, 2.0323036), (2.2278109, 2.0362437), (2.2, 2), (2.2278109, 2.0362437), (2.222842, 2.0395637), (2.2, 2), (2.222842, 2.0395637), (2.2174826, 2.0422068), (2.2, 2), (2.2174826, 2.0422068), (2.211824, 2.0441275), (2.2, 2), (2.211824, 2.0441275), (2.205963, 2.0452933), (2.2, 2), (2.205963, 2.0452933), (2.2, 2.045684), (2.2, 2), (2.2, 2.045684), (2.194037, 2.0452933), (2.2, 2), (2.194037, 2.0452933), (2.1881762, 2.0441275), (2.2, 2), (2.1881762, 2.0441275), (2.1825175, 2.0422068), (2.2, 2), (2.1825175, 2.0422068), (2.1771579, 2.0395637), (2.2, 2), (2.1771579, 2.0395637), (2.1721892, 2.0362437), (2.2, 2), (2.1721892, 2.0362437), (2.1676965, 2.0323036), (2.2, 2), (2.1676965, 2.0323036), (2.1637564, 2.0278108), (2.2, 2), (2.1637564, 2.0278108), (2.1604364, 2.0228422), (2.2, 2), (2.1604364, 2.0228422), (2.1577933, 2.0174825), (2.2, 2), (2.1577933, 2.0174825), (2.1558726, 2.011824), (2.2, 2), (2.1558726, 2.011824), (2.1547067, 2.005963), (2.2, 2), (2.1547067, 2.005963), (2.154316, 2), (2.2, 2), (2.154316, 2), (2.1547067, 1.994037), (2.2, 2), (2.1547067, 1.994037), (2.1558726, 1.9881761), (2.2, 2), (2.1558726, 1.9881761), (2.1577933, 1.9825175), (2.2, 2), (2.1577933, 1.9825175), (2.1604364, 1.977158), (2.2, 2), (2.1604364, 1.977158), (2.1637564, 1.9721892), (2.2, 2), (2.1637564, 1.9721892), (2.1676965, 1.9676964), (2.2, 2), (2.1676965, 1.9676964), (2.1721892, 1.9637563), (2.2, 2), (2.1721892, 1.9637563), (2.1771579, 1.9604363), (2.2, 2), (2.1771579, 1.9604363), (2.1825175, 1.9577934), (2.2, 2), (2.1825175, 1.9577934), (2.1881762, 1.9558725), (2.2, 2), (2.1881762, 1.9558725), (2.194037, 1.9547067), (2.2, 2), (2.194037, 1.9547067), (2.2, 1.9543158), (2.2, 2), (2.2, 1.9543158), (2.205963, 1.9547067), (2.2, 2), (2.205963, 1.9547067), (2.211824, 1.9558725), (2.2, 2), (2.211824, 1.9558725), (2.2174826, 1.9577934), (2.2, 2), (2.2174826, 1.9577934), (2.222842, 1.9604363), (2.2, 2), (2.222842, 1.9604363), (2.2278109, 1.9637563), (2.2, 2), (2.2278109, 1.9637563), (2.2323036, 1.9676964), (2.2, 2), (2.2323036, 1.9676964), (2.2362437, 1.9721892), (2.2, 2), (2.2362437, 1.9721892), (2.2395637, 1.977158), (2.2, 2), (2.2395637, 1.977158), (2.2422066, 1.9825175), (2.2, 2), (2.2422066, 1.9825175), (2.2441275, 1.9881761), (2.2, 2), (2.2441275, 1.9881761), (2.2452934, 1.994037), (2.2, 2), (2.2452934, 1.994037), (2.2456841, 2), (2.2456841, 2), (2.2905867, 2), (2.2898116, 2.011824), (2.2452934, 2.005963), (2.2452934, 2.005963), (2.2898116, 2.011824), (2.2875, 2.0234456), (2.2441275, 2.011824), (2.2441275, 2.011824), (2.2875, 2.0234456), (2.2836912, 2.034666), (2.2422066, 2.0174825), (2.2422066, 2.0174825), (2.2836912, 2.034666), (2.2784503, 2.0452933), (2.2395637, 2.0228422), (2.2395637, 2.0228422), (2.2784503, 2.0452933), (2.2718673, 2.0551457), (2.2362437, 2.0278108), (2.2362437, 2.0278108), (2.2718673, 2.0551457), (2.2640545, 2.0640545), (2.2323036, 2.0323036), (2.2323036, 2.0323036), (2.2640545, 2.0640545), (2.2551455, 2.0718672), (2.2278109, 2.0362437), (2.2278109, 2.0362437), (2.2551455, 2.0718672), (2.2452934, 2.0784504), (2.222842, 2.0395637), (2.222842, 2.0395637), (2.2452934, 2.0784504), (2.234666, 2.0836911), (2.2174826, 2.0422068), (2.2174826, 2.0422068), (2.234666, 2.0836911), (2.2234457, 2.0875), (2.211824, 2.0441275), (2.211824, 2.0441275), (2.2234457, 2.0875), (2.211824, 2.0898118), (2.205963, 2.0452933), (2.205963, 2.0452933), (2.211824, 2.0898118), (2.2, 2.0905867), (2.2, 2.045684), (2.2, 2.045684), (2.2, 2.0905867), (2.1881762, 2.0898118), (2.194037, 2.0452933), (2.194037, 2.0452933), (2.1881762, 2.0898118), (2.1765544, 2.0875), (2.1881762, 2.0441275), (2.1881762, 2.0441275), (2.1765544, 2.0875), (2.165334, 2.0836911), (2.1825175, 2.0422068), (2.1825175, 2.0422068), (2.165334, 2.0836911), (2.1547067, 2.0784504), (2.1771579, 2.0395637), (2.1771579, 2.0395637), (2.1547067, 2.0784504), (2.1448543, 2.0718672), (2.1721892, 2.0362437), (2.1721892, 2.0362437), (2.1448543, 2.0718672), (2.1359456, 2.0640545), (2.1676965, 2.0323036), (2.1676965, 2.0323036), (2.1359456, 2.0640545), (2.1281328, 2.0551457), (2.1637564, 2.0278108), (2.1637564, 2.0278108), (2.1281328, 2.0551457), (2.1215496, 2.0452933), (2.1604364, 2.0228422), (2.1604364, 2.0228422), (2.1215496, 2.0452933), (2.116309, 2.034666), (2.1577933, 2.0174825), (2.1577933, 2.0174825), (2.116309, 2.034666), (2.1125, 2.0234456), (2.1558726, 2.011824), (2.1558726, 2.011824), (2.1125, 2.0234456), (2.1101882, 2.011824), (2.1547067, 2.005963), (2.1547067, 2.005963), (2.1101882, 2.011824), (2.1094134, 2), (2.154316, 2), (2.154316, 2), (2.1094134, 2), (2.1101882, 1.9881761), (2.1547067, 1.994037), (2.1547067, 1.994037), (2.1101882, 1.9881761), (2.1125, 1.9765544), (2.1558726, 1.9881761), (2.1558726, 1.9881761), (2.1125, 1.9765544), (2.116309, 1.9653339), (2.1577933, 1.9825175), (2.1577933, 1.9825175), (2.116309, 1.9653339), (2.1215496, 1.9547067), (2.1604364, 1.977158), (2.1604364, 1.977158), (2.1215496, 1.9547067), (2.1281328, 1.9448544), (2.1637564, 1.9721892), (2.1637564, 1.9721892), (2.1281328, 1.9448544), (2.1359456, 1.9359455), (2.1676965, 1.9676964), (2.1676965, 1.9676964), (2.1359456, 1.9359455), (2.1448543, 1.9281328), (2.1721892, 1.9637563), (2.1721892, 1.9637563), (2.1448543, 1.9281328), (2.1547067, 1.9215497), (2.1771579, 1.9604363), (2.1771579, 1.9604363), (2.1547067, 1.9215497), (2.165334, 1.9163089), (2.1825175, 1.9577934), (2.1825175, 1.9577934), (2.165334, 1.9163089), (2.1765544, 1.9125), (2.1881762, 1.9558725), (2.1881762, 1.9558725), (2.1765544, 1.9125), (2.1881762, 1.9101883), (2.194037, 1.9547067), (2.194037, 1.9547067), (2.1881762, 1.9101883), (2.2, 1.9094133), (2.2, 1.9543158), (2.2, 1.9543158), (2.2, 1.9094133), (2.211824, 1.9101883), (2.205963, 1.9547067), (2.205963, 1.9547067), (2.211824, 1.9101883), (2.2234457, 1.9125), (2.211824, 1.9558725), (2.211824, 1.9558725), (2.2234457, 1.9125), (2.234666, 1.9163089), (2.2174826, 1.9577934), (2.2174826, 1.9577934), (2.234666, 1.9163089), (2.2452934, 1.9215497), (2.222842, 1.9604363), (2.222842, 1.9604363), (2.2452934, 1.9215497), (2.2551455, 1.9281328), (2.2278109, 1.9637563), (2.2278109, 1.9637563), (2.2551455, 1.9281328), (2.2640545, 1.9359455), (2.2323036, 1.9676964), (2.2323036, 1.9676964), (2.2640545, 1.9359455), (2.2718673, 1.9448544), (2.2362437, 1.9721892), (2.2362437, 1.9721892), (2.2718673, 1.9448544), (2.2784503, 1.9547067), (2.2395637, 1.977158), (2.2395637, 1.977158), (2.2784503, 1.9547067), (2.2836912, 1.9653339), (2.2422066, 1.9825175), (2.2422066, 1.9825175), (2.2836912, 1.9653339), (2.2875, 1.9765544), (2.2441275, 1.9881761), (2.2441275, 1.9881761), (2.2875, 1.9765544), (2.2898116, 1.9881761), (2.2452934, 1.994037), (2.2452934, 1.994037), (2.2898116, 1.9881761), (2.2905867, 2), (2.2456841, 2), (2.2905867, 2), (2.3339393, 2), (2.3327932, 2.0174825), (2.2898116, 2.011824), (2.2898116, 2.011824), (2.3327932, 2.0174825), (2.3293753, 2.034666), (2.2875, 2.0234456), (2.2875, 2.0234456), (2.3293753, 2.034666), (2.3237436, 2.0512564), (2.2836912, 2.034666), (2.2836912, 2.034666), (2.3237436, 2.0512564), (2.3159947, 2.0669696), (2.2784503, 2.0452933), (2.2784503, 2.0452933), (2.3159947, 2.0669696), (2.306261, 2.081537), (2.2718673, 2.0551457), (2.2718673, 2.0551457), (2.306261, 2.081537), (2.2947092, 2.0947094), (2.2640545, 2.0640545), (2.2640545, 2.0640545), (2.2947092, 2.0947094), (2.281537, 2.106261), (2.2551455, 2.0718672), (2.2551455, 2.0718672), (2.281537, 2.106261), (2.2669697, 2.1159947), (2.2452934, 2.0784504), (2.2452934, 2.0784504), (2.2669697, 2.1159947), (2.2512562, 2.1237438), (2.234666, 2.0836911), (2.234666, 2.0836911), (2.2512562, 2.1237438), (2.234666, 2.1293752), (2.2234457, 2.0875), (2.2234457, 2.0875), (2.234666, 2.1293752), (2.2174826, 2.1327934), (2.211824, 2.0898118), (2.211824, 2.0898118), (2.2174826, 2.1327934), (2.2, 2.1339393), (2.2, 2.0905867), (2.2, 2.0905867), (2.2, 2.1339393), (2.1825175, 2.1327934), (2.1881762, 2.0898118), (2.1881762, 2.0898118), (2.1825175, 2.1327934), (2.165334, 2.1293752), (2.1765544, 2.0875), (2.1765544, 2.0875), (2.165334, 2.1293752), (2.1487436, 2.1237438), (2.165334, 2.0836911), (2.165334, 2.0836911), (2.1487436, 2.1237438), (2.1330304, 2.1159947), (2.1547067, 2.0784504), (2.1547067, 2.0784504), (2.1330304, 2.1159947), (2.118463, 2.106261), (2.1448543, 2.0718672), (2.1448543, 2.0718672), (2.118463, 2.106261), (2.1052907, 2.0947094), (2.1359456, 2.0640545), (2.1359456, 2.0640545), (2.1052907, 2.0947094), (2.0937388, 2.081537), (2.1281328, 2.0551457), (2.1281328, 2.0551457), (2.0937388, 2.081537), (2.0840054, 2.0669696), (2.1215496, 2.0452933), (2.1215496, 2.0452933), (2.0840054, 2.0669696), (2.0762563, 2.0512564), (2.116309, 2.034666), (2.116309, 2.034666), (2.0762563, 2.0512564), (2.0706246, 2.034666), (2.1125, 2.0234456), (2.1125, 2.0234456), (2.0706246, 2.034666), (2.0672066, 2.0174825), (2.1101882, 2.011824), (2.1101882, 2.011824), (2.0672066, 2.0174825), (2.0660608, 2), (2.1094134, 2), (2.1094134, 2), (2.0660608, 2), (2.0672066, 1.9825175), (2.1101882, 1.9881761), (2.1101882, 1.9881761), (2.0672066, 1.9825175), (2.0706246, 1.9653339), (2.1125, 1.9765544), (2.1125, 1.9765544), (2.0706246, 1.9653339), (2.0762563, 1.9487437), (2.116309, 1.9653339), (2.116309, 1.9653339), (2.0762563, 1.9487437), (2.0840054, 1.9330304), (2.1215496, 1.9547067), (2.1215496, 1.9547067), (2.0840054, 1.9330304), (2.0937388, 1.918463), (2.1281328, 1.9448544), (2.1281328, 1.9448544), (2.0937388, 1.918463), (2.1052907, 1.9052907), (2.1359456, 1.9359455), (2.1359456, 1.9359455), (2.1052907, 1.9052907), (2.118463, 1.8937389), (2.1448543, 1.9281328), (2.1448543, 1.9281328), (2.118463, 1.8937389), (2.1330304, 1.8840053), (2.1547067, 1.9215497), (2.1547067, 1.9215497), (2.1330304, 1.8840053), (2.1487436, 1.8762563), (2.165334, 1.9163089), (2.165334, 1.9163089), (2.1487436, 1.8762563), (2.165334, 1.8706247), (2.1765544, 1.9125), (2.1765544, 1.9125), (2.165334, 1.8706247), (2.1825175, 1.8672067), (2.1881762, 1.9101883), (2.1881762, 1.9101883), (2.1825175, 1.8672067), (2.2, 1.8660609), (2.2, 1.9094133), (2.2, 1.9094133), (2.2, 1.8660609), (2.2174826, 1.8672067), (2.211824, 1.9101883), (2.211824, 1.9101883), (2.2174826, 1.8672067), (2.234666, 1.8706247), (2.2234457, 1.9125), (2.2234457, 1.9125), (2.234666, 1.8706247), (2.2512562, 1.8762563), (2.234666, 1.9163089), (2.234666, 1.9163089), (2.2512562, 1.8762563), (2.2669697, 1.8840053), (2.2452934, 1.9215497), (2.2452934, 1.9215497), (2.2669697, 1.8840053), (2.281537, 1.8937389), (2.2551455, 1.9281328), (2.2551455, 1.9281328), (2.281537, 1.8937389), (2.2947092, 1.9052907), (2.2640545, 1.9359455), (2.2640545, 1.9359455), (2.2947092, 1.9052907), (2.306261, 1.918463), (2.2718673, 1.9448544), (2.2718673, 1.9448544), (2.306261, 1.918463), (2.3159947, 1.9330304), (2.2784503, 1.9547067), (2.2784503, 1.9547067), (2.3159947, 1.9330304), (2.3237436, 1.9487437), (2.2836912, 1.9653339), (2.2836912, 1.9653339), (2.3237436, 1.9487437), (2.3293753, 1.9653339), (2.2875, 1.9765544), (2.2875, 1.9765544), (2.3293753, 1.9653339), (2.3327932, 1.9825175), (2.2898116, 1.9881761), (2.2898116, 1.9881761), (2.3327932, 1.9825175), (2.3339393, 2), (2.2905867, 2), (2.3339393, 2), (2.375, 2), (2.373503, 2.0228422), (2.3327932, 2.0174825), (2.3327932, 2.0174825), (2.373503, 2.0228422), (2.369037, 2.0452933), (2.3293753, 2.034666), (2.3293753, 2.034666), (2.369037, 2.0452933), (2.3616788, 2.0669696), (2.3237436, 2.0512564), (2.3237436, 2.0512564), (2.3616788, 2.0669696), (2.3515544, 2.0875), (2.3159947, 2.0669696), (2.3159947, 2.0669696), (2.3515544, 2.0875), (2.338837, 2.1065333), (2.306261, 2.081537), (2.306261, 2.081537), (2.338837, 2.1065333), (2.3237436, 2.1237438), (2.2947092, 2.0947094), (2.2947092, 2.0947094), (2.3237436, 2.1237438), (2.3065333, 2.1388369), (2.281537, 2.106261), (2.281537, 2.106261), (2.3065333, 2.1388369), (2.2875, 2.1515543), (2.2669697, 2.1159947), (2.2669697, 2.1159947), (2.2875, 2.1515543), (2.2669697, 2.161679), (2.2512562, 2.1237438), (2.2512562, 2.1237438), (2.2669697, 2.161679), (2.2452934, 2.169037), (2.234666, 2.1293752), (2.234666, 2.1293752), (2.2452934, 2.169037), (2.222842, 2.173503), (2.2174826, 2.1327934), (2.2174826, 2.1327934), (2.222842, 2.173503), (2.2, 2.175), (2.2, 2.1339393), (2.2, 2.1339393), (2.2, 2.175), (2.1771579, 2.173503), (2.1825175, 2.1327934), (2.1825175, 2.1327934), (2.1771579, 2.173503), (2.1547067, 2.169037), (2.165334, 2.1293752), (2.165334, 2.1293752), (2.1547067, 2.169037), (2.1330304, 2.161679), (2.1487436, 2.1237438), (2.1487436, 2.1237438), (2.1330304, 2.161679), (2.1125, 2.1515543), (2.1330304, 2.1159947), (2.1330304, 2.1159947), (2.1125, 2.1515543), (2.0934668, 2.1388369), (2.118463, 2.106261), (2.118463, 2.106261), (2.0934668, 2.1388369), (2.0762563, 2.1237438), (2.1052907, 2.0947094), (2.1052907, 2.0947094), (2.0762563, 2.1237438), (2.0611632, 2.1065333), (2.0937388, 2.081537), (2.0937388, 2.081537), (2.0611632, 2.1065333), (2.0484455, 2.0875), (2.0840054, 2.0669696), (2.0840054, 2.0669696), (2.0484455, 2.0875), (2.038321, 2.0669696), (2.0762563, 2.0512564), (2.0762563, 2.0512564), (2.038321, 2.0669696), (2.030963, 2.0452933), (2.0706246, 2.034666), (2.0706246, 2.034666), (2.030963, 2.0452933), (2.0264971, 2.0228422), (2.0672066, 2.0174825), (2.0672066, 2.0174825), (2.0264971, 2.0228422), (2.025, 2), (2.0660608, 2), (2.0660608, 2), (2.025, 2), (2.0264971, 1.977158), (2.0672066, 1.9825175), (2.0672066, 1.9825175), (2.0264971, 1.977158), (2.030963, 1.9547067), (2.0706246, 1.9653339), (2.0706246, 1.9653339), (2.030963, 1.9547067), (2.038321, 1.9330304), (2.0762563, 1.9487437), (2.0762563, 1.9487437), (2.038321, 1.9330304), (2.0484455, 1.9125), (2.0840054, 1.9330304), (2.0840054, 1.9330304), (2.0484455, 1.9125), (2.0611632, 1.8934667), (2.0937388, 1.918463), (2.0937388, 1.918463), (2.0611632, 1.8934667), (2.0762563, 1.8762563), (2.1052907, 1.9052907), (2.1052907, 1.9052907), (2.0762563, 1.8762563), (2.0934668, 1.8611631), (2.118463, 1.8937389), (2.118463, 1.8937389), (2.0934668, 1.8611631), (2.1125, 1.8484455), (2.1330304, 1.8840053), (2.1330304, 1.8840053), (2.1125, 1.8484455), (2.1330304, 1.8383211), (2.1487436, 1.8762563), (2.1487436, 1.8762563), (2.1330304, 1.8383211), (2.1547067, 1.830963), (2.165334, 1.8706247), (2.165334, 1.8706247), (2.1547067, 1.830963), (2.1771579, 1.8264972), (2.1825175, 1.8672067), (2.1825175, 1.8672067), (2.1771579, 1.8264972), (2.2, 1.825), (2.2, 1.8660609), (2.2, 1.8660609), (2.2, 1.825), (2.222842, 1.8264972), (2.2174826, 1.8672067), (2.2174826, 1.8672067), (2.222842, 1.8264972), (2.2452934, 1.830963), (2.234666, 1.8706247), (2.234666, 1.8706247), (2.2452934, 1.830963), (2.2669697, 1.8383211), (2.2512562, 1.8762563), (2.2512562, 1.8762563), (2.2669697, 1.8383211), (2.2875, 1.8484455), (2.2669697, 1.8840053), (2.2669697, 1.8840053), (2.2875, 1.8484455), (2.3065333, 1.8611631), (2.281537, 1.8937389), (2.281537, 1.8937389), (2.3065333, 1.8611631), (2.3237436, 1.8762563), (2.2947092, 1.9052907), (2.2947092, 1.9052907), (2.3237436, 1.8762563), (2.338837, 1.8934667), (2.306261, 1.918463), (2.306261, 1.918463), (2.338837, 1.8934667), (2.3515544, 1.9125), (2.3159947, 1.9330304), (2.3159947, 1.9330304), (2.3515544, 1.9125), (2.3616788, 1.9330304), (2.3237436, 1.9487437), (2.3237436, 1.9487437), (2.3616788, 1.9330304), (2.369037, 1.9547067), (2.3293753, 1.9653339), (2.3293753, 1.9653339), (2.369037, 1.9547067), (2.373503, 1.977158), (2.3327932, 1.9825175), (2.3327932, 1.9825175), (2.373503, 1.977158), (2.375, 2), (2.3339393, 2), (2.375, 2), (2.4130664, 2), (2.4112437, 2.0278108), (2.373503, 2.0228422), (2.373503, 2.0228422), (2.4112437, 2.0278108), (2.4058065, 2.0551457), (2.369037, 2.0452933), (2.369037, 2.0452933), (2.4058065, 2.0551457), (2.3968477, 2.081537), (2.3616788, 2.0669696), (2.3616788, 2.0669696), (2.3968477, 2.081537), (2.384521, 2.1065333), (2.3515544, 2.0875), (2.3515544, 2.0875), (2.384521, 2.1065333), (2.369037, 2.1297066), (2.338837, 2.1065333), (2.338837, 2.1065333), (2.369037, 2.1297066), (2.3506608, 2.1506608), (2.3237436, 2.1237438), (2.3237436, 2.1237438), (2.3506608, 2.1506608), (2.3297067, 2.169037), (2.3065333, 2.1388369), (2.3065333, 2.1388369), (2.3297067, 2.169037), (2.3065333, 2.184521), (2.2875, 2.1515543), (2.2875, 2.1515543), (2.3065333, 2.184521), (2.281537, 2.1968477), (2.2669697, 2.161679), (2.2669697, 2.161679), (2.281537, 2.1968477), (2.2551455, 2.2058065), (2.2452934, 2.169037), (2.2452934, 2.169037), (2.2551455, 2.2058065), (2.2278109, 2.2112436), (2.222842, 2.173503), (2.222842, 2.173503), (2.2278109, 2.2112436), (2.2, 2.2130666), (2.2, 2.175), (2.2, 2.175), (2.2, 2.2130666), (2.1721892, 2.2112436), (2.1771579, 2.173503), (2.1771579, 2.173503), (2.1721892, 2.2112436), (2.1448543, 2.2058065), (2.1547067, 2.169037), (2.1547067, 2.169037), (2.1448543, 2.2058065), (2.118463, 2.1968477), (2.1330304, 2.161679), (2.1330304, 2.161679), (2.118463, 2.1968477), (2.0934668, 2.184521), (2.1125, 2.1515543), (2.1125, 2.1515543), (2.0934668, 2.184521), (2.0702934, 2.169037), (2.0934668, 2.1388369), (2.0934668, 2.1388369), (2.0702934, 2.169037), (2.0493393, 2.1506608), (2.0762563, 2.1237438), (2.0762563, 2.1237438), (2.0493393, 2.1506608), (2.030963, 2.1297066), (2.0611632, 2.1065333), (2.0611632, 2.1065333), (2.030963, 2.1297066), (2.015479, 2.1065333), (2.0484455, 2.0875), (2.0484455, 2.0875), (2.015479, 2.1065333), (2.0031521, 2.081537), (2.038321, 2.0669696), (2.038321, 2.0669696), (2.0031521, 2.081537), (1.9941936, 2.0551457), (2.030963, 2.0452933), (2.030963, 2.0452933), (1.9941936, 2.0551457), (1.9887563, 2.0278108), (2.0264971, 2.0228422), (2.0264971, 2.0228422), (1.9887563, 2.0278108), (1.9869335, 2), (2.025, 2), (2.025, 2), (1.9869335, 2), (1.9887563, 1.9721892), (2.0264971, 1.977158), (2.0264971, 1.977158), (1.9887563, 1.9721892), (1.9941936, 1.9448544), (2.030963, 1.9547067), (2.030963, 1.9547067), (1.9941936, 1.9448544), (2.0031521, 1.918463), (2.038321, 1.9330304), (2.038321, 1.9330304), (2.0031521, 1.918463), (2.015479, 1.8934667), (2.0484455, 1.9125), (2.0484455, 1.9125), (2.015479, 1.8934667), (2.030963, 1.8702934), (2.0611632, 1.8934667), (2.0611632, 1.8934667), (2.030963, 1.8702934), (2.0493393, 1.8493392), (2.0762563, 1.8762563), (2.0762563, 1.8762563), (2.0493393, 1.8493392), (2.0702934, 1.830963), (2.0934668, 1.8611631), (2.0934668, 1.8611631), (2.0702934, 1.830963), (2.0934668, 1.815479), (2.1125, 1.8484455), (2.1125, 1.8484455), (2.0934668, 1.815479), (2.118463, 1.8031522), (2.1330304, 1.8383211), (2.1330304, 1.8383211), (2.118463, 1.8031522), (2.1448543, 1.7941935), (2.1547067, 1.830963), (2.1547067, 1.830963), (2.1448543, 1.7941935), (2.1721892, 1.7887564), (2.1771579, 1.8264972), (2.1771579, 1.8264972), (2.1721892, 1.7887564), (2.2, 1.7869335), (2.2, 1.825), (2.2, 1.825), (2.2, 1.7869335), (2.2278109, 1.7887564), (2.222842, 1.8264972), (2.222842, 1.8264972), (2.2278109, 1.7887564), (2.2551455, 1.7941935), (2.2452934, 1.830963), (2.2452934, 1.830963), (2.2551455, 1.7941935), (2.281537, 1.8031522), (2.2669697, 1.8383211), (2.2669697, 1.8383211), (2.281537, 1.8031522), (2.3065333, 1.815479), (2.2875, 1.8484455), (2.2875, 1.8484455), (2.3065333, 1.815479), (2.3297067, 1.830963), (2.3065333, 1.8611631), (2.3065333, 1.8611631), (2.3297067, 1.830963), (2.3506608, 1.8493392), (2.3237436, 1.8762563), (2.3237436, 1.8762563), (2.3506608, 1.8493392), (2.369037, 1.8702934), (2.338837, 1.8934667), (2.338837, 1.8934667), (2.369037, 1.8702934), (2.384521, 1.8934667), (2.3515544, 1.9125), (2.3515544, 1.9125), (2.384521, 1.8934667), (2.3968477, 1.918463), (2.3616788, 1.9330304), (2.3616788, 1.9330304), (2.3968477, 1.918463), (2.4058065, 1.9448544), (2.369037, 1.9547067), (2.369037, 1.9547067), (2.4058065, 1.9448544), (2.4112437, 1.9721892), (2.373503, 1.977158), (2.373503, 1.977158), (2.4112437, 1.9721892), (2.4130664, 2), (2.375, 2), (2.4130664, 2), (2.4474874, 2), (2.4453702, 2.0323036), (2.4112437, 2.0278108), (2.4112437, 2.0278108), (2.4453702, 2.0323036), (2.4390545, 2.0640545), (2.4058065, 2.0551457), (2.4058065, 2.0551457), (2.4390545, 2.0640545), (2.4286485, 2.0947094), (2.3968477, 2.081537), (2.3968477, 2.081537), (2.4286485, 2.0947094), (2.4143302, 2.1237438), (2.384521, 2.1065333), (2.384521, 2.1065333), (2.4143302, 2.1237438), (2.396345, 2.1506608), (2.369037, 2.1297066), (2.369037, 2.1297066), (2.396345, 2.1506608), (2.375, 2.175), (2.3506608, 2.1506608), (2.3506608, 2.1506608), (2.375, 2.175), (2.3506608, 2.1963449), (2.3297067, 2.169037), (2.3297067, 2.169037), (2.3506608, 2.1963449), (2.3237436, 2.2143304), (2.3065333, 2.184521), (2.3065333, 2.184521), (2.3237436, 2.2143304), (2.2947092, 2.2286484), (2.281537, 2.1968477), (2.281537, 2.1968477), (2.2947092, 2.2286484), (2.2640545, 2.2390544), (2.2551455, 2.2058065), (2.2551455, 2.2058065), (2.2640545, 2.2390544), (2.2323036, 2.2453701), (2.2278109, 2.2112436), (2.2278109, 2.2112436), (2.2323036, 2.2453701), (2.2, 2.2474873), (2.2, 2.2130666), (2.2, 2.2130666), (2.2, 2.2474873), (2.1676965, 2.2453701), (2.1721892, 2.2112436), (2.1721892, 2.2112436), (2.1676965, 2.2453701), (2.1359456, 2.2390544), (2.1448543, 2.2058065), (2.1448543, 2.2058065), (2.1359456, 2.2390544), (2.1052907, 2.2286484), (2.118463, 2.1968477), (2.118463, 2.1968477), (2.1052907, 2.2286484), (2.0762563, 2.2143304), (2.0934668, 2.184521), (2.0934668, 2.184521), (2.0762563, 2.2143304), (2.0493393, 2.1963449), (2.0702934, 2.169037), (2.0702934, 2.169037), (2.0493393, 2.1963449), (2.025, 2.175), (2.0493393, 2.1506608), (2.0493393, 2.1506608), (2.025, 2.175), (2.003655, 2.1506608), (2.030963, 2.1297066), (2.030963, 2.1297066), (2.003655, 2.1506608), (1.9856696, 2.1237438), (2.015479, 2.1065333), (2.015479, 2.1065333), (1.9856696, 2.1237438), (1.9713515, 2.0947094), (2.0031521, 2.081537), (2.0031521, 2.081537), (1.9713515, 2.0947094), (1.9609456, 2.0640545), (1.9941936, 2.0551457), (1.9941936, 2.0551457), (1.9609456, 2.0640545), (1.9546299, 2.0323036), (1.9887563, 2.0278108), (1.9887563, 2.0278108), (1.9546299, 2.0323036), (1.9525126, 2), (1.9869335, 2), (1.9869335, 2), (1.9525126, 2), (1.9546299, 1.9676964), (1.9887563, 1.9721892), (1.9887563, 1.9721892), (1.9546299, 1.9676964), (1.9609456, 1.9359455), (1.9941936, 1.9448544), (1.9941936, 1.9448544), (1.9609456, 1.9359455), (1.9713515, 1.9052907), (2.0031521, 1.918463), (2.0031521, 1.918463), (1.9713515, 1.9052907), (1.9856696, 1.8762563), (2.015479, 1.8934667), (2.015479, 1.8934667), (1.9856696, 1.8762563), (2.003655, 1.8493392), (2.030963, 1.8702934), (2.030963, 1.8702934), (2.003655, 1.8493392), (2.025, 1.825), (2.0493393, 1.8493392), (2.0493393, 1.8493392), (2.025, 1.825), (2.0493393, 1.803655), (2.0702934, 1.830963), (2.0702934, 1.830963), (2.0493393, 1.803655), (2.0762563, 1.7856697), (2.0934668, 1.815479), (2.0934668, 1.815479), (2.0762563, 1.7856697), (2.1052907, 1.7713515), (2.118463, 1.8031522), (2.118463, 1.8031522), (2.1052907, 1.7713515), (2.1359456, 1.7609456), (2.1448543, 1.7941935), (2.1448543, 1.7941935), (2.1359456, 1.7609456), (2.1676965, 1.75463), (2.1721892, 1.7887564), (2.1721892, 1.7887564), (2.1676965, 1.75463), (2.2, 1.7525126), (2.2, 1.7869335), (2.2, 1.7869335), (2.2, 1.7525126), (2.2323036, 1.75463), (2.2278109, 1.7887564), (2.2278109, 1.7887564), (2.2323036, 1.75463), (2.2640545, 1.7609456), (2.2551455, 1.7941935), (2.2551455, 1.7941935), (2.2640545, 1.7609456), (2.2947092, 1.7713515), (2.281537, 1.8031522), (2.281537, 1.8031522), (2.2947092, 1.7713515), (2.3237436, 1.7856697), (2.3065333, 1.815479), (2.3065333, 1.815479), (2.3237436, 1.7856697), (2.3506608, 1.803655), (2.3297067, 1.830963), (2.3297067, 1.830963), (2.3506608, 1.803655), (2.375, 1.825), (2.3506608, 1.8493392), (2.3506608, 1.8493392), (2.375, 1.825), (2.396345, 1.8493392), (2.369037, 1.8702934), (2.369037, 1.8702934), (2.396345, 1.8493392), (2.4143302, 1.8762563), (2.384521, 1.8934667), (2.384521, 1.8934667), (2.4143302, 1.8762563), (2.4286485, 1.9052907), (2.3968477, 1.918463), (2.3968477, 1.918463), (2.4286485, 1.9052907), (2.4390545, 1.9359455), (2.4058065, 1.9448544), (2.4058065, 1.9448544), (2.4390545, 1.9359455), (2.4453702, 1.9676964), (2.4112437, 1.9721892), (2.4112437, 1.9721892), (2.4453702, 1.9676964), (2.4474874, 2), (2.4130664, 2), (2, 2.7474873), (2, 2.7130666), (2.0362437, 2.7130666), (2.0323036, 2.7474873), (2.0323036, 2.7474873), (2.0362437, 2.7130666), (2.0718672, 2.7130666), (2.0640545, 2.7474873), (2.0640545, 2.7474873), (2.0718672, 2.7130666), (2.106261, 2.7130666), (2.0947094, 2.7474873), (2.0947094, 2.7474873), (2.106261, 2.7130666), (2.1388369, 2.7130666), (2.1237438, 2.7474873), (2.4143302, 2.1237438), (2.4404724, 2.1388369), (2.4202933, 2.169037), (2.396345, 2.1506608), (2.396345, 2.1506608), (2.4202933, 2.169037), (2.396345, 2.1963449), (2.375, 2.175), (2.375, 2.175), (2.396345, 2.1963449), (2.369037, 2.2202933), (2.3506608, 2.1963449), (2.3506608, 2.1963449), (2.369037, 2.2202933), (2.338837, 2.2404726), (2.3237436, 2.2143304), (2.3237436, 2.7474873), (2.338837, 2.7130666), (2.306261, 2.7130666), (2.2947092, 2.7474873), (2.2947092, 2.7474873), (2.306261, 2.7130666), (2.2718673, 2.7130666), (2.2640545, 2.7474873), (2.2640545, 2.7474873), (2.2718673, 2.7130666), (2.2362437, 2.7130666), (2.2323036, 2.7474873), (2.2323036, 2.7474873), (2.2362437, 2.7130666), (2.2, 2.7130666), (2.2, 2.7474873), (2.2, 2.7474873), (2.2, 2.7130666), (2.1637564, 2.7130666), (2.1676965, 2.7474873), (2.1676965, 2.7474873), (2.1637564, 2.7130666), (2.1281328, 2.7130666), (2.1359456, 2.7474873), (2.1359456, 2.7474873), (2.1281328, 2.7130666), (2.0937388, 2.7130666), (2.1052907, 2.7474873), (2.1052907, 2.7474873), (2.0937388, 2.7130666), (2.0611632, 2.7130666), (2.0762563, 2.7474873), (2.0762563, 2.2143304), (2.0611632, 2.2404726), (2.030963, 2.2202933), (2.0493393, 2.1963449), (2.0493393, 2.1963449), (2.030963, 2.2202933), (2.003655, 2.1963449), (2.025, 2.175), (2.025, 2.175), (2.003655, 2.1963449), (1.9797066, 2.169037), (2.003655, 2.1506608), (2.003655, 2.1506608), (1.9797066, 2.169037), (1.9595275, 2.1388369), (1.9856696, 2.1237438), (2.1237438, 2.7474873), (2.1388369, 2.7130666), (2.106261, 2.7130666), (2.0947094, 2.7474873), (2.0947094, 2.7474873), (2.106261, 2.7130666), (2.0718672, 2.7130666), (2.0640545, 2.7474873), (2.0640545, 2.7474873), (2.0718672, 2.7130666), (2.0362437, 2.7130666), (2.0323036, 2.7474873), (2.0323036, 2.7474873), (2.0362437, 2.7130666), (2, 2.7130666), (2, 2.7474873), (2, 2.7474873), (2, 2.7130666), (1.9637563, 2.7130666), (1.9676964, 2.7474873), (1.9676964, 2.7474873), (1.9637563, 2.7130666), (1.9281328, 2.7130666), (1.9359455, 2.7474873), (1.9359455, 2.7474873), (1.9281328, 2.7130666), (1.8937389, 2.7130666), (1.9052907, 2.7474873), (1.9052907, 2.7474873), (1.8937389, 2.7130666), (1.8611631, 2.7130666), (1.8762563, 2.7474873), (1.9856696, 1.8762563), (1.9595275, 1.8611631), (1.9797066, 1.830963), (2.003655, 1.8493392), (2.003655, 1.8493392), (1.9797066, 1.830963), (2.003655, 1.803655), (2.025, 1.825), (2.025, 1.825), (2.003655, 1.803655), (2.030963, 1.7797067), (2.0493393, 1.803655), (2.0493393, 1.803655), (2.030963, 1.7797067), (2.0611632, 1.7595276), (2.0762563, 1.7856697), (2.0762563, 2.7474873), (2.0611632, 2.7130666), (2.0937388, 2.7130666), (2.1052907, 2.7474873), (2.1052907, 2.7474873), (2.0937388, 2.7130666), (2.1281328, 2.7130666), (2.1359456, 2.7474873), (2.1359456, 2.7474873), (2.1281328, 2.7130666), (2.1637564, 2.7130666), (2.1676965, 2.7474873), (2.1676965, 2.7474873), (2.1637564, 2.7130666), (2.2, 2.7130666), (2.2, 2.7474873), (2.2, 2.7474873), (2.2, 2.7130666), (2.2362437, 2.7130666), (2.2323036, 2.7474873), (2.2323036, 2.7474873), (2.2362437, 2.7130666), (2.2718673, 2.7130666), (2.2640545, 2.7474873), (2.2640545, 2.7474873), (2.2718673, 2.7130666), (2.306261, 2.7130666), (2.2947092, 2.7474873), (2.2947092, 2.7474873), (2.306261, 2.7130666), (2.338837, 2.7130666), (2.3237436, 2.7474873), (2.3237436, 1.7856697), (2.338837, 1.7595276), (2.369037, 1.7797067), (2.3506608, 1.803655), (2.3506608, 1.803655), (2.369037, 1.7797067), (2.396345, 1.803655), (2.375, 1.825), (2.375, 1.825), (2.396345, 1.803655), (2.4202933, 1.830963), (2.396345, 1.8493392), (2.396345, 1.8493392), (2.4202933, 1.830963), (2.4404724, 1.8611631), (2.4143302, 1.8762563), (1.8762563, 2.7474873), (1.8611631, 2.7130666), (1.8937389, 2.7130666), (1.9052907, 2.7474873), (1.9052907, 2.7474873), (1.8937389, 2.7130666), (1.9281328, 2.7130666), (1.9359455, 2.7474873), (1.9359455, 2.7474873), (1.9281328, 2.7130666), (1.9637563, 2.7130666), (1.9676964, 2.7474873), (1.9676964, 2.7474873), (1.9637563, 2.7130666), (2, 2.7130666), (2, 2.7474873), (2, 2.7130666), (2, 2.675), (2.0395637, 2.675), (2.0362437, 2.7130666), (2.0362437, 2.7130666), (2.0395637, 2.675), (2.0784504, 2.675), (2.0718672, 2.7130666), (2.0718672, 2.7130666), (2.0784504, 2.675), (2.1159947, 2.675), (2.106261, 2.7130666), (2.106261, 2.7130666), (2.1159947, 2.675), (2.1515543, 2.675), (2.1388369, 2.7130666), (2.1388369, 2.7130666), (2.1515543, 2.675), (2.184521, 2.675), (2.169037, 2.7130666), (2.169037, 2.7130666), (2.184521, 2.675), (2.2143304, 2.675), (2.1963449, 2.7130666), (2.396345, 2.7130666), (2.4143302, 2.675), (2.384521, 2.675), (2.369037, 2.7130666), (2.369037, 2.7130666), (2.384521, 2.675), (2.3515544, 2.675), (2.338837, 2.7130666), (2.338837, 2.7130666), (2.3515544, 2.675), (2.3159947, 2.675), (2.306261, 2.7130666), (2.306261, 2.7130666), (2.3159947, 2.675), (2.2784503, 2.675), (2.2718673, 2.7130666), (2.2718673, 2.7130666), (2.2784503, 2.675), (2.2395637, 2.675), (2.2362437, 2.7130666), (2.2362437, 2.7130666), (2.2395637, 2.675), (2.2, 2.675), (2.2, 2.7130666), (2.2, 2.7130666), (2.2, 2.675), (2.1604364, 2.675), (2.1637564, 2.7130666), (2.1637564, 2.7130666), (2.1604364, 2.675), (2.1215496, 2.675), (2.1281328, 2.7130666), (2.1281328, 2.7130666), (2.1215496, 2.675), (2.0840054, 2.675), (2.0937388, 2.7130666), (2.0937388, 2.7130666), (2.0840054, 2.675), (2.0484455, 2.675), (2.0611632, 2.7130666), (2.0611632, 2.7130666), (2.0484455, 2.675), (2.015479, 2.675), (2.030963, 2.7130666), (2.030963, 2.7130666), (2.015479, 2.675), (1.9856696, 2.675), (2.003655, 2.7130666), (2.1963449, 2.7130666), (2.2143304, 2.675), (2.184521, 2.675), (2.169037, 2.7130666), (2.169037, 2.7130666), (2.184521, 2.675), (2.1515543, 2.675), (2.1388369, 2.7130666), (2.1388369, 2.7130666), (2.1515543, 2.675), (2.1159947, 2.675), (2.106261, 2.7130666), (2.106261, 2.7130666), (2.1159947, 2.675), (2.0784504, 2.675), (2.0718672, 2.7130666), (2.0718672, 2.7130666), (2.0784504, 2.675), (2.0395637, 2.675), (2.0362437, 2.7130666), (2.0362437, 2.7130666), (2.0395637, 2.675), (2, 2.675), (2, 2.7130666), (2, 2.7130666), (2, 2.675), (1.9604363, 2.675), (1.9637563, 2.7130666), (1.9637563, 2.7130666), (1.9604363, 2.675), (1.9215497, 2.675), (1.9281328, 2.7130666), (1.9281328, 2.7130666), (1.9215497, 2.675), (1.8840053, 2.675), (1.8937389, 2.7130666), (1.8937389, 2.7130666), (1.8840053, 2.675), (1.8484455, 2.675), (1.8611631, 2.7130666), (1.8611631, 2.7130666), (1.8484455, 2.675), (1.815479, 2.675), (1.830963, 2.7130666), (1.830963, 2.7130666), (1.815479, 2.675), (1.7856697, 2.675), (1.803655, 2.7130666), (2.003655, 2.7130666), (1.9856696, 2.675), (2.015479, 2.675), (2.030963, 2.7130666), (2.030963, 2.7130666), (2.015479, 2.675), (2.0484455, 2.675), (2.0611632, 2.7130666), (2.0611632, 2.7130666), (2.0484455, 2.675), (2.0840054, 2.675), (2.0937388, 2.7130666), (2.0937388, 2.7130666), (2.0840054, 2.675), (2.1215496, 2.675), (2.1281328, 2.7130666), (2.1281328, 2.7130666), (2.1215496, 2.675), (2.1604364, 2.675), (2.1637564, 2.7130666), (2.1637564, 2.7130666), (2.1604364, 2.675), (2.2, 2.675), (2.2, 2.7130666), (2.2, 2.7130666), (2.2, 2.675), (2.2395637, 2.675), (2.2362437, 2.7130666), (2.2362437, 2.7130666), (2.2395637, 2.675), (2.2784503, 2.675), (2.2718673, 2.7130666), (2.2718673, 2.7130666), (2.2784503, 2.675), (2.3159947, 2.675), (2.306261, 2.7130666), (2.306261, 2.7130666), (2.3159947, 2.675), (2.3515544, 2.675), (2.338837, 2.7130666), (2.338837, 2.7130666), (2.3515544, 2.675), (2.384521, 2.675), (2.369037, 2.7130666), (2.369037, 2.7130666), (2.384521, 2.675), (2.4143302, 2.675), (2.396345, 2.7130666), (1.803655, 2.7130666), (1.7856697, 2.675), (1.815479, 2.675), (1.830963, 2.7130666), (1.830963, 2.7130666), (1.815479, 2.675), (1.8484455, 2.675), (1.8611631, 2.7130666), (1.8611631, 2.7130666), (1.8484455, 2.675), (1.8840053, 2.675), (1.8937389, 2.7130666), (1.8937389, 2.7130666), (1.8840053, 2.675), (1.9215497, 2.675), (1.9281328, 2.7130666), (1.9281328, 2.7130666), (1.9215497, 2.675), (1.9604363, 2.675), (1.9637563, 2.7130666), (1.9637563, 2.7130666), (1.9604363, 2.675), (2, 2.675), (2, 2.7130666), (2, 2.675), (2, 2.6339393), (2.0422068, 2.6339393), (2.0395637, 2.675), (2.0395637, 2.675), (2.0422068, 2.6339393), (2.0836911, 2.6339393), (2.0784504, 2.675), (2.0784504, 2.675), (2.0836911, 2.6339393), (2.1237438, 2.6339393), (2.1159947, 2.675), (2.1159947, 2.675), (2.1237438, 2.6339393), (2.161679, 2.6339393), (2.1515543, 2.675), (2.1515543, 2.675), (2.161679, 2.6339393), (2.1968477, 2.6339393), (2.184521, 2.675), (2.184521, 2.675), (2.1968477, 2.6339393), (2.2286484, 2.6339393), (2.2143304, 2.675), (2.4143302, 2.675), (2.4286485, 2.6339393), (2.3968477, 2.6339393), (2.384521, 2.675), (2.384521, 2.675), (2.3968477, 2.6339393), (2.3616788, 2.6339393), (2.3515544, 2.675), (2.3515544, 2.675), (2.3616788, 2.6339393), (2.3237436, 2.6339393), (2.3159947, 2.675), (2.3159947, 2.675), (2.3237436, 2.6339393), (2.2836912, 2.6339393), (2.2784503, 2.675), (2.2784503, 2.675), (2.2836912, 2.6339393), (2.2422066, 2.6339393), (2.2395637, 2.675), (2.2395637, 2.675), (2.2422066, 2.6339393), (2.2, 2.6339393), (2.2, 2.675), (2.2, 2.675), (2.2, 2.6339393), (2.1577933, 2.6339393), (2.1604364, 2.675), (2.1604364, 2.675), (2.1577933, 2.6339393), (2.116309, 2.6339393), (2.1215496, 2.675), (2.1215496, 2.675), (2.116309, 2.6339393), (2.0762563, 2.6339393), (2.0840054, 2.675), (2.0840054, 2.675), (2.0762563, 2.6339393), (2.038321, 2.6339393), (2.0484455, 2.675), (2.0484455, 2.675), (2.038321, 2.6339393), (2.0031521, 2.6339393), (2.015479, 2.675), (2.015479, 2.675), (2.0031521, 2.6339393), (1.9713515, 2.6339393), (1.9856696, 2.675), (2.2143304, 2.675), (2.2286484, 2.6339393), (2.1968477, 2.6339393), (2.184521, 2.675), (2.184521, 2.675), (2.1968477, 2.6339393), (2.161679, 2.6339393), (2.1515543, 2.675), (2.1515543, 2.675), (2.161679, 2.6339393), (2.1237438, 2.6339393), (2.1159947, 2.675), (2.1159947, 2.675), (2.1237438, 2.6339393), (2.0836911, 2.6339393), (2.0784504, 2.675), (2.0784504, 2.675), (2.0836911, 2.6339393), (2.0422068, 2.6339393), (2.0395637, 2.675), (2.0395637, 2.675), (2.0422068, 2.6339393), (2, 2.6339393), (2, 2.675), (2, 2.675), (2, 2.6339393), (1.9577934, 2.6339393), (1.9604363, 2.675), (1.9604363, 2.675), (1.9577934, 2.6339393), (1.9163089, 2.6339393), (1.9215497, 2.675), (1.9215497, 2.675), (1.9163089, 2.6339393), (1.8762563, 2.6339393), (1.8840053, 2.675), (1.8840053, 2.675), (1.8762563, 2.6339393), (1.8383211, 2.6339393), (1.8484455, 2.675), (1.8484455, 2.675), (1.8383211, 2.6339393), (1.8031522, 2.6339393), (1.815479, 2.675), (1.815479, 2.675), (1.8031522, 2.6339393), (1.7713515, 2.6339393), (1.7856697, 2.675), (1.9856696, 2.675), (1.9713515, 2.6339393), (2.0031521, 2.6339393), (2.015479, 2.675), (2.015479, 2.675), (2.0031521, 2.6339393), (2.038321, 2.6339393), (2.0484455, 2.675), (2.0484455, 2.675), (2.038321, 2.6339393), (2.0762563, 2.6339393), (2.0840054, 2.675), (2.0840054, 2.675), (2.0762563, 2.6339393), (2.116309, 2.6339393), (2.1215496, 2.675), (2.1215496, 2.675), (2.116309, 2.6339393), (2.1577933, 2.6339393), (2.1604364, 2.675), (2.1604364, 2.675), (2.1577933, 2.6339393), (2.2, 2.6339393), (2.2, 2.675), (2.2, 2.675), (2.2, 2.6339393), (2.2422066, 2.6339393), (2.2395637, 2.675), (2.2395637, 2.675), (2.2422066, 2.6339393), (2.2836912, 2.6339393), (2.2784503, 2.675), (2.2784503, 2.675), (2.2836912, 2.6339393), (2.3237436, 2.6339393), (2.3159947, 2.675), (2.3159947, 2.675), (2.3237436, 2.6339393), (2.3616788, 2.6339393), (2.3515544, 2.675), (2.3515544, 2.675), (2.3616788, 2.6339393), (2.3968477, 2.6339393), (2.384521, 2.675), (2.384521, 2.675), (2.3968477, 2.6339393), (2.4286485, 2.6339393), (2.4143302, 2.675), (1.7856697, 2.675), (1.7713515, 2.6339393), (1.8031522, 2.6339393), (1.815479, 2.675), (1.815479, 2.675), (1.8031522, 2.6339393), (1.8383211, 2.6339393), (1.8484455, 2.675), (1.8484455, 2.675), (1.8383211, 2.6339393), (1.8762563, 2.6339393), (1.8840053, 2.675), (1.8840053, 2.675), (1.8762563, 2.6339393), (1.9163089, 2.6339393), (1.9215497, 2.675), (1.9215497, 2.675), (1.9163089, 2.6339393), (1.9577934, 2.6339393), (1.9604363, 2.675), (1.9604363, 2.675), (1.9577934, 2.6339393), (2, 2.6339393), (2, 2.675), (2, 2.6339393), (2, 2.5905867), (2.0441275, 2.5905867), (2.0422068, 2.6339393), (2.0422068, 2.6339393), (2.0441275, 2.5905867), (2.0875, 2.5905867), (2.0836911, 2.6339393), (2.0836911, 2.6339393), (2.0875, 2.5905867), (2.1293752, 2.5905867), (2.1237438, 2.6339393), (2.1237438, 2.6339393), (2.1293752, 2.5905867), (2.169037, 2.5905867), (2.161679, 2.6339393), (2.161679, 2.6339393), (2.169037, 2.5905867), (2.2058065, 2.5905867), (2.1968477, 2.6339393), (2.1968477, 2.6339393), (2.2058065, 2.5905867), (2.2390544, 2.5905867), (2.2286484, 2.6339393), (2.4286485, 2.6339393), (2.4390545, 2.5905867), (2.4058065, 2.5905867), (2.3968477, 2.6339393), (2.3968477, 2.6339393), (2.4058065, 2.5905867), (2.369037, 2.5905867), (2.3616788, 2.6339393), (2.3616788, 2.6339393), (2.369037, 2.5905867), (2.3293753, 2.5905867), (2.3237436, 2.6339393), (2.3237436, 2.6339393), (2.3293753, 2.5905867), (2.2875, 2.5905867), (2.2836912, 2.6339393), (2.2836912, 2.6339393), (2.2875, 2.5905867), (2.2441275, 2.5905867), (2.2422066, 2.6339393), (2.2422066, 2.6339393), (2.2441275, 2.5905867), (2.2, 2.5905867), (2.2, 2.6339393), (2.2, 2.6339393), (2.2, 2.5905867), (2.1558726, 2.5905867), (2.1577933, 2.6339393), (2.1577933, 2.6339393), (2.1558726, 2.5905867), (2.1125, 2.5905867), (2.116309, 2.6339393), (2.116309, 2.6339393), (2.1125, 2.5905867), (2.0706246, 2.5905867), (2.0762563, 2.6339393), (2.0762563, 2.6339393), (2.0706246, 2.5905867), (2.030963, 2.5905867), (2.038321, 2.6339393), (2.038321, 2.6339393), (2.030963, 2.5905867), (1.9941936, 2.5905867), (2.0031521, 2.6339393), (2.0031521, 2.6339393), (1.9941936, 2.5905867), (1.9609456, 2.5905867), (1.9713515, 2.6339393), (2.2286484, 2.6339393), (2.2390544, 2.5905867), (2.2058065, 2.5905867), (2.1968477, 2.6339393), (2.1968477, 2.6339393), (2.2058065, 2.5905867), (2.169037, 2.5905867), (2.161679, 2.6339393), (2.161679, 2.6339393), (2.169037, 2.5905867), (2.1293752, 2.5905867), (2.1237438, 2.6339393), (2.1237438, 2.6339393), (2.1293752, 2.5905867), (2.0875, 2.5905867), (2.0836911, 2.6339393), (2.0836911, 2.6339393), (2.0875, 2.5905867), (2.0441275, 2.5905867), (2.0422068, 2.6339393), (2.0422068, 2.6339393), (2.0441275, 2.5905867), (2, 2.5905867), (2, 2.6339393), (2, 2.6339393), (2, 2.5905867), (1.9558725, 2.5905867), (1.9577934, 2.6339393), (1.9577934, 2.6339393), (1.9558725, 2.5905867), (1.9125, 2.5905867), (1.9163089, 2.6339393), (1.9163089, 2.6339393), (1.9125, 2.5905867), (1.8706247, 2.5905867), (1.8762563, 2.6339393), (1.8762563, 2.6339393), (1.8706247, 2.5905867), (1.830963, 2.5905867), (1.8383211, 2.6339393), (1.8383211, 2.6339393), (1.830963, 2.5905867), (1.7941935, 2.5905867), (1.8031522, 2.6339393), (1.8031522, 2.6339393), (1.7941935, 2.5905867), (1.7609456, 2.5905867), (1.7713515, 2.6339393), (1.9713515, 2.6339393), (1.9609456, 2.5905867), (1.9941936, 2.5905867), (2.0031521, 2.6339393), (2.0031521, 2.6339393), (1.9941936, 2.5905867), (2.030963, 2.5905867), (2.038321, 2.6339393), (2.038321, 2.6339393), (2.030963, 2.5905867), (2.0706246, 2.5905867), (2.0762563, 2.6339393), (2.0762563, 2.6339393), (2.0706246, 2.5905867), (2.1125, 2.5905867), (2.116309, 2.6339393), (2.116309, 2.6339393), (2.1125, 2.5905867), (2.1558726, 2.5905867), (2.1577933, 2.6339393), (2.1577933, 2.6339393), (2.1558726, 2.5905867), (2.2, 2.5905867), (2.2, 2.6339393), (2.2, 2.6339393), (2.2, 2.5905867), (2.2441275, 2.5905867), (2.2422066, 2.6339393), (2.2422066, 2.6339393), (2.2441275, 2.5905867), (2.2875, 2.5905867), (2.2836912, 2.6339393), (2.2836912, 2.6339393), (2.2875, 2.5905867), (2.3293753, 2.5905867), (2.3237436, 2.6339393), (2.3237436, 2.6339393), (2.3293753, 2.5905867), (2.369037, 2.5905867), (2.3616788, 2.6339393), (2.3616788, 2.6339393), (2.369037, 2.5905867), (2.4058065, 2.5905867), (2.3968477, 2.6339393), (2.3968477, 2.6339393), (2.4058065, 2.5905867), (2.4390545, 2.5905867), (2.4286485, 2.6339393), (1.7713515, 2.6339393), (1.7609456, 2.5905867), (1.7941935, 2.5905867), (1.8031522, 2.6339393), (1.8031522, 2.6339393), (1.7941935, 2.5905867), (1.830963, 2.5905867), (1.8383211, 2.6339393), (1.8383211, 2.6339393), (1.830963, 2.5905867), (1.8706247, 2.5905867), (1.8762563, 2.6339393), (1.8762563, 2.6339393), (1.8706247, 2.5905867), (1.9125, 2.5905867), (1.9163089, 2.6339393), (1.9163089, 2.6339393), (1.9125, 2.5905867), (1.9558725, 2.5905867), (1.9577934, 2.6339393), (1.9577934, 2.6339393), (1.9558725, 2.5905867), (2, 2.5905867), (2, 2.6339393), (2, 2.5905867), (2, 2.545684), (2.0452933, 2.545684), (2.0441275, 2.5905867), (2.0441275, 2.5905867), (2.0452933, 2.545684), (2.0898118, 2.545684), (2.0875, 2.5905867), (2.0875, 2.5905867), (2.0898118, 2.545684), (2.1327934, 2.545684), (2.1293752, 2.5905867), (2.1293752, 2.5905867), (2.1327934, 2.545684), (2.173503, 2.545684), (2.169037, 2.5905867), (2.169037, 2.5905867), (2.173503, 2.545684), (2.2112436, 2.545684), (2.2058065, 2.5905867), (2.2058065, 2.5905867), (2.2112436, 2.545684), (2.2453701, 2.545684), (2.2390544, 2.5905867), (2.4390545, 2.5905867), (2.4453702, 2.545684), (2.4112437, 2.545684), (2.4058065, 2.5905867), (2.4058065, 2.5905867), (2.4112437, 2.545684), (2.373503, 2.545684), (2.369037, 2.5905867), (2.369037, 2.5905867), (2.373503, 2.545684), (2.3327932, 2.545684), (2.3293753, 2.5905867), (2.3293753, 2.5905867), (2.3327932, 2.545684), (2.2898116, 2.545684), (2.2875, 2.5905867), (2.2875, 2.5905867), (2.2898116, 2.545684), (2.2452934, 2.545684), (2.2441275, 2.5905867), (2.2441275, 2.5905867), (2.2452934, 2.545684), (2.2, 2.545684), (2.2, 2.5905867), (2.2, 2.5905867), (2.2, 2.545684), (2.1547067, 2.545684), (2.1558726, 2.5905867), (2.1558726, 2.5905867), (2.1547067, 2.545684), (2.1101882, 2.545684), (2.1125, 2.5905867), (2.1125, 2.5905867), (2.1101882, 2.545684), (2.0672066, 2.545684), (2.0706246, 2.5905867), (2.0706246, 2.5905867), (2.0672066, 2.545684), (2.0264971, 2.545684), (2.030963, 2.5905867), (2.030963, 2.5905867), (2.0264971, 2.545684), (1.9887563, 2.545684), (1.9941936, 2.5905867), (1.9941936, 2.5905867), (1.9887563, 2.545684), (1.9546299, 2.545684), (1.9609456, 2.5905867), (2.2390544, 2.5905867), (2.2453701, 2.545684), (2.2112436, 2.545684), (2.2058065, 2.5905867), (2.2058065, 2.5905867), (2.2112436, 2.545684), (2.173503, 2.545684), (2.169037, 2.5905867), (2.169037, 2.5905867), (2.173503, 2.545684), (2.1327934, 2.545684), (2.1293752, 2.5905867), (2.1293752, 2.5905867), (2.1327934, 2.545684), (2.0898118, 2.545684), (2.0875, 2.5905867), (2.0875, 2.5905867), (2.0898118, 2.545684), (2.0452933, 2.545684), (2.0441275, 2.5905867), (2.0441275, 2.5905867), (2.0452933, 2.545684), (2, 2.545684), (2, 2.5905867), (2, 2.5905867), (2, 2.545684), (1.9547067, 2.545684), (1.9558725, 2.5905867), (1.9558725, 2.5905867), (1.9547067, 2.545684), (1.9101883, 2.545684), (1.9125, 2.5905867), (1.9125, 2.5905867), (1.9101883, 2.545684), (1.8672067, 2.545684), (1.8706247, 2.5905867), (1.8706247, 2.5905867), (1.8672067, 2.545684), (1.8264972, 2.545684), (1.830963, 2.5905867), (1.830963, 2.5905867), (1.8264972, 2.545684), (1.7887564, 2.545684), (1.7941935, 2.5905867), (1.7941935, 2.5905867), (1.7887564, 2.545684), (1.75463, 2.545684), (1.7609456, 2.5905867), (1.9609456, 2.5905867), (1.9546299, 2.545684), (1.9887563, 2.545684), (1.9941936, 2.5905867), (1.9941936, 2.5905867), (1.9887563, 2.545684), (2.0264971, 2.545684), (2.030963, 2.5905867), (2.030963, 2.5905867), (2.0264971, 2.545684), (2.0672066, 2.545684), (2.0706246, 2.5905867), (2.0706246, 2.5905867), (2.0672066, 2.545684), (2.1101882, 2.545684), (2.1125, 2.5905867), (2.1125, 2.5905867), (2.1101882, 2.545684), (2.1547067, 2.545684), (2.1558726, 2.5905867), (2.1558726, 2.5905867), (2.1547067, 2.545684), (2.2, 2.545684), (2.2, 2.5905867), (2.2, 2.5905867), (2.2, 2.545684), (2.2452934, 2.545684), (2.2441275, 2.5905867), (2.2441275, 2.5905867), (2.2452934, 2.545684), (2.2898116, 2.545684), (2.2875, 2.5905867), (2.2875, 2.5905867), (2.2898116, 2.545684), (2.3327932, 2.545684), (2.3293753, 2.5905867), (2.3293753, 2.5905867), (2.3327932, 2.545684), (2.373503, 2.545684), (2.369037, 2.5905867), (2.369037, 2.5905867), (2.373503, 2.545684), (2.4112437, 2.545684), (2.4058065, 2.5905867), (2.4058065, 2.5905867), (2.4112437, 2.545684), (2.4453702, 2.545684), (2.4390545, 2.5905867), (1.7609456, 2.5905867), (1.75463, 2.545684), (1.7887564, 2.545684), (1.7941935, 2.5905867), (1.7941935, 2.5905867), (1.7887564, 2.545684), (1.8264972, 2.545684), (1.830963, 2.5905867), (1.830963, 2.5905867), (1.8264972, 2.545684), (1.8672067, 2.545684), (1.8706247, 2.5905867), (1.8706247, 2.5905867), (1.8672067, 2.545684), (1.9101883, 2.545684), (1.9125, 2.5905867), (1.9125, 2.5905867), (1.9101883, 2.545684), (1.9547067, 2.545684), (1.9558725, 2.5905867), (1.9558725, 2.5905867), (1.9547067, 2.545684), (2, 2.545684), (2, 2.5905867), (2, 2.545684), (2, 2.5), (2.045684, 2.5), (2.0452933, 2.545684), (2.0452933, 2.545684), (2.045684, 2.5), (2.0905867, 2.5), (2.0898118, 2.545684), (2.0898118, 2.545684), (2.0905867, 2.5), (2.1339393, 2.5), (2.1327934, 2.545684), (2.1327934, 2.545684), (2.1339393, 2.5), (2.175, 2.5), (2.173503, 2.545684), (2.173503, 2.545684), (2.175, 2.5), (2.2130666, 2.5), (2.2112436, 2.545684), (2.2112436, 2.545684), (2.2130666, 2.5), (2.2474873, 2.5), (2.2453701, 2.545684), (2.4453702, 2.545684), (2.4474874, 2.5), (2.4130664, 2.5), (2.4112437, 2.545684), (2.4112437, 2.545684), (2.4130664, 2.5), (2.375, 2.5), (2.373503, 2.545684), (2.373503, 2.545684), (2.375, 2.5), (2.3339393, 2.5), (2.3327932, 2.545684), (2.3327932, 2.545684), (2.3339393, 2.5), (2.2905867, 2.5), (2.2898116, 2.545684), (2.2898116, 2.545684), (2.2905867, 2.5), (2.2456841, 2.5), (2.2452934, 2.545684), (2.2452934, 2.545684), (2.2456841, 2.5), (2.2, 2.5), (2.2, 2.545684), (2.2, 2.545684), (2.2, 2.5), (2.154316, 2.5), (2.1547067, 2.545684), (2.1547067, 2.545684), (2.154316, 2.5), (2.1094134, 2.5), (2.1101882, 2.545684), (2.1101882, 2.545684), (2.1094134, 2.5), (2.0660608, 2.5), (2.0672066, 2.545684), (2.0672066, 2.545684), (2.0660608, 2.5), (2.025, 2.5), (2.0264971, 2.545684), (2.0264971, 2.545684), (2.025, 2.5), (1.9869335, 2.5), (1.9887563, 2.545684), (1.9887563, 2.545684), (1.9869335, 2.5), (1.9525126, 2.5), (1.9546299, 2.545684), (2.2453701, 2.545684), (2.2474873, 2.5), (2.2130666, 2.5), (2.2112436, 2.545684), (2.2112436, 2.545684), (2.2130666, 2.5), (2.175, 2.5), (2.173503, 2.545684), (2.173503, 2.545684), (2.175, 2.5), (2.1339393, 2.5), (2.1327934, 2.545684), (2.1327934, 2.545684), (2.1339393, 2.5), (2.0905867, 2.5), (2.0898118, 2.545684), (2.0898118, 2.545684), (2.0905867, 2.5), (2.045684, 2.5), (2.0452933, 2.545684), (2.0452933, 2.545684), (2.045684, 2.5), (2, 2.5), (2, 2.545684), (2, 2.545684), (2, 2.5), (1.9543158, 2.5), (1.9547067, 2.545684), (1.9547067, 2.545684), (1.9543158, 2.5), (1.9094133, 2.5), (1.9101883, 2.545684), (1.9101883, 2.545684), (1.9094133, 2.5), (1.8660609, 2.5), (1.8672067, 2.545684), (1.8672067, 2.545684), (1.8660609, 2.5), (1.825, 2.5), (1.8264972, 2.545684), (1.8264972, 2.545684), (1.825, 2.5), (1.7869335, 2.5), (1.7887564, 2.545684), (1.7887564, 2.545684), (1.7869335, 2.5), (1.7525126, 2.5), (1.75463, 2.545684), (1.9546299, 2.545684), (1.9525126, 2.5), (1.9869335, 2.5), (1.9887563, 2.545684), (1.9887563, 2.545684), (1.9869335, 2.5), (2.025, 2.5), (2.0264971, 2.545684), (2.0264971, 2.545684), (2.025, 2.5), (2.0660608, 2.5), (2.0672066, 2.545684), (2.0672066, 2.545684), (2.0660608, 2.5), (2.1094134, 2.5), (2.1101882, 2.545684), (2.1101882, 2.545684), (2.1094134, 2.5), (2.154316, 2.5), (2.1547067, 2.545684), (2.1547067, 2.545684), (2.154316, 2.5), (2.2, 2.5), (2.2, 2.545684), (2.2, 2.545684), (2.2, 2.5), (2.2456841, 2.5), (2.2452934, 2.545684), (2.2452934, 2.545684), (2.2456841, 2.5), (2.2905867, 2.5), (2.2898116, 2.545684), (2.2898116, 2.545684), (2.2905867, 2.5), (2.3339393, 2.5), (2.3327932, 2.545684), (2.3327932, 2.545684), (2.3339393, 2.5), (2.375, 2.5), (2.373503, 2.545684), (2.373503, 2.545684), (2.375, 2.5), (2.4130664, 2.5), (2.4112437, 2.545684), (2.4112437, 2.545684), (2.4130664, 2.5), (2.4474874, 2.5), (2.4453702, 2.545684), (1.75463, 2.545684), (1.7525126, 2.5), (1.7869335, 2.5), (1.7887564, 2.545684), (1.7887564, 2.545684), (1.7869335, 2.5), (1.825, 2.5), (1.8264972, 2.545684), (1.8264972, 2.545684), (1.825, 2.5), (1.8660609, 2.5), (1.8672067, 2.545684), (1.8672067, 2.545684), (1.8660609, 2.5), (1.9094133, 2.5), (1.9101883, 2.545684), (1.9101883, 2.545684), (1.9094133, 2.5), (1.9543158, 2.5), (1.9547067, 2.545684), (1.9547067, 2.545684), (1.9543158, 2.5), (2, 2.5), (2, 2.545684), (2, 2.5), (2, 2.454316), (2.0452933, 2.454316), (2.045684, 2.5), (2.045684, 2.5), (2.0452933, 2.454316), (2.0898118, 2.454316), (2.0905867, 2.5), (2.0905867, 2.5), (2.0898118, 2.454316), (2.1327934, 2.454316), (2.1339393, 2.5), (2.1339393, 2.5), (2.1327934, 2.454316), (2.173503, 2.454316), (2.175, 2.5), (2.175, 2.5), (2.173503, 2.454316), (2.2112436, 2.454316), (2.2130666, 2.5), (2.2130666, 2.5), (2.2112436, 2.454316), (2.2453701, 2.454316), (2.2474873, 2.5), (2.4474874, 2.5), (2.4453702, 2.454316), (2.4112437, 2.454316), (2.4130664, 2.5), (2.4130664, 2.5), (2.4112437, 2.454316), (2.373503, 2.454316), (2.375, 2.5), (2.375, 2.5), (2.373503, 2.454316), (2.3327932, 2.454316), (2.3339393, 2.5), (2.3339393, 2.5), (2.3327932, 2.454316), (2.2898116, 2.454316), (2.2905867, 2.5), (2.2905867, 2.5), (2.2898116, 2.454316), (2.2452934, 2.454316), (2.2456841, 2.5), (2.2456841, 2.5), (2.2452934, 2.454316), (2.2, 2.454316), (2.2, 2.5), (2.2, 2.5), (2.2, 2.454316), (2.1547067, 2.454316), (2.154316, 2.5), (2.154316, 2.5), (2.1547067, 2.454316), (2.1101882, 2.454316), (2.1094134, 2.5), (2.1094134, 2.5), (2.1101882, 2.454316), (2.0672066, 2.454316), (2.0660608, 2.5), (2.0660608, 2.5), (2.0672066, 2.454316), (2.0264971, 2.454316), (2.025, 2.5), (2.025, 2.5), (2.0264971, 2.454316), (1.9887563, 2.454316), (1.9869335, 2.5), (1.9869335, 2.5), (1.9887563, 2.454316), (1.9546299, 2.454316), (1.9525126, 2.5), (2.2474873, 2.5), (2.2453701, 2.454316), (2.2112436, 2.454316), (2.2130666, 2.5), (2.2130666, 2.5), (2.2112436, 2.454316), (2.173503, 2.454316), (2.175, 2.5), (2.175, 2.5), (2.173503, 2.454316), (2.1327934, 2.454316), (2.1339393, 2.5), (2.1339393, 2.5), (2.1327934, 2.454316), (2.0898118, 2.454316), (2.0905867, 2.5), (2.0905867, 2.5), (2.0898118, 2.454316), (2.0452933, 2.454316), (2.045684, 2.5), (2.045684, 2.5), (2.0452933, 2.454316), (2, 2.454316), (2, 2.5), (2, 2.5), (2, 2.454316), (1.9547067, 2.454316), (1.9543158, 2.5), (1.9543158, 2.5), (1.9547067, 2.454316), (1.9101883, 2.454316), (1.9094133, 2.5), (1.9094133, 2.5), (1.9101883, 2.454316), (1.8672067, 2.454316), (1.8660609, 2.5), (1.8660609, 2.5), (1.8672067, 2.454316), (1.8264972, 2.454316), (1.825, 2.5), (1.825, 2.5), (1.8264972, 2.454316), (1.7887564, 2.454316), (1.7869335, 2.5), (1.7869335, 2.5), (1.7887564, 2.454316), (1.75463, 2.454316), (1.7525126, 2.5), (1.9525126, 2.5), (1.9546299, 2.454316), (1.9887563, 2.454316), (1.9869335, 2.5), (1.9869335, 2.5), (1.9887563, 2.454316), (2.0264971, 2.454316), (2.025, 2.5), (2.025, 2.5), (2.0264971, 2.454316), (2.0672066, 2.454316), (2.0660608, 2.5), (2.0660608, 2.5), (2.0672066, 2.454316), (2.1101882, 2.454316), (2.1094134, 2.5), (2.1094134, 2.5), (2.1101882, 2.454316), (2.1547067, 2.454316), (2.154316, 2.5), (2.154316, 2.5), (2.1547067, 2.454316), (2.2, 2.454316), (2.2, 2.5), (2.2, 2.5), (2.2, 2.454316), (2.2452934, 2.454316), (2.2456841, 2.5), (2.2456841, 2.5), (2.2452934, 2.454316), (2.2898116, 2.454316), (2.2905867, 2.5), (2.2905867, 2.5), (2.2898116, 2.454316), (2.3327932, 2.454316), (2.3339393, 2.5), (2.3339393, 2.5), (2.3327932, 2.454316), (2.373503, 2.454316), (2.375, 2.5), (2.375, 2.5), (2.373503, 2.454316), (2.4112437, 2.454316), (2.4130664, 2.5), (2.4130664, 2.5), (2.4112437, 2.454316), (2.4453702, 2.454316), (2.4474874, 2.5), (1.7525126, 2.5), (1.75463, 2.454316), (1.7887564, 2.454316), (1.7869335, 2.5), (1.7869335, 2.5), (1.7887564, 2.454316), (1.8264972, 2.454316), (1.825, 2.5), (1.825, 2.5), (1.8264972, 2.454316), (1.8672067, 2.454316), (1.8660609, 2.5), (1.8660609, 2.5), (1.8672067, 2.454316), (1.9101883, 2.454316), (1.9094133, 2.5), (1.9094133, 2.5), (1.9101883, 2.454316), (1.9547067, 2.454316), (1.9543158, 2.5), (1.9543158, 2.5), (1.9547067, 2.454316), (2, 2.454316), (2, 2.5), (2, 2.454316), (2, 2.4094133), (2.0441275, 2.4094133), (2.0452933, 2.454316), (2.0452933, 2.454316), (2.0441275, 2.4094133), (2.0875, 2.4094133), (2.0898118, 2.454316), (2.0898118, 2.454316), (2.0875, 2.4094133), (2.1293752, 2.4094133), (2.1327934, 2.454316), (2.1327934, 2.454316), (2.1293752, 2.4094133), (2.169037, 2.4094133), (2.173503, 2.454316), (2.173503, 2.454316), (2.169037, 2.4094133), (2.2058065, 2.4094133), (2.2112436, 2.454316), (2.2112436, 2.454316), (2.2058065, 2.4094133), (2.2390544, 2.4094133), (2.2453701, 2.454316), (2.4453702, 2.454316), (2.4390545, 2.4094133), (2.4058065, 2.4094133), (2.4112437, 2.454316), (2.4112437, 2.454316), (2.4058065, 2.4094133), (2.369037, 2.4094133), (2.373503, 2.454316), (2.373503, 2.454316), (2.369037, 2.4094133), (2.3293753, 2.4094133), (2.3327932, 2.454316), (2.3327932, 2.454316), (2.3293753, 2.4094133), (2.2875, 2.4094133), (2.2898116, 2.454316), (2.2898116, 2.454316), (2.2875, 2.4094133), (2.2441275, 2.4094133), (2.2452934, 2.454316), (2.2452934, 2.454316), (2.2441275, 2.4094133), (2.2, 2.4094133), (2.2, 2.454316), (2.2, 2.454316), (2.2, 2.4094133), (2.1558726, 2.4094133), (2.1547067, 2.454316), (2.1547067, 2.454316), (2.1558726, 2.4094133), (2.1125, 2.4094133), (2.1101882, 2.454316), (2.1101882, 2.454316), (2.1125, 2.4094133), (2.0706246, 2.4094133), (2.0672066, 2.454316), (2.0672066, 2.454316), (2.0706246, 2.4094133), (2.030963, 2.4094133), (2.0264971, 2.454316), (2.0264971, 2.454316), (2.030963, 2.4094133), (1.9941936, 2.4094133), (1.9887563, 2.454316), (1.9887563, 2.454316), (1.9941936, 2.4094133), (1.9609456, 2.4094133), (1.9546299, 2.454316), (2.2453701, 2.454316), (2.2390544, 2.4094133), (2.2058065, 2.4094133), (2.2112436, 2.454316), (2.2112436, 2.454316), (2.2058065, 2.4094133), (2.169037, 2.4094133), (2.173503, 2.454316), (2.173503, 2.454316), (2.169037, 2.4094133), (2.1293752, 2.4094133), (2.1327934, 2.454316), (2.1327934, 2.454316), (2.1293752, 2.4094133), (2.0875, 2.4094133), (2.0898118, 2.454316), (2.0898118, 2.454316), (2.0875, 2.4094133), (2.0441275, 2.4094133), (2.0452933, 2.454316), (2.0452933, 2.454316), (2.0441275, 2.4094133), (2, 2.4094133), (2, 2.454316), (2, 2.454316), (2, 2.4094133), (1.9558725, 2.4094133), (1.9547067, 2.454316), (1.9547067, 2.454316), (1.9558725, 2.4094133), (1.9125, 2.4094133), (1.9101883, 2.454316), (1.9101883, 2.454316), (1.9125, 2.4094133), (1.8706247, 2.4094133), (1.8672067, 2.454316), (1.8672067, 2.454316), (1.8706247, 2.4094133), (1.830963, 2.4094133), (1.8264972, 2.454316), (1.8264972, 2.454316), (1.830963, 2.4094133), (1.7941935, 2.4094133), (1.7887564, 2.454316), (1.7887564, 2.454316), (1.7941935, 2.4094133), (1.7609456, 2.4094133), (1.75463, 2.454316), (1.9546299, 2.454316), (1.9609456, 2.4094133), (1.9941936, 2.4094133), (1.9887563, 2.454316), (1.9887563, 2.454316), (1.9941936, 2.4094133), (2.030963, 2.4094133), (2.0264971, 2.454316), (2.0264971, 2.454316), (2.030963, 2.4094133), (2.0706246, 2.4094133), (2.0672066, 2.454316), (2.0672066, 2.454316), (2.0706246, 2.4094133), (2.1125, 2.4094133), (2.1101882, 2.454316), (2.1101882, 2.454316), (2.1125, 2.4094133), (2.1558726, 2.4094133), (2.1547067, 2.454316), (2.1547067, 2.454316), (2.1558726, 2.4094133), (2.2, 2.4094133), (2.2, 2.454316), (2.2, 2.454316), (2.2, 2.4094133), (2.2441275, 2.4094133), (2.2452934, 2.454316), (2.2452934, 2.454316), (2.2441275, 2.4094133), (2.2875, 2.4094133), (2.2898116, 2.454316), (2.2898116, 2.454316), (2.2875, 2.4094133), (2.3293753, 2.4094133), (2.3327932, 2.454316), (2.3327932, 2.454316), (2.3293753, 2.4094133), (2.369037, 2.4094133), (2.373503, 2.454316), (2.373503, 2.454316), (2.369037, 2.4094133), (2.4058065, 2.4094133), (2.4112437, 2.454316), (2.4112437, 2.454316), (2.4058065, 2.4094133), (2.4390545, 2.4094133), (2.4453702, 2.454316), (1.75463, 2.454316), (1.7609456, 2.4094133), (1.7941935, 2.4094133), (1.7887564, 2.454316), (1.7887564, 2.454316), (1.7941935, 2.4094133), (1.830963, 2.4094133), (1.8264972, 2.454316), (1.8264972, 2.454316), (1.830963, 2.4094133), (1.8706247, 2.4094133), (1.8672067, 2.454316), (1.8672067, 2.454316), (1.8706247, 2.4094133), (1.9125, 2.4094133), (1.9101883, 2.454316), (1.9101883, 2.454316), (1.9125, 2.4094133), (1.9558725, 2.4094133), (1.9547067, 2.454316), (1.9547067, 2.454316), (1.9558725, 2.4094133), (2, 2.4094133), (2, 2.454316), (2, 2.4094133), (2, 2.3660607), (2.0422068, 2.3660607), (2.0441275, 2.4094133), (2.0441275, 2.4094133), (2.0422068, 2.3660607), (2.0836911, 2.3660607), (2.0875, 2.4094133), (2.0875, 2.4094133), (2.0836911, 2.3660607), (2.1237438, 2.3660607), (2.1293752, 2.4094133), (2.1293752, 2.4094133), (2.1237438, 2.3660607), (2.161679, 2.3660607), (2.169037, 2.4094133), (2.169037, 2.4094133), (2.161679, 2.3660607), (2.1968477, 2.3660607), (2.2058065, 2.4094133), (2.2058065, 2.4094133), (2.1968477, 2.3660607), (2.2286484, 2.3660607), (2.2390544, 2.4094133), (2.4390545, 2.4094133), (2.4286485, 2.3660607), (2.3968477, 2.3660607), (2.4058065, 2.4094133), (2.4058065, 2.4094133), (2.3968477, 2.3660607), (2.3616788, 2.3660607), (2.369037, 2.4094133), (2.369037, 2.4094133), (2.3616788, 2.3660607), (2.3237436, 2.3660607), (2.3293753, 2.4094133), (2.3293753, 2.4094133), (2.3237436, 2.3660607), (2.2836912, 2.3660607), (2.2875, 2.4094133), (2.2875, 2.4094133), (2.2836912, 2.3660607), (2.2422066, 2.3660607), (2.2441275, 2.4094133), (2.2441275, 2.4094133), (2.2422066, 2.3660607), (2.2, 2.3660607), (2.2, 2.4094133), (2.2, 2.4094133), (2.2, 2.3660607), (2.1577933, 2.3660607), (2.1558726, 2.4094133), (2.1558726, 2.4094133), (2.1577933, 2.3660607), (2.116309, 2.3660607), (2.1125, 2.4094133), (2.1125, 2.4094133), (2.116309, 2.3660607), (2.0762563, 2.3660607), (2.0706246, 2.4094133), (2.0706246, 2.4094133), (2.0762563, 2.3660607), (2.038321, 2.3660607), (2.030963, 2.4094133), (2.030963, 2.4094133), (2.038321, 2.3660607), (2.0031521, 2.3660607), (1.9941936, 2.4094133), (1.9941936, 2.4094133), (2.0031521, 2.3660607), (1.9713515, 2.3660607), (1.9609456, 2.4094133), (2.2390544, 2.4094133), (2.2286484, 2.3660607), (2.1968477, 2.3660607), (2.2058065, 2.4094133), (2.2058065, 2.4094133), (2.1968477, 2.3660607), (2.161679, 2.3660607), (2.169037, 2.4094133), (2.169037, 2.4094133), (2.161679, 2.3660607), (2.1237438, 2.3660607), (2.1293752, 2.4094133), (2.1293752, 2.4094133), (2.1237438, 2.3660607), (2.0836911, 2.3660607), (2.0875, 2.4094133), (2.0875, 2.4094133), (2.0836911, 2.3660607), (2.0422068, 2.3660607), (2.0441275, 2.4094133), (2.0441275, 2.4094133), (2.0422068, 2.3660607), (2, 2.3660607), (2, 2.4094133), (2, 2.4094133), (2, 2.3660607), (1.9577934, 2.3660607), (1.9558725, 2.4094133), (1.9558725, 2.4094133), (1.9577934, 2.3660607), (1.9163089, 2.3660607), (1.9125, 2.4094133), (1.9125, 2.4094133), (1.9163089, 2.3660607), (1.8762563, 2.3660607), (1.8706247, 2.4094133), (1.8706247, 2.4094133), (1.8762563, 2.3660607), (1.8383211, 2.3660607), (1.830963, 2.4094133), (1.830963, 2.4094133), (1.8383211, 2.3660607), (1.8031522, 2.3660607), (1.7941935, 2.4094133), (1.7941935, 2.4094133), (1.8031522, 2.3660607), (1.7713515, 2.3660607), (1.7609456, 2.4094133), (1.9609456, 2.4094133), (1.9713515, 2.3660607), (2.0031521, 2.3660607), (1.9941936, 2.4094133), (1.9941936, 2.4094133), (2.0031521, 2.3660607), (2.038321, 2.3660607), (2.030963, 2.4094133), (2.030963, 2.4094133), (2.038321, 2.3660607), (2.0762563, 2.3660607), (2.0706246, 2.4094133), (2.0706246, 2.4094133), (2.0762563, 2.3660607), (2.116309, 2.3660607), (2.1125, 2.4094133), (2.1125, 2.4094133), (2.116309, 2.3660607), (2.1577933, 2.3660607), (2.1558726, 2.4094133), (2.1558726, 2.4094133), (2.1577933, 2.3660607), (2.2, 2.3660607), (2.2, 2.4094133), (2.2, 2.4094133), (2.2, 2.3660607), (2.2422066, 2.3660607), (2.2441275, 2.4094133), (2.2441275, 2.4094133), (2.2422066, 2.3660607), (2.2836912, 2.3660607), (2.2875, 2.4094133), (2.2875, 2.4094133), (2.2836912, 2.3660607), (2.3237436, 2.3660607), (2.3293753, 2.4094133), (2.3293753, 2.4094133), (2.3237436, 2.3660607), (2.3616788, 2.3660607), (2.369037, 2.4094133), (2.369037, 2.4094133), (2.3616788, 2.3660607), (2.3968477, 2.3660607), (2.4058065, 2.4094133), (2.4058065, 2.4094133), (2.3968477, 2.3660607), (2.4286485, 2.3660607), (2.4390545, 2.4094133), (1.7609456, 2.4094133), (1.7713515, 2.3660607), (1.8031522, 2.3660607), (1.7941935, 2.4094133), (1.7941935, 2.4094133), (1.8031522, 2.3660607), (1.8383211, 2.3660607), (1.830963, 2.4094133), (1.830963, 2.4094133), (1.8383211, 2.3660607), (1.8762563, 2.3660607), (1.8706247, 2.4094133), (1.8706247, 2.4094133), (1.8762563, 2.3660607), (1.9163089, 2.3660607), (1.9125, 2.4094133), (1.9125, 2.4094133), (1.9163089, 2.3660607), (1.9577934, 2.3660607), (1.9558725, 2.4094133), (1.9558725, 2.4094133), (1.9577934, 2.3660607), (2, 2.3660607), (2, 2.4094133), (2, 2.3660607), (2, 2.325), (2.0395637, 2.325), (2.0422068, 2.3660607), (2.0422068, 2.3660607), (2.0395637, 2.325), (2.0784504, 2.325), (2.0836911, 2.3660607), (2.0836911, 2.3660607), (2.0784504, 2.325), (2.1159947, 2.325), (2.1237438, 2.3660607), (2.1237438, 2.3660607), (2.1159947, 2.325), (2.1515543, 2.325), (2.161679, 2.3660607), (2.161679, 2.3660607), (2.1515543, 2.325), (2.184521, 2.325), (2.1968477, 2.3660607), (2.1968477, 2.3660607), (2.184521, 2.325), (2.2143304, 2.325), (2.2286484, 2.3660607), (2.4286485, 2.3660607), (2.4143302, 2.325), (2.384521, 2.325), (2.3968477, 2.3660607), (2.3968477, 2.3660607), (2.384521, 2.325), (2.3515544, 2.325), (2.3616788, 2.3660607), (2.3616788, 2.3660607), (2.3515544, 2.325), (2.3159947, 2.325), (2.3237436, 2.3660607), (2.3237436, 2.3660607), (2.3159947, 2.325), (2.2784503, 2.325), (2.2836912, 2.3660607), (2.2836912, 2.3660607), (2.2784503, 2.325), (2.2395637, 2.325), (2.2422066, 2.3660607), (2.2422066, 2.3660607), (2.2395637, 2.325), (2.2, 2.325), (2.2, 2.3660607), (2.2, 2.3660607), (2.2, 2.325), (2.1604364, 2.325), (2.1577933, 2.3660607), (2.1577933, 2.3660607), (2.1604364, 2.325), (2.1215496, 2.325), (2.116309, 2.3660607), (2.116309, 2.3660607), (2.1215496, 2.325), (2.0840054, 2.325), (2.0762563, 2.3660607), (2.0762563, 2.3660607), (2.0840054, 2.325), (2.0484455, 2.325), (2.038321, 2.3660607), (2.038321, 2.3660607), (2.0484455, 2.325), (2.015479, 2.325), (2.0031521, 2.3660607), (2.0031521, 2.3660607), (2.015479, 2.325), (1.9856696, 2.325), (1.9713515, 2.3660607), (2.2286484, 2.3660607), (2.2143304, 2.325), (2.184521, 2.325), (2.1968477, 2.3660607), (2.1968477, 2.3660607), (2.184521, 2.325), (2.1515543, 2.325), (2.161679, 2.3660607), (2.161679, 2.3660607), (2.1515543, 2.325), (2.1159947, 2.325), (2.1237438, 2.3660607), (2.1237438, 2.3660607), (2.1159947, 2.325), (2.0784504, 2.325), (2.0836911, 2.3660607), (2.0836911, 2.3660607), (2.0784504, 2.325), (2.0395637, 2.325), (2.0422068, 2.3660607), (2.0422068, 2.3660607), (2.0395637, 2.325), (2, 2.325), (2, 2.3660607), (2, 2.3660607), (2, 2.325), (1.9604363, 2.325), (1.9577934, 2.3660607), (1.9577934, 2.3660607), (1.9604363, 2.325), (1.9215497, 2.325), (1.9163089, 2.3660607), (1.9163089, 2.3660607), (1.9215497, 2.325), (1.8840053, 2.325), (1.8762563, 2.3660607), (1.8762563, 2.3660607), (1.8840053, 2.325), (1.8484455, 2.325), (1.8383211, 2.3660607), (1.8383211, 2.3660607), (1.8484455, 2.325), (1.815479, 2.325), (1.8031522, 2.3660607), (1.8031522, 2.3660607), (1.815479, 2.325), (1.7856697, 2.325), (1.7713515, 2.3660607), (1.9713515, 2.3660607), (1.9856696, 2.325), (2.015479, 2.325), (2.0031521, 2.3660607), (2.0031521, 2.3660607), (2.015479, 2.325), (2.0484455, 2.325), (2.038321, 2.3660607), (2.038321, 2.3660607), (2.0484455, 2.325), (2.0840054, 2.325), (2.0762563, 2.3660607), (2.0762563, 2.3660607), (2.0840054, 2.325), (2.1215496, 2.325), (2.116309, 2.3660607), (2.116309, 2.3660607), (2.1215496, 2.325), (2.1604364, 2.325), (2.1577933, 2.3660607), (2.1577933, 2.3660607), (2.1604364, 2.325), (2.2, 2.325), (2.2, 2.3660607), (2.2, 2.3660607), (2.2, 2.325), (2.2395637, 2.325), (2.2422066, 2.3660607), (2.2422066, 2.3660607), (2.2395637, 2.325), (2.2784503, 2.325), (2.2836912, 2.3660607), (2.2836912, 2.3660607), (2.2784503, 2.325), (2.3159947, 2.325), (2.3237436, 2.3660607), (2.3237436, 2.3660607), (2.3159947, 2.325), (2.3515544, 2.325), (2.3616788, 2.3660607), (2.3616788, 2.3660607), (2.3515544, 2.325), (2.384521, 2.325), (2.3968477, 2.3660607), (2.3968477, 2.3660607), (2.384521, 2.325), (2.4143302, 2.325), (2.4286485, 2.3660607), (1.7713515, 2.3660607), (1.7856697, 2.325), (1.815479, 2.325), (1.8031522, 2.3660607), (1.8031522, 2.3660607), (1.815479, 2.325), (1.8484455, 2.325), (1.8383211, 2.3660607), (1.8383211, 2.3660607), (1.8484455, 2.325), (1.8840053, 2.325), (1.8762563, 2.3660607), (1.8762563, 2.3660607), (1.8840053, 2.325), (1.9215497, 2.325), (1.9163089, 2.3660607), (1.9163089, 2.3660607), (1.9215497, 2.325), (1.9604363, 2.325), (1.9577934, 2.3660607), (1.9577934, 2.3660607), (1.9604363, 2.325), (2, 2.325), (2, 2.3660607), (2, 2.325), (2, 2.2869334), (2.0362437, 2.2869334), (2.0395637, 2.325), (2.0395637, 2.325), (2.0362437, 2.2869334), (2.0718672, 2.2869334), (2.0784504, 2.325), (2.0784504, 2.325), (2.0718672, 2.2869334), (2.106261, 2.2869334), (2.1159947, 2.325), (2.1159947, 2.325), (2.106261, 2.2869334), (2.1388369, 2.2869334), (2.1515543, 2.325), (2.1515543, 2.325), (2.1388369, 2.2869334), (2.169037, 2.2869334), (2.184521, 2.325), (2.184521, 2.325), (2.169037, 2.2869334), (2.1963449, 2.2869334), (2.2143304, 2.325), (2.4143302, 2.325), (2.396345, 2.2869334), (2.369037, 2.2869334), (2.384521, 2.325), (2.384521, 2.325), (2.369037, 2.2869334), (2.338837, 2.2869334), (2.3515544, 2.325), (2.3515544, 2.325), (2.338837, 2.2869334), (2.306261, 2.2869334), (2.3159947, 2.325), (2.3159947, 2.325), (2.306261, 2.2869334), (2.2718673, 2.2869334), (2.2784503, 2.325), (2.2784503, 2.325), (2.2718673, 2.2869334), (2.2362437, 2.2869334), (2.2395637, 2.325), (2.2395637, 2.325), (2.2362437, 2.2869334), (2.2, 2.2869334), (2.2, 2.325), (2.2, 2.325), (2.2, 2.2869334), (2.1637564, 2.2869334), (2.1604364, 2.325), (2.1604364, 2.325), (2.1637564, 2.2869334), (2.1281328, 2.2869334), (2.1215496, 2.325), (2.1215496, 2.325), (2.1281328, 2.2869334), (2.0937388, 2.2869334), (2.0840054, 2.325), (2.0840054, 2.325), (2.0937388, 2.2869334), (2.0611632, 2.2869334), (2.0484455, 2.325), (2.0484455, 2.325), (2.0611632, 2.2869334), (2.030963, 2.2869334), (2.015479, 2.325), (2.015479, 2.325), (2.030963, 2.2869334), (2.003655, 2.2869334), (1.9856696, 2.325), (2.2143304, 2.325), (2.1963449, 2.2869334), (2.169037, 2.2869334), (2.184521, 2.325), (2.184521, 2.325), (2.169037, 2.2869334), (2.1388369, 2.2869334), (2.1515543, 2.325), (2.1515543, 2.325), (2.1388369, 2.2869334), (2.106261, 2.2869334), (2.1159947, 2.325), (2.1159947, 2.325), (2.106261, 2.2869334), (2.0718672, 2.2869334), (2.0784504, 2.325), (2.0784504, 2.325), (2.0718672, 2.2869334), (2.0362437, 2.2869334), (2.0395637, 2.325), (2.0395637, 2.325), (2.0362437, 2.2869334), (2, 2.2869334), (2, 2.325), (2, 2.325), (2, 2.2869334), (1.9637563, 2.2869334), (1.9604363, 2.325), (1.9604363, 2.325), (1.9637563, 2.2869334), (1.9281328, 2.2869334), (1.9215497, 2.325), (1.9215497, 2.325), (1.9281328, 2.2869334), (1.8937389, 2.2869334), (1.8840053, 2.325), (1.8840053, 2.325), (1.8937389, 2.2869334), (1.8611631, 2.2869334), (1.8484455, 2.325), (1.8484455, 2.325), (1.8611631, 2.2869334), (1.830963, 2.2869334), (1.815479, 2.325), (1.815479, 2.325), (1.830963, 2.2869334), (1.803655, 2.2869334), (1.7856697, 2.325), (1.9856696, 2.325), (2.003655, 2.2869334), (2.030963, 2.2869334), (2.015479, 2.325), (2.015479, 2.325), (2.030963, 2.2869334), (2.0611632, 2.2869334), (2.0484455, 2.325), (2.0484455, 2.325), (2.0611632, 2.2869334), (2.0937388, 2.2869334), (2.0840054, 2.325), (2.0840054, 2.325), (2.0937388, 2.2869334), (2.1281328, 2.2869334), (2.1215496, 2.325), (2.1215496, 2.325), (2.1281328, 2.2869334), (2.1637564, 2.2869334), (2.1604364, 2.325), (2.1604364, 2.325), (2.1637564, 2.2869334), (2.2, 2.2869334), (2.2, 2.325), (2.2, 2.325), (2.2, 2.2869334), (2.2362437, 2.2869334), (2.2395637, 2.325), (2.2395637, 2.325), (2.2362437, 2.2869334), (2.2718673, 2.2869334), (2.2784503, 2.325), (2.2784503, 2.325), (2.2718673, 2.2869334), (2.306261, 2.2869334), (2.3159947, 2.325), (2.3159947, 2.325), (2.306261, 2.2869334), (2.338837, 2.2869334), (2.3515544, 2.325), (2.3515544, 2.325), (2.338837, 2.2869334), (2.369037, 2.2869334), (2.384521, 2.325), (2.384521, 2.325), (2.369037, 2.2869334), (2.396345, 2.2869334), (2.4143302, 2.325), (1.7856697, 2.325), (1.803655, 2.2869334), (1.830963, 2.2869334), (1.815479, 2.325), (1.815479, 2.325), (1.830963, 2.2869334), (1.8611631, 2.2869334), (1.8484455, 2.325), (1.8484455, 2.325), (1.8611631, 2.2869334), (1.8937389, 2.2869334), (1.8840053, 2.325), (1.8840053, 2.325), (1.8937389, 2.2869334), (1.9281328, 2.2869334), (1.9215497, 2.325), (1.9215497, 2.325), (1.9281328, 2.2869334), (1.9637563, 2.2869334), (1.9604363, 2.325), (1.9604363, 2.325), (1.9637563, 2.2869334), (2, 2.2869334), (2, 2.325), (2, 2.2869334), (2, 2.2525127), (2.0323036, 2.2525127), (2.0362437, 2.2869334), (2.0362437, 2.2869334), (2.0323036, 2.2525127), (2.0640545, 2.2525127), (2.0718672, 2.2869334), (2.0718672, 2.2869334), (2.0640545, 2.2525127), (2.0947094, 2.2525127), (2.106261, 2.2869334), (2.106261, 2.2869334), (2.0947094, 2.2525127), (2.1237438, 2.2525127), (2.1388369, 2.2869334), (2.4404724, 2.1388369), (2.4143302, 2.1237438), (2.396345, 2.1506608), (2.4202933, 2.169037), (2.4202933, 2.169037), (2.396345, 2.1506608), (2.375, 2.175), (2.396345, 2.1963449), (2.396345, 2.1963449), (2.375, 2.175), (2.3506608, 2.1963449), (2.369037, 2.2202933), (2.369037, 2.2202933), (2.3506608, 2.1963449), (2.3237436, 2.2143304), (2.338837, 2.2404726), (2.338837, 2.2869334), (2.3237436, 2.2525127), (2.2947092, 2.2525127), (2.306261, 2.2869334), (2.306261, 2.2869334), (2.2947092, 2.2525127), (2.2640545, 2.2525127), (2.2718673, 2.2869334), (2.2718673, 2.2869334), (2.2640545, 2.2525127), (2.2323036, 2.2525127), (2.2362437, 2.2869334), (2.2362437, 2.2869334), (2.2323036, 2.2525127), (2.2, 2.2525127), (2.2, 2.2869334), (2.2, 2.2869334), (2.2, 2.2525127), (2.1676965, 2.2525127), (2.1637564, 2.2869334), (2.1637564, 2.2869334), (2.1676965, 2.2525127), (2.1359456, 2.2525127), (2.1281328, 2.2869334), (2.1281328, 2.2869334), (2.1359456, 2.2525127), (2.1052907, 2.2525127), (2.0937388, 2.2869334), (2.0937388, 2.2869334), (2.1052907, 2.2525127), (2.0762563, 2.2525127), (2.0611632, 2.2869334), (2.0611632, 2.2404726), (2.0762563, 2.2143304), (2.0493393, 2.1963449), (2.030963, 2.2202933), (2.030963, 2.2202933), (2.0493393, 2.1963449), (2.025, 2.175), (2.003655, 2.1963449), (2.003655, 2.1963449), (2.025, 2.175), (2.003655, 2.1506608), (1.9797066, 2.169037), (1.9797066, 2.169037), (2.003655, 2.1506608), (1.9856696, 2.1237438), (1.9595275, 2.1388369), (2.1388369, 2.2869334), (2.1237438, 2.2525127), (2.0947094, 2.2525127), (2.106261, 2.2869334), (2.106261, 2.2869334), (2.0947094, 2.2525127), (2.0640545, 2.2525127), (2.0718672, 2.2869334), (2.0718672, 2.2869334), (2.0640545, 2.2525127), (2.0323036, 2.2525127), (2.0362437, 2.2869334), (2.0362437, 2.2869334), (2.0323036, 2.2525127), (2, 2.2525127), (2, 2.2869334), (2, 2.2869334), (2, 2.2525127), (1.9676964, 2.2525127), (1.9637563, 2.2869334), (1.9637563, 2.2869334), (1.9676964, 2.2525127), (1.9359455, 2.2525127), (1.9281328, 2.2869334), (1.9281328, 2.2869334), (1.9359455, 2.2525127), (1.9052907, 2.2525127), (1.8937389, 2.2869334), (1.8937389, 2.2869334), (1.9052907, 2.2525127), (1.8762563, 2.2525127), (1.8611631, 2.2869334), (1.9595275, 1.8611631), (1.9856696, 1.8762563), (2.003655, 1.8493392), (1.9797066, 1.830963), (1.9797066, 1.830963), (2.003655, 1.8493392), (2.025, 1.825), (2.003655, 1.803655), (2.003655, 1.803655), (2.025, 1.825), (2.0493393, 1.803655), (2.030963, 1.7797067), (2.030963, 1.7797067), (2.0493393, 1.803655), (2.0762563, 1.7856697), (2.0611632, 1.7595276), (2.0611632, 2.2869334), (2.0762563, 2.2525127), (2.1052907, 2.2525127), (2.0937388, 2.2869334), (2.0937388, 2.2869334), (2.1052907, 2.2525127), (2.1359456, 2.2525127), (2.1281328, 2.2869334), (2.1281328, 2.2869334), (2.1359456, 2.2525127), (2.1676965, 2.2525127), (2.1637564, 2.2869334), (2.1637564, 2.2869334), (2.1676965, 2.2525127), (2.2, 2.2525127), (2.2, 2.2869334), (2.2, 2.2869334), (2.2, 2.2525127), (2.2323036, 2.2525127), (2.2362437, 2.2869334), (2.2362437, 2.2869334), (2.2323036, 2.2525127), (2.2640545, 2.2525127), (2.2718673, 2.2869334), (2.2718673, 2.2869334), (2.2640545, 2.2525127), (2.2947092, 2.2525127), (2.306261, 2.2869334), (2.306261, 2.2869334), (2.2947092, 2.2525127), (2.3237436, 2.2525127), (2.338837, 2.2869334), (2.338837, 1.7595276), (2.3237436, 1.7856697), (2.3506608, 1.803655), (2.369037, 1.7797067), (2.369037, 1.7797067), (2.3506608, 1.803655), (2.375, 1.825), (2.396345, 1.803655), (2.396345, 1.803655), (2.375, 1.825), (2.396345, 1.8493392), (2.4202933, 1.830963), (2.4202933, 1.830963), (2.396345, 1.8493392), (2.4143302, 1.8762563), (2.4404724, 1.8611631), (1.8611631, 2.2869334), (1.8762563, 2.2525127), (1.9052907, 2.2525127), (1.8937389, 2.2869334), (1.8937389, 2.2869334), (1.9052907, 2.2525127), (1.9359455, 2.2525127), (1.9281328, 2.2869334), (1.9281328, 2.2869334), (1.9359455, 2.2525127), (1.9676964, 2.2525127), (1.9637563, 2.2869334), (1.9637563, 2.2869334), (1.9676964, 2.2525127), (2, 2.2525127), (2, 2.2869334), (2.4474874, 2), (2.4130664, 2), (2.4112437, 2.0278108), (2.4453702, 2.0323036), (2.4453702, 2.0323036), (2.4112437, 2.0278108), (2.4058065, 2.0551457), (2.4390545, 2.0640545), (2.4390545, 2.0640545), (2.4058065, 2.0551457), (2.3968477, 2.081537), (2.4286485, 2.0947094), (2.4286485, 2.0947094), (2.3968477, 2.081537), (2.384521, 2.1065333), (2.4143302, 2.1237438), (2.4143302, 2.1237438), (2.384521, 2.1065333), (2.369037, 2.1297066), (2.396345, 2.1506608), (2.396345, 2.1506608), (2.369037, 2.1297066), (2.3506608, 2.1506608), (2.375, 2.175), (2.375, 2.175), (2.3506608, 2.1506608), (2.3297067, 2.169037), (2.3506608, 2.1963449), (2.3506608, 2.1963449), (2.3297067, 2.169037), (2.3065333, 2.184521), (2.3237436, 2.2143304), (2.3237436, 2.2143304), (2.3065333, 2.184521), (2.281537, 2.1968477), (2.2947092, 2.2286484), (2.2947092, 2.2286484), (2.281537, 2.1968477), (2.2551455, 2.2058065), (2.2640545, 2.2390544), (2.2640545, 2.2390544), (2.2551455, 2.2058065), (2.2278109, 2.2112436), (2.2323036, 2.2453701), (2.2323036, 2.2453701), (2.2278109, 2.2112436), (2.2, 2.2130666), (2.2, 2.2474873), (2.2, 2.2474873), (2.2, 2.2130666), (2.1721892, 2.2112436), (2.1676965, 2.2453701), (2.1676965, 2.2453701), (2.1721892, 2.2112436), (2.1448543, 2.2058065), (2.1359456, 2.2390544), (2.1359456, 2.2390544), (2.1448543, 2.2058065), (2.118463, 2.1968477), (2.1052907, 2.2286484), (2.1052907, 2.2286484), (2.118463, 2.1968477), (2.0934668, 2.184521), (2.0762563, 2.2143304), (2.0762563, 2.2143304), (2.0934668, 2.184521), (2.0702934, 2.169037), (2.0493393, 2.1963449), (2.0493393, 2.1963449), (2.0702934, 2.169037), (2.0493393, 2.1506608), (2.025, 2.175), (2.025, 2.175), (2.0493393, 2.1506608), (2.030963, 2.1297066), (2.003655, 2.1506608), (2.003655, 2.1506608), (2.030963, 2.1297066), (2.015479, 2.1065333), (1.9856696, 2.1237438), (1.9856696, 2.1237438), (2.015479, 2.1065333), (2.0031521, 2.081537), (1.9713515, 2.0947094), (1.9713515, 2.0947094), (2.0031521, 2.081537), (1.9941936, 2.0551457), (1.9609456, 2.0640545), (1.9609456, 2.0640545), (1.9941936, 2.0551457), (1.9887563, 2.0278108), (1.9546299, 2.0323036), (1.9546299, 2.0323036), (1.9887563, 2.0278108), (1.9869335, 2), (1.9525126, 2), (1.9525126, 2), (1.9869335, 2), (1.9887563, 1.9721892), (1.9546299, 1.9676964), (1.9546299, 1.9676964), (1.9887563, 1.9721892), (1.9941936, 1.9448544), (1.9609456, 1.9359455), (1.9609456, 1.9359455), (1.9941936, 1.9448544), (2.0031521, 1.918463), (1.9713515, 1.9052907), (1.9713515, 1.9052907), (2.0031521, 1.918463), (2.015479, 1.8934667), (1.9856696, 1.8762563), (1.9856696, 1.8762563), (2.015479, 1.8934667), (2.030963, 1.8702934), (2.003655, 1.8493392), (2.003655, 1.8493392), (2.030963, 1.8702934), (2.0493393, 1.8493392), (2.025, 1.825), (2.025, 1.825), (2.0493393, 1.8493392), (2.0702934, 1.830963), (2.0493393, 1.803655), (2.0493393, 1.803655), (2.0702934, 1.830963), (2.0934668, 1.815479), (2.0762563, 1.7856697), (2.0762563, 1.7856697), (2.0934668, 1.815479), (2.118463, 1.8031522), (2.1052907, 1.7713515), (2.1052907, 1.7713515), (2.118463, 1.8031522), (2.1448543, 1.7941935), (2.1359456, 1.7609456), (2.1359456, 1.7609456), (2.1448543, 1.7941935), (2.1721892, 1.7887564), (2.1676965, 1.75463), (2.1676965, 1.75463), (2.1721892, 1.7887564), (2.2, 1.7869335), (2.2, 1.7525126), (2.2, 1.7525126), (2.2, 1.7869335), (2.2278109, 1.7887564), (2.2323036, 1.75463), (2.2323036, 1.75463), (2.2278109, 1.7887564), (2.2551455, 1.7941935), (2.2640545, 1.7609456), (2.2640545, 1.7609456), (2.2551455, 1.7941935), (2.281537, 1.8031522), (2.2947092, 1.7713515), (2.2947092, 1.7713515), (2.281537, 1.8031522), (2.3065333, 1.815479), (2.3237436, 1.7856697), (2.3237436, 1.7856697), (2.3065333, 1.815479), (2.3297067, 1.830963), (2.3506608, 1.803655), (2.3506608, 1.803655), (2.3297067, 1.830963), (2.3506608, 1.8493392), (2.375, 1.825), (2.375, 1.825), (2.3506608, 1.8493392), (2.369037, 1.8702934), (2.396345, 1.8493392), (2.396345, 1.8493392), (2.369037, 1.8702934), (2.384521, 1.8934667), (2.4143302, 1.8762563), (2.4143302, 1.8762563), (2.384521, 1.8934667), (2.3968477, 1.918463), (2.4286485, 1.9052907), (2.4286485, 1.9052907), (2.3968477, 1.918463), (2.4058065, 1.9448544), (2.4390545, 1.9359455), (2.4390545, 1.9359455), (2.4058065, 1.9448544), (2.4112437, 1.9721892), (2.4453702, 1.9676964), (2.4453702, 1.9676964), (2.4112437, 1.9721892), (2.4130664, 2), (2.4474874, 2), (2.4130664, 2), (2.375, 2), (2.373503, 2.0228422), (2.4112437, 2.0278108), (2.4112437, 2.0278108), (2.373503, 2.0228422), (2.369037, 2.0452933), (2.4058065, 2.0551457), (2.4058065, 2.0551457), (2.369037, 2.0452933), (2.3616788, 2.0669696), (2.3968477, 2.081537), (2.3968477, 2.081537), (2.3616788, 2.0669696), (2.3515544, 2.0875), (2.384521, 2.1065333), (2.384521, 2.1065333), (2.3515544, 2.0875), (2.338837, 2.1065333), (2.369037, 2.1297066), (2.369037, 2.1297066), (2.338837, 2.1065333), (2.3237436, 2.1237438), (2.3506608, 2.1506608), (2.3506608, 2.1506608), (2.3237436, 2.1237438), (2.3065333, 2.1388369), (2.3297067, 2.169037), (2.3297067, 2.169037), (2.3065333, 2.1388369), (2.2875, 2.1515543), (2.3065333, 2.184521), (2.3065333, 2.184521), (2.2875, 2.1515543), (2.2669697, 2.161679), (2.281537, 2.1968477), (2.281537, 2.1968477), (2.2669697, 2.161679), (2.2452934, 2.169037), (2.2551455, 2.2058065), (2.2551455, 2.2058065), (2.2452934, 2.169037), (2.222842, 2.173503), (2.2278109, 2.2112436), (2.2278109, 2.2112436), (2.222842, 2.173503), (2.2, 2.175), (2.2, 2.2130666), (2.2, 2.2130666), (2.2, 2.175), (2.1771579, 2.173503), (2.1721892, 2.2112436), (2.1721892, 2.2112436), (2.1771579, 2.173503), (2.1547067, 2.169037), (2.1448543, 2.2058065), (2.1448543, 2.2058065), (2.1547067, 2.169037), (2.1330304, 2.161679), (2.118463, 2.1968477), (2.118463, 2.1968477), (2.1330304, 2.161679), (2.1125, 2.1515543), (2.0934668, 2.184521), (2.0934668, 2.184521), (2.1125, 2.1515543), (2.0934668, 2.1388369), (2.0702934, 2.169037), (2.0702934, 2.169037), (2.0934668, 2.1388369), (2.0762563, 2.1237438), (2.0493393, 2.1506608), (2.0493393, 2.1506608), (2.0762563, 2.1237438), (2.0611632, 2.1065333), (2.030963, 2.1297066), (2.030963, 2.1297066), (2.0611632, 2.1065333), (2.0484455, 2.0875), (2.015479, 2.1065333), (2.015479, 2.1065333), (2.0484455, 2.0875), (2.038321, 2.0669696), (2.0031521, 2.081537), (2.0031521, 2.081537), (2.038321, 2.0669696), (2.030963, 2.0452933), (1.9941936, 2.0551457), (1.9941936, 2.0551457), (2.030963, 2.0452933), (2.0264971, 2.0228422), (1.9887563, 2.0278108), (1.9887563, 2.0278108), (2.0264971, 2.0228422), (2.025, 2), (1.9869335, 2), (1.9869335, 2), (2.025, 2), (2.0264971, 1.977158), (1.9887563, 1.9721892), (1.9887563, 1.9721892), (2.0264971, 1.977158), (2.030963, 1.9547067), (1.9941936, 1.9448544), (1.9941936, 1.9448544), (2.030963, 1.9547067), (2.038321, 1.9330304), (2.0031521, 1.918463), (2.0031521, 1.918463), (2.038321, 1.9330304), (2.0484455, 1.9125), (2.015479, 1.8934667), (2.015479, 1.8934667), (2.0484455, 1.9125), (2.0611632, 1.8934667), (2.030963, 1.8702934), (2.030963, 1.8702934), (2.0611632, 1.8934667), (2.0762563, 1.8762563), (2.0493393, 1.8493392), (2.0493393, 1.8493392), (2.0762563, 1.8762563), (2.0934668, 1.8611631), (2.0702934, 1.830963), (2.0702934, 1.830963), (2.0934668, 1.8611631), (2.1125, 1.8484455), (2.0934668, 1.815479), (2.0934668, 1.815479), (2.1125, 1.8484455), (2.1330304, 1.8383211), (2.118463, 1.8031522), (2.118463, 1.8031522), (2.1330304, 1.8383211), (2.1547067, 1.830963), (2.1448543, 1.7941935), (2.1448543, 1.7941935), (2.1547067, 1.830963), (2.1771579, 1.8264972), (2.1721892, 1.7887564), (2.1721892, 1.7887564), (2.1771579, 1.8264972), (2.2, 1.825), (2.2, 1.7869335), (2.2, 1.7869335), (2.2, 1.825), (2.222842, 1.8264972), (2.2278109, 1.7887564), (2.2278109, 1.7887564), (2.222842, 1.8264972), (2.2452934, 1.830963), (2.2551455, 1.7941935), (2.2551455, 1.7941935), (2.2452934, 1.830963), (2.2669697, 1.8383211), (2.281537, 1.8031522), (2.281537, 1.8031522), (2.2669697, 1.8383211), (2.2875, 1.8484455), (2.3065333, 1.815479), (2.3065333, 1.815479), (2.2875, 1.8484455), (2.3065333, 1.8611631), (2.3297067, 1.830963), (2.3297067, 1.830963), (2.3065333, 1.8611631), (2.3237436, 1.8762563), (2.3506608, 1.8493392), (2.3506608, 1.8493392), (2.3237436, 1.8762563), (2.338837, 1.8934667), (2.369037, 1.8702934), (2.369037, 1.8702934), (2.338837, 1.8934667), (2.3515544, 1.9125), (2.384521, 1.8934667), (2.384521, 1.8934667), (2.3515544, 1.9125), (2.3616788, 1.9330304), (2.3968477, 1.918463), (2.3968477, 1.918463), (2.3616788, 1.9330304), (2.369037, 1.9547067), (2.4058065, 1.9448544), (2.4058065, 1.9448544), (2.369037, 1.9547067), (2.373503, 1.977158), (2.4112437, 1.9721892), (2.4112437, 1.9721892), (2.373503, 1.977158), (2.375, 2), (2.4130664, 2), (2.375, 2), (2.3339393, 2), (2.3327932, 2.0174825), (2.373503, 2.0228422), (2.373503, 2.0228422), (2.3327932, 2.0174825), (2.3293753, 2.034666), (2.369037, 2.0452933), (2.369037, 2.0452933), (2.3293753, 2.034666), (2.3237436, 2.0512564), (2.3616788, 2.0669696), (2.3616788, 2.0669696), (2.3237436, 2.0512564), (2.3159947, 2.0669696), (2.3515544, 2.0875), (2.3515544, 2.0875), (2.3159947, 2.0669696), (2.306261, 2.081537), (2.338837, 2.1065333), (2.338837, 2.1065333), (2.306261, 2.081537), (2.2947092, 2.0947094), (2.3237436, 2.1237438), (2.3237436, 2.1237438), (2.2947092, 2.0947094), (2.281537, 2.106261), (2.3065333, 2.1388369), (2.3065333, 2.1388369), (2.281537, 2.106261), (2.2669697, 2.1159947), (2.2875, 2.1515543), (2.2875, 2.1515543), (2.2669697, 2.1159947), (2.2512562, 2.1237438), (2.2669697, 2.161679), (2.2669697, 2.161679), (2.2512562, 2.1237438), (2.234666, 2.1293752), (2.2452934, 2.169037), (2.2452934, 2.169037), (2.234666, 2.1293752), (2.2174826, 2.1327934), (2.222842, 2.173503), (2.222842, 2.173503), (2.2174826, 2.1327934), (2.2, 2.1339393), (2.2, 2.175), (2.2, 2.175), (2.2, 2.1339393), (2.1825175, 2.1327934), (2.1771579, 2.173503), (2.1771579, 2.173503), (2.1825175, 2.1327934), (2.165334, 2.1293752), (2.1547067, 2.169037), (2.1547067, 2.169037), (2.165334, 2.1293752), (2.1487436, 2.1237438), (2.1330304, 2.161679), (2.1330304, 2.161679), (2.1487436, 2.1237438), (2.1330304, 2.1159947), (2.1125, 2.1515543), (2.1125, 2.1515543), (2.1330304, 2.1159947), (2.118463, 2.106261), (2.0934668, 2.1388369), (2.0934668, 2.1388369), (2.118463, 2.106261), (2.1052907, 2.0947094), (2.0762563, 2.1237438), (2.0762563, 2.1237438), (2.1052907, 2.0947094), (2.0937388, 2.081537), (2.0611632, 2.1065333), (2.0611632, 2.1065333), (2.0937388, 2.081537), (2.0840054, 2.0669696), (2.0484455, 2.0875), (2.0484455, 2.0875), (2.0840054, 2.0669696), (2.0762563, 2.0512564), (2.038321, 2.0669696), (2.038321, 2.0669696), (2.0762563, 2.0512564), (2.0706246, 2.034666), (2.030963, 2.0452933), (2.030963, 2.0452933), (2.0706246, 2.034666), (2.0672066, 2.0174825), (2.0264971, 2.0228422), (2.0264971, 2.0228422), (2.0672066, 2.0174825), (2.0660608, 2), (2.025, 2), (2.025, 2), (2.0660608, 2), (2.0672066, 1.9825175), (2.0264971, 1.977158), (2.0264971, 1.977158), (2.0672066, 1.9825175), (2.0706246, 1.9653339), (2.030963, 1.9547067), (2.030963, 1.9547067), (2.0706246, 1.9653339), (2.0762563, 1.9487437), (2.038321, 1.9330304), (2.038321, 1.9330304), (2.0762563, 1.9487437), (2.0840054, 1.9330304), (2.0484455, 1.9125), (2.0484455, 1.9125), (2.0840054, 1.9330304), (2.0937388, 1.918463), (2.0611632, 1.8934667), (2.0611632, 1.8934667), (2.0937388, 1.918463), (2.1052907, 1.9052907), (2.0762563, 1.8762563), (2.0762563, 1.8762563), (2.1052907, 1.9052907), (2.118463, 1.8937389), (2.0934668, 1.8611631), (2.0934668, 1.8611631), (2.118463, 1.8937389), (2.1330304, 1.8840053), (2.1125, 1.8484455), (2.1125, 1.8484455), (2.1330304, 1.8840053), (2.1487436, 1.8762563), (2.1330304, 1.8383211), (2.1330304, 1.8383211), (2.1487436, 1.8762563), (2.165334, 1.8706247), (2.1547067, 1.830963), (2.1547067, 1.830963), (2.165334, 1.8706247), (2.1825175, 1.8672067), (2.1771579, 1.8264972), (2.1771579, 1.8264972), (2.1825175, 1.8672067), (2.2, 1.8660609), (2.2, 1.825), (2.2, 1.825), (2.2, 1.8660609), (2.2174826, 1.8672067), (2.222842, 1.8264972), (2.222842, 1.8264972), (2.2174826, 1.8672067), (2.234666, 1.8706247), (2.2452934, 1.830963), (2.2452934, 1.830963), (2.234666, 1.8706247), (2.2512562, 1.8762563), (2.2669697, 1.8383211), (2.2669697, 1.8383211), (2.2512562, 1.8762563), (2.2669697, 1.8840053), (2.2875, 1.8484455), (2.2875, 1.8484455), (2.2669697, 1.8840053), (2.281537, 1.8937389), (2.3065333, 1.8611631), (2.3065333, 1.8611631), (2.281537, 1.8937389), (2.2947092, 1.9052907), (2.3237436, 1.8762563), (2.3237436, 1.8762563), (2.2947092, 1.9052907), (2.306261, 1.918463), (2.338837, 1.8934667), (2.338837, 1.8934667), (2.306261, 1.918463), (2.3159947, 1.9330304), (2.3515544, 1.9125), (2.3515544, 1.9125), (2.3159947, 1.9330304), (2.3237436, 1.9487437), (2.3616788, 1.9330304), (2.3616788, 1.9330304), (2.3237436, 1.9487437), (2.3293753, 1.9653339), (2.369037, 1.9547067), (2.369037, 1.9547067), (2.3293753, 1.9653339), (2.3327932, 1.9825175), (2.373503, 1.977158), (2.373503, 1.977158), (2.3327932, 1.9825175), (2.3339393, 2), (2.375, 2), (2.3339393, 2), (2.2905867, 2), (2.2898116, 2.011824), (2.3327932, 2.0174825), (2.3327932, 2.0174825), (2.2898116, 2.011824), (2.2875, 2.0234456), (2.3293753, 2.034666), (2.3293753, 2.034666), (2.2875, 2.0234456), (2.2836912, 2.034666), (2.3237436, 2.0512564), (2.3237436, 2.0512564), (2.2836912, 2.034666), (2.2784503, 2.0452933), (2.3159947, 2.0669696), (2.3159947, 2.0669696), (2.2784503, 2.0452933), (2.2718673, 2.0551457), (2.306261, 2.081537), (2.306261, 2.081537), (2.2718673, 2.0551457), (2.2640545, 2.0640545), (2.2947092, 2.0947094), (2.2947092, 2.0947094), (2.2640545, 2.0640545), (2.2551455, 2.0718672), (2.281537, 2.106261), (2.281537, 2.106261), (2.2551455, 2.0718672), (2.2452934, 2.0784504), (2.2669697, 2.1159947), (2.2669697, 2.1159947), (2.2452934, 2.0784504), (2.234666, 2.0836911), (2.2512562, 2.1237438), (2.2512562, 2.1237438), (2.234666, 2.0836911), (2.2234457, 2.0875), (2.234666, 2.1293752), (2.234666, 2.1293752), (2.2234457, 2.0875), (2.211824, 2.0898118), (2.2174826, 2.1327934), (2.2174826, 2.1327934), (2.211824, 2.0898118), (2.2, 2.0905867), (2.2, 2.1339393), (2.2, 2.1339393), (2.2, 2.0905867), (2.1881762, 2.0898118), (2.1825175, 2.1327934), (2.1825175, 2.1327934), (2.1881762, 2.0898118), (2.1765544, 2.0875), (2.165334, 2.1293752), (2.165334, 2.1293752), (2.1765544, 2.0875), (2.165334, 2.0836911), (2.1487436, 2.1237438), (2.1487436, 2.1237438), (2.165334, 2.0836911), (2.1547067, 2.0784504), (2.1330304, 2.1159947), (2.1330304, 2.1159947), (2.1547067, 2.0784504), (2.1448543, 2.0718672), (2.118463, 2.106261), (2.118463, 2.106261), (2.1448543, 2.0718672), (2.1359456, 2.0640545), (2.1052907, 2.0947094), (2.1052907, 2.0947094), (2.1359456, 2.0640545), (2.1281328, 2.0551457), (2.0937388, 2.081537), (2.0937388, 2.081537), (2.1281328, 2.0551457), (2.1215496, 2.0452933), (2.0840054, 2.0669696), (2.0840054, 2.0669696), (2.1215496, 2.0452933), (2.116309, 2.034666), (2.0762563, 2.0512564), (2.0762563, 2.0512564), (2.116309, 2.034666), (2.1125, 2.0234456), (2.0706246, 2.034666), (2.0706246, 2.034666), (2.1125, 2.0234456), (2.1101882, 2.011824), (2.0672066, 2.0174825), (2.0672066, 2.0174825), (2.1101882, 2.011824), (2.1094134, 2), (2.0660608, 2), (2.0660608, 2), (2.1094134, 2), (2.1101882, 1.9881761), (2.0672066, 1.9825175), (2.0672066, 1.9825175), (2.1101882, 1.9881761), (2.1125, 1.9765544), (2.0706246, 1.9653339), (2.0706246, 1.9653339), (2.1125, 1.9765544), (2.116309, 1.9653339), (2.0762563, 1.9487437), (2.0762563, 1.9487437), (2.116309, 1.9653339), (2.1215496, 1.9547067), (2.0840054, 1.9330304), (2.0840054, 1.9330304), (2.1215496, 1.9547067), (2.1281328, 1.9448544), (2.0937388, 1.918463), (2.0937388, 1.918463), (2.1281328, 1.9448544), (2.1359456, 1.9359455), (2.1052907, 1.9052907), (2.1052907, 1.9052907), (2.1359456, 1.9359455), (2.1448543, 1.9281328), (2.118463, 1.8937389), (2.118463, 1.8937389), (2.1448543, 1.9281328), (2.1547067, 1.9215497), (2.1330304, 1.8840053), (2.1330304, 1.8840053), (2.1547067, 1.9215497), (2.165334, 1.9163089), (2.1487436, 1.8762563), (2.1487436, 1.8762563), (2.165334, 1.9163089), (2.1765544, 1.9125), (2.165334, 1.8706247), (2.165334, 1.8706247), (2.1765544, 1.9125), (2.1881762, 1.9101883), (2.1825175, 1.8672067), (2.1825175, 1.8672067), (2.1881762, 1.9101883), (2.2, 1.9094133), (2.2, 1.8660609), (2.2, 1.8660609), (2.2, 1.9094133), (2.211824, 1.9101883), (2.2174826, 1.8672067), (2.2174826, 1.8672067), (2.211824, 1.9101883), (2.2234457, 1.9125), (2.234666, 1.8706247), (2.234666, 1.8706247), (2.2234457, 1.9125), (2.234666, 1.9163089), (2.2512562, 1.8762563), (2.2512562, 1.8762563), (2.234666, 1.9163089), (2.2452934, 1.9215497), (2.2669697, 1.8840053), (2.2669697, 1.8840053), (2.2452934, 1.9215497), (2.2551455, 1.9281328), (2.281537, 1.8937389), (2.281537, 1.8937389), (2.2551455, 1.9281328), (2.2640545, 1.9359455), (2.2947092, 1.9052907), (2.2947092, 1.9052907), (2.2640545, 1.9359455), (2.2718673, 1.9448544), (2.306261, 1.918463), (2.306261, 1.918463), (2.2718673, 1.9448544), (2.2784503, 1.9547067), (2.3159947, 1.9330304), (2.3159947, 1.9330304), (2.2784503, 1.9547067), (2.2836912, 1.9653339), (2.3237436, 1.9487437), (2.3237436, 1.9487437), (2.2836912, 1.9653339), (2.2875, 1.9765544), (2.3293753, 1.9653339), (2.3293753, 1.9653339), (2.2875, 1.9765544), (2.2898116, 1.9881761), (2.3327932, 1.9825175), (2.3327932, 1.9825175), (2.2898116, 1.9881761), (2.2905867, 2), (2.3339393, 2), (2.2905867, 2), (2.2456841, 2), (2.2452934, 2.005963), (2.2898116, 2.011824), (2.2898116, 2.011824), (2.2452934, 2.005963), (2.2441275, 2.011824), (2.2875, 2.0234456), (2.2875, 2.0234456), (2.2441275, 2.011824), (2.2422066, 2.0174825), (2.2836912, 2.034666), (2.2836912, 2.034666), (2.2422066, 2.0174825), (2.2395637, 2.0228422), (2.2784503, 2.0452933), (2.2784503, 2.0452933), (2.2395637, 2.0228422), (2.2362437, 2.0278108), (2.2718673, 2.0551457), (2.2718673, 2.0551457), (2.2362437, 2.0278108), (2.2323036, 2.0323036), (2.2640545, 2.0640545), (2.2640545, 2.0640545), (2.2323036, 2.0323036), (2.2278109, 2.0362437), (2.2551455, 2.0718672), (2.2551455, 2.0718672), (2.2278109, 2.0362437), (2.222842, 2.0395637), (2.2452934, 2.0784504), (2.2452934, 2.0784504), (2.222842, 2.0395637), (2.2174826, 2.0422068), (2.234666, 2.0836911), (2.234666, 2.0836911), (2.2174826, 2.0422068), (2.211824, 2.0441275), (2.2234457, 2.0875), (2.2234457, 2.0875), (2.211824, 2.0441275), (2.205963, 2.0452933), (2.211824, 2.0898118), (2.211824, 2.0898118), (2.205963, 2.0452933), (2.2, 2.045684), (2.2, 2.0905867), (2.2, 2.0905867), (2.2, 2.045684), (2.194037, 2.0452933), (2.1881762, 2.0898118), (2.1881762, 2.0898118), (2.194037, 2.0452933), (2.1881762, 2.0441275), (2.1765544, 2.0875), (2.1765544, 2.0875), (2.1881762, 2.0441275), (2.1825175, 2.0422068), (2.165334, 2.0836911), (2.165334, 2.0836911), (2.1825175, 2.0422068), (2.1771579, 2.0395637), (2.1547067, 2.0784504), (2.1547067, 2.0784504), (2.1771579, 2.0395637), (2.1721892, 2.0362437), (2.1448543, 2.0718672), (2.1448543, 2.0718672), (2.1721892, 2.0362437), (2.1676965, 2.0323036), (2.1359456, 2.0640545), (2.1359456, 2.0640545), (2.1676965, 2.0323036), (2.1637564, 2.0278108), (2.1281328, 2.0551457), (2.1281328, 2.0551457), (2.1637564, 2.0278108), (2.1604364, 2.0228422), (2.1215496, 2.0452933), (2.1215496, 2.0452933), (2.1604364, 2.0228422), (2.1577933, 2.0174825), (2.116309, 2.034666), (2.116309, 2.034666), (2.1577933, 2.0174825), (2.1558726, 2.011824), (2.1125, 2.0234456), (2.1125, 2.0234456), (2.1558726, 2.011824), (2.1547067, 2.005963), (2.1101882, 2.011824), (2.1101882, 2.011824), (2.1547067, 2.005963), (2.154316, 2), (2.1094134, 2), (2.1094134, 2), (2.154316, 2), (2.1547067, 1.994037), (2.1101882, 1.9881761), (2.1101882, 1.9881761), (2.1547067, 1.994037), (2.1558726, 1.9881761), (2.1125, 1.9765544), (2.1125, 1.9765544), (2.1558726, 1.9881761), (2.1577933, 1.9825175), (2.116309, 1.9653339), (2.116309, 1.9653339), (2.1577933, 1.9825175), (2.1604364, 1.977158), (2.1215496, 1.9547067), (2.1215496, 1.9547067), (2.1604364, 1.977158), (2.1637564, 1.9721892), (2.1281328, 1.9448544), (2.1281328, 1.9448544), (2.1637564, 1.9721892), (2.1676965, 1.9676964), (2.1359456, 1.9359455), (2.1359456, 1.9359455), (2.1676965, 1.9676964), (2.1721892, 1.9637563), (2.1448543, 1.9281328), (2.1448543, 1.9281328), (2.1721892, 1.9637563), (2.1771579, 1.9604363), (2.1547067, 1.9215497), (2.1547067, 1.9215497), (2.1771579, 1.9604363), (2.1825175, 1.9577934), (2.165334, 1.9163089), (2.165334, 1.9163089), (2.1825175, 1.9577934), (2.1881762, 1.9558725), (2.1765544, 1.9125), (2.1765544, 1.9125), (2.1881762, 1.9558725), (2.194037, 1.9547067), (2.1881762, 1.9101883), (2.1881762, 1.9101883), (2.194037, 1.9547067), (2.2, 1.9543158), (2.2, 1.9094133), (2.2, 1.9094133), (2.2, 1.9543158), (2.205963, 1.9547067), (2.211824, 1.9101883), (2.211824, 1.9101883), (2.205963, 1.9547067), (2.211824, 1.9558725), (2.2234457, 1.9125), (2.2234457, 1.9125), (2.211824, 1.9558725), (2.2174826, 1.9577934), (2.234666, 1.9163089), (2.234666, 1.9163089), (2.2174826, 1.9577934), (2.222842, 1.9604363), (2.2452934, 1.9215497), (2.2452934, 1.9215497), (2.222842, 1.9604363), (2.2278109, 1.9637563), (2.2551455, 1.9281328), (2.2551455, 1.9281328), (2.2278109, 1.9637563), (2.2323036, 1.9676964), (2.2640545, 1.9359455), (2.2640545, 1.9359455), (2.2323036, 1.9676964), (2.2362437, 1.9721892), (2.2718673, 1.9448544), (2.2718673, 1.9448544), (2.2362437, 1.9721892), (2.2395637, 1.977158), (2.2784503, 1.9547067), (2.2784503, 1.9547067), (2.2395637, 1.977158), (2.2422066, 1.9825175), (2.2836912, 1.9653339), (2.2836912, 1.9653339), (2.2422066, 1.9825175), (2.2441275, 1.9881761), (2.2875, 1.9765544), (2.2875, 1.9765544), (2.2441275, 1.9881761), (2.2452934, 1.994037), (2.2898116, 1.9881761), (2.2898116, 1.9881761), (2.2452934, 1.994037), (2.2456841, 2), (2.2905867, 2), (2.2456841, 2), (2.2, 2), (2.2452934, 2.005963), (2.2452934, 2.005963), (2.2, 2), (2.2441275, 2.011824), (2.2441275, 2.011824), (2.2, 2), (2.2422066, 2.0174825), (2.2422066, 2.0174825), (2.2, 2), (2.2395637, 2.0228422), (2.2395637, 2.0228422), (2.2, 2), (2.2362437, 2.0278108), (2.2362437, 2.0278108), (2.2, 2), (2.2323036, 2.0323036), (2.2323036, 2.0323036), (2.2, 2), (2.2278109, 2.0362437), (2.2278109, 2.0362437), (2.2, 2), (2.222842, 2.0395637), (2.222842, 2.0395637), (2.2, 2), (2.2174826, 2.0422068), (2.2174826, 2.0422068), (2.2, 2), (2.211824, 2.0441275), (2.211824, 2.0441275), (2.2, 2), (2.205963, 2.0452933), (2.205963, 2.0452933), (2.2, 2), (2.2, 2.045684), (2.2, 2.045684), (2.2, 2), (2.194037, 2.0452933), (2.194037, 2.0452933), (2.2, 2), (2.1881762, 2.0441275), (2.1881762, 2.0441275), (2.2, 2), (2.1825175, 2.0422068), (2.1825175, 2.0422068), (2.2, 2), (2.1771579, 2.0395637), (2.1771579, 2.0395637), (2.2, 2), (2.1721892, 2.0362437), (2.1721892, 2.0362437), (2.2, 2), (2.1676965, 2.0323036), (2.1676965, 2.0323036), (2.2, 2), (2.1637564, 2.0278108), (2.1637564, 2.0278108), (2.2, 2), (2.1604364, 2.0228422), (2.1604364, 2.0228422), (2.2, 2), (2.1577933, 2.0174825), (2.1577933, 2.0174825), (2.2, 2), (2.1558726, 2.011824), (2.1558726, 2.011824), (2.2, 2), (2.1547067, 2.005963), (2.1547067, 2.005963), (2.2, 2), (2.154316, 2), (2.154316, 2), (2.2, 2), (2.1547067, 1.994037), (2.1547067, 1.994037), (2.2, 2), (2.1558726, 1.9881761), (2.1558726, 1.9881761), (2.2, 2), (2.1577933, 1.9825175), (2.1577933, 1.9825175), (2.2, 2), (2.1604364, 1.977158), (2.1604364, 1.977158), (2.2, 2), (2.1637564, 1.9721892), (2.1637564, 1.9721892), (2.2, 2), (2.1676965, 1.9676964), (2.1676965, 1.9676964), (2.2, 2), (2.1721892, 1.9637563), (2.1721892, 1.9637563), (2.2, 2), (2.1771579, 1.9604363), (2.1771579, 1.9604363), (2.2, 2), (2.1825175, 1.9577934), (2.1825175, 1.9577934), (2.2, 2), (2.1881762, 1.9558725), (2.1881762, 1.9558725), (2.2, 2), (2.194037, 1.9547067), (2.194037, 1.9547067), (2.2, 2), (2.2, 1.9543158), (2.2, 1.9543158), (2.2, 2), (2.205963, 1.9547067), (2.205963, 1.9547067), (2.2, 2), (2.211824, 1.9558725), (2.211824, 1.9558725), (2.2, 2), (2.2174826, 1.9577934), (2.2174826, 1.9577934), (2.2, 2), (2.222842, 1.9604363), (2.222842, 1.9604363), (2.2, 2), (2.2278109, 1.9637563), (2.2278109, 1.9637563), (2.2, 2), (2.2323036, 1.9676964), (2.2323036, 1.9676964), (2.2, 2), (2.2362437, 1.9721892), (2.2362437, 1.9721892), (2.2, 2), (2.2395637, 1.977158), (2.2395637, 1.977158), (2.2, 2), (2.2422066, 1.9825175), (2.2422066, 1.9825175), (2.2, 2), (2.2441275, 1.9881761), (2.2441275, 1.9881761), (2.2, 2), (2.2452934, 1.994037), (2.2452934, 1.994037), (2.2, 2), (2.2456841, 2)] (
                interpolation = "faceVarying"
            )
            uniform token subdivisionScheme = "none"
        }
    }

    def Xform "Lights"
    {
    }

    def Xform "Props"
    {
        def Xform "ProbeSphere"
        {
            custom string sourceEngine:model = "models/props/sphere.mdl"
            custom token sourceEngine:role = "prop"
            double3 xformOp:translate = (0.6, 2.2, 0.9)
            uniform token[] xformOpOrder = ["xformOp:translate"]

            def Mesh "ProbeSphereShape" (
                prepend apiSchemas = ["MaterialBindingAPI"]
            )
            {
                float3[] extent = [(-0.51435, -0.51435, -0.51435), (0.51435, 0.51435, 0.51435)]
                int[] faceVertexCounts = [3, 3, 3, 3, 3, 3, 3, 3, 3, 3, 3, 3, 3, 3, 3, 3, 3, 3, 3, 3, 3, 3, 3, 3, 3, 3, 3, 3, 3, 3, 3, 3, 3, 3, 3, 3, 3, 3, 3, 3, 3, 3, 3, 3, 3, 3, 3, 3, 4, 4, 4, 4, 4, 4, 4, 4, 4, 4, 4, 4, 4, 4, 4, 4, 4, 4, 4, 4, 4, 4, 4, 4, 4, 4, 4, 4, 4, 4, 4, 4, 4, 4, 4, 4, 4, 4, 4, 4, 4, 4, 4, 4, 4, 4, 4, 4, 4, 4, 4, 4, 4, 4, 4, 4, 4, 4, 4, 4, 4, 4, 4, 4, 4, 4, 4, 4, 4, 4, 4, 4, 4, 4, 4, 4, 4, 4, 4, 4, 4, 4, 4, 4, 4, 4, 4, 4, 4, 4, 4, 4, 4, 4, 4, 4, 4, 4, 4, 4, 4, 4, 4, 4, 4, 4, 4, 4, 4, 4, 4, 4, 4, 4, 4, 4, 4, 4, 4, 4, 4, 4, 4, 4, 4, 4, 4, 4, 4, 4, 4, 4, 4, 4, 4, 4, 4, 4, 4, 4, 4, 4, 4, 4, 4, 4, 4, 4, 4, 4, 4, 4, 4, 4, 4, 4, 4, 4, 4, 4, 4, 4, 4, 4, 4, 4, 4, 4, 4, 4, 4, 4, 4, 4, 4, 4, 4, 4, 4, 4, 4, 4, 4, 4, 4, 4, 4, 4, 4, 4, 4, 4, 4, 4, 4, 4, 4, 4, 4, 4, 4, 4, 4, 4, 4, 4, 4, 4, 4, 4, 4, 4, 4, 4, 4, 4, 4, 4, 4, 4, 4, 4, 4, 4, 4, 4, 4, 4, 4, 4, 4, 4, 4, 4, 4, 4, 4, 4, 4, 4, 4, 4, 4, 4, 4, 4, 4, 4, 4, 4, 4, 4, 4, 4, 4, 4, 4, 4, 4, 4, 4, 4, 4, 4, 4, 4, 4, 4, 4, 4, 4, 4, 4, 4, 4, 4, 4, 4, 4, 4, 4, 4, 4, 4, 4, 4, 4, 4, 4, 4, 4, 4, 4, 4, 4, 4, 4, 4, 4, 4, 4, 4, 4, 4, 4, 4, 4, 4, 4, 4, 4, 4, 4, 4, 4, 4, 4, 4, 4, 4, 4, 4, 4, 4, 4, 4, 4, 4, 4, 4, 4, 4, 4, 4, 4, 4, 4, 4, 4, 4, 4, 4, 4, 4, 4, 4, 4, 4, 4, 4, 4, 4, 4, 4, 4, 4, 4, 4, 4, 4, 4, 4, 4, 4, 4, 4, 4, 4, 4, 4, 4, 4, 4, 4, 4, 4, 4, 4, 4, 4, 4, 4, 4, 4, 4, 4, 4, 4, 4, 4, 4, 4, 4, 4, 4, 4, 4, 4, 4, 4, 4, 4, 4, 4, 4, 4, 4, 4, 4, 4, 4, 4, 4, 4, 4, 4, 4, 4, 4, 4, 4, 4, 4, 4, 4, 4, 4, 4, 4, 4, 4, 4, 4, 4, 4, 4, 4, 4, 4, 4, 4, 4, 4, 4, 4, 4, 4, 4, 4, 4, 4, 4, 4, 4, 4, 4, 4, 4, 4, 4, 4, 4, 4, 4, 4, 4, 4, 4, 4, 4, 4, 4, 4, 4, 4, 4, 4, 4, 4, 4, 4, 4, 4, 4, 4, 4, 4, 4, 4, 4, 4, 4, 4, 4, 4, 4, 4, 4, 4, 4, 4, 4, 4, 4, 4, 4, 4, 4, 4, 4, 4, 4, 4, 4, 4, 4, 4, 4, 4, 4, 4, 4, 4, 4, 4, 4, 4, 4, 4, 4, 4, 4, 4, 4, 4, 4, 4, 4, 4, 4, 4, 4, 4, 4, 4, 4, 4, 4, 4, 4, 4, 4, 4, 4, 4, 4, 4, 4, 4, 4, 4, 4, 4, 4, 4, 4, 4, 4, 4, 4, 4, 4, 4, 4, 4, 4, 4, 4, 4, 4, 4, 4, 4, 4, 4, 4, 4, 4, 4, 4, 4, 4, 4, 4, 4, 4, 4, 4, 4, 4, 4, 4, 4, 4, 4, 4, 4, 4, 4, 4, 4, 4, 4, 4, 4, 4, 4, 4, 4, 4, 4, 4, 4, 4, 4, 4, 4, 4, 4, 4, 4, 4, 4, 4, 4, 4, 4, 4, 4, 4, 4, 4, 4, 4, 4, 4, 4, 4, 4, 4, 4, 4, 4, 4, 4, 4, 4, 4, 4, 4, 4, 4, 4, 4, 4, 4, 4, 4, 4, 4, 4, 4, 4, 4, 4, 4, 4, 4, 4, 4, 4, 4, 4, 4, 4, 4, 4, 4, 4, 4, 4, 4, 4, 4, 4, 4, 4, 4, 4, 4, 4, 4, 4, 4, 4, 4, 4, 4, 4, 4, 4, 4, 4, 4, 4, 4, 4, 4, 4, 4, 4, 4, 4, 4, 4, 4, 4, 4, 4, 4, 4, 4, 4, 4, 4, 4, 4, 4, 4, 4, 4, 4, 4, 4, 4, 4, 4, 4, 4, 4, 4, 4, 4, 4, 4, 4, 4, 4, 4, 4, 4, 4, 4, 4, 4, 4, 4, 4, 4, 4, 4, 4, 4, 4, 4, 4, 4, 4, 4, 4, 4, 4, 4, 4, 4, 4, 4, 4, 4, 4, 4, 4, 4, 4, 4, 4, 4, 4, 4, 4, 4, 4, 4, 4, 4, 4, 4, 4, 4, 4, 4, 4, 4, 4, 4, 4, 4, 4, 4, 4, 4, 4, 4, 4, 4, 4, 4, 4, 4, 4, 4, 4, 4, 4, 4, 4, 4, 4, 4, 4, 4, 4, 4, 4, 4, 4, 4, 4, 4, 4, 4, 4, 4, 4, 4, 4, 4, 4, 4, 4, 4, 4, 4, 4, 4, 4, 4, 4, 4, 4, 4, 4, 4, 4, 4, 4, 4, 4, 4, 4, 4, 4, 4, 4, 4, 4, 4, 4, 4, 4, 4, 4, 4, 4, 4, 4, 4, 4, 4, 4, 4, 4, 4, 4, 4, 4, 4, 4, 4, 4, 4, 4, 4, 4, 4, 4, 4, 4, 4, 4, 4, 4, 4, 4, 4, 4, 4, 4, 4, 4, 4, 4, 4, 4, 4, 4, 4, 4, 4, 4, 4, 4, 4, 4, 4, 4, 4, 4, 4, 4, 4, 4, 4, 4, 4, 4, 4, 4, 4, 4, 4, 4, 4, 4, 4, 4, 4, 4, 4, 4, 4, 4, 4, 4, 4, 4, 4, 4, 4, 4, 4, 4, 4, 4, 4, 4, 4, 4, 4, 4, 4, 4, 4, 4, 4, 4, 4, 4, 4, 4, 4, 4, 4, 4, 4, 4, 4, 4, 4, 4, 4, 4, 4, 4, 4, 4, 4, 4, 4, 4, 4, 4, 4, 4, 4, 4, 4, 4, 4, 4, 4, 4, 4, 4, 4, 4, 4, 4, 4, 4, 4, 4, 4, 4, 4, 4, 4, 4, 4, 4, 4, 4, 4, 4, 4, 4, 3, 3, 3, 3, 3, 3, 3, 3, 3, 3, 3, 3, 3, 3, 3, 3, 3, 3, 3, 3, 3, 3, 3, 3, 3, 3, 3, 3, 3, 3, 3, 3, 3, 3, 3, 3, 3, 3, 3, 3, 3, 3, 3, 3, 3, 3, 3, 3]
                int[] faceVertexIndices = [0, 1, 2, 3, 4, 5, 6, 7, 8, 9, 10, 11, 12, 13, 14, 15, 16, 17, 18, 19, 20, 21, 22, 23, 24, 25, 26, 27, 28, 29, 30, 31, 32, 33, 34, 35, 36, 37, 38, 39, 40, 41, 42, 43, 44, 45, 46, 47, 48, 49, 50, 51, 52, 53, 54, 55, 56, 57, 58, 59, 60, 61, 62, 63, 64, 65, 66, 67, 68, 69, 70, 71, 72, 73, 74, 75, 76, 77, 78, 79, 80, 81, 82, 83, 84, 85, 86, 87, 88, 89, 90, 91, 92, 93, 94, 95, 96, 97, 98, 99, 100, 101, 102, 103, 104, 105, 106, 107, 108, 109, 110, 111, 112, 113, 114, 115, 116, 117, 118, 119, 120, 121, 122, 123, 124, 125, 126, 127, 128, 129, 130, 131, 132, 133, 134, 135, 136, 137, 138, 139, 140, 141, 142, 143, 144, 145, 146, 147, 148, 149, 150, 151, 152, 153, 154, 155, 156, 157, 158, 159, 160, 161, 162, 163, 164, 165, 166, 167, 168, 169, 170, 171, 172, 173, 174, 175, 176, 177, 178, 179, 180, 181, 182, 183, 184, 185, 186, 187, 188, 189, 190, 191, 192, 193, 194, 195, 196, 197, 198, 199, 200, 201, 202, 203, 204, 205, 206, 207, 208, 209, 210, 211, 212, 213, 214, 215, 216, 217, 218, 219, 220, 221, 222, 223, 224, 225, 226, 227, 228, 229, 230, 231, 232, 233, 234, 235, 236, 237, 238, 239, 240, 241, 242, 243, 244, 245, 246, 247, 248, 249, 250, 251, 252, 253, 254, 255, 256, 257, 258, 259, 260, 261, 262, 263, 264, 265, 266, 267, 268, 269, 270, 271, 272, 273, 274, 275, 276, 277, 278, 279, 280, 281, 282, 283, 284, 285, 286, 287, 288, 289, 290, 291, 292, 293, 294, 295, 296, 297, 298, 299, 300, 301, 302, 303, 304, 305, 306, 307, 308, 309, 310, 311, 312, 313, 314, 315, 316, 317, 318, 319, 320, 321, 322, 323, 324, 325, 326, 327, 328, 329, 330, 331, 332, 333, 334, 335, 336, 337, 338, 339, 340, 341, 342, 343, 344, 345, 346, 347, 348, 349, 350, 351, 352, 353, 354, 355, 356, 357, 358, 359, 360, 361, 362, 363, 364, 365, 366, 367, 368, 369, 370, 371, 372, 373, 374, 375, 376, 377, 378, 379, 380, 381, 382, 383, 384, 385, 386, 387, 388, 389, 390, 391, 392, 393, 394, 395, 396, 397, 398, 399, 400, 401, 402, 403, 404, 405, 406, 407, 408, 409, 410, 411, 412, 413, 414, 415, 416, 417, 418, 419, 420, 421, 422, 423, 424, 425, 426, 427, 428, 429, 430, 431, 432, 433, 434, 435, 436, 437, 438, 439, 440, 441, 442, 443, 444, 445, 446, 447, 448, 449, 450, 451, 452, 453, 454, 455, 456, 457, 458, 459, 460, 461, 462, 463, 464, 465, 466, 467, 468, 469, 470, 471, 472, 473, 474, 475, 476, 477, 478, 479, 480, 481, 482, 483, 484, 485, 486, 487, 488, 489, 490, 491, 492, 493, 494, 495, 496, 497, 498, 499, 500, 501, 502, 503, 504, 505, 506, 507, 508, 509, 510, 511, 512, 513, 514, 515, 516, 517, 518, 519, 520, 521, 522, 523, 524, 525, 526, 527, 528, 529, 530, 531, 532, 533, 534, 535, 536, 537, 538, 539, 540, 541, 542, 543, 544, 545, 546, 547, 548, 549, 550, 551, 552, 553, 554, 555, 556, 557, 558, 559, 560, 561, 562, 563, 564, 565, 566, 567, 568, 569, 570, 571, 572, 573, 574, 575, 576, 577, 578, 579, 580, 581, 582, 583, 584, 585, 586, 587, 588, 589, 590, 591, 592, 593, 594, 595, 596, 597, 598, 599, 600, 601, 602, 603, 604, 605, 606, 607, 608, 609, 610, 611, 612, 613, 614, 615, 616, 617, 618, 619, 620, 621, 622, 623, 624, 625, 626, 627, 628, 629, 630, 631, 632, 633, 634, 635, 636, 637, 638, 639, 640, 641, 642, 643, 644, 645, 646, 647, 648, 649, 650, 651, 652, 653, 654, 655, 656, 657, 658, 659, 660, 661, 662, 663, 664, 665, 666, 667, 668, 669, 670, 671, 672, 673, 674, 675, 676, 677, 678, 679, 680, 681, 682, 683, 684, 685, 686, 687, 688, 689, 690, 691, 692, 693, 694, 695, 696, 697, 698, 699, 700, 701, 702, 703, 704, 705, 706, 707, 708, 709, 710, 711, 712, 713, 714, 715, 716, 717, 718, 719, 720, 721, 722, 723, 724, 725, 726, 727, 728, 729, 730, 731, 732, 733, 734, 735, 736, 737, 738, 739, 740, 741, 742, 743, 744, 745, 746, 747, 748, 749, 750, 751, 752, 753, 754, 755, 756, 757, 758, 759, 760, 761, 762, 763, 764, 765, 766, 767, 768, 769, 770, 771, 772, 773, 774, 775, 776, 777, 778, 779, 780, 781, 782, 783, 784, 785, 786, 787, 788, 789, 790, 791, 792, 793, 794, 795, 796, 797, 798, 799, 800, 801, 802, 803, 804, 805, 806, 807, 808, 809, 810, 811, 812, 813, 814, 815, 816, 817, 818, 819, 820, 821, 822, 823, 824, 825, 826, 827, 828, 829, 830, 831, 832, 833, 834, 835, 836, 837, 838, 839, 840, 841, 842, 843, 844, 845, 846, 847, 848, 849, 850, 851, 852, 853, 854, 855, 856, 857, 858, 859, 860, 861, 862, 863, 864, 865, 866, 867, 868, 869, 870, 871, 872, 873, 874, 875, 876, 877, 878, 879, 880, 881, 882, 883, 884, 885, 886, 887, 888, 889, 890, 891, 892, 893, 894, 895, 896, 897, 898, 899, 900, 901, 902, 903, 904, 905, 906, 907, 908, 909, 910, 911, 912, 913, 914, 915, 916, 917, 918, 919, 920, 921, 922, 923, 924, 925, 926, 927, 928, 929, 930, 931, 932, 933, 934, 935, 936, 937, 938, 939, 940, 941, 942, 943, 944, 945, 946, 947, 948, 949, 950, 951, 952, 953, 954, 955, 956, 957, 958, 959, 960, 961, 962, 963, 964, 965, 966, 967, 968, 969, 970, 971, 972, 973, 974, 975, 976, 977, 978, 979, 980, 981, 982, 983, 984, 985, 986, 987, 988, 989, 990, 991, 992, 993, 994, 995, 996, 997, 998, 999, 1000, 1001, 1002, 1003, 1004, 1005, 1006, 1007, 1008, 1009, 1010, 1011, 1012, 1013, 1014, 1015, 1016, 1017, 1018, 1019, 1020, 1021, 1022, 1023, 1024, 1025, 1026, 1027, 1028, 1029, 1030, 1031, 1032, 1033, 1034, 1035, 1036, 1037, 1038, 1039, 1040, 1041, 1042, 1043, 1044, 1045, 1046, 1047, 1048, 1049, 1050, 1051, 1052, 1053, 1054, 1055, 1056, 1057, 1058, 1059, 1060, 1061, 1062, 1063, 1064, 1065, 1066, 1067, 1068, 1069, 1070, 1071, 1072, 1073, 1074, 1075, 1076, 1077, 1078, 1079, 1080, 1081, 1082, 1083, 1084, 1085, 1086, 1087, 1088, 1089, 1090, 1091, 1092, 1093, 1094, 1095, 1096, 1097, 1098, 1099, 1100, 1101, 1102, 1103, 1104, 1105, 1106, 1107, 1108, 1109, 1110, 1111, 1112, 1113, 1114, 1115, 1116, 1117, 1118, 1119, 1120, 1121, 1122, 1123, 1124, 1125, 1126, 1127, 1128, 1129, 1130, 1131, 1132, 1133, 1134, 1135, 1136, 1137, 1138, 1139, 1140, 1141, 1142, 1143, 1144, 1145, 1146, 1147, 1148, 1149, 1150, 1151, 1152, 1153, 1154, 1155, 1156, 1157, 1158, 1159, 1160, 1161, 1162, 1163, 1164, 1165, 1166, 1167, 1168, 1169, 1170, 1171, 1172, 1173, 1174, 1175, 1176, 1177, 1178, 1179, 1180, 1181, 1182, 1183, 1184, 1185, 1186, 1187, 1188, 1189, 1190, 1191, 1192, 1193, 1194, 1195, 1196, 1197, 1198, 1199, 1200, 1201, 1202, 1203, 1204, 1205, 1206, 1207, 1208, 1209, 1210, 1211, 1212, 1213, 1214, 1215, 1216, 1217, 1218, 1219, 1220, 1221, 1222, 1223, 1224, 1225, 1226, 1227, 1228, 1229, 1230, 1231, 1232, 1233, 1234, 1235, 1236, 1237, 1238, 1239, 1240, 1241, 1242, 1243, 1244, 1245, 1246, 1247, 1248, 1249, 1250, 1251, 1252, 1253, 1254, 1255, 1256, 1257, 1258, 1259, 1260, 1261, 1262, 1263, 1264, 1265, 1266, 1267, 1268, 1269, 1270, 1271, 1272, 1273, 1274, 1275, 1276, 1277, 1278, 1279, 1280, 1281, 1282, 1283, 1284, 1285, 1286, 1287, 1288, 1289, 1290, 1291, 1292, 1293, 1294, 1295, 1296, 1297, 1298, 1299, 1300, 1301, 1302, 1303, 1304, 1305, 1306, 1307, 1308, 1309, 1310, 1311, 1312, 1313, 1314, 1315, 1316, 1317, 1318, 1319, 1320, 1321, 1322, 1323, 1324, 1325, 1326, 1327, 1328, 1329, 1330, 1331, 1332, 1333, 1334, 1335, 1336, 1337, 1338, 1339, 1340, 1341, 1342, 1343, 1344, 1345, 1346, 1347, 1348, 1349, 1350, 1351, 1352, 1353, 1354, 1355, 1356, 1357, 1358, 1359, 1360, 1361, 1362, 1363, 1364, 1365, 1366, 1367, 1368, 1369, 1370, 1371, 1372, 1373, 1374, 1375, 1376, 1377, 1378, 1379, 1380, 1381, 1382, 1383, 1384, 1385, 1386, 1387, 1388, 1389, 1390, 1391, 1392, 1393, 1394, 1395, 1396, 1397, 1398, 1399, 1400, 1401, 1402, 1403, 1404, 1405, 1406, 1407, 1408, 1409, 1410, 1411, 1412, 1413, 1414, 1415, 1416, 1417, 1418, 1419, 1420, 1421, 1422, 1423, 1424, 1425, 1426, 1427, 1428, 1429, 1430, 1431, 1432, 1433, 1434, 1435, 1436, 1437, 1438, 1439, 1440, 1441, 1442, 1443, 1444, 1445, 1446, 1447, 1448, 1449, 1450, 1451, 1452, 1453, 1454, 1455, 1456, 1457, 1458, 1459, 1460, 1461, 1462, 1463, 1464, 1465, 1466, 1467, 1468, 1469, 1470, 1471, 1472, 1473, 1474, 1475, 1476, 1477, 1478, 1479, 1480, 1481, 1482, 1483, 1484, 1485, 1486, 1487, 1488, 1489, 1490, 1491, 1492, 1493, 1494, 1495, 1496, 1497, 1498, 1499, 1500, 1501, 1502, 1503, 1504, 1505, 1506, 1507, 1508, 1509, 1510, 1511, 1512, 1513, 1514, 1515, 1516, 1517, 1518, 1519, 1520, 1521, 1522, 1523, 1524, 1525, 1526, 1527, 1528, 1529, 1530, 1531, 1532, 1533, 1534, 1535, 1536, 1537, 1538, 1539, 1540, 1541, 1542, 1543, 1544, 1545, 1546, 1547, 1548, 1549, 1550, 1551, 1552, 1553, 1554, 1555, 1556, 1557, 1558, 1559, 1560, 1561, 1562, 1563, 1564, 1565, 1566, 1567, 1568, 1569, 1570, 1571, 1572, 1573, 1574, 1575, 1576, 1577, 1578, 1579, 1580, 1581, 1582, 1583, 1584, 1585, 1586, 1587, 1588, 1589, 1590, 1591, 1592, 1593, 1594, 1595, 1596, 1597, 1598, 1599, 1600, 1601, 1602, 1603, 1604, 1605, 1606, 1607, 1608, 1609, 1610, 1611, 1612, 1613, 1614, 1615, 1616, 1617, 1618, 1619, 1620, 1621, 1622, 1623, 1624, 1625, 1626, 1627, 1628, 1629, 1630, 1631, 1632, 1633, 1634, 1635, 1636, 1637, 1638, 1639, 1640, 1641, 1642, 1643, 1644, 1645, 1646, 1647, 1648, 1649, 1650, 1651, 1652, 1653, 1654, 1655, 1656, 1657, 1658, 1659, 1660, 1661, 1662, 1663, 1664, 1665, 1666, 1667, 1668, 1669, 1670, 1671, 1672, 1673, 1674, 1675, 1676, 1677, 1678, 1679, 1680, 1681, 1682, 1683, 1684, 1685, 1686, 1687, 1688, 1689, 1690, 1691, 1692, 1693, 1694, 1695, 1696, 1697, 1698, 1699, 1700, 1701, 1702, 1703, 1704, 1705, 1706, 1707, 1708, 1709, 1710, 1711, 1712, 1713, 1714, 1715, 1716, 1717, 1718, 1719, 1720, 1721, 1722, 1723, 1724, 1725, 1726, 1727, 1728, 1729, 1730, 1731, 1732, 1733, 1734, 1735, 1736, 1737, 1738, 1739, 1740, 1741, 1742, 1743, 1744, 1745, 1746, 1747, 1748, 1749, 1750, 1751, 1752, 1753, 1754, 1755, 1756, 1757, 1758, 1759, 1760, 1761, 1762, 1763, 1764, 1765, 1766, 1767, 1768, 1769, 1770, 1771, 1772, 1773, 1774, 1775, 1776, 1777, 1778, 1779, 1780, 1781, 1782, 1783, 1784, 1785, 1786, 1787, 1788, 1789, 1790, 1791, 1792, 1793, 1794, 1795, 1796, 1797, 1798, 1799, 1800, 1801, 1802, 1803, 1804, 1805, 1806, 1807, 1808, 1809, 1810, 1811, 1812, 1813, 1814, 1815, 1816, 1817, 1818, 1819, 1820, 1821, 1822, 1823, 1824, 1825, 1826, 1827, 1828, 1829, 1830, 1831, 1832, 1833, 1834, 1835, 1836, 1837, 1838, 1839, 1840, 1841, 1842, 1843, 1844, 1845, 1846, 1847, 1848, 1849, 1850, 1851, 1852, 1853, 1854, 1855, 1856, 1857, 1858, 1859, 1860, 1861, 1862, 1863, 1864, 1865, 1866, 1867, 1868, 1869, 1870, 1871, 1872, 1873, 1874, 1875, 1876, 1877, 1878, 1879, 1880, 1881, 1882, 1883, 1884, 1885, 1886, 1887, 1888, 1889, 1890, 1891, 1892, 1893, 1894, 1895, 1896, 1897, 1898, 1899, 1900, 1901, 1902, 1903, 1904, 1905, 1906, 1907, 1908, 1909, 1910, 1911, 1912, 1913, 1914, 1915, 1916, 1917, 1918, 1919, 1920, 1921, 1922, 1923, 1924, 1925, 1926, 1927, 1928, 1929, 1930, 1931, 1932, 1933, 1934, 1935, 1936, 1937, 1938, 1939, 1940, 1941, 1942, 1943, 1944, 1945, 1946, 1947, 1948, 1949, 1950, 1951, 1952, 1953, 1954, 1955, 1956, 1957, 1958, 1959, 1960, 1961, 1962, 1963, 1964, 1965, 1966, 1967, 1968, 1969, 1970, 1971, 1972, 1973, 1974, 1975, 1976, 1977, 1978, 1979, 1980, 1981, 1982, 1983, 1984, 1985, 1986, 1987, 1988, 1989, 1990, 1991, 1992, 1993, 1994, 1995, 1996, 1997, 1998, 1999, 2000, 2001, 2002, 2003, 2004, 2005, 2006, 2007, 2008, 2009, 2010, 2011, 2012, 2013, 2014, 2015, 2016, 2017, 2018, 2019, 2020, 2021, 2022, 2023, 2024, 2025, 2026, 2027, 2028, 2029, 2030, 2031, 2032, 2033, 2034, 2035, 2036, 2037, 2038, 2039, 2040, 2041, 2042, 2043, 2044, 2045, 2046, 2047, 2048, 2049, 2050, 2051, 2052, 2053, 2054, 2055, 2056, 2057, 2058, 2059, 2060, 2061, 2062, 2063, 2064, 2065, 2066, 2067, 2068, 2069, 2070, 2071, 2072, 2073, 2074, 2075, 2076, 2077, 2078, 2079, 2080, 2081, 2082, 2083, 2084, 2085, 2086, 2087, 2088, 2089, 2090, 2091, 2092, 2093, 2094, 2095, 2096, 2097, 2098, 2099, 2100, 2101, 2102, 2103, 2104, 2105, 2106, 2107, 2108, 2109, 2110, 2111, 2112, 2113, 2114, 2115, 2116, 2117, 2118, 2119, 2120, 2121, 2122, 2123, 2124, 2125, 2126, 2127, 2128, 2129, 2130, 2131, 2132, 2133, 2134, 2135, 2136, 2137, 2138, 2139, 2140, 2141, 2142, 2143, 2144, 2145, 2146, 2147, 2148, 2149, 2150, 2151, 2152, 2153, 2154, 2155, 2156, 2157, 2158, 2159, 2160, 2161, 2162, 2163, 2164, 2165, 2166, 2167, 2168, 2169, 2170, 2171, 2172, 2173, 2174, 2175, 2176, 2177, 2178, 2179, 2180, 2181, 2182, 2183, 2184, 2185, 2186, 2187, 2188, 2189, 2190, 2191, 2192, 2193, 2194, 2195, 2196, 2197, 2198, 2199, 2200, 2201, 2202, 2203, 2204, 2205, 2206, 2207, 2208, 2209, 2210, 2211, 2212, 2213, 2214, 2215, 2216, 2217, 2218, 2219, 2220, 2221, 2222, 2223, 2224, 2225, 2226, 2227, 2228, 2229, 2230, 2231, 2232, 2233, 2234, 2235, 2236, 2237, 2238, 2239, 2240, 2241, 2242, 2243, 2244, 2245, 2246, 2247, 2248, 2249, 2250, 2251, 2252, 2253, 2254, 2255, 2256, 2257, 2258, 2259, 2260, 2261, 2262, 2263, 2264, 2265, 2266, 2267, 2268, 2269, 2270, 2271, 2272, 2273, 2274, 2275, 2276, 2277, 2278, 2279, 2280, 2281, 2282, 2283, 2284, 2285, 2286, 2287, 2288, 2289, 2290, 2291, 2292, 2293, 2294, 2295, 2296, 2297, 2298, 2299, 2300, 2301, 2302, 2303, 2304, 2305, 2306, 2307, 2308, 2309, 2310, 2311, 2312, 2313, 2314, 2315, 2316, 2317, 2318, 2319, 2320, 2321, 2322, 2323, 2324, 2325, 2326, 2327, 2328, 2329, 2330, 2331, 2332, 2333, 2334, 2335, 2336, 2337, 2338, 2339, 2340, 2341, 2342, 2343, 2344, 2345, 2346, 2347, 2348, 2349, 2350, 2351, 2352, 2353, 2354, 2355, 2356, 2357, 2358, 2359, 2360, 2361, 2362, 2363, 2364, 2365, 2366, 2367, 2368, 2369, 2370, 2371, 2372, 2373, 2374, 2375, 2376, 2377, 2378, 2379, 2380, 2381, 2382, 2383, 2384, 2385, 2386, 2387, 2388, 2389, 2390, 2391, 2392, 2393, 2394, 2395, 2396, 2397, 2398, 2399, 2400, 2401, 2402, 2403, 2404, 2405, 2406, 2407, 2408, 2409, 2410, 2411, 2412, 2413, 2414, 2415, 2416, 2417, 2418, 2419, 2420, 2421, 2422, 2423, 2424, 2425, 2426, 2427, 2428, 2429, 2430, 2431, 2432, 2433, 2434, 2435, 2436, 2437, 2438, 2439, 2440, 2441, 2442, 2443, 2444, 2445, 2446, 2447, 2448, 2449, 2450, 2451, 2452, 2453, 2454, 2455, 2456, 2457, 2458, 2459, 2460, 2461, 2462, 2463, 2464, 2465, 2466, 2467, 2468, 2469, 2470, 2471, 2472, 2473, 2474, 2475, 2476, 2477, 2478, 2479, 2480, 2481, 2482, 2483, 2484, 2485, 2486, 2487, 2488, 2489, 2490, 2491, 2492, 2493, 2494, 2495, 2496, 2497, 2498, 2499, 2500, 2501, 2502, 2503, 2504, 2505, 2506, 2507, 2508, 2509, 2510, 2511, 2512, 2513, 2514, 2515, 2516, 2517, 2518, 2519, 2520, 2521, 2522, 2523, 2524, 2525, 2526, 2527, 2528, 2529, 2530, 2531, 2532, 2533, 2534, 2535, 2536, 2537, 2538, 2539, 2540, 2541, 2542, 2543, 2544, 2545, 2546, 2547, 2548, 2549, 2550, 2551, 2552, 2553, 2554, 2555, 2556, 2557, 2558, 2559, 2560, 2561, 2562, 2563, 2564, 2565, 2566, 2567, 2568, 2569, 2570, 2571, 2572, 2573, 2574, 2575, 2576, 2577, 2578, 2579, 2580, 2581, 2582, 2583, 2584, 2585, 2586, 2587, 2588, 2589, 2590, 2591, 2592, 2593, 2594, 2595, 2596, 2597, 2598, 2599, 2600, 2601, 2602, 2603, 2604, 2605, 2606, 2607, 2608, 2609, 2610, 2611, 2612, 2613, 2614, 2615, 2616, 2617, 2618, 2619, 2620, 2621, 2622, 2623, 2624, 2625, 2626, 2627, 2628, 2629, 2630, 2631, 2632, 2633, 2634, 2635, 2636, 2637, 2638, 2639, 2640, 2641, 2642, 2643, 2644, 2645, 2646, 2647, 2648, 2649, 2650, 2651, 2652, 2653, 2654, 2655, 2656, 2657, 2658, 2659, 2660, 2661, 2662, 2663, 2664, 2665, 2666, 2667, 2668, 2669, 2670, 2671, 2672, 2673, 2674, 2675, 2676, 2677, 2678, 2679, 2680, 2681, 2682, 2683, 2684, 2685, 2686, 2687, 2688, 2689, 2690, 2691, 2692, 2693, 2694, 2695, 2696, 2697, 2698, 2699, 2700, 2701, 2702, 2703, 2704, 2705, 2706, 2707, 2708, 2709, 2710, 2711, 2712, 2713, 2714, 2715, 2716, 2717, 2718, 2719, 2720, 2721, 2722, 2723, 2724, 2725, 2726, 2727, 2728, 2729, 2730, 2731, 2732, 2733, 2734, 2735, 2736, 2737, 2738, 2739, 2740, 2741, 2742, 2743, 2744, 2745, 2746, 2747, 2748, 2749, 2750, 2751, 2752, 2753, 2754, 2755, 2756, 2757, 2758, 2759, 2760, 2761, 2762, 2763, 2764, 2765, 2766, 2767, 2768, 2769, 2770, 2771, 2772, 2773, 2774, 2775, 2776, 2777, 2778, 2779, 2780, 2781, 2782, 2783, 2784, 2785, 2786, 2787, 2788, 2789, 2790, 2791, 2792, 2793, 2794, 2795, 2796, 2797, 2798, 2799, 2800, 2801, 2802, 2803, 2804, 2805, 2806, 2807, 2808, 2809, 2810, 2811, 2812, 2813, 2814, 2815, 2816, 2817, 2818, 2819, 2820, 2821, 2822, 2823, 2824, 2825, 2826, 2827, 2828, 2829, 2830, 2831, 2832, 2833, 2834, 2835, 2836, 2837, 2838, 2839, 2840, 2841, 2842, 2843, 2844, 2845, 2846, 2847, 2848, 2849, 2850, 2851, 2852, 2853, 2854, 2855, 2856, 2857, 2858, 2859, 2860, 2861, 2862, 2863, 2864, 2865, 2866, 2867, 2868, 2869, 2870, 2871, 2872, 2873, 2874, 2875, 2876, 2877, 2878, 2879, 2880, 2881, 2882, 2883, 2884, 2885, 2886, 2887, 2888, 2889, 2890, 2891, 2892, 2893, 2894, 2895, 2896, 2897, 2898, 2899, 2900, 2901, 2902, 2903, 2904, 2905, 2906, 2907, 2908, 2909, 2910, 2911, 2912, 2913, 2914, 2915, 2916, 2917, 2918, 2919, 2920, 2921, 2922, 2923, 2924, 2925, 2926, 2927, 2928, 2929, 2930, 2931, 2932, 2933, 2934, 2935, 2936, 2937, 2938, 2939, 2940, 2941, 2942, 2943, 2944, 2945, 2946, 2947, 2948, 2949, 2950, 2951, 2952, 2953, 2954, 2955, 2956, 2957, 2958, 2959, 2960, 2961, 2962, 2963, 2964, 2965, 2966, 2967, 2968, 2969, 2970, 2971, 2972, 2973, 2974, 2975, 2976, 2977, 2978, 2979, 2980, 2981, 2982, 2983, 2984, 2985, 2986, 2987, 2988, 2989, 2990, 2991, 2992, 2993, 2994, 2995, 2996, 2997, 2998, 2999, 3000, 3001, 3002, 3003, 3004, 3005, 3006, 3007, 3008, 3009, 3010, 3011, 3012, 3013, 3014, 3015, 3016, 3017, 3018, 3019, 3020, 3021, 3022, 3023, 3024, 3025, 3026, 3027, 3028, 3029, 3030, 3031, 3032, 3033, 3034, 3035, 3036, 3037, 3038, 3039, 3040, 3041, 3042, 3043, 3044, 3045, 3046, 3047, 3048, 3049, 3050, 3051, 3052, 3053, 3054, 3055, 3056, 3057, 3058, 3059, 3060, 3061, 3062, 3063, 3064, 3065, 3066, 3067, 3068, 3069, 3070, 3071, 3072, 3073, 3074, 3075, 3076, 3077, 3078, 3079, 3080, 3081, 3082, 3083, 3084, 3085, 3086, 3087, 3088, 3089, 3090, 3091, 3092, 3093, 3094, 3095, 3096, 3097, 3098, 3099, 3100, 3101, 3102, 3103, 3104, 3105, 3106, 3107, 3108, 3109, 3110, 3111, 3112, 3113, 3114, 3115, 3116, 3117, 3118, 3119, 3120, 3121, 3122, 3123, 3124, 3125, 3126, 3127, 3128, 3129, 3130, 3131, 3132, 3133, 3134, 3135, 3136, 3137, 3138, 3139, 3140, 3141, 3142, 3143, 3144, 3145, 3146, 3147, 3148, 3149, 3150, 3151, 3152, 3153, 3154, 3155, 3156, 3157, 3158, 3159, 3160, 3161, 3162, 3163, 3164, 3165, 3166, 3167, 3168, 3169, 3170, 3171, 3172, 3173, 3174, 3175, 3176, 3177, 3178, 3179, 3180, 3181, 3182, 3183, 3184, 3185, 3186, 3187, 3188, 3189, 3190, 3191, 3192, 3193, 3194, 3195, 3196, 3197, 3198, 3199, 3200, 3201, 3202, 3203, 3204, 3205, 3206, 3207, 3208, 3209, 3210, 3211, 3212, 3213, 3214, 3215, 3216, 3217, 3218, 3219, 3220, 3221, 3222, 3223, 3224, 3225, 3226, 3227, 3228, 3229, 3230, 3231, 3232, 3233, 3234, 3235, 3236, 3237, 3238, 3239, 3240, 3241, 3242, 3243, 3244, 3245, 3246, 3247, 3248, 3249, 3250, 3251, 3252, 3253, 3254, 3255, 3256, 3257, 3258, 3259, 3260, 3261, 3262, 3263, 3264, 3265, 3266, 3267, 3268, 3269, 3270, 3271, 3272, 3273, 3274, 3275, 3276, 3277, 3278, 3279, 3280, 3281, 3282, 3283, 3284, 3285, 3286, 3287, 3288, 3289, 3290, 3291, 3292, 3293, 3294, 3295, 3296, 3297, 3298, 3299, 3300, 3301, 3302, 3303, 3304, 3305, 3306, 3307, 3308, 3309, 3310, 3311, 3312, 3313, 3314, 3315, 3316, 3317, 3318, 3319, 3320, 3321, 3322, 3323, 3324, 3325, 3326, 3327, 3328, 3329, 3330, 3331, 3332, 3333, 3334, 3335, 3336, 3337, 3338, 3339, 3340, 3341, 3342, 3343, 3344, 3345, 3346, 3347, 3348, 3349, 3350, 3351, 3352, 3353, 3354, 3355, 3356, 3357, 3358, 3359, 3360, 3361, 3362, 3363, 3364, 3365, 3366, 3367, 3368, 3369, 3370, 3371, 3372, 3373, 3374, 3375, 3376, 3377, 3378, 3379, 3380, 3381, 3382, 3383, 3384, 3385, 3386, 3387, 3388, 3389, 3390, 3391, 3392, 3393, 3394, 3395, 3396, 3397, 3398, 3399, 3400, 3401, 3402, 3403, 3404, 3405, 3406, 3407, 3408, 3409, 3410, 3411, 3412, 3413, 3414, 3415, 3416, 3417, 3418, 3419, 3420, 3421, 3422, 3423, 3424, 3425, 3426, 3427, 3428, 3429, 3430, 3431, 3432, 3433, 3434, 3435, 3436, 3437, 3438, 3439, 3440, 3441, 3442, 3443, 3444, 3445, 3446, 3447, 3448, 3449, 3450, 3451, 3452, 3453, 3454, 3455, 3456, 3457, 3458, 3459, 3460, 3461, 3462, 3463, 3464, 3465, 3466, 3467, 3468, 3469, 3470, 3471, 3472, 3473, 3474, 3475, 3476, 3477, 3478, 3479, 3480, 3481, 3482, 3483, 3484, 3485, 3486, 3487, 3488, 3489, 3490, 3491, 3492, 3493, 3494, 3495, 3496, 3497, 3498, 3499, 3500, 3501, 3502, 3503, 3504, 3505, 3506, 3507, 3508, 3509, 3510, 3511, 3512, 3513, 3514, 3515, 3516, 3517, 3518, 3519, 3520, 3521, 3522, 3523, 3524, 3525, 3526, 3527, 3528, 3529, 3530, 3531, 3532, 3533, 3534, 3535, 3536, 3537, 3538, 3539, 3540, 3541, 3542, 3543, 3544, 3545, 3546, 3547, 3548, 3549, 3550, 3551, 3552, 3553, 3554, 3555, 3556, 3557, 3558, 3559, 3560, 3561, 3562, 3563, 3564, 3565, 3566, 3567, 3568, 3569, 3570, 3571, 3572, 3573, 3574, 3575, 3576, 3577, 3578, 3579, 3580, 3581, 3582, 3583, 3584, 3585, 3586, 3587, 3588, 3589, 3590, 3591, 3592, 3593, 3594, 3595, 3596, 3597, 3598, 3599, 3600, 3601, 3602, 3603, 3604, 3605, 3606, 3607, 3608, 3609, 3610, 3611, 3612, 3613, 3614, 3615, 3616, 3617, 3618, 3619, 3620, 3621, 3622, 3623, 3624, 3625, 3626, 3627, 3628, 3629, 3630, 3631, 3632, 3633, 3634, 3635, 3636, 3637, 3638, 3639, 3640, 3641, 3642, 3643, 3644, 3645, 3646, 3647, 3648, 3649, 3650, 3651, 3652, 3653, 3654, 3655, 3656, 3657, 3658, 3659, 3660, 3661, 3662, 3663, 3664, 3665, 3666, 3667, 3668, 3669, 3670, 3671, 3672, 3673, 3674, 3675, 3676, 3677, 3678, 3679, 3680, 3681, 3682, 3683, 3684, 3685, 3686, 3687, 3688, 3689, 3690, 3691, 3692, 3693, 3694, 3695, 3696, 3697, 3698, 3699, 3700, 3701, 3702, 3703, 3704, 3705, 3706, 3707, 3708, 3709, 3710, 3711, 3712, 3713, 3714, 3715, 3716, 3717, 3718, 3719, 3720, 3721, 3722, 3723, 3724, 3725, 3726, 3727, 3728, 3729, 3730, 3731, 3732, 3733, 3734, 3735, 3736, 3737, 3738, 3739, 3740, 3741, 3742, 3743, 3744, 3745, 3746, 3747, 3748, 3749, 3750, 3751, 3752, 3753, 3754, 3755, 3756, 3757, 3758, 3759, 3760, 3761, 3762, 3763, 3764, 3765, 3766, 3767, 3768, 3769, 3770, 3771, 3772, 3773, 3774, 3775, 3776, 3777, 3778, 3779, 3780, 3781, 3782, 3783, 3784, 3785, 3786, 3787, 3788, 3789, 3790, 3791, 3792, 3793, 3794, 3795, 3796, 3797, 3798, 3799, 3800, 3801, 3802, 3803, 3804, 3805, 3806, 3807, 3808, 3809, 3810, 3811, 3812, 3813, 3814, 3815, 3816, 3817, 3818, 3819, 3820, 3821, 3822, 3823, 3824, 3825, 3826, 3827, 3828, 3829, 3830, 3831, 3832, 3833, 3834, 3835, 3836, 3837, 3838, 3839, 3840, 3841, 3842, 3843, 3844, 3845, 3846, 3847, 3848, 3849, 3850, 3851, 3852, 3853, 3854, 3855, 3856, 3857, 3858, 3859, 3860, 3861, 3862, 3863, 3864, 3865, 3866, 3867, 3868, 3869, 3870, 3871, 3872, 3873, 3874, 3875, 3876, 3877, 3878, 3879, 3880, 3881, 3882, 3883, 3884, 3885, 3886, 3887, 3888, 3889, 3890, 3891, 3892, 3893, 3894, 3895, 3896, 3897, 3898, 3899, 3900, 3901, 3902, 3903, 3904, 3905, 3906, 3907, 3908, 3909, 3910, 3911, 3912, 3913, 3914, 3915, 3916, 3917, 3918, 3919, 3920, 3921, 3922, 3923, 3924, 3925, 3926, 3927, 3928, 3929, 3930, 3931, 3932, 3933, 3934, 3935, 3936, 3937, 3938, 3939, 3940, 3941, 3942, 3943, 3944, 3945, 3946, 3947, 3948, 3949, 3950, 3951, 3952, 3953, 3954, 3955, 3956, 3957, 3958, 3959, 3960, 3961, 3962, 3963, 3964, 3965, 3966, 3967, 3968, 3969, 3970, 3971, 3972, 3973, 3974, 3975, 3976, 3977, 3978, 3979, 3980, 3981, 3982, 3983, 3984, 3985, 3986, 3987, 3988, 3989, 3990, 3991, 3992, 3993, 3994, 3995, 3996, 3997, 3998, 3999, 4000, 4001, 4002, 4003, 4004, 4005, 4006, 4007, 4008, 4009, 4010, 4011, 4012, 4013, 4014, 4015, 4016, 4017, 4018, 4019, 4020, 4021, 4022, 4023, 4024, 4025, 4026, 4027, 4028, 4029, 4030, 4031, 4032, 4033, 4034, 4035, 4036, 4037, 4038, 4039, 4040, 4041, 4042, 4043, 4044, 4045, 4046, 4047, 4048, 4049, 4050, 4051, 4052, 4053, 4054, 4055, 4056, 4057, 4058, 4059, 4060, 4061, 4062, 4063, 4064, 4065, 4066, 4067, 4068, 4069, 4070, 4071, 4072, 4073, 4074, 4075, 4076, 4077, 4078, 4079, 4080, 4081, 4082, 4083, 4084, 4085, 4086, 4087, 4088, 4089, 4090, 4091, 4092, 4093, 4094, 4095, 4096, 4097, 4098, 4099, 4100, 4101, 4102, 4103, 4104, 4105, 4106, 4107, 4108, 4109, 4110, 4111, 4112, 4113, 4114, 4115, 4116, 4117, 4118, 4119, 4120, 4121, 4122, 4123, 4124, 4125, 4126, 4127, 4128, 4129, 4130, 4131, 4132, 4133, 4134, 4135, 4136, 4137, 4138, 4139, 4140, 4141, 4142, 4143, 4144, 4145, 4146, 4147, 4148, 4149, 4150, 4151, 4152, 4153, 4154, 4155, 4156, 4157, 4158, 4159, 4160, 4161, 4162, 4163, 4164, 4165, 4166, 4167, 4168, 4169, 4170, 4171, 4172, 4173, 4174, 4175, 4176, 4177, 4178, 4179, 4180, 4181, 4182, 4183, 4184, 4185, 4186, 4187, 4188, 4189, 4190, 4191, 4192, 4193, 4194, 4195, 4196, 4197, 4198, 4199, 4200, 4201, 4202, 4203, 4204, 4205, 4206, 4207, 4208, 4209, 4210, 4211, 4212, 4213, 4214, 4215, 4216, 4217, 4218, 4219, 4220, 4221, 4222, 4223, 4224, 4225, 4226, 4227, 4228, 4229, 4230, 4231, 4232, 4233, 4234, 4235, 4236, 4237, 4238, 4239, 4240, 4241, 4242, 4243, 4244, 4245, 4246, 4247, 4248, 4249, 4250, 4251, 4252, 4253, 4254, 4255, 4256, 4257, 4258, 4259, 4260, 4261, 4262, 4263, 4264, 4265, 4266, 4267, 4268, 4269, 4270, 4271, 4272, 4273, 4274, 4275, 4276, 4277, 4278, 4279, 4280, 4281, 4282, 4283, 4284, 4285, 4286, 4287, 4288, 4289, 4290, 4291, 4292, 4293, 4294, 4295, 4296, 4297, 4298, 4299, 4300, 4301, 4302, 4303, 4304, 4305, 4306, 4307, 4308, 4309, 4310, 4311, 4312, 4313, 4314, 4315, 4316, 4317, 4318, 4319, 4320, 4321, 4322, 4323, 4324, 4325, 4326, 4327, 4328, 4329, 4330, 4331, 4332, 4333, 4334, 4335, 4336, 4337, 4338, 4339, 4340, 4341, 4342, 4343, 4344, 4345, 4346, 4347, 4348, 4349, 4350, 4351, 4352, 4353, 4354, 4355, 4356, 4357, 4358, 4359, 4360, 4361, 4362, 4363, 4364, 4365, 4366, 4367, 4368, 4369, 4370, 4371, 4372, 4373, 4374, 4375, 4376, 4377, 4378, 4379, 4380, 4381, 4382, 4383, 4384, 4385, 4386, 4387, 4388, 4389, 4390, 4391, 4392, 4393, 4394, 4395, 4396, 4397, 4398, 4399, 4400, 4401, 4402, 4403, 4404, 4405, 4406, 4407, 4408, 4409, 4410, 4411, 4412, 4413, 4414, 4415, 4416, 4417, 4418, 4419, 4420, 4421, 4422, 4423, 4424, 4425, 4426, 4427, 4428, 4429, 4430, 4431, 4432, 4433, 4434, 4435, 4436, 4437, 4438, 4439, 4440, 4441, 4442, 4443, 4444, 4445, 4446, 4447, 4448, 4449, 4450, 4451, 4452, 4453, 4454, 4455, 4456, 4457, 4458, 4459, 4460, 4461, 4462, 4463, 4464, 4465, 4466, 4467, 4468, 4469, 4470, 4471, 4472, 4473, 4474, 4475, 4476, 4477, 4478, 4479, 4480, 4481, 4482, 4483, 4484, 4485, 4486, 4487, 4488, 4489, 4490, 4491, 4492, 4493, 4494, 4495, 4496, 4497, 4498, 4499, 4500, 4501, 4502, 4503, 4504, 4505, 4506, 4507, 4508, 4509, 4510, 4511]
                rel material:binding = </GalleryFurnaceClutter/Looks/ProbeFurnace>
                normal3f[] normals = [(0, 0, 1), (0.13052619, 0, 0.9914449), (0.12940952, 0.017037086, 0.9914449), (0, 0, 1), (0.12940952, 0.017037086, 0.9914449), (0.12607862, 0.033782665, 0.9914449), (0, 0, 1), (0.12607862, 0.033782665, 0.9914449), (0.12059048, 0.049950212, 0.9914449), (0, 0, 1), (0.12059048, 0.049950212, 0.9914449), (0.113039, 0.06526309, 0.9914449), (0, 0, 1), (0.113039, 0.06526309, 0.9914449), (0.10355339, 0.07945931, 0.9914449), (0, 0, 1), (0.10355339, 0.07945931, 0.9914449), (0.09229595, 0.09229595, 0.9914449), (0, 0, 1), (0.09229595, 0.09229595, 0.9914449), (0.07945931, 0.10355339, 0.9914449), (0, 0, 1), (0.07945931, 0.10355339, 0.9914449), (0.06526309, 0.113039, 0.9914449), (0, 0, 1), (0.06526309, 0.113039, 0.9914449), (0.049950212, 0.12059048, 0.9914449), (0, 0, 1), (0.049950212, 0.12059048, 0.9914449), (0.033782665, 0.12607862, 0.9914449), (0, 0, 1), (0.033782665, 0.12607862, 0.9914449), (0.017037086, 0.12940952, 0.9914449), (0, 0, 1), (0.017037086, 0.12940952, 0.9914449), (7.992424e-18, 0.13052619, 0.9914449), (0, 0, 1), (7.992424e-18, 0.13052619, 0.9914449), (-0.017037086, 0.12940952, 0.9914449), (-0, 0, 1), (-0.017037086, 0.12940952, 0.9914449), (-0.033782665, 0.12607862, 0.9914449), (-0, 0, 1), (-0.033782665, 0.12607862, 0.9914449), (-0.049950212, 0.12059048, 0.9914449), (-0, 0, 1), (-0.049950212, 0.12059048, 0.9914449), (-0.06526309, 0.113039, 0.9914449), (-0, 0, 1), (-0.06526309, 0.113039, 0.9914449), (-0.07945931, 0.10355339, 0.9914449), (-0, 0, 1), (-0.07945931, 0.10355339, 0.9914449), (-0.09229595, 0.09229595, 0.9914449), (-0, 0, 1), (-0.09229595, 0.09229595, 0.9914449), (-0.10355339, 0.07945931, 0.9914449), (-0, 0, 1), (-0.10355339, 0.07945931, 0.9914449), (-0.113039, 0.06526309, 0.9914449), (-0, 0, 1), (-0.113039, 0.06526309, 0.9914449), (-0.12059048, 0.049950212, 0.9914449), (-0, 0, 1), (-0.12059048, 0.049950212, 0.9914449), (-0.12607862, 0.033782665, 0.9914449), (-0, 0, 1), (-0.12607862, 0.033782665, 0.9914449), (-0.12940952, 0.017037086, 0.9914449), (-0, 0, 1), (-0.12940952, 0.017037086, 0.9914449), (-0.13052619, 1.5984848e-17, 0.9914449), (-0, 0, 1), (-0.13052619, 1.5984848e-17, 0.9914449), (-0.12940952, -0.017037086, 0.9914449), (-0, -0, 1), (-0.12940952, -0.017037086, 0.9914449), (-0.12607862, -0.033782665, 0.9914449), (-0, -0, 1), (-0.12607862, -0.033782665, 0.9914449), (-0.12059048, -0.049950212, 0.9914449), (-0, -0, 1), (-0.12059048, -0.049950212, 0.9914449), (-0.113039, -0.06526309, 0.9914449), (-0, -0, 1), (-0.113039, -0.06526309, 0.9914449), (-0.10355339, -0.07945931, 0.9914449), (-0, -0, 1), (-0.10355339, -0.07945931, 0.9914449), (-0.09229595, -0.09229595, 0.9914449), (-0, -0, 1), (-0.09229595, -0.09229595, 0.9914449), (-0.07945931, -0.10355339, 0.9914449), (-0, -0, 1), (-0.07945931, -0.10355339, 0.9914449), (-0.06526309, -0.113039, 0.9914449), (-0, -0, 1), (-0.06526309, -0.113039, 0.9914449), (-0.049950212, -0.12059048, 0.9914449), (-0, -0, 1), (-0.049950212, -0.12059048, 0.9914449), (-0.033782665, -0.12607862, 0.9914449), (-0, -0, 1), (-0.033782665, -0.12607862, 0.9914449), (-0.017037086, -0.12940952, 0.9914449), (-0, -0, 1), (-0.017037086, -0.12940952, 0.9914449), (-2.3977273e-17, -0.13052619, 0.9914449), (-0, -0, 1), (-2.3977273e-17, -0.13052619, 0.9914449), (0.017037086, -0.12940952, 0.9914449), (0, -0, 1), (0.017037086, -0.12940952, 0.9914449), (0.033782665, -0.12607862, 0.9914449), (0, -0, 1), (0.033782665, -0.12607862, 0.9914449), (0.049950212, -0.12059048, 0.9914449), (0, -0, 1), (0.049950212, -0.12059048, 0.9914449), (0.06526309, -0.113039, 0.9914449), (0, -0, 1), (0.06526309, -0.113039, 0.9914449), (0.07945931, -0.10355339, 0.9914449), (0, -0, 1), (0.07945931, -0.10355339, 0.9914449), (0.09229595, -0.09229595, 0.9914449), (0, -0, 1), (0.09229595, -0.09229595, 0.9914449), (0.10355339, -0.07945931, 0.9914449), (0, -0, 1), (0.10355339, -0.07945931, 0.9914449), (0.113039, -0.06526309, 0.9914449), (0, -0, 1), (0.113039, -0.06526309, 0.9914449), (0.12059048, -0.049950212, 0.9914449), (0, -0, 1), (0.12059048, -0.049950212, 0.9914449), (0.12607862, -0.033782665, 0.9914449), (0, -0, 1), (0.12607862, -0.033782665, 0.9914449), (0.12940952, -0.017037086, 0.9914449), (0, -0, 1), (0.12940952, -0.017037086, 0.9914449), (0.13052619, -3.1969697e-17, 0.9914449), (0.13052619, 0, 0.9914449), (0.25881904, 0, 0.9659258), (0.25660482, 0.033782665, 0.9659258), (0.12940952, 0.017037086, 0.9914449), (0.12940952, 0.017037086, 0.9914449), (0.25660482, 0.033782665, 0.9659258), (0.25, 0.0669873, 0.9659258), (0.12607862, 0.033782665, 0.9914449), (0.12607862, 0.033782665, 0.9914449), (0.25, 0.0669873, 0.9659258), (0.23911762, 0.09904576, 0.9659258), (0.12059048, 0.049950212, 0.9914449), (0.12059048, 0.049950212, 0.9914449), (0.23911762, 0.09904576, 0.9659258), (0.22414386, 0.12940952, 0.9659258), (0.113039, 0.06526309, 0.9914449), (0.113039, 0.06526309, 0.9914449), (0.22414386, 0.12940952, 0.9659258), (0.20533495, 0.15755905, 0.9659258), (0.10355339, 0.07945931, 0.9914449), (0.10355339, 0.07945931, 0.9914449), (0.20533495, 0.15755905, 0.9659258), (0.18301271, 0.18301271, 0.9659258), (0.09229595, 0.09229595, 0.9914449), (0.09229595, 0.09229595, 0.9914449), (0.18301271, 0.18301271, 0.9659258), (0.15755905, 0.20533495, 0.9659258), (0.07945931, 0.10355339, 0.9914449), (0.07945931, 0.10355339, 0.9914449), (0.15755905, 0.20533495, 0.9659258), (0.12940952, 0.22414386, 0.9659258), (0.06526309, 0.113039, 0.9914449), (0.06526309, 0.113039, 0.9914449), (0.12940952, 0.22414386, 0.9659258), (0.09904576, 0.23911762, 0.9659258), (0.049950212, 0.12059048, 0.9914449), (0.049950212, 0.12059048, 0.9914449), (0.09904576, 0.23911762, 0.9659258), (0.0669873, 0.25, 0.9659258), (0.033782665, 0.12607862, 0.9914449), (0.033782665, 0.12607862, 0.9914449), (0.0669873, 0.25, 0.9659258), (0.033782665, 0.25660482, 0.9659258), (0.017037086, 0.12940952, 0.9914449), (0.017037086, 0.12940952, 0.9914449), (0.033782665, 0.25660482, 0.9659258), (1.5848096e-17, 0.25881904, 0.9659258), (7.992424e-18, 0.13052619, 0.9914449), (7.992424e-18, 0.13052619, 0.9914449), (1.5848096e-17, 0.25881904, 0.9659258), (-0.033782665, 0.25660482, 0.9659258), (-0.017037086, 0.12940952, 0.9914449), (-0.017037086, 0.12940952, 0.9914449), (-0.033782665, 0.25660482, 0.9659258), (-0.0669873, 0.25, 0.9659258), (-0.033782665, 0.12607862, 0.9914449), (-0.033782665, 0.12607862, 0.9914449), (-0.0669873, 0.25, 0.9659258), (-0.09904576, 0.23911762, 0.9659258), (-0.049950212, 0.12059048, 0.9914449), (-0.049950212, 0.12059048, 0.9914449), (-0.09904576, 0.23911762, 0.9659258), (-0.12940952, 0.22414386, 0.9659258), (-0.06526309, 0.113039, 0.9914449), (-0.06526309, 0.113039, 0.9914449), (-0.12940952, 0.22414386, 0.9659258), (-0.15755905, 0.20533495, 0.9659258), (-0.07945931, 0.10355339, 0.9914449), (-0.07945931, 0.10355339, 0.9914449), (-0.15755905, 0.20533495, 0.9659258), (-0.18301271, 0.18301271, 0.9659258), (-0.09229595, 0.09229595, 0.9914449), (-0.09229595, 0.09229595, 0.9914449), (-0.18301271, 0.18301271, 0.9659258), (-0.20533495, 0.15755905, 0.9659258), (-0.10355339, 0.07945931, 0.9914449), (-0.10355339, 0.07945931, 0.9914449), (-0.20533495, 0.15755905, 0.9659258), (-0.22414386, 0.12940952, 0.9659258), (-0.113039, 0.06526309, 0.9914449), (-0.113039, 0.06526309, 0.9914449), (-0.22414386, 0.12940952, 0.9659258), (-0.23911762, 0.09904576, 0.9659258), (-0.12059048, 0.049950212, 0.9914449), (-0.12059048, 0.049950212, 0.9914449), (-0.23911762, 0.09904576, 0.9659258), (-0.25, 0.0669873, 0.9659258), (-0.12607862, 0.033782665, 0.9914449), (-0.12607862, 0.033782665, 0.9914449), (-0.25, 0.0669873, 0.9659258), (-0.25660482, 0.033782665, 0.9659258), (-0.12940952, 0.017037086, 0.9914449), (-0.12940952, 0.017037086, 0.9914449), (-0.25660482, 0.033782665, 0.9659258), (-0.25881904, 3.169619e-17, 0.9659258), (-0.13052619, 1.5984848e-17, 0.9914449), (-0.13052619, 1.5984848e-17, 0.9914449), (-0.25881904, 3.169619e-17, 0.9659258), (-0.25660482, -0.033782665, 0.9659258), (-0.12940952, -0.017037086, 0.9914449), (-0.12940952, -0.017037086, 0.9914449), (-0.25660482, -0.033782665, 0.9659258), (-0.25, -0.0669873, 0.9659258), (-0.12607862, -0.033782665, 0.9914449), (-0.12607862, -0.033782665, 0.9914449), (-0.25, -0.0669873, 0.9659258), (-0.23911762, -0.09904576, 0.9659258), (-0.12059048, -0.049950212, 0.9914449), (-0.12059048, -0.049950212, 0.9914449), (-0.23911762, -0.09904576, 0.9659258), (-0.22414386, -0.12940952, 0.9659258), (-0.113039, -0.06526309, 0.9914449), (-0.113039, -0.06526309, 0.9914449), (-0.22414386, -0.12940952, 0.9659258), (-0.20533495, -0.15755905, 0.9659258), (-0.10355339, -0.07945931, 0.9914449), (-0.10355339, -0.07945931, 0.9914449), (-0.20533495, -0.15755905, 0.9659258), (-0.18301271, -0.18301271, 0.9659258), (-0.09229595, -0.09229595, 0.9914449), (-0.09229595, -0.09229595, 0.9914449), (-0.18301271, -0.18301271, 0.9659258), (-0.15755905, -0.20533495, 0.9659258), (-0.07945931, -0.10355339, 0.9914449), (-0.07945931, -0.10355339, 0.9914449), (-0.15755905, -0.20533495, 0.9659258), (-0.12940952, -0.22414386, 0.9659258), (-0.06526309, -0.113039, 0.9914449), (-0.06526309, -0.113039, 0.9914449), (-0.12940952, -0.22414386, 0.9659258), (-0.09904576, -0.23911762, 0.9659258), (-0.049950212, -0.12059048, 0.9914449), (-0.049950212, -0.12059048, 0.9914449), (-0.09904576, -0.23911762, 0.9659258), (-0.0669873, -0.25, 0.9659258), (-0.033782665, -0.12607862, 0.9914449), (-0.033782665, -0.12607862, 0.9914449), (-0.0669873, -0.25, 0.9659258), (-0.033782665, -0.25660482, 0.9659258), (-0.017037086, -0.12940952, 0.9914449), (-0.017037086, -0.12940952, 0.9914449), (-0.033782665, -0.25660482, 0.9659258), (-4.7544287e-17, -0.25881904, 0.9659258), (-2.3977273e-17, -0.13052619, 0.9914449), (-2.3977273e-17, -0.13052619, 0.9914449), (-4.7544287e-17, -0.25881904, 0.9659258), (0.033782665, -0.25660482, 0.9659258), (0.017037086, -0.12940952, 0.9914449), (0.017037086, -0.12940952, 0.9914449), (0.033782665, -0.25660482, 0.9659258), (0.0669873, -0.25, 0.9659258), (0.033782665, -0.12607862, 0.9914449), (0.033782665, -0.12607862, 0.9914449), (0.0669873, -0.25, 0.9659258), (0.09904576, -0.23911762, 0.9659258), (0.049950212, -0.12059048, 0.9914449), (0.049950212, -0.12059048, 0.9914449), (0.09904576, -0.23911762, 0.9659258), (0.12940952, -0.22414386, 0.9659258), (0.06526309, -0.113039, 0.9914449), (0.06526309, -0.113039, 0.9914449), (0.12940952, -0.22414386, 0.9659258), (0.15755905, -0.20533495, 0.9659258), (0.07945931, -0.10355339, 0.9914449), (0.07945931, -0.10355339, 0.9914449), (0.15755905, -0.20533495, 0.9659258), (0.18301271, -0.18301271, 0.9659258), (0.09229595, -0.09229595, 0.9914449), (0.09229595, -0.09229595, 0.9914449), (0.18301271, -0.18301271, 0.9659258), (0.20533495, -0.15755905, 0.9659258), (0.10355339, -0.07945931, 0.9914449), (0.10355339, -0.07945931, 0.9914449), (0.20533495, -0.15755905, 0.9659258), (0.22414386, -0.12940952, 0.9659258), (0.113039, -0.06526309, 0.9914449), (0.113039, -0.06526309, 0.9914449), (0.22414386, -0.12940952, 0.9659258), (0.23911762, -0.09904576, 0.9659258), (0.12059048, -0.049950212, 0.9914449), (0.12059048, -0.049950212, 0.9914449), (0.23911762, -0.09904576, 0.9659258), (0.25, -0.0669873, 0.9659258), (0.12607862, -0.033782665, 0.9914449), (0.12607862, -0.033782665, 0.9914449), (0.25, -0.0669873, 0.9659258), (0.25660482, -0.033782665, 0.9659258), (0.12940952, -0.017037086, 0.9914449), (0.12940952, -0.017037086, 0.9914449), (0.25660482, -0.033782665, 0.9659258), (0.25881904, -6.339238e-17, 0.9659258), (0.13052619, -3.1969697e-17, 0.9914449), (0.25881904, 0, 0.9659258), (0.38268343, 0, 0.9238795), (0.37940952, 0.049950212, 0.9238795), (0.25660482, 0.033782665, 0.9659258), (0.25660482, 0.033782665, 0.9659258), (0.37940952, 0.049950212, 0.9238795), (0.3696438, 0.09904576, 0.9238795), (0.25, 0.0669873, 0.9659258), (0.25, 0.0669873, 0.9659258), (0.3696438, 0.09904576, 0.9238795), (0.35355338, 0.14644662, 0.9238795), (0.23911762, 0.09904576, 0.9659258), (0.23911762, 0.09904576, 0.9659258), (0.35355338, 0.14644662, 0.9238795), (0.33141357, 0.19134171, 0.9238795), (0.22414386, 0.12940952, 0.9659258), (0.22414386, 0.12940952, 0.9659258), (0.33141357, 0.19134171, 0.9238795), (0.30360317, 0.2329629, 0.9238795), (0.20533495, 0.15755905, 0.9659258), (0.20533495, 0.15755905, 0.9659258), (0.30360317, 0.2329629, 0.9238795), (0.27059805, 0.27059805, 0.9238795), (0.18301271, 0.18301271, 0.9659258), (0.18301271, 0.18301271, 0.9659258), (0.27059805, 0.27059805, 0.9238795), (0.2329629, 0.30360317, 0.9238795), (0.15755905, 0.20533495, 0.9659258), (0.15755905, 0.20533495, 0.9659258), (0.2329629, 0.30360317, 0.9238795), (0.19134171, 0.33141357, 0.9238795), (0.12940952, 0.22414386, 0.9659258), (0.12940952, 0.22414386, 0.9659258), (0.19134171, 0.33141357, 0.9238795), (0.14644662, 0.35355338, 0.9238795), (0.09904576, 0.23911762, 0.9659258), (0.09904576, 0.23911762, 0.9659258), (0.14644662, 0.35355338, 0.9238795), (0.09904576, 0.3696438, 0.9238795), (0.0669873, 0.25, 0.9659258), (0.0669873, 0.25, 0.9659258), (0.09904576, 0.3696438, 0.9238795), (0.049950212, 0.37940952, 0.9238795), (0.033782665, 0.25660482, 0.9659258), (0.033782665, 0.25660482, 0.9659258), (0.049950212, 0.37940952, 0.9238795), (2.3432602e-17, 0.38268343, 0.9238795), (1.5848096e-17, 0.25881904, 0.9659258), (1.5848096e-17, 0.25881904, 0.9659258), (2.3432602e-17, 0.38268343, 0.9238795), (-0.049950212, 0.37940952, 0.9238795), (-0.033782665, 0.25660482, 0.9659258), (-0.033782665, 0.25660482, 0.9659258), (-0.049950212, 0.37940952, 0.9238795), (-0.09904576, 0.3696438, 0.9238795), (-0.0669873, 0.25, 0.9659258), (-0.0669873, 0.25, 0.9659258), (-0.09904576, 0.3696438, 0.9238795), (-0.14644662, 0.35355338, 0.9238795), (-0.09904576, 0.23911762, 0.9659258), (-0.09904576, 0.23911762, 0.9659258), (-0.14644662, 0.35355338, 0.9238795), (-0.19134171, 0.33141357, 0.9238795), (-0.12940952, 0.22414386, 0.9659258), (-0.12940952, 0.22414386, 0.9659258), (-0.19134171, 0.33141357, 0.9238795), (-0.2329629, 0.30360317, 0.9238795), (-0.15755905, 0.20533495, 0.9659258), (-0.15755905, 0.20533495, 0.9659258), (-0.2329629, 0.30360317, 0.9238795), (-0.27059805, 0.27059805, 0.9238795), (-0.18301271, 0.18301271, 0.9659258), (-0.18301271, 0.18301271, 0.9659258), (-0.27059805, 0.27059805, 0.9238795), (-0.30360317, 0.2329629, 0.9238795), (-0.20533495, 0.15755905, 0.9659258), (-0.20533495, 0.15755905, 0.9659258), (-0.30360317, 0.2329629, 0.9238795), (-0.33141357, 0.19134171, 0.9238795), (-0.22414386, 0.12940952, 0.9659258), (-0.22414386, 0.12940952, 0.9659258), (-0.33141357, 0.19134171, 0.9238795), (-0.35355338, 0.14644662, 0.9238795), (-0.23911762, 0.09904576, 0.9659258), (-0.23911762, 0.09904576, 0.9659258), (-0.35355338, 0.14644662, 0.9238795), (-0.3696438, 0.09904576, 0.9238795), (-0.25, 0.0669873, 0.9659258), (-0.25, 0.0669873, 0.9659258), (-0.3696438, 0.09904576, 0.9238795), (-0.37940952, 0.049950212, 0.9238795), (-0.25660482, 0.033782665, 0.9659258), (-0.25660482, 0.033782665, 0.9659258), (-0.37940952, 0.049950212, 0.9238795), (-0.38268343, 4.6865205e-17, 0.9238795), (-0.25881904, 3.169619e-17, 0.9659258), (-0.25881904, 3.169619e-17, 0.9659258), (-0.38268343, 4.6865205e-17, 0.9238795), (-0.37940952, -0.049950212, 0.9238795), (-0.25660482, -0.033782665, 0.9659258), (-0.25660482, -0.033782665, 0.9659258), (-0.37940952, -0.049950212, 0.9238795), (-0.3696438, -0.09904576, 0.9238795), (-0.25, -0.0669873, 0.9659258), (-0.25, -0.0669873, 0.9659258), (-0.3696438, -0.09904576, 0.9238795), (-0.35355338, -0.14644662, 0.9238795), (-0.23911762, -0.09904576, 0.9659258), (-0.23911762, -0.09904576, 0.9659258), (-0.35355338, -0.14644662, 0.9238795), (-0.33141357, -0.19134171, 0.9238795), (-0.22414386, -0.12940952, 0.9659258), (-0.22414386, -0.12940952, 0.9659258), (-0.33141357, -0.19134171, 0.9238795), (-0.30360317, -0.2329629, 0.9238795), (-0.20533495, -0.15755905, 0.9659258), (-0.20533495, -0.15755905, 0.9659258), (-0.30360317, -0.2329629, 0.9238795), (-0.27059805, -0.27059805, 0.9238795), (-0.18301271, -0.18301271, 0.9659258), (-0.18301271, -0.18301271, 0.9659258), (-0.27059805, -0.27059805, 0.9238795), (-0.2329629, -0.30360317, 0.9238795), (-0.15755905, -0.20533495, 0.9659258), (-0.15755905, -0.20533495, 0.9659258), (-0.2329629, -0.30360317, 0.9238795), (-0.19134171, -0.33141357, 0.9238795), (-0.12940952, -0.22414386, 0.9659258), (-0.12940952, -0.22414386, 0.9659258), (-0.19134171, -0.33141357, 0.9238795), (-0.14644662, -0.35355338, 0.9238795), (-0.09904576, -0.23911762, 0.9659258), (-0.09904576, -0.23911762, 0.9659258), (-0.14644662, -0.35355338, 0.9238795), (-0.09904576, -0.3696438, 0.9238795), (-0.0669873, -0.25, 0.9659258), (-0.0669873, -0.25, 0.9659258), (-0.09904576, -0.3696438, 0.9238795), (-0.049950212, -0.37940952, 0.9238795), (-0.033782665, -0.25660482, 0.9659258), (-0.033782665, -0.25660482, 0.9659258), (-0.049950212, -0.37940952, 0.9238795), (-7.0297805e-17, -0.38268343, 0.9238795), (-4.7544287e-17, -0.25881904, 0.9659258), (-4.7544287e-17, -0.25881904, 0.9659258), (-7.0297805e-17, -0.38268343, 0.9238795), (0.049950212, -0.37940952, 0.9238795), (0.033782665, -0.25660482, 0.9659258), (0.033782665, -0.25660482, 0.9659258), (0.049950212, -0.37940952, 0.9238795), (0.09904576, -0.3696438, 0.9238795), (0.0669873, -0.25, 0.9659258), (0.0669873, -0.25, 0.9659258), (0.09904576, -0.3696438, 0.9238795), (0.14644662, -0.35355338, 0.9238795), (0.09904576, -0.23911762, 0.9659258), (0.09904576, -0.23911762, 0.9659258), (0.14644662, -0.35355338, 0.9238795), (0.19134171, -0.33141357, 0.9238795), (0.12940952, -0.22414386, 0.9659258), (0.12940952, -0.22414386, 0.9659258), (0.19134171, -0.33141357, 0.9238795), (0.2329629, -0.30360317, 0.9238795), (0.15755905, -0.20533495, 0.9659258), (0.15755905, -0.20533495, 0.9659258), (0.2329629, -0.30360317, 0.9238795), (0.27059805, -0.27059805, 0.9238795), (0.18301271, -0.18301271, 0.9659258), (0.18301271, -0.18301271, 0.9659258), (0.27059805, -0.27059805, 0.9238795), (0.30360317, -0.2329629, 0.9238795), (0.20533495, -0.15755905, 0.9659258), (0.20533495, -0.15755905, 0.9659258), (0.30360317, -0.2329629, 0.9238795), (0.33141357, -0.19134171, 0.9238795), (0.22414386, -0.12940952, 0.9659258), (0.22414386, -0.12940952, 0.9659258), (0.33141357, -0.19134171, 0.9238795), (0.35355338, -0.14644662, 0.9238795), (0.23911762, -0.09904576, 0.9659258), (0.23911762, -0.09904576, 0.9659258), (0.35355338, -0.14644662, 0.9238795), (0.3696438, -0.09904576, 0.9238795), (0.25, -0.0669873, 0.9659258), (0.25, -0.0669873, 0.9659258), (0.3696438, -0.09904576, 0.9238795), (0.37940952, -0.049950212, 0.9238795), (0.25660482, -0.033782665, 0.9659258), (0.25660482, -0.033782665, 0.9659258), (0.37940952, -0.049950212, 0.9238795), (0.38268343, -9.373041e-17, 0.9238795), (0.25881904, -6.339238e-17, 0.9659258), (0.38268343, 0, 0.9238795), (0.5, 0, 0.8660254), (0.49572244, 0.06526309, 0.8660254), (0.37940952, 0.049950212, 0.9238795), (0.37940952, 0.049950212, 0.9238795), (0.49572244, 0.06526309, 0.8660254), (0.4829629, 0.12940952, 0.8660254), (0.3696438, 0.09904576, 0.9238795), (0.3696438, 0.09904576, 0.9238795), (0.4829629, 0.12940952, 0.8660254), (0.46193975, 0.19134171, 0.8660254), (0.35355338, 0.14644662, 0.9238795), (0.35355338, 0.14644662, 0.9238795), (0.46193975, 0.19134171, 0.8660254), (0.4330127, 0.25, 0.8660254), (0.33141357, 0.19134171, 0.9238795), (0.33141357, 0.19134171, 0.9238795), (0.4330127, 0.25, 0.8660254), (0.39667666, 0.3043807, 0.8660254), (0.30360317, 0.2329629, 0.9238795), (0.30360317, 0.2329629, 0.9238795), (0.39667666, 0.3043807, 0.8660254), (0.35355338, 0.35355338, 0.8660254), (0.27059805, 0.27059805, 0.9238795), (0.27059805, 0.27059805, 0.9238795), (0.35355338, 0.35355338, 0.8660254), (0.3043807, 0.39667666, 0.8660254), (0.2329629, 0.30360317, 0.9238795), (0.2329629, 0.30360317, 0.9238795), (0.3043807, 0.39667666, 0.8660254), (0.25, 0.4330127, 0.8660254), (0.19134171, 0.33141357, 0.9238795), (0.19134171, 0.33141357, 0.9238795), (0.25, 0.4330127, 0.8660254), (0.19134171, 0.46193975, 0.8660254), (0.14644662, 0.35355338, 0.9238795), (0.14644662, 0.35355338, 0.9238795), (0.19134171, 0.46193975, 0.8660254), (0.12940952, 0.4829629, 0.8660254), (0.09904576, 0.3696438, 0.9238795), (0.09904576, 0.3696438, 0.9238795), (0.12940952, 0.4829629, 0.8660254), (0.06526309, 0.49572244, 0.8660254), (0.049950212, 0.37940952, 0.9238795), (0.049950212, 0.37940952, 0.9238795), (0.06526309, 0.49572244, 0.8660254), (3.061617e-17, 0.5, 0.8660254), (2.3432602e-17, 0.38268343, 0.9238795), (2.3432602e-17, 0.38268343, 0.9238795), (3.061617e-17, 0.5, 0.8660254), (-0.06526309, 0.49572244, 0.8660254), (-0.049950212, 0.37940952, 0.9238795), (-0.049950212, 0.37940952, 0.9238795), (-0.06526309, 0.49572244, 0.8660254), (-0.12940952, 0.4829629, 0.8660254), (-0.09904576, 0.3696438, 0.9238795), (-0.09904576, 0.3696438, 0.9238795), (-0.12940952, 0.4829629, 0.8660254), (-0.19134171, 0.46193975, 0.8660254), (-0.14644662, 0.35355338, 0.9238795), (-0.14644662, 0.35355338, 0.9238795), (-0.19134171, 0.46193975, 0.8660254), (-0.25, 0.4330127, 0.8660254), (-0.19134171, 0.33141357, 0.9238795), (-0.19134171, 0.33141357, 0.9238795), (-0.25, 0.4330127, 0.8660254), (-0.3043807, 0.39667666, 0.8660254), (-0.2329629, 0.30360317, 0.9238795), (-0.2329629, 0.30360317, 0.9238795), (-0.3043807, 0.39667666, 0.8660254), (-0.35355338, 0.35355338, 0.8660254), (-0.27059805, 0.27059805, 0.9238795), (-0.27059805, 0.27059805, 0.9238795), (-0.35355338, 0.35355338, 0.8660254), (-0.39667666, 0.3043807, 0.8660254), (-0.30360317, 0.2329629, 0.9238795), (-0.30360317, 0.2329629, 0.9238795), (-0.39667666, 0.3043807, 0.8660254), (-0.4330127, 0.25, 0.8660254), (-0.33141357, 0.19134171, 0.9238795), (-0.33141357, 0.19134171, 0.9238795), (-0.4330127, 0.25, 0.8660254), (-0.46193975, 0.19134171, 0.8660254), (-0.35355338, 0.14644662, 0.9238795), (-0.35355338, 0.14644662, 0.9238795), (-0.46193975, 0.19134171, 0.8660254), (-0.4829629, 0.12940952, 0.8660254), (-0.3696438, 0.09904576, 0.9238795), (-0.3696438, 0.09904576, 0.9238795), (-0.4829629, 0.12940952, 0.8660254), (-0.49572244, 0.06526309, 0.8660254), (-0.37940952, 0.049950212, 0.9238795), (-0.37940952, 0.049950212, 0.9238795), (-0.49572244, 0.06526309, 0.8660254), (-0.5, 6.123234e-17, 0.8660254), (-0.38268343, 4.6865205e-17, 0.9238795), (-0.38268343, 4.6865205e-17, 0.9238795), (-0.5, 6.123234e-17, 0.8660254), (-0.49572244, -0.06526309, 0.8660254), (-0.37940952, -0.049950212, 0.9238795), (-0.37940952, -0.049950212, 0.9238795), (-0.49572244, -0.06526309, 0.8660254), (-0.4829629, -0.12940952, 0.8660254), (-0.3696438, -0.09904576, 0.9238795), (-0.3696438, -0.09904576, 0.9238795), (-0.4829629, -0.12940952, 0.8660254), (-0.46193975, -0.19134171, 0.8660254), (-0.35355338, -0.14644662, 0.9238795), (-0.35355338, -0.14644662, 0.9238795), (-0.46193975, -0.19134171, 0.8660254), (-0.4330127, -0.25, 0.8660254), (-0.33141357, -0.19134171, 0.9238795), (-0.33141357, -0.19134171, 0.9238795), (-0.4330127, -0.25, 0.8660254), (-0.39667666, -0.3043807, 0.8660254), (-0.30360317, -0.2329629, 0.9238795), (-0.30360317, -0.2329629, 0.9238795), (-0.39667666, -0.3043807, 0.8660254), (-0.35355338, -0.35355338, 0.8660254), (-0.27059805, -0.27059805, 0.9238795), (-0.27059805, -0.27059805, 0.9238795), (-0.35355338, -0.35355338, 0.8660254), (-0.3043807, -0.39667666, 0.8660254), (-0.2329629, -0.30360317, 0.9238795), (-0.2329629, -0.30360317, 0.9238795), (-0.3043807, -0.39667666, 0.8660254), (-0.25, -0.4330127, 0.8660254), (-0.19134171, -0.33141357, 0.9238795), (-0.19134171, -0.33141357, 0.9238795), (-0.25, -0.4330127, 0.8660254), (-0.19134171, -0.46193975, 0.8660254), (-0.14644662, -0.35355338, 0.9238795), (-0.14644662, -0.35355338, 0.9238795), (-0.19134171, -0.46193975, 0.8660254), (-0.12940952, -0.4829629, 0.8660254), (-0.09904576, -0.3696438, 0.9238795), (-0.09904576, -0.3696438, 0.9238795), (-0.12940952, -0.4829629, 0.8660254), (-0.06526309, -0.49572244, 0.8660254), (-0.049950212, -0.37940952, 0.9238795), (-0.049950212, -0.37940952, 0.9238795), (-0.06526309, -0.49572244, 0.8660254), (-9.184851e-17, -0.5, 0.8660254), (-7.0297805e-17, -0.38268343, 0.9238795), (-7.0297805e-17, -0.38268343, 0.9238795), (-9.184851e-17, -0.5, 0.8660254), (0.06526309, -0.49572244, 0.8660254), (0.049950212, -0.37940952, 0.9238795), (0.049950212, -0.37940952, 0.9238795), (0.06526309, -0.49572244, 0.8660254), (0.12940952, -0.4829629, 0.8660254), (0.09904576, -0.3696438, 0.9238795), (0.09904576, -0.3696438, 0.9238795), (0.12940952, -0.4829629, 0.8660254), (0.19134171, -0.46193975, 0.8660254), (0.14644662, -0.35355338, 0.9238795), (0.14644662, -0.35355338, 0.9238795), (0.19134171, -0.46193975, 0.8660254), (0.25, -0.4330127, 0.8660254), (0.19134171, -0.33141357, 0.9238795), (0.19134171, -0.33141357, 0.9238795), (0.25, -0.4330127, 0.8660254), (0.3043807, -0.39667666, 0.8660254), (0.2329629, -0.30360317, 0.9238795), (0.2329629, -0.30360317, 0.9238795), (0.3043807, -0.39667666, 0.8660254), (0.35355338, -0.35355338, 0.8660254), (0.27059805, -0.27059805, 0.9238795), (0.27059805, -0.27059805, 0.9238795), (0.35355338, -0.35355338, 0.8660254), (0.39667666, -0.3043807, 0.8660254), (0.30360317, -0.2329629, 0.9238795), (0.30360317, -0.2329629, 0.9238795), (0.39667666, -0.3043807, 0.8660254), (0.4330127, -0.25, 0.8660254), (0.33141357, -0.19134171, 0.9238795), (0.33141357, -0.19134171, 0.9238795), (0.4330127, -0.25, 0.8660254), (0.46193975, -0.19134171, 0.8660254), (0.35355338, -0.14644662, 0.9238795), (0.35355338, -0.14644662, 0.9238795), (0.46193975, -0.19134171, 0.8660254), (0.4829629, -0.12940952, 0.8660254), (0.3696438, -0.09904576, 0.9238795), (0.3696438, -0.09904576, 0.9238795), (0.4829629, -0.12940952, 0.8660254), (0.49572244, -0.06526309, 0.8660254), (0.37940952, -0.049950212, 0.9238795), (0.37940952, -0.049950212, 0.9238795), (0.49572244, -0.06526309, 0.8660254), (0.5, -1.2246469e-16, 0.8660254), (0.38268343, -9.373041e-17, 0.9238795), (0.5, 0, 0.8660254), (0.6087614, 0, 0.7933533), (0.6035534, 0.07945931, 0.7933533), (0.49572244, 0.06526309, 0.8660254), (0.49572244, 0.06526309, 0.8660254), (0.6035534, 0.07945931, 0.7933533), (0.58801836, 0.15755905, 0.7933533), (0.4829629, 0.12940952, 0.8660254), (0.4829629, 0.12940952, 0.8660254), (0.58801836, 0.15755905, 0.7933533), (0.5624222, 0.2329629, 0.7933533), (0.46193975, 0.19134171, 0.8660254), (0.46193975, 0.19134171, 0.8660254), (0.5624222, 0.2329629, 0.7933533), (0.52720284, 0.3043807, 0.7933533), (0.4330127, 0.25, 0.8660254), (0.4330127, 0.25, 0.8660254), (0.52720284, 0.3043807, 0.7933533), (0.4829629, 0.37059048, 0.7933533), (0.39667666, 0.3043807, 0.8660254), (0.39667666, 0.3043807, 0.8660254), (0.4829629, 0.37059048, 0.7933533), (0.43045932, 0.43045932, 0.7933533), (0.35355338, 0.35355338, 0.8660254), (0.35355338, 0.35355338, 0.8660254), (0.43045932, 0.43045932, 0.7933533), (0.37059048, 0.4829629, 0.7933533), (0.3043807, 0.39667666, 0.8660254), (0.3043807, 0.39667666, 0.8660254), (0.37059048, 0.4829629, 0.7933533), (0.3043807, 0.52720284, 0.7933533), (0.25, 0.4330127, 0.8660254), (0.25, 0.4330127, 0.8660254), (0.3043807, 0.52720284, 0.7933533), (0.2329629, 0.5624222, 0.7933533), (0.19134171, 0.46193975, 0.8660254), (0.19134171, 0.46193975, 0.8660254), (0.2329629, 0.5624222, 0.7933533), (0.15755905, 0.58801836, 0.7933533), (0.12940952, 0.4829629, 0.8660254), (0.12940952, 0.4829629, 0.8660254), (0.15755905, 0.58801836, 0.7933533), (0.07945931, 0.6035534, 0.7933533), (0.06526309, 0.49572244, 0.8660254), (0.06526309, 0.49572244, 0.8660254), (0.07945931, 0.6035534, 0.7933533), (3.7275885e-17, 0.6087614, 0.7933533), (3.061617e-17, 0.5, 0.8660254), (3.061617e-17, 0.5, 0.8660254), (3.7275885e-17, 0.6087614, 0.7933533), (-0.07945931, 0.6035534, 0.7933533), (-0.06526309, 0.49572244, 0.8660254), (-0.06526309, 0.49572244, 0.8660254), (-0.07945931, 0.6035534, 0.7933533), (-0.15755905, 0.58801836, 0.7933533), (-0.12940952, 0.4829629, 0.8660254), (-0.12940952, 0.4829629, 0.8660254), (-0.15755905, 0.58801836, 0.7933533), (-0.2329629, 0.5624222, 0.7933533), (-0.19134171, 0.46193975, 0.8660254), (-0.19134171, 0.46193975, 0.8660254), (-0.2329629, 0.5624222, 0.7933533), (-0.3043807, 0.52720284, 0.7933533), (-0.25, 0.4330127, 0.8660254), (-0.25, 0.4330127, 0.8660254), (-0.3043807, 0.52720284, 0.7933533), (-0.37059048, 0.4829629, 0.7933533), (-0.3043807, 0.39667666, 0.8660254), (-0.3043807, 0.39667666, 0.8660254), (-0.37059048, 0.4829629, 0.7933533), (-0.43045932, 0.43045932, 0.7933533), (-0.35355338, 0.35355338, 0.8660254), (-0.35355338, 0.35355338, 0.8660254), (-0.43045932, 0.43045932, 0.7933533), (-0.4829629, 0.37059048, 0.7933533), (-0.39667666, 0.3043807, 0.8660254), (-0.39667666, 0.3043807, 0.8660254), (-0.4829629, 0.37059048, 0.7933533), (-0.52720284, 0.3043807, 0.7933533), (-0.4330127, 0.25, 0.8660254), (-0.4330127, 0.25, 0.8660254), (-0.52720284, 0.3043807, 0.7933533), (-0.5624222, 0.2329629, 0.7933533), (-0.46193975, 0.19134171, 0.8660254), (-0.46193975, 0.19134171, 0.8660254), (-0.5624222, 0.2329629, 0.7933533), (-0.58801836, 0.15755905, 0.7933533), (-0.4829629, 0.12940952, 0.8660254), (-0.4829629, 0.12940952, 0.8660254), (-0.58801836, 0.15755905, 0.7933533), (-0.6035534, 0.07945931, 0.7933533), (-0.49572244, 0.06526309, 0.8660254), (-0.49572244, 0.06526309, 0.8660254), (-0.6035534, 0.07945931, 0.7933533), (-0.6087614, 7.455177e-17, 0.7933533), (-0.5, 6.123234e-17, 0.8660254), (-0.5, 6.123234e-17, 0.8660254), (-0.6087614, 7.455177e-17, 0.7933533), (-0.6035534, -0.07945931, 0.7933533), (-0.49572244, -0.06526309, 0.8660254), (-0.49572244, -0.06526309, 0.8660254), (-0.6035534, -0.07945931, 0.7933533), (-0.58801836, -0.15755905, 0.7933533), (-0.4829629, -0.12940952, 0.8660254), (-0.4829629, -0.12940952, 0.8660254), (-0.58801836, -0.15755905, 0.7933533), (-0.5624222, -0.2329629, 0.7933533), (-0.46193975, -0.19134171, 0.8660254), (-0.46193975, -0.19134171, 0.8660254), (-0.5624222, -0.2329629, 0.7933533), (-0.52720284, -0.3043807, 0.7933533), (-0.4330127, -0.25, 0.8660254), (-0.4330127, -0.25, 0.8660254), (-0.52720284, -0.3043807, 0.7933533), (-0.4829629, -0.37059048, 0.7933533), (-0.39667666, -0.3043807, 0.8660254), (-0.39667666, -0.3043807, 0.8660254), (-0.4829629, -0.37059048, 0.7933533), (-0.43045932, -0.43045932, 0.7933533), (-0.35355338, -0.35355338, 0.8660254), (-0.35355338, -0.35355338, 0.8660254), (-0.43045932, -0.43045932, 0.7933533), (-0.37059048, -0.4829629, 0.7933533), (-0.3043807, -0.39667666, 0.8660254), (-0.3043807, -0.39667666, 0.8660254), (-0.37059048, -0.4829629, 0.7933533), (-0.3043807, -0.52720284, 0.7933533), (-0.25, -0.4330127, 0.8660254), (-0.25, -0.4330127, 0.8660254), (-0.3043807, -0.52720284, 0.7933533), (-0.2329629, -0.5624222, 0.7933533), (-0.19134171, -0.46193975, 0.8660254), (-0.19134171, -0.46193975, 0.8660254), (-0.2329629, -0.5624222, 0.7933533), (-0.15755905, -0.58801836, 0.7933533), (-0.12940952, -0.4829629, 0.8660254), (-0.12940952, -0.4829629, 0.8660254), (-0.15755905, -0.58801836, 0.7933533), (-0.07945931, -0.6035534, 0.7933533), (-0.06526309, -0.49572244, 0.8660254), (-0.06526309, -0.49572244, 0.8660254), (-0.07945931, -0.6035534, 0.7933533), (-1.1182766e-16, -0.6087614, 0.7933533), (-9.184851e-17, -0.5, 0.8660254), (-9.184851e-17, -0.5, 0.8660254), (-1.1182766e-16, -0.6087614, 0.7933533), (0.07945931, -0.6035534, 0.7933533), (0.06526309, -0.49572244, 0.8660254), (0.06526309, -0.49572244, 0.8660254), (0.07945931, -0.6035534, 0.7933533), (0.15755905, -0.58801836, 0.7933533), (0.12940952, -0.4829629, 0.8660254), (0.12940952, -0.4829629, 0.8660254), (0.15755905, -0.58801836, 0.7933533), (0.2329629, -0.5624222, 0.7933533), (0.19134171, -0.46193975, 0.8660254), (0.19134171, -0.46193975, 0.8660254), (0.2329629, -0.5624222, 0.7933533), (0.3043807, -0.52720284, 0.7933533), (0.25, -0.4330127, 0.8660254), (0.25, -0.4330127, 0.8660254), (0.3043807, -0.52720284, 0.7933533), (0.37059048, -0.4829629, 0.7933533), (0.3043807, -0.39667666, 0.8660254), (0.3043807, -0.39667666, 0.8660254), (0.37059048, -0.4829629, 0.7933533), (0.43045932, -0.43045932, 0.7933533), (0.35355338, -0.35355338, 0.8660254), (0.35355338, -0.35355338, 0.8660254), (0.43045932, -0.43045932, 0.7933533), (0.4829629, -0.37059048, 0.7933533), (0.39667666, -0.3043807, 0.8660254), (0.39667666, -0.3043807, 0.8660254), (0.4829629, -0.37059048, 0.7933533), (0.52720284, -0.3043807, 0.7933533), (0.4330127, -0.25, 0.8660254), (0.4330127, -0.25, 0.8660254), (0.52720284, -0.3043807, 0.7933533), (0.5624222, -0.2329629, 0.7933533), (0.46193975, -0.19134171, 0.8660254), (0.46193975, -0.19134171, 0.8660254), (0.5624222, -0.2329629, 0.7933533), (0.58801836, -0.15755905, 0.7933533), (0.4829629, -0.12940952, 0.8660254), (0.4829629, -0.12940952, 0.8660254), (0.58801836, -0.15755905, 0.7933533), (0.6035534, -0.07945931, 0.7933533), (0.49572244, -0.06526309, 0.8660254), (0.49572244, -0.06526309, 0.8660254), (0.6035534, -0.07945931, 0.7933533), (0.6087614, -1.4910354e-16, 0.7933533), (0.5, -1.2246469e-16, 0.8660254), (0.6087614, 0, 0.7933533), (0.70710677, 0, 0.70710677), (0.7010574, 0.09229595, 0.70710677), (0.6035534, 0.07945931, 0.7933533), (0.6035534, 0.07945931, 0.7933533), (0.7010574, 0.09229595, 0.70710677), (0.6830127, 0.18301271, 0.70710677), (0.58801836, 0.15755905, 0.7933533), (0.58801836, 0.15755905, 0.7933533), (0.6830127, 0.18301271, 0.70710677), (0.6532815, 0.27059805, 0.70710677), (0.5624222, 0.2329629, 0.7933533), (0.5624222, 0.2329629, 0.7933533), (0.6532815, 0.27059805, 0.70710677), (0.61237246, 0.35355338, 0.70710677), (0.52720284, 0.3043807, 0.7933533), (0.52720284, 0.3043807, 0.7933533), (0.61237246, 0.35355338, 0.70710677), (0.5609855, 0.43045932, 0.70710677), (0.4829629, 0.37059048, 0.7933533), (0.4829629, 0.37059048, 0.7933533), (0.5609855, 0.43045932, 0.70710677), (0.5, 0.5, 0.70710677), (0.43045932, 0.43045932, 0.7933533), (0.43045932, 0.43045932, 0.7933533), (0.5, 0.5, 0.70710677), (0.43045932, 0.5609855, 0.70710677), (0.37059048, 0.4829629, 0.7933533), (0.37059048, 0.4829629, 0.7933533), (0.43045932, 0.5609855, 0.70710677), (0.35355338, 0.61237246, 0.70710677), (0.3043807, 0.52720284, 0.7933533), (0.3043807, 0.52720284, 0.7933533), (0.35355338, 0.61237246, 0.70710677), (0.27059805, 0.6532815, 0.70710677), (0.2329629, 0.5624222, 0.7933533), (0.2329629, 0.5624222, 0.7933533), (0.27059805, 0.6532815, 0.70710677), (0.18301271, 0.6830127, 0.70710677), (0.15755905, 0.58801836, 0.7933533), (0.15755905, 0.58801836, 0.7933533), (0.18301271, 0.6830127, 0.70710677), (0.09229595, 0.7010574, 0.70710677), (0.07945931, 0.6035534, 0.7933533), (0.07945931, 0.6035534, 0.7933533), (0.09229595, 0.7010574, 0.70710677), (4.3297803e-17, 0.70710677, 0.70710677), (3.7275885e-17, 0.6087614, 0.7933533), (3.7275885e-17, 0.6087614, 0.7933533), (4.3297803e-17, 0.70710677, 0.70710677), (-0.09229595, 0.7010574, 0.70710677), (-0.07945931, 0.6035534, 0.7933533), (-0.07945931, 0.6035534, 0.7933533), (-0.09229595, 0.7010574, 0.70710677), (-0.18301271, 0.6830127, 0.70710677), (-0.15755905, 0.58801836, 0.7933533), (-0.15755905, 0.58801836, 0.7933533), (-0.18301271, 0.6830127, 0.70710677), (-0.27059805, 0.6532815, 0.70710677), (-0.2329629, 0.5624222, 0.7933533), (-0.2329629, 0.5624222, 0.7933533), (-0.27059805, 0.6532815, 0.70710677), (-0.35355338, 0.61237246, 0.70710677), (-0.3043807, 0.52720284, 0.7933533), (-0.3043807, 0.52720284, 0.7933533), (-0.35355338, 0.61237246, 0.70710677), (-0.43045932, 0.5609855, 0.70710677), (-0.37059048, 0.4829629, 0.7933533), (-0.37059048, 0.4829629, 0.7933533), (-0.43045932, 0.5609855, 0.70710677), (-0.5, 0.5, 0.70710677), (-0.43045932, 0.43045932, 0.7933533), (-0.43045932, 0.43045932, 0.7933533), (-0.5, 0.5, 0.70710677), (-0.5609855, 0.43045932, 0.70710677), (-0.4829629, 0.37059048, 0.7933533), (-0.4829629, 0.37059048, 0.7933533), (-0.5609855, 0.43045932, 0.70710677), (-0.61237246, 0.35355338, 0.70710677), (-0.52720284, 0.3043807, 0.7933533), (-0.52720284, 0.3043807, 0.7933533), (-0.61237246, 0.35355338, 0.70710677), (-0.6532815, 0.27059805, 0.70710677), (-0.5624222, 0.2329629, 0.7933533), (-0.5624222, 0.2329629, 0.7933533), (-0.6532815, 0.27059805, 0.70710677), (-0.6830127, 0.18301271, 0.70710677), (-0.58801836, 0.15755905, 0.7933533), (-0.58801836, 0.15755905, 0.7933533), (-0.6830127, 0.18301271, 0.70710677), (-0.7010574, 0.09229595, 0.70710677), (-0.6035534, 0.07945931, 0.7933533), (-0.6035534, 0.07945931, 0.7933533), (-0.7010574, 0.09229595, 0.70710677), (-0.70710677, 8.6595606e-17, 0.70710677), (-0.6087614, 7.455177e-17, 0.7933533), (-0.6087614, 7.455177e-17, 0.7933533), (-0.70710677, 8.6595606e-17, 0.70710677), (-0.7010574, -0.09229595, 0.70710677), (-0.6035534, -0.07945931, 0.7933533), (-0.6035534, -0.07945931, 0.7933533), (-0.7010574, -0.09229595, 0.70710677), (-0.6830127, -0.18301271, 0.70710677), (-0.58801836, -0.15755905, 0.7933533), (-0.58801836, -0.15755905, 0.7933533), (-0.6830127, -0.18301271, 0.70710677), (-0.6532815, -0.27059805, 0.70710677), (-0.5624222, -0.2329629, 0.7933533), (-0.5624222, -0.2329629, 0.7933533), (-0.6532815, -0.27059805, 0.70710677), (-0.61237246, -0.35355338, 0.70710677), (-0.52720284, -0.3043807, 0.7933533), (-0.52720284, -0.3043807, 0.7933533), (-0.61237246, -0.35355338, 0.70710677), (-0.5609855, -0.43045932, 0.70710677), (-0.4829629, -0.37059048, 0.7933533), (-0.4829629, -0.37059048, 0.7933533), (-0.5609855, -0.43045932, 0.70710677), (-0.5, -0.5, 0.70710677), (-0.43045932, -0.43045932, 0.7933533), (-0.43045932, -0.43045932, 0.7933533), (-0.5, -0.5, 0.70710677), (-0.43045932, -0.5609855, 0.70710677), (-0.37059048, -0.4829629, 0.7933533), (-0.37059048, -0.4829629, 0.7933533), (-0.43045932, -0.5609855, 0.70710677), (-0.35355338, -0.61237246, 0.70710677), (-0.3043807, -0.52720284, 0.7933533), (-0.3043807, -0.52720284, 0.7933533), (-0.35355338, -0.61237246, 0.70710677), (-0.27059805, -0.6532815, 0.70710677), (-0.2329629, -0.5624222, 0.7933533), (-0.2329629, -0.5624222, 0.7933533), (-0.27059805, -0.6532815, 0.70710677), (-0.18301271, -0.6830127, 0.70710677), (-0.15755905, -0.58801836, 0.7933533), (-0.15755905, -0.58801836, 0.7933533), (-0.18301271, -0.6830127, 0.70710677), (-0.09229595, -0.7010574, 0.70710677), (-0.07945931, -0.6035534, 0.7933533), (-0.07945931, -0.6035534, 0.7933533), (-0.09229595, -0.7010574, 0.70710677), (-1.298934e-16, -0.70710677, 0.70710677), (-1.1182766e-16, -0.6087614, 0.7933533), (-1.1182766e-16, -0.6087614, 0.7933533), (-1.298934e-16, -0.70710677, 0.70710677), (0.09229595, -0.7010574, 0.70710677), (0.07945931, -0.6035534, 0.7933533), (0.07945931, -0.6035534, 0.7933533), (0.09229595, -0.7010574, 0.70710677), (0.18301271, -0.6830127, 0.70710677), (0.15755905, -0.58801836, 0.7933533), (0.15755905, -0.58801836, 0.7933533), (0.18301271, -0.6830127, 0.70710677), (0.27059805, -0.6532815, 0.70710677), (0.2329629, -0.5624222, 0.7933533), (0.2329629, -0.5624222, 0.7933533), (0.27059805, -0.6532815, 0.70710677), (0.35355338, -0.61237246, 0.70710677), (0.3043807, -0.52720284, 0.7933533), (0.3043807, -0.52720284, 0.7933533), (0.35355338, -0.61237246, 0.70710677), (0.43045932, -0.5609855, 0.70710677), (0.37059048, -0.4829629, 0.7933533), (0.37059048, -0.4829629, 0.7933533), (0.43045932, -0.5609855, 0.70710677), (0.5, -0.5, 0.70710677), (0.43045932, -0.43045932, 0.7933533), (0.43045932, -0.43045932, 0.7933533), (0.5, -0.5, 0.70710677), (0.5609855, -0.43045932, 0.70710677), (0.4829629, -0.37059048, 0.7933533), (0.4829629, -0.37059048, 0.7933533), (0.5609855, -0.43045932, 0.70710677), (0.61237246, -0.35355338, 0.70710677), (0.52720284, -0.3043807, 0.7933533), (0.52720284, -0.3043807, 0.7933533), (0.61237246, -0.35355338, 0.70710677), (0.6532815, -0.27059805, 0.70710677), (0.5624222, -0.2329629, 0.7933533), (0.5624222, -0.2329629, 0.7933533), (0.6532815, -0.27059805, 0.70710677), (0.6830127, -0.18301271, 0.70710677), (0.58801836, -0.15755905, 0.7933533), (0.58801836, -0.15755905, 0.7933533), (0.6830127, -0.18301271, 0.70710677), (0.7010574, -0.09229595, 0.70710677), (0.6035534, -0.07945931, 0.7933533), (0.6035534, -0.07945931, 0.7933533), (0.7010574, -0.09229595, 0.70710677), (0.70710677, -1.7319121e-16, 0.70710677), (0.6087614, -1.4910354e-16, 0.7933533), (0.70710677, 0, 0.70710677), (0.7933533, 0, 0.6087614), (0.7865661, 0.10355339, 0.6087614), (0.7010574, 0.09229595, 0.70710677), (0.7010574, 0.09229595, 0.70710677), (0.7865661, 0.10355339, 0.6087614), (0.76632047, 0.20533495, 0.6087614), (0.6830127, 0.18301271, 0.70710677), (0.6830127, 0.18301271, 0.70710677), (0.76632047, 0.20533495, 0.6087614), (0.7329629, 0.30360317, 0.6087614), (0.6532815, 0.27059805, 0.70710677), (0.6532815, 0.27059805, 0.70710677), (0.7329629, 0.30360317, 0.6087614), (0.6870642, 0.39667666, 0.6087614), (0.61237246, 0.35355338, 0.70710677), (0.61237246, 0.35355338, 0.70710677), (0.6870642, 0.39667666, 0.6087614), (0.62940955, 0.4829629, 0.6087614), (0.5609855, 0.43045932, 0.70710677), (0.5609855, 0.43045932, 0.70710677), (0.62940955, 0.4829629, 0.6087614), (0.5609855, 0.5609855, 0.6087614), (0.5, 0.5, 0.70710677), (0.5, 0.5, 0.70710677), (0.5609855, 0.5609855, 0.6087614), (0.4829629, 0.62940955, 0.6087614), (0.43045932, 0.5609855, 0.70710677), (0.43045932, 0.5609855, 0.70710677), (0.4829629, 0.62940955, 0.6087614), (0.39667666, 0.6870642, 0.6087614), (0.35355338, 0.61237246, 0.70710677), (0.35355338, 0.61237246, 0.70710677), (0.39667666, 0.6870642, 0.6087614), (0.30360317, 0.7329629, 0.6087614), (0.27059805, 0.6532815, 0.70710677), (0.27059805, 0.6532815, 0.70710677), (0.30360317, 0.7329629, 0.6087614), (0.20533495, 0.76632047, 0.6087614), (0.18301271, 0.6830127, 0.70710677), (0.18301271, 0.6830127, 0.70710677), (0.20533495, 0.76632047, 0.6087614), (0.10355339, 0.7865661, 0.6087614), (0.09229595, 0.7010574, 0.70710677), (0.09229595, 0.7010574, 0.70710677), (0.10355339, 0.7865661, 0.6087614), (4.857888e-17, 0.7933533, 0.6087614), (4.3297803e-17, 0.70710677, 0.70710677), (4.3297803e-17, 0.70710677, 0.70710677), (4.857888e-17, 0.7933533, 0.6087614), (-0.10355339, 0.7865661, 0.6087614), (-0.09229595, 0.7010574, 0.70710677), (-0.09229595, 0.7010574, 0.70710677), (-0.10355339, 0.7865661, 0.6087614), (-0.20533495, 0.76632047, 0.6087614), (-0.18301271, 0.6830127, 0.70710677), (-0.18301271, 0.6830127, 0.70710677), (-0.20533495, 0.76632047, 0.6087614), (-0.30360317, 0.7329629, 0.6087614), (-0.27059805, 0.6532815, 0.70710677), (-0.27059805, 0.6532815, 0.70710677), (-0.30360317, 0.7329629, 0.6087614), (-0.39667666, 0.6870642, 0.6087614), (-0.35355338, 0.61237246, 0.70710677), (-0.35355338, 0.61237246, 0.70710677), (-0.39667666, 0.6870642, 0.6087614), (-0.4829629, 0.62940955, 0.6087614), (-0.43045932, 0.5609855, 0.70710677), (-0.43045932, 0.5609855, 0.70710677), (-0.4829629, 0.62940955, 0.6087614), (-0.5609855, 0.5609855, 0.6087614), (-0.5, 0.5, 0.70710677), (-0.5, 0.5, 0.70710677), (-0.5609855, 0.5609855, 0.6087614), (-0.62940955, 0.4829629, 0.6087614), (-0.5609855, 0.43045932, 0.70710677), (-0.5609855, 0.43045932, 0.70710677), (-0.62940955, 0.4829629, 0.6087614), (-0.6870642, 0.39667666, 0.6087614), (-0.61237246, 0.35355338, 0.70710677), (-0.61237246, 0.35355338, 0.70710677), (-0.6870642, 0.39667666, 0.6087614), (-0.7329629, 0.30360317, 0.6087614), (-0.6532815, 0.27059805, 0.70710677), (-0.6532815, 0.27059805, 0.70710677), (-0.7329629, 0.30360317, 0.6087614), (-0.76632047, 0.20533495, 0.6087614), (-0.6830127, 0.18301271, 0.70710677), (-0.6830127, 0.18301271, 0.70710677), (-0.76632047, 0.20533495, 0.6087614), (-0.7865661, 0.10355339, 0.6087614), (-0.7010574, 0.09229595, 0.70710677), (-0.7010574, 0.09229595, 0.70710677), (-0.7865661, 0.10355339, 0.6087614), (-0.7933533, 9.715776e-17, 0.6087614), (-0.70710677, 8.6595606e-17, 0.70710677), (-0.70710677, 8.6595606e-17, 0.70710677), (-0.7933533, 9.715776e-17, 0.6087614), (-0.7865661, -0.10355339, 0.6087614), (-0.7010574, -0.09229595, 0.70710677), (-0.7010574, -0.09229595, 0.70710677), (-0.7865661, -0.10355339, 0.6087614), (-0.76632047, -0.20533495, 0.6087614), (-0.6830127, -0.18301271, 0.70710677), (-0.6830127, -0.18301271, 0.70710677), (-0.76632047, -0.20533495, 0.6087614), (-0.7329629, -0.30360317, 0.6087614), (-0.6532815, -0.27059805, 0.70710677), (-0.6532815, -0.27059805, 0.70710677), (-0.7329629, -0.30360317, 0.6087614), (-0.6870642, -0.39667666, 0.6087614), (-0.61237246, -0.35355338, 0.70710677), (-0.61237246, -0.35355338, 0.70710677), (-0.6870642, -0.39667666, 0.6087614), (-0.62940955, -0.4829629, 0.6087614), (-0.5609855, -0.43045932, 0.70710677), (-0.5609855, -0.43045932, 0.70710677), (-0.62940955, -0.4829629, 0.6087614), (-0.5609855, -0.5609855, 0.6087614), (-0.5, -0.5, 0.70710677), (-0.5, -0.5, 0.70710677), (-0.5609855, -0.5609855, 0.6087614), (-0.4829629, -0.62940955, 0.6087614), (-0.43045932, -0.5609855, 0.70710677), (-0.43045932, -0.5609855, 0.70710677), (-0.4829629, -0.62940955, 0.6087614), (-0.39667666, -0.6870642, 0.6087614), (-0.35355338, -0.61237246, 0.70710677), (-0.35355338, -0.61237246, 0.70710677), (-0.39667666, -0.6870642, 0.6087614), (-0.30360317, -0.7329629, 0.6087614), (-0.27059805, -0.6532815, 0.70710677), (-0.27059805, -0.6532815, 0.70710677), (-0.30360317, -0.7329629, 0.6087614), (-0.20533495, -0.76632047, 0.6087614), (-0.18301271, -0.6830127, 0.70710677), (-0.18301271, -0.6830127, 0.70710677), (-0.20533495, -0.76632047, 0.6087614), (-0.10355339, -0.7865661, 0.6087614), (-0.09229595, -0.7010574, 0.70710677), (-0.09229595, -0.7010574, 0.70710677), (-0.10355339, -0.7865661, 0.6087614), (-1.4573665e-16, -0.7933533, 0.6087614), (-1.298934e-16, -0.70710677, 0.70710677), (-1.298934e-16, -0.70710677, 0.70710677), (-1.4573665e-16, -0.7933533, 0.6087614), (0.10355339, -0.7865661, 0.6087614), (0.09229595, -0.7010574, 0.70710677), (0.09229595, -0.7010574, 0.70710677), (0.10355339, -0.7865661, 0.6087614), (0.20533495, -0.76632047, 0.6087614), (0.18301271, -0.6830127, 0.70710677), (0.18301271, -0.6830127, 0.70710677), (0.20533495, -0.76632047, 0.6087614), (0.30360317, -0.7329629, 0.6087614), (0.27059805, -0.6532815, 0.70710677), (0.27059805, -0.6532815, 0.70710677), (0.30360317, -0.7329629, 0.6087614), (0.39667666, -0.6870642, 0.6087614), (0.35355338, -0.61237246, 0.70710677), (0.35355338, -0.61237246, 0.70710677), (0.39667666, -0.6870642, 0.6087614), (0.4829629, -0.62940955, 0.6087614), (0.43045932, -0.5609855, 0.70710677), (0.43045932, -0.5609855, 0.70710677), (0.4829629, -0.62940955, 0.6087614), (0.5609855, -0.5609855, 0.6087614), (0.5, -0.5, 0.70710677), (0.5, -0.5, 0.70710677), (0.5609855, -0.5609855, 0.6087614), (0.62940955, -0.4829629, 0.6087614), (0.5609855, -0.43045932, 0.70710677), (0.5609855, -0.43045932, 0.70710677), (0.62940955, -0.4829629, 0.6087614), (0.6870642, -0.39667666, 0.6087614), (0.61237246, -0.35355338, 0.70710677), (0.61237246, -0.35355338, 0.70710677), (0.6870642, -0.39667666, 0.6087614), (0.7329629, -0.30360317, 0.6087614), (0.6532815, -0.27059805, 0.70710677), (0.6532815, -0.27059805, 0.70710677), (0.7329629, -0.30360317, 0.6087614), (0.76632047, -0.20533495, 0.6087614), (0.6830127, -0.18301271, 0.70710677), (0.6830127, -0.18301271, 0.70710677), (0.76632047, -0.20533495, 0.6087614), (0.7865661, -0.10355339, 0.6087614), (0.7010574, -0.09229595, 0.70710677), (0.7010574, -0.09229595, 0.70710677), (0.7865661, -0.10355339, 0.6087614), (0.7933533, -1.9431553e-16, 0.6087614), (0.70710677, -1.7319121e-16, 0.70710677), (0.7933533, 0, 0.6087614), (0.8660254, 0, 0.5), (0.8586164, 0.113039, 0.5), (0.7865661, 0.10355339, 0.6087614), (0.7865661, 0.10355339, 0.6087614), (0.8586164, 0.113039, 0.5), (0.8365163, 0.22414386, 0.5), (0.76632047, 0.20533495, 0.6087614), (0.76632047, 0.20533495, 0.6087614), (0.8365163, 0.22414386, 0.5), (0.8001031, 0.33141357, 0.5), (0.7329629, 0.30360317, 0.6087614), (0.7329629, 0.30360317, 0.6087614), (0.8001031, 0.33141357, 0.5), (0.75, 0.4330127, 0.5), (0.6870642, 0.39667666, 0.6087614), (0.6870642, 0.39667666, 0.6087614), (0.75, 0.4330127, 0.5), (0.6870642, 0.52720284, 0.5), (0.62940955, 0.4829629, 0.6087614), (0.62940955, 0.4829629, 0.6087614), (0.6870642, 0.52720284, 0.5), (0.61237246, 0.61237246, 0.5), (0.5609855, 0.5609855, 0.6087614), (0.5609855, 0.5609855, 0.6087614), (0.61237246, 0.61237246, 0.5), (0.52720284, 0.6870642, 0.5), (0.4829629, 0.62940955, 0.6087614), (0.4829629, 0.62940955, 0.6087614), (0.52720284, 0.6870642, 0.5), (0.4330127, 0.75, 0.5), (0.39667666, 0.6870642, 0.6087614), (0.39667666, 0.6870642, 0.6087614), (0.4330127, 0.75, 0.5), (0.33141357, 0.8001031, 0.5), (0.30360317, 0.7329629, 0.6087614), (0.30360317, 0.7329629, 0.6087614), (0.33141357, 0.8001031, 0.5), (0.22414386, 0.8365163, 0.5), (0.20533495, 0.76632047, 0.6087614), (0.20533495, 0.76632047, 0.6087614), (0.22414386, 0.8365163, 0.5), (0.113039, 0.8586164, 0.5), (0.10355339, 0.7865661, 0.6087614), (0.10355339, 0.7865661, 0.6087614), (0.113039, 0.8586164, 0.5), (5.3028762e-17, 0.8660254, 0.5), (4.857888e-17, 0.7933533, 0.6087614), (4.857888e-17, 0.7933533, 0.6087614), (5.3028762e-17, 0.8660254, 0.5), (-0.113039, 0.8586164, 0.5), (-0.10355339, 0.7865661, 0.6087614), (-0.10355339, 0.7865661, 0.6087614), (-0.113039, 0.8586164, 0.5), (-0.22414386, 0.8365163, 0.5), (-0.20533495, 0.76632047, 0.6087614), (-0.20533495, 0.76632047, 0.6087614), (-0.22414386, 0.8365163, 0.5), (-0.33141357, 0.8001031, 0.5), (-0.30360317, 0.7329629, 0.6087614), (-0.30360317, 0.7329629, 0.6087614), (-0.33141357, 0.8001031, 0.5), (-0.4330127, 0.75, 0.5), (-0.39667666, 0.6870642, 0.6087614), (-0.39667666, 0.6870642, 0.6087614), (-0.4330127, 0.75, 0.5), (-0.52720284, 0.6870642, 0.5), (-0.4829629, 0.62940955, 0.6087614), (-0.4829629, 0.62940955, 0.6087614), (-0.52720284, 0.6870642, 0.5), (-0.61237246, 0.61237246, 0.5), (-0.5609855, 0.5609855, 0.6087614), (-0.5609855, 0.5609855, 0.6087614), (-0.61237246, 0.61237246, 0.5), (-0.6870642, 0.52720284, 0.5), (-0.62940955, 0.4829629, 0.6087614), (-0.62940955, 0.4829629, 0.6087614), (-0.6870642, 0.52720284, 0.5), (-0.75, 0.4330127, 0.5), (-0.6870642, 0.39667666, 0.6087614), (-0.6870642, 0.39667666, 0.6087614), (-0.75, 0.4330127, 0.5), (-0.8001031, 0.33141357, 0.5), (-0.7329629, 0.30360317, 0.6087614), (-0.7329629, 0.30360317, 0.6087614), (-0.8001031, 0.33141357, 0.5), (-0.8365163, 0.22414386, 0.5), (-0.76632047, 0.20533495, 0.6087614), (-0.76632047, 0.20533495, 0.6087614), (-0.8365163, 0.22414386, 0.5), (-0.8586164, 0.113039, 0.5), (-0.7865661, 0.10355339, 0.6087614), (-0.7865661, 0.10355339, 0.6087614), (-0.8586164, 0.113039, 0.5), (-0.8660254, 1.06057525e-16, 0.5), (-0.7933533, 9.715776e-17, 0.6087614), (-0.7933533, 9.715776e-17, 0.6087614), (-0.8660254, 1.06057525e-16, 0.5), (-0.8586164, -0.113039, 0.5), (-0.7865661, -0.10355339, 0.6087614), (-0.7865661, -0.10355339, 0.6087614), (-0.8586164, -0.113039, 0.5), (-0.8365163, -0.22414386, 0.5), (-0.76632047, -0.20533495, 0.6087614), (-0.76632047, -0.20533495, 0.6087614), (-0.8365163, -0.22414386, 0.5), (-0.8001031, -0.33141357, 0.5), (-0.7329629, -0.30360317, 0.6087614), (-0.7329629, -0.30360317, 0.6087614), (-0.8001031, -0.33141357, 0.5), (-0.75, -0.4330127, 0.5), (-0.6870642, -0.39667666, 0.6087614), (-0.6870642, -0.39667666, 0.6087614), (-0.75, -0.4330127, 0.5), (-0.6870642, -0.52720284, 0.5), (-0.62940955, -0.4829629, 0.6087614), (-0.62940955, -0.4829629, 0.6087614), (-0.6870642, -0.52720284, 0.5), (-0.61237246, -0.61237246, 0.5), (-0.5609855, -0.5609855, 0.6087614), (-0.5609855, -0.5609855, 0.6087614), (-0.61237246, -0.61237246, 0.5), (-0.52720284, -0.6870642, 0.5), (-0.4829629, -0.62940955, 0.6087614), (-0.4829629, -0.62940955, 0.6087614), (-0.52720284, -0.6870642, 0.5), (-0.4330127, -0.75, 0.5), (-0.39667666, -0.6870642, 0.6087614), (-0.39667666, -0.6870642, 0.6087614), (-0.4330127, -0.75, 0.5), (-0.33141357, -0.8001031, 0.5), (-0.30360317, -0.7329629, 0.6087614), (-0.30360317, -0.7329629, 0.6087614), (-0.33141357, -0.8001031, 0.5), (-0.22414386, -0.8365163, 0.5), (-0.20533495, -0.76632047, 0.6087614), (-0.20533495, -0.76632047, 0.6087614), (-0.22414386, -0.8365163, 0.5), (-0.113039, -0.8586164, 0.5), (-0.10355339, -0.7865661, 0.6087614), (-0.10355339, -0.7865661, 0.6087614), (-0.113039, -0.8586164, 0.5), (-1.5908629e-16, -0.8660254, 0.5), (-1.4573665e-16, -0.7933533, 0.6087614), (-1.4573665e-16, -0.7933533, 0.6087614), (-1.5908629e-16, -0.8660254, 0.5), (0.113039, -0.8586164, 0.5), (0.10355339, -0.7865661, 0.6087614), (0.10355339, -0.7865661, 0.6087614), (0.113039, -0.8586164, 0.5), (0.22414386, -0.8365163, 0.5), (0.20533495, -0.76632047, 0.6087614), (0.20533495, -0.76632047, 0.6087614), (0.22414386, -0.8365163, 0.5), (0.33141357, -0.8001031, 0.5), (0.30360317, -0.7329629, 0.6087614), (0.30360317, -0.7329629, 0.6087614), (0.33141357, -0.8001031, 0.5), (0.4330127, -0.75, 0.5), (0.39667666, -0.6870642, 0.6087614), (0.39667666, -0.6870642, 0.6087614), (0.4330127, -0.75, 0.5), (0.52720284, -0.6870642, 0.5), (0.4829629, -0.62940955, 0.6087614), (0.4829629, -0.62940955, 0.6087614), (0.52720284, -0.6870642, 0.5), (0.61237246, -0.61237246, 0.5), (0.5609855, -0.5609855, 0.6087614), (0.5609855, -0.5609855, 0.6087614), (0.61237246, -0.61237246, 0.5), (0.6870642, -0.52720284, 0.5), (0.62940955, -0.4829629, 0.6087614), (0.62940955, -0.4829629, 0.6087614), (0.6870642, -0.52720284, 0.5), (0.75, -0.4330127, 0.5), (0.6870642, -0.39667666, 0.6087614), (0.6870642, -0.39667666, 0.6087614), (0.75, -0.4330127, 0.5), (0.8001031, -0.33141357, 0.5), (0.7329629, -0.30360317, 0.6087614), (0.7329629, -0.30360317, 0.6087614), (0.8001031, -0.33141357, 0.5), (0.8365163, -0.22414386, 0.5), (0.76632047, -0.20533495, 0.6087614), (0.76632047, -0.20533495, 0.6087614), (0.8365163, -0.22414386, 0.5), (0.8586164, -0.113039, 0.5), (0.7865661, -0.10355339, 0.6087614), (0.7865661, -0.10355339, 0.6087614), (0.8586164, -0.113039, 0.5), (0.8660254, -2.1211505e-16, 0.5), (0.7933533, -1.9431553e-16, 0.6087614), (0.8660254, 0, 0.5), (0.9238795, 0, 0.38268343), (0.91597563, 0.12059048, 0.38268343), (0.8586164, 0.113039, 0.5), (0.8586164, 0.113039, 0.5), (0.91597563, 0.12059048, 0.38268343), (0.8923991, 0.23911762, 0.38268343), (0.8365163, 0.22414386, 0.5), (0.8365163, 0.22414386, 0.5), (0.8923991, 0.23911762, 0.38268343), (0.8535534, 0.35355338, 0.38268343), (0.8001031, 0.33141357, 0.5), (0.8001031, 0.33141357, 0.5), (0.8535534, 0.35355338, 0.38268343), (0.8001031, 0.46193975, 0.38268343), (0.75, 0.4330127, 0.5), (0.75, 0.4330127, 0.5), (0.8001031, 0.46193975, 0.38268343), (0.7329629, 0.5624222, 0.38268343), (0.6870642, 0.52720284, 0.5), (0.6870642, 0.52720284, 0.5), (0.7329629, 0.5624222, 0.38268343), (0.6532815, 0.6532815, 0.38268343), (0.61237246, 0.61237246, 0.5), (0.61237246, 0.61237246, 0.5), (0.6532815, 0.6532815, 0.38268343), (0.5624222, 0.7329629, 0.38268343), (0.52720284, 0.6870642, 0.5), (0.52720284, 0.6870642, 0.5), (0.5624222, 0.7329629, 0.38268343), (0.46193975, 0.8001031, 0.38268343), (0.4330127, 0.75, 0.5), (0.4330127, 0.75, 0.5), (0.46193975, 0.8001031, 0.38268343), (0.35355338, 0.8535534, 0.38268343), (0.33141357, 0.8001031, 0.5), (0.33141357, 0.8001031, 0.5), (0.35355338, 0.8535534, 0.38268343), (0.23911762, 0.8923991, 0.38268343), (0.22414386, 0.8365163, 0.5), (0.22414386, 0.8365163, 0.5), (0.23911762, 0.8923991, 0.38268343), (0.12059048, 0.91597563, 0.38268343), (0.113039, 0.8586164, 0.5), (0.113039, 0.8586164, 0.5), (0.12059048, 0.91597563, 0.38268343), (5.6571306e-17, 0.9238795, 0.38268343), (5.3028762e-17, 0.8660254, 0.5), (5.3028762e-17, 0.8660254, 0.5), (5.6571306e-17, 0.9238795, 0.38268343), (-0.12059048, 0.91597563, 0.38268343), (-0.113039, 0.8586164, 0.5), (-0.113039, 0.8586164, 0.5), (-0.12059048, 0.91597563, 0.38268343), (-0.23911762, 0.8923991, 0.38268343), (-0.22414386, 0.8365163, 0.5), (-0.22414386, 0.8365163, 0.5), (-0.23911762, 0.8923991, 0.38268343), (-0.35355338, 0.8535534, 0.38268343), (-0.33141357, 0.8001031, 0.5), (-0.33141357, 0.8001031, 0.5), (-0.35355338, 0.8535534, 0.38268343), (-0.46193975, 0.8001031, 0.38268343), (-0.4330127, 0.75, 0.5), (-0.4330127, 0.75, 0.5), (-0.46193975, 0.8001031, 0.38268343), (-0.5624222, 0.7329629, 0.38268343), (-0.52720284, 0.6870642, 0.5), (-0.52720284, 0.6870642, 0.5), (-0.5624222, 0.7329629, 0.38268343), (-0.6532815, 0.6532815, 0.38268343), (-0.61237246, 0.61237246, 0.5), (-0.61237246, 0.61237246, 0.5), (-0.6532815, 0.6532815, 0.38268343), (-0.7329629, 0.5624222, 0.38268343), (-0.6870642, 0.52720284, 0.5), (-0.6870642, 0.52720284, 0.5), (-0.7329629, 0.5624222, 0.38268343), (-0.8001031, 0.46193975, 0.38268343), (-0.75, 0.4330127, 0.5), (-0.75, 0.4330127, 0.5), (-0.8001031, 0.46193975, 0.38268343), (-0.8535534, 0.35355338, 0.38268343), (-0.8001031, 0.33141357, 0.5), (-0.8001031, 0.33141357, 0.5), (-0.8535534, 0.35355338, 0.38268343), (-0.8923991, 0.23911762, 0.38268343), (-0.8365163, 0.22414386, 0.5), (-0.8365163, 0.22414386, 0.5), (-0.8923991, 0.23911762, 0.38268343), (-0.91597563, 0.12059048, 0.38268343), (-0.8586164, 0.113039, 0.5), (-0.8586164, 0.113039, 0.5), (-0.91597563, 0.12059048, 0.38268343), (-0.9238795, 1.1314261e-16, 0.38268343), (-0.8660254, 1.06057525e-16, 0.5), (-0.8660254, 1.06057525e-16, 0.5), (-0.9238795, 1.1314261e-16, 0.38268343), (-0.91597563, -0.12059048, 0.38268343), (-0.8586164, -0.113039, 0.5), (-0.8586164, -0.113039, 0.5), (-0.91597563, -0.12059048, 0.38268343), (-0.8923991, -0.23911762, 0.38268343), (-0.8365163, -0.22414386, 0.5), (-0.8365163, -0.22414386, 0.5), (-0.8923991, -0.23911762, 0.38268343), (-0.8535534, -0.35355338, 0.38268343), (-0.8001031, -0.33141357, 0.5), (-0.8001031, -0.33141357, 0.5), (-0.8535534, -0.35355338, 0.38268343), (-0.8001031, -0.46193975, 0.38268343), (-0.75, -0.4330127, 0.5), (-0.75, -0.4330127, 0.5), (-0.8001031, -0.46193975, 0.38268343), (-0.7329629, -0.5624222, 0.38268343), (-0.6870642, -0.52720284, 0.5), (-0.6870642, -0.52720284, 0.5), (-0.7329629, -0.5624222, 0.38268343), (-0.6532815, -0.6532815, 0.38268343), (-0.61237246, -0.61237246, 0.5), (-0.61237246, -0.61237246, 0.5), (-0.6532815, -0.6532815, 0.38268343), (-0.5624222, -0.7329629, 0.38268343), (-0.52720284, -0.6870642, 0.5), (-0.52720284, -0.6870642, 0.5), (-0.5624222, -0.7329629, 0.38268343), (-0.46193975, -0.8001031, 0.38268343), (-0.4330127, -0.75, 0.5), (-0.4330127, -0.75, 0.5), (-0.46193975, -0.8001031, 0.38268343), (-0.35355338, -0.8535534, 0.38268343), (-0.33141357, -0.8001031, 0.5), (-0.33141357, -0.8001031, 0.5), (-0.35355338, -0.8535534, 0.38268343), (-0.23911762, -0.8923991, 0.38268343), (-0.22414386, -0.8365163, 0.5), (-0.22414386, -0.8365163, 0.5), (-0.23911762, -0.8923991, 0.38268343), (-0.12059048, -0.91597563, 0.38268343), (-0.113039, -0.8586164, 0.5), (-0.113039, -0.8586164, 0.5), (-0.12059048, -0.91597563, 0.38268343), (-1.6971392e-16, -0.9238795, 0.38268343), (-1.5908629e-16, -0.8660254, 0.5), (-1.5908629e-16, -0.8660254, 0.5), (-1.6971392e-16, -0.9238795, 0.38268343), (0.12059048, -0.91597563, 0.38268343), (0.113039, -0.8586164, 0.5), (0.113039, -0.8586164, 0.5), (0.12059048, -0.91597563, 0.38268343), (0.23911762, -0.8923991, 0.38268343), (0.22414386, -0.8365163, 0.5), (0.22414386, -0.8365163, 0.5), (0.23911762, -0.8923991, 0.38268343), (0.35355338, -0.8535534, 0.38268343), (0.33141357, -0.8001031, 0.5), (0.33141357, -0.8001031, 0.5), (0.35355338, -0.8535534, 0.38268343), (0.46193975, -0.8001031, 0.38268343), (0.4330127, -0.75, 0.5), (0.4330127, -0.75, 0.5), (0.46193975, -0.8001031, 0.38268343), (0.5624222, -0.7329629, 0.38268343), (0.52720284, -0.6870642, 0.5), (0.52720284, -0.6870642, 0.5), (0.5624222, -0.7329629, 0.38268343), (0.6532815, -0.6532815, 0.38268343), (0.61237246, -0.61237246, 0.5), (0.61237246, -0.61237246, 0.5), (0.6532815, -0.6532815, 0.38268343), (0.7329629, -0.5624222, 0.38268343), (0.6870642, -0.52720284, 0.5), (0.6870642, -0.52720284, 0.5), (0.7329629, -0.5624222, 0.38268343), (0.8001031, -0.46193975, 0.38268343), (0.75, -0.4330127, 0.5), (0.75, -0.4330127, 0.5), (0.8001031, -0.46193975, 0.38268343), (0.8535534, -0.35355338, 0.38268343), (0.8001031, -0.33141357, 0.5), (0.8001031, -0.33141357, 0.5), (0.8535534, -0.35355338, 0.38268343), (0.8923991, -0.23911762, 0.38268343), (0.8365163, -0.22414386, 0.5), (0.8365163, -0.22414386, 0.5), (0.8923991, -0.23911762, 0.38268343), (0.91597563, -0.12059048, 0.38268343), (0.8586164, -0.113039, 0.5), (0.8586164, -0.113039, 0.5), (0.91597563, -0.12059048, 0.38268343), (0.9238795, -2.2628522e-16, 0.38268343), (0.8660254, -2.1211505e-16, 0.5), (0.9238795, 0, 0.38268343), (0.9659258, 0, 0.25881904), (0.9576622, 0.12607862, 0.25881904), (0.91597563, 0.12059048, 0.38268343), (0.91597563, 0.12059048, 0.38268343), (0.9576622, 0.12607862, 0.25881904), (0.9330127, 0.25, 0.25881904), (0.8923991, 0.23911762, 0.38268343), (0.8923991, 0.23911762, 0.38268343), (0.9330127, 0.25, 0.25881904), (0.8923991, 0.3696438, 0.25881904), (0.8535534, 0.35355338, 0.38268343), (0.8535534, 0.35355338, 0.38268343), (0.8923991, 0.3696438, 0.25881904), (0.8365163, 0.4829629, 0.25881904), (0.8001031, 0.46193975, 0.38268343), (0.8001031, 0.46193975, 0.38268343), (0.8365163, 0.4829629, 0.25881904), (0.76632047, 0.58801836, 0.25881904), (0.7329629, 0.5624222, 0.38268343), (0.7329629, 0.5624222, 0.38268343), (0.76632047, 0.58801836, 0.25881904), (0.6830127, 0.6830127, 0.25881904), (0.6532815, 0.6532815, 0.38268343), (0.6532815, 0.6532815, 0.38268343), (0.6830127, 0.6830127, 0.25881904), (0.58801836, 0.76632047, 0.25881904), (0.5624222, 0.7329629, 0.38268343), (0.5624222, 0.7329629, 0.38268343), (0.58801836, 0.76632047, 0.25881904), (0.4829629, 0.8365163, 0.25881904), (0.46193975, 0.8001031, 0.38268343), (0.46193975, 0.8001031, 0.38268343), (0.4829629, 0.8365163, 0.25881904), (0.3696438, 0.8923991, 0.25881904), (0.35355338, 0.8535534, 0.38268343), (0.35355338, 0.8535534, 0.38268343), (0.3696438, 0.8923991, 0.25881904), (0.25, 0.9330127, 0.25881904), (0.23911762, 0.8923991, 0.38268343), (0.23911762, 0.8923991, 0.38268343), (0.25, 0.9330127, 0.25881904), (0.12607862, 0.9576622, 0.25881904), (0.12059048, 0.91597563, 0.38268343), (0.12059048, 0.91597563, 0.38268343), (0.12607862, 0.9576622, 0.25881904), (5.9145895e-17, 0.9659258, 0.25881904), (5.6571306e-17, 0.9238795, 0.38268343), (5.6571306e-17, 0.9238795, 0.38268343), (5.9145895e-17, 0.9659258, 0.25881904), (-0.12607862, 0.9576622, 0.25881904), (-0.12059048, 0.91597563, 0.38268343), (-0.12059048, 0.91597563, 0.38268343), (-0.12607862, 0.9576622, 0.25881904), (-0.25, 0.9330127, 0.25881904), (-0.23911762, 0.8923991, 0.38268343), (-0.23911762, 0.8923991, 0.38268343), (-0.25, 0.9330127, 0.25881904), (-0.3696438, 0.8923991, 0.25881904), (-0.35355338, 0.8535534, 0.38268343), (-0.35355338, 0.8535534, 0.38268343), (-0.3696438, 0.8923991, 0.25881904), (-0.4829629, 0.8365163, 0.25881904), (-0.46193975, 0.8001031, 0.38268343), (-0.46193975, 0.8001031, 0.38268343), (-0.4829629, 0.8365163, 0.25881904), (-0.58801836, 0.76632047, 0.25881904), (-0.5624222, 0.7329629, 0.38268343), (-0.5624222, 0.7329629, 0.38268343), (-0.58801836, 0.76632047, 0.25881904), (-0.6830127, 0.6830127, 0.25881904), (-0.6532815, 0.6532815, 0.38268343), (-0.6532815, 0.6532815, 0.38268343), (-0.6830127, 0.6830127, 0.25881904), (-0.76632047, 0.58801836, 0.25881904), (-0.7329629, 0.5624222, 0.38268343), (-0.7329629, 0.5624222, 0.38268343), (-0.76632047, 0.58801836, 0.25881904), (-0.8365163, 0.4829629, 0.25881904), (-0.8001031, 0.46193975, 0.38268343), (-0.8001031, 0.46193975, 0.38268343), (-0.8365163, 0.4829629, 0.25881904), (-0.8923991, 0.3696438, 0.25881904), (-0.8535534, 0.35355338, 0.38268343), (-0.8535534, 0.35355338, 0.38268343), (-0.8923991, 0.3696438, 0.25881904), (-0.9330127, 0.25, 0.25881904), (-0.8923991, 0.23911762, 0.38268343), (-0.8923991, 0.23911762, 0.38268343), (-0.9330127, 0.25, 0.25881904), (-0.9576622, 0.12607862, 0.25881904), (-0.91597563, 0.12059048, 0.38268343), (-0.91597563, 0.12059048, 0.38268343), (-0.9576622, 0.12607862, 0.25881904), (-0.9659258, 1.1829179e-16, 0.25881904), (-0.9238795, 1.1314261e-16, 0.38268343), (-0.9238795, 1.1314261e-16, 0.38268343), (-0.9659258, 1.1829179e-16, 0.25881904), (-0.9576622, -0.12607862, 0.25881904), (-0.91597563, -0.12059048, 0.38268343), (-0.91597563, -0.12059048, 0.38268343), (-0.9576622, -0.12607862, 0.25881904), (-0.9330127, -0.25, 0.25881904), (-0.8923991, -0.23911762, 0.38268343), (-0.8923991, -0.23911762, 0.38268343), (-0.9330127, -0.25, 0.25881904), (-0.8923991, -0.3696438, 0.25881904), (-0.8535534, -0.35355338, 0.38268343), (-0.8535534, -0.35355338, 0.38268343), (-0.8923991, -0.3696438, 0.25881904), (-0.8365163, -0.4829629, 0.25881904), (-0.8001031, -0.46193975, 0.38268343), (-0.8001031, -0.46193975, 0.38268343), (-0.8365163, -0.4829629, 0.25881904), (-0.76632047, -0.58801836, 0.25881904), (-0.7329629, -0.5624222, 0.38268343), (-0.7329629, -0.5624222, 0.38268343), (-0.76632047, -0.58801836, 0.25881904), (-0.6830127, -0.6830127, 0.25881904), (-0.6532815, -0.6532815, 0.38268343), (-0.6532815, -0.6532815, 0.38268343), (-0.6830127, -0.6830127, 0.25881904), (-0.58801836, -0.76632047, 0.25881904), (-0.5624222, -0.7329629, 0.38268343), (-0.5624222, -0.7329629, 0.38268343), (-0.58801836, -0.76632047, 0.25881904), (-0.4829629, -0.8365163, 0.25881904), (-0.46193975, -0.8001031, 0.38268343), (-0.46193975, -0.8001031, 0.38268343), (-0.4829629, -0.8365163, 0.25881904), (-0.3696438, -0.8923991, 0.25881904), (-0.35355338, -0.8535534, 0.38268343), (-0.35355338, -0.8535534, 0.38268343), (-0.3696438, -0.8923991, 0.25881904), (-0.25, -0.9330127, 0.25881904), (-0.23911762, -0.8923991, 0.38268343), (-0.23911762, -0.8923991, 0.38268343), (-0.25, -0.9330127, 0.25881904), (-0.12607862, -0.9576622, 0.25881904), (-0.12059048, -0.91597563, 0.38268343), (-0.12059048, -0.91597563, 0.38268343), (-0.12607862, -0.9576622, 0.25881904), (-1.7743769e-16, -0.9659258, 0.25881904), (-1.6971392e-16, -0.9238795, 0.38268343), (-1.6971392e-16, -0.9238795, 0.38268343), (-1.7743769e-16, -0.9659258, 0.25881904), (0.12607862, -0.9576622, 0.25881904), (0.12059048, -0.91597563, 0.38268343), (0.12059048, -0.91597563, 0.38268343), (0.12607862, -0.9576622, 0.25881904), (0.25, -0.9330127, 0.25881904), (0.23911762, -0.8923991, 0.38268343), (0.23911762, -0.8923991, 0.38268343), (0.25, -0.9330127, 0.25881904), (0.3696438, -0.8923991, 0.25881904), (0.35355338, -0.8535534, 0.38268343), (0.35355338, -0.8535534, 0.38268343), (0.3696438, -0.8923991, 0.25881904), (0.4829629, -0.8365163, 0.25881904), (0.46193975, -0.8001031, 0.38268343), (0.46193975, -0.8001031, 0.38268343), (0.4829629, -0.8365163, 0.25881904), (0.58801836, -0.76632047, 0.25881904), (0.5624222, -0.7329629, 0.38268343), (0.5624222, -0.7329629, 0.38268343), (0.58801836, -0.76632047, 0.25881904), (0.6830127, -0.6830127, 0.25881904), (0.6532815, -0.6532815, 0.38268343), (0.6532815, -0.6532815, 0.38268343), (0.6830127, -0.6830127, 0.25881904), (0.76632047, -0.58801836, 0.25881904), (0.7329629, -0.5624222, 0.38268343), (0.7329629, -0.5624222, 0.38268343), (0.76632047, -0.58801836, 0.25881904), (0.8365163, -0.4829629, 0.25881904), (0.8001031, -0.46193975, 0.38268343), (0.8001031, -0.46193975, 0.38268343), (0.8365163, -0.4829629, 0.25881904), (0.8923991, -0.3696438, 0.25881904), (0.8535534, -0.35355338, 0.38268343), (0.8535534, -0.35355338, 0.38268343), (0.8923991, -0.3696438, 0.25881904), (0.9330127, -0.25, 0.25881904), (0.8923991, -0.23911762, 0.38268343), (0.8923991, -0.23911762, 0.38268343), (0.9330127, -0.25, 0.25881904), (0.9576622, -0.12607862, 0.25881904), (0.91597563, -0.12059048, 0.38268343), (0.91597563, -0.12059048, 0.38268343), (0.9576622, -0.12607862, 0.25881904), (0.9659258, -2.3658358e-16, 0.25881904), (0.9238795, -2.2628522e-16, 0.38268343), (0.9659258, 0, 0.25881904), (0.9914449, 0, 0.13052619), (0.9829629, 0.12940952, 0.13052619), (0.9576622, 0.12607862, 0.25881904), (0.9576622, 0.12607862, 0.25881904), (0.9829629, 0.12940952, 0.13052619), (0.9576622, 0.25660482, 0.13052619), (0.9330127, 0.25, 0.25881904), (0.9330127, 0.25, 0.25881904), (0.9576622, 0.25660482, 0.13052619), (0.91597563, 0.37940952, 0.13052619), (0.8923991, 0.3696438, 0.25881904), (0.8923991, 0.3696438, 0.25881904), (0.91597563, 0.37940952, 0.13052619), (0.8586164, 0.49572244, 0.13052619), (0.8365163, 0.4829629, 0.25881904), (0.8365163, 0.4829629, 0.25881904), (0.8586164, 0.49572244, 0.13052619), (0.7865661, 0.6035534, 0.13052619), (0.76632047, 0.58801836, 0.25881904), (0.76632047, 0.58801836, 0.25881904), (0.7865661, 0.6035534, 0.13052619), (0.7010574, 0.7010574, 0.13052619), (0.6830127, 0.6830127, 0.25881904), (0.6830127, 0.6830127, 0.25881904), (0.7010574, 0.7010574, 0.13052619), (0.6035534, 0.7865661, 0.13052619), (0.58801836, 0.76632047, 0.25881904), (0.58801836, 0.76632047, 0.25881904), (0.6035534, 0.7865661, 0.13052619), (0.49572244, 0.8586164, 0.13052619), (0.4829629, 0.8365163, 0.25881904), (0.4829629, 0.8365163, 0.25881904), (0.49572244, 0.8586164, 0.13052619), (0.37940952, 0.91597563, 0.13052619), (0.3696438, 0.8923991, 0.25881904), (0.3696438, 0.8923991, 0.25881904), (0.37940952, 0.91597563, 0.13052619), (0.25660482, 0.9576622, 0.13052619), (0.25, 0.9330127, 0.25881904), (0.25, 0.9330127, 0.25881904), (0.25660482, 0.9576622, 0.13052619), (0.12940952, 0.9829629, 0.13052619), (0.12607862, 0.9576622, 0.25881904), (0.12607862, 0.9576622, 0.25881904), (0.12940952, 0.9829629, 0.13052619), (6.0708486e-17, 0.9914449, 0.13052619), (5.9145895e-17, 0.9659258, 0.25881904), (5.9145895e-17, 0.9659258, 0.25881904), (6.0708486e-17, 0.9914449, 0.13052619), (-0.12940952, 0.9829629, 0.13052619), (-0.12607862, 0.9576622, 0.25881904), (-0.12607862, 0.9576622, 0.25881904), (-0.12940952, 0.9829629, 0.13052619), (-0.25660482, 0.9576622, 0.13052619), (-0.25, 0.9330127, 0.25881904), (-0.25, 0.9330127, 0.25881904), (-0.25660482, 0.9576622, 0.13052619), (-0.37940952, 0.91597563, 0.13052619), (-0.3696438, 0.8923991, 0.25881904), (-0.3696438, 0.8923991, 0.25881904), (-0.37940952, 0.91597563, 0.13052619), (-0.49572244, 0.8586164, 0.13052619), (-0.4829629, 0.8365163, 0.25881904), (-0.4829629, 0.8365163, 0.25881904), (-0.49572244, 0.8586164, 0.13052619), (-0.6035534, 0.7865661, 0.13052619), (-0.58801836, 0.76632047, 0.25881904), (-0.58801836, 0.76632047, 0.25881904), (-0.6035534, 0.7865661, 0.13052619), (-0.7010574, 0.7010574, 0.13052619), (-0.6830127, 0.6830127, 0.25881904), (-0.6830127, 0.6830127, 0.25881904), (-0.7010574, 0.7010574, 0.13052619), (-0.7865661, 0.6035534, 0.13052619), (-0.76632047, 0.58801836, 0.25881904), (-0.76632047, 0.58801836, 0.25881904), (-0.7865661, 0.6035534, 0.13052619), (-0.8586164, 0.49572244, 0.13052619), (-0.8365163, 0.4829629, 0.25881904), (-0.8365163, 0.4829629, 0.25881904), (-0.8586164, 0.49572244, 0.13052619), (-0.91597563, 0.37940952, 0.13052619), (-0.8923991, 0.3696438, 0.25881904), (-0.8923991, 0.3696438, 0.25881904), (-0.91597563, 0.37940952, 0.13052619), (-0.9576622, 0.25660482, 0.13052619), (-0.9330127, 0.25, 0.25881904), (-0.9330127, 0.25, 0.25881904), (-0.9576622, 0.25660482, 0.13052619), (-0.9829629, 0.12940952, 0.13052619), (-0.9576622, 0.12607862, 0.25881904), (-0.9576622, 0.12607862, 0.25881904), (-0.9829629, 0.12940952, 0.13052619), (-0.9914449, 1.2141697e-16, 0.13052619), (-0.9659258, 1.1829179e-16, 0.25881904), (-0.9659258, 1.1829179e-16, 0.25881904), (-0.9914449, 1.2141697e-16, 0.13052619), (-0.9829629, -0.12940952, 0.13052619), (-0.9576622, -0.12607862, 0.25881904), (-0.9576622, -0.12607862, 0.25881904), (-0.9829629, -0.12940952, 0.13052619), (-0.9576622, -0.25660482, 0.13052619), (-0.9330127, -0.25, 0.25881904), (-0.9330127, -0.25, 0.25881904), (-0.9576622, -0.25660482, 0.13052619), (-0.91597563, -0.37940952, 0.13052619), (-0.8923991, -0.3696438, 0.25881904), (-0.8923991, -0.3696438, 0.25881904), (-0.91597563, -0.37940952, 0.13052619), (-0.8586164, -0.49572244, 0.13052619), (-0.8365163, -0.4829629, 0.25881904), (-0.8365163, -0.4829629, 0.25881904), (-0.8586164, -0.49572244, 0.13052619), (-0.7865661, -0.6035534, 0.13052619), (-0.76632047, -0.58801836, 0.25881904), (-0.76632047, -0.58801836, 0.25881904), (-0.7865661, -0.6035534, 0.13052619), (-0.7010574, -0.7010574, 0.13052619), (-0.6830127, -0.6830127, 0.25881904), (-0.6830127, -0.6830127, 0.25881904), (-0.7010574, -0.7010574, 0.13052619), (-0.6035534, -0.7865661, 0.13052619), (-0.58801836, -0.76632047, 0.25881904), (-0.58801836, -0.76632047, 0.25881904), (-0.6035534, -0.7865661, 0.13052619), (-0.49572244, -0.8586164, 0.13052619), (-0.4829629, -0.8365163, 0.25881904), (-0.4829629, -0.8365163, 0.25881904), (-0.49572244, -0.8586164, 0.13052619), (-0.37940952, -0.91597563, 0.13052619), (-0.3696438, -0.8923991, 0.25881904), (-0.3696438, -0.8923991, 0.25881904), (-0.37940952, -0.91597563, 0.13052619), (-0.25660482, -0.9576622, 0.13052619), (-0.25, -0.9330127, 0.25881904), (-0.25, -0.9330127, 0.25881904), (-0.25660482, -0.9576622, 0.13052619), (-0.12940952, -0.9829629, 0.13052619), (-0.12607862, -0.9576622, 0.25881904), (-0.12607862, -0.9576622, 0.25881904), (-0.12940952, -0.9829629, 0.13052619), (-1.8212546e-16, -0.9914449, 0.13052619), (-1.7743769e-16, -0.9659258, 0.25881904), (-1.7743769e-16, -0.9659258, 0.25881904), (-1.8212546e-16, -0.9914449, 0.13052619), (0.12940952, -0.9829629, 0.13052619), (0.12607862, -0.9576622, 0.25881904), (0.12607862, -0.9576622, 0.25881904), (0.12940952, -0.9829629, 0.13052619), (0.25660482, -0.9576622, 0.13052619), (0.25, -0.9330127, 0.25881904), (0.25, -0.9330127, 0.25881904), (0.25660482, -0.9576622, 0.13052619), (0.37940952, -0.91597563, 0.13052619), (0.3696438, -0.8923991, 0.25881904), (0.3696438, -0.8923991, 0.25881904), (0.37940952, -0.91597563, 0.13052619), (0.49572244, -0.8586164, 0.13052619), (0.4829629, -0.8365163, 0.25881904), (0.4829629, -0.8365163, 0.25881904), (0.49572244, -0.8586164, 0.13052619), (0.6035534, -0.7865661, 0.13052619), (0.58801836, -0.76632047, 0.25881904), (0.58801836, -0.76632047, 0.25881904), (0.6035534, -0.7865661, 0.13052619), (0.7010574, -0.7010574, 0.13052619), (0.6830127, -0.6830127, 0.25881904), (0.6830127, -0.6830127, 0.25881904), (0.7010574, -0.7010574, 0.13052619), (0.7865661, -0.6035534, 0.13052619), (0.76632047, -0.58801836, 0.25881904), (0.76632047, -0.58801836, 0.25881904), (0.7865661, -0.6035534, 0.13052619), (0.8586164, -0.49572244, 0.13052619), (0.8365163, -0.4829629, 0.25881904), (0.8365163, -0.4829629, 0.25881904), (0.8586164, -0.49572244, 0.13052619), (0.91597563, -0.37940952, 0.13052619), (0.8923991, -0.3696438, 0.25881904), (0.8923991, -0.3696438, 0.25881904), (0.91597563, -0.37940952, 0.13052619), (0.9576622, -0.25660482, 0.13052619), (0.9330127, -0.25, 0.25881904), (0.9330127, -0.25, 0.25881904), (0.9576622, -0.25660482, 0.13052619), (0.9829629, -0.12940952, 0.13052619), (0.9576622, -0.12607862, 0.25881904), (0.9576622, -0.12607862, 0.25881904), (0.9829629, -0.12940952, 0.13052619), (0.9914449, -2.4283394e-16, 0.13052619), (0.9659258, -2.3658358e-16, 0.25881904), (0.9914449, 0, 0.13052619), (1, 0, 6.123234e-17), (0.9914449, 0.13052619, 6.123234e-17), (0.9829629, 0.12940952, 0.13052619), (0.9829629, 0.12940952, 0.13052619), (0.9914449, 0.13052619, 6.123234e-17), (0.9659258, 0.25881904, 6.123234e-17), (0.9576622, 0.25660482, 0.13052619), (0.9576622, 0.25660482, 0.13052619), (0.9659258, 0.25881904, 6.123234e-17), (0.9238795, 0.38268343, 6.123234e-17), (0.91597563, 0.37940952, 0.13052619), (0.91597563, 0.37940952, 0.13052619), (0.9238795, 0.38268343, 6.123234e-17), (0.8660254, 0.5, 6.123234e-17), (0.8586164, 0.49572244, 0.13052619), (0.8586164, 0.49572244, 0.13052619), (0.8660254, 0.5, 6.123234e-17), (0.7933533, 0.6087614, 6.123234e-17), (0.7865661, 0.6035534, 0.13052619), (0.7865661, 0.6035534, 0.13052619), (0.7933533, 0.6087614, 6.123234e-17), (0.70710677, 0.70710677, 6.123234e-17), (0.7010574, 0.7010574, 0.13052619), (0.7010574, 0.7010574, 0.13052619), (0.70710677, 0.70710677, 6.123234e-17), (0.6087614, 0.7933533, 6.123234e-17), (0.6035534, 0.7865661, 0.13052619), (0.6035534, 0.7865661, 0.13052619), (0.6087614, 0.7933533, 6.123234e-17), (0.5, 0.8660254, 6.123234e-17), (0.49572244, 0.8586164, 0.13052619), (0.49572244, 0.8586164, 0.13052619), (0.5, 0.8660254, 6.123234e-17), (0.38268343, 0.9238795, 6.123234e-17), (0.37940952, 0.91597563, 0.13052619), (0.37940952, 0.91597563, 0.13052619), (0.38268343, 0.9238795, 6.123234e-17), (0.25881904, 0.9659258, 6.123234e-17), (0.25660482, 0.9576622, 0.13052619), (0.25660482, 0.9576622, 0.13052619), (0.25881904, 0.9659258, 6.123234e-17), (0.13052619, 0.9914449, 6.123234e-17), (0.12940952, 0.9829629, 0.13052619), (0.12940952, 0.9829629, 0.13052619), (0.13052619, 0.9914449, 6.123234e-17), (6.123234e-17, 1, 6.123234e-17), (6.0708486e-17, 0.9914449, 0.13052619), (6.0708486e-17, 0.9914449, 0.13052619), (6.123234e-17, 1, 6.123234e-17), (-0.13052619, 0.9914449, 6.123234e-17), (-0.12940952, 0.9829629, 0.13052619), (-0.12940952, 0.9829629, 0.13052619), (-0.13052619, 0.9914449, 6.123234e-17), (-0.25881904, 0.9659258, 6.123234e-17), (-0.25660482, 0.9576622, 0.13052619), (-0.25660482, 0.9576622, 0.13052619), (-0.25881904, 0.9659258, 6.123234e-17), (-0.38268343, 0.9238795, 6.123234e-17), (-0.37940952, 0.91597563, 0.13052619), (-0.37940952, 0.91597563, 0.13052619), (-0.38268343, 0.9238795, 6.123234e-17), (-0.5, 0.8660254, 6.123234e-17), (-0.49572244, 0.8586164, 0.13052619), (-0.49572244, 0.8586164, 0.13052619), (-0.5, 0.8660254, 6.123234e-17), (-0.6087614, 0.7933533, 6.123234e-17), (-0.6035534, 0.7865661, 0.13052619), (-0.6035534, 0.7865661, 0.13052619), (-0.6087614, 0.7933533, 6.123234e-17), (-0.70710677, 0.70710677, 6.123234e-17), (-0.7010574, 0.7010574, 0.13052619), (-0.7010574, 0.7010574, 0.13052619), (-0.70710677, 0.70710677, 6.123234e-17), (-0.7933533, 0.6087614, 6.123234e-17), (-0.7865661, 0.6035534, 0.13052619), (-0.7865661, 0.6035534, 0.13052619), (-0.7933533, 0.6087614, 6.123234e-17), (-0.8660254, 0.5, 6.123234e-17), (-0.8586164, 0.49572244, 0.13052619), (-0.8586164, 0.49572244, 0.13052619), (-0.8660254, 0.5, 6.123234e-17), (-0.9238795, 0.38268343, 6.123234e-17), (-0.91597563, 0.37940952, 0.13052619), (-0.91597563, 0.37940952, 0.13052619), (-0.9238795, 0.38268343, 6.123234e-17), (-0.9659258, 0.25881904, 6.123234e-17), (-0.9576622, 0.25660482, 0.13052619), (-0.9576622, 0.25660482, 0.13052619), (-0.9659258, 0.25881904, 6.123234e-17), (-0.9914449, 0.13052619, 6.123234e-17), (-0.9829629, 0.12940952, 0.13052619), (-0.9829629, 0.12940952, 0.13052619), (-0.9914449, 0.13052619, 6.123234e-17), (-1, 1.2246469e-16, 6.123234e-17), (-0.9914449, 1.2141697e-16, 0.13052619), (-0.9914449, 1.2141697e-16, 0.13052619), (-1, 1.2246469e-16, 6.123234e-17), (-0.9914449, -0.13052619, 6.123234e-17), (-0.9829629, -0.12940952, 0.13052619), (-0.9829629, -0.12940952, 0.13052619), (-0.9914449, -0.13052619, 6.123234e-17), (-0.9659258, -0.25881904, 6.123234e-17), (-0.9576622, -0.25660482, 0.13052619), (-0.9576622, -0.25660482, 0.13052619), (-0.9659258, -0.25881904, 6.123234e-17), (-0.9238795, -0.38268343, 6.123234e-17), (-0.91597563, -0.37940952, 0.13052619), (-0.91597563, -0.37940952, 0.13052619), (-0.9238795, -0.38268343, 6.123234e-17), (-0.8660254, -0.5, 6.123234e-17), (-0.8586164, -0.49572244, 0.13052619), (-0.8586164, -0.49572244, 0.13052619), (-0.8660254, -0.5, 6.123234e-17), (-0.7933533, -0.6087614, 6.123234e-17), (-0.7865661, -0.6035534, 0.13052619), (-0.7865661, -0.6035534, 0.13052619), (-0.7933533, -0.6087614, 6.123234e-17), (-0.70710677, -0.70710677, 6.123234e-17), (-0.7010574, -0.7010574, 0.13052619), (-0.7010574, -0.7010574, 0.13052619), (-0.70710677, -0.70710677, 6.123234e-17), (-0.6087614, -0.7933533, 6.123234e-17), (-0.6035534, -0.7865661, 0.13052619), (-0.6035534, -0.7865661, 0.13052619), (-0.6087614, -0.7933533, 6.123234e-17), (-0.5, -0.8660254, 6.123234e-17), (-0.49572244, -0.8586164, 0.13052619), (-0.49572244, -0.8586164, 0.13052619), (-0.5, -0.8660254, 6.123234e-17), (-0.38268343, -0.9238795, 6.123234e-17), (-0.37940952, -0.91597563, 0.13052619), (-0.37940952, -0.91597563, 0.13052619), (-0.38268343, -0.9238795, 6.123234e-17), (-0.25881904, -0.9659258, 6.123234e-17), (-0.25660482, -0.9576622, 0.13052619), (-0.25660482, -0.9576622, 0.13052619), (-0.25881904, -0.9659258, 6.123234e-17), (-0.13052619, -0.9914449, 6.123234e-17), (-0.12940952, -0.9829629, 0.13052619), (-0.12940952, -0.9829629, 0.13052619), (-0.13052619, -0.9914449, 6.123234e-17), (-1.8369701e-16, -1, 6.123234e-17), (-1.8212546e-16, -0.9914449, 0.13052619), (-1.8212546e-16, -0.9914449, 0.13052619), (-1.8369701e-16, -1, 6.123234e-17), (0.13052619, -0.9914449, 6.123234e-17), (0.12940952, -0.9829629, 0.13052619), (0.12940952, -0.9829629, 0.13052619), (0.13052619, -0.9914449, 6.123234e-17), (0.25881904, -0.9659258, 6.123234e-17), (0.25660482, -0.9576622, 0.13052619), (0.25660482, -0.9576622, 0.13052619), (0.25881904, -0.9659258, 6.123234e-17), (0.38268343, -0.9238795, 6.123234e-17), (0.37940952, -0.91597563, 0.13052619), (0.37940952, -0.91597563, 0.13052619), (0.38268343, -0.9238795, 6.123234e-17), (0.5, -0.8660254, 6.123234e-17), (0.49572244, -0.8586164, 0.13052619), (0.49572244, -0.8586164, 0.13052619), (0.5, -0.8660254, 6.123234e-17), (0.6087614, -0.7933533, 6.123234e-17), (0.6035534, -0.7865661, 0.13052619), (0.6035534, -0.7865661, 0.13052619), (0.6087614, -0.7933533, 6.123234e-17), (0.70710677, -0.70710677, 6.123234e-17), (0.7010574, -0.7010574, 0.13052619), (0.7010574, -0.7010574, 0.13052619), (0.70710677, -0.70710677, 6.123234e-17), (0.7933533, -0.6087614, 6.123234e-17), (0.7865661, -0.6035534, 0.13052619), (0.7865661, -0.6035534, 0.13052619), (0.7933533, -0.6087614, 6.123234e-17), (0.8660254, -0.5, 6.123234e-17), (0.8586164, -0.49572244, 0.13052619), (0.8586164, -0.49572244, 0.13052619), (0.8660254, -0.5, 6.123234e-17), (0.9238795, -0.38268343, 6.123234e-17), (0.91597563, -0.37940952, 0.13052619), (0.91597563, -0.37940952, 0.13052619), (0.9238795, -0.38268343, 6.123234e-17), (0.9659258, -0.25881904, 6.123234e-17), (0.9576622, -0.25660482, 0.13052619), (0.9576622, -0.25660482, 0.13052619), (0.9659258, -0.25881904, 6.123234e-17), (0.9914449, -0.13052619, 6.123234e-17), (0.9829629, -0.12940952, 0.13052619), (0.9829629, -0.12940952, 0.13052619), (0.9914449, -0.13052619, 6.123234e-17), (1, -2.4492937e-16, 6.123234e-17), (0.9914449, -2.4283394e-16, 0.13052619), (1, 0, 6.123234e-17), (0.9914449, 0, -0.13052619), (0.9829629, 0.12940952, -0.13052619), (0.9914449, 0.13052619, 6.123234e-17), (0.9914449, 0.13052619, 6.123234e-17), (0.9829629, 0.12940952, -0.13052619), (0.9576622, 0.25660482, -0.13052619), (0.9659258, 0.25881904, 6.123234e-17), (0.9659258, 0.25881904, 6.123234e-17), (0.9576622, 0.25660482, -0.13052619), (0.91597563, 0.37940952, -0.13052619), (0.9238795, 0.38268343, 6.123234e-17), (0.9238795, 0.38268343, 6.123234e-17), (0.91597563, 0.37940952, -0.13052619), (0.8586164, 0.49572244, -0.13052619), (0.8660254, 0.5, 6.123234e-17), (0.8660254, 0.5, 6.123234e-17), (0.8586164, 0.49572244, -0.13052619), (0.7865661, 0.6035534, -0.13052619), (0.7933533, 0.6087614, 6.123234e-17), (0.7933533, 0.6087614, 6.123234e-17), (0.7865661, 0.6035534, -0.13052619), (0.7010574, 0.7010574, -0.13052619), (0.70710677, 0.70710677, 6.123234e-17), (0.70710677, 0.70710677, 6.123234e-17), (0.7010574, 0.7010574, -0.13052619), (0.6035534, 0.7865661, -0.13052619), (0.6087614, 0.7933533, 6.123234e-17), (0.6087614, 0.7933533, 6.123234e-17), (0.6035534, 0.7865661, -0.13052619), (0.49572244, 0.8586164, -0.13052619), (0.5, 0.8660254, 6.123234e-17), (0.5, 0.8660254, 6.123234e-17), (0.49572244, 0.8586164, -0.13052619), (0.37940952, 0.91597563, -0.13052619), (0.38268343, 0.9238795, 6.123234e-17), (0.38268343, 0.9238795, 6.123234e-17), (0.37940952, 0.91597563, -0.13052619), (0.25660482, 0.9576622, -0.13052619), (0.25881904, 0.9659258, 6.123234e-17), (0.25881904, 0.9659258, 6.123234e-17), (0.25660482, 0.9576622, -0.13052619), (0.12940952, 0.9829629, -0.13052619), (0.13052619, 0.9914449, 6.123234e-17), (0.13052619, 0.9914449, 6.123234e-17), (0.12940952, 0.9829629, -0.13052619), (6.0708486e-17, 0.9914449, -0.13052619), (6.123234e-17, 1, 6.123234e-17), (6.123234e-17, 1, 6.123234e-17), (6.0708486e-17, 0.9914449, -0.13052619), (-0.12940952, 0.9829629, -0.13052619), (-0.13052619, 0.9914449, 6.123234e-17), (-0.13052619, 0.9914449, 6.123234e-17), (-0.12940952, 0.9829629, -0.13052619), (-0.25660482, 0.9576622, -0.13052619), (-0.25881904, 0.9659258, 6.123234e-17), (-0.25881904, 0.9659258, 6.123234e-17), (-0.25660482, 0.9576622, -0.13052619), (-0.37940952, 0.91597563, -0.13052619), (-0.38268343, 0.9238795, 6.123234e-17), (-0.38268343, 0.9238795, 6.123234e-17), (-0.37940952, 0.91597563, -0.13052619), (-0.49572244, 0.8586164, -0.13052619), (-0.5, 0.8660254, 6.123234e-17), (-0.5, 0.8660254, 6.123234e-17), (-0.49572244, 0.8586164, -0.13052619), (-0.6035534, 0.7865661, -0.13052619), (-0.6087614, 0.7933533, 6.123234e-17), (-0.6087614, 0.7933533, 6.123234e-17), (-0.6035534, 0.7865661, -0.13052619), (-0.7010574, 0.7010574, -0.13052619), (-0.70710677, 0.70710677, 6.123234e-17), (-0.70710677, 0.70710677, 6.123234e-17), (-0.7010574, 0.7010574, -0.13052619), (-0.7865661, 0.6035534, -0.13052619), (-0.7933533, 0.6087614, 6.123234e-17), (-0.7933533, 0.6087614, 6.123234e-17), (-0.7865661, 0.6035534, -0.13052619), (-0.8586164, 0.49572244, -0.13052619), (-0.8660254, 0.5, 6.123234e-17), (-0.8660254, 0.5, 6.123234e-17), (-0.8586164, 0.49572244, -0.13052619), (-0.91597563, 0.37940952, -0.13052619), (-0.9238795, 0.38268343, 6.123234e-17), (-0.9238795, 0.38268343, 6.123234e-17), (-0.91597563, 0.37940952, -0.13052619), (-0.9576622, 0.25660482, -0.13052619), (-0.9659258, 0.25881904, 6.123234e-17), (-0.9659258, 0.25881904, 6.123234e-17), (-0.9576622, 0.25660482, -0.13052619), (-0.9829629, 0.12940952, -0.13052619), (-0.9914449, 0.13052619, 6.123234e-17), (-0.9914449, 0.13052619, 6.123234e-17), (-0.9829629, 0.12940952, -0.13052619), (-0.9914449, 1.2141697e-16, -0.13052619), (-1, 1.2246469e-16, 6.123234e-17), (-1, 1.2246469e-16, 6.123234e-17), (-0.9914449, 1.2141697e-16, -0.13052619), (-0.9829629, -0.12940952, -0.13052619), (-0.9914449, -0.13052619, 6.123234e-17), (-0.9914449, -0.13052619, 6.123234e-17), (-0.9829629, -0.12940952, -0.13052619), (-0.9576622, -0.25660482, -0.13052619), (-0.9659258, -0.25881904, 6.123234e-17), (-0.9659258, -0.25881904, 6.123234e-17), (-0.9576622, -0.25660482, -0.13052619), (-0.91597563, -0.37940952, -0.13052619), (-0.9238795, -0.38268343, 6.123234e-17), (-0.9238795, -0.38268343, 6.123234e-17), (-0.91597563, -0.37940952, -0.13052619), (-0.8586164, -0.49572244, -0.13052619), (-0.8660254, -0.5, 6.123234e-17), (-0.8660254, -0.5, 6.123234e-17), (-0.8586164, -0.49572244, -0.13052619), (-0.7865661, -0.6035534, -0.13052619), (-0.7933533, -0.6087614, 6.123234e-17), (-0.7933533, -0.6087614, 6.123234e-17), (-0.7865661, -0.6035534, -0.13052619), (-0.7010574, -0.7010574, -0.13052619), (-0.70710677, -0.70710677, 6.123234e-17), (-0.70710677, -0.70710677, 6.123234e-17), (-0.7010574, -0.7010574, -0.13052619), (-0.6035534, -0.7865661, -0.13052619), (-0.6087614, -0.7933533, 6.123234e-17), (-0.6087614, -0.7933533, 6.123234e-17), (-0.6035534, -0.7865661, -0.13052619), (-0.49572244, -0.8586164, -0.13052619), (-0.5, -0.8660254, 6.123234e-17), (-0.5, -0.8660254, 6.123234e-17), (-0.49572244, -0.8586164, -0.13052619), (-0.37940952, -0.91597563, -0.13052619), (-0.38268343, -0.9238795, 6.123234e-17), (-0.38268343, -0.9238795, 6.123234e-17), (-0.37940952, -0.91597563, -0.13052619), (-0.25660482, -0.9576622, -0.13052619), (-0.25881904, -0.9659258, 6.123234e-17), (-0.25881904, -0.9659258, 6.123234e-17), (-0.25660482, -0.9576622, -0.13052619), (-0.12940952, -0.9829629, -0.13052619), (-0.13052619, -0.9914449, 6.123234e-17), (-0.13052619, -0.9914449, 6.123234e-17), (-0.12940952, -0.9829629, -0.13052619), (-1.8212546e-16, -0.9914449, -0.13052619), (-1.8369701e-16, -1, 6.123234e-17), (-1.8369701e-16, -1, 6.123234e-17), (-1.8212546e-16, -0.9914449, -0.13052619), (0.12940952, -0.9829629, -0.13052619), (0.13052619, -0.9914449, 6.123234e-17), (0.13052619, -0.9914449, 6.123234e-17), (0.12940952, -0.9829629, -0.13052619), (0.25660482, -0.9576622, -0.13052619), (0.25881904, -0.9659258, 6.123234e-17), (0.25881904, -0.9659258, 6.123234e-17), (0.25660482, -0.9576622, -0.13052619), (0.37940952, -0.91597563, -0.13052619), (0.38268343, -0.9238795, 6.123234e-17), (0.38268343, -0.9238795, 6.123234e-17), (0.37940952, -0.91597563, -0.13052619), (0.49572244, -0.8586164, -0.13052619), (0.5, -0.8660254, 6.123234e-17), (0.5, -0.8660254, 6.123234e-17), (0.49572244, -0.8586164, -0.13052619), (0.6035534, -0.7865661, -0.13052619), (0.6087614, -0.7933533, 6.123234e-17), (0.6087614, -0.7933533, 6.123234e-17), (0.6035534, -0.7865661, -0.13052619), (0.7010574, -0.7010574, -0.13052619), (0.70710677, -0.70710677, 6.123234e-17), (0.70710677, -0.70710677, 6.123234e-17), (0.7010574, -0.7010574, -0.13052619), (0.7865661, -0.6035534, -0.13052619), (0.7933533, -0.6087614, 6.123234e-17), (0.7933533, -0.6087614, 6.123234e-17), (0.7865661, -0.6035534, -0.13052619), (0.8586164, -0.49572244, -0.13052619), (0.8660254, -0.5, 6.123234e-17), (0.8660254, -0.5, 6.123234e-17), (0.8586164, -0.49572244, -0.13052619), (0.91597563, -0.37940952, -0.13052619), (0.9238795, -0.38268343, 6.123234e-17), (0.9238795, -0.38268343, 6.123234e-17), (0.91597563, -0.37940952, -0.13052619), (0.9576622, -0.25660482, -0.13052619), (0.9659258, -0.25881904, 6.123234e-17), (0.9659258, -0.25881904, 6.123234e-17), (0.9576622, -0.25660482, -0.13052619), (0.9829629, -0.12940952, -0.13052619), (0.9914449, -0.13052619, 6.123234e-17), (0.9914449, -0.13052619, 6.123234e-17), (0.9829629, -0.12940952, -0.13052619), (0.9914449, -2.4283394e-16, -0.13052619), (1, -2.4492937e-16, 6.123234e-17), (0.9914449, 0, -0.13052619), (0.9659258, 0, -0.25881904), (0.9576622, 0.12607862, -0.25881904), (0.9829629, 0.12940952, -0.13052619), (0.9829629, 0.12940952, -0.13052619), (0.9576622, 0.12607862, -0.25881904), (0.9330127, 0.25, -0.25881904), (0.9576622, 0.25660482, -0.13052619), (0.9576622, 0.25660482, -0.13052619), (0.9330127, 0.25, -0.25881904), (0.8923991, 0.3696438, -0.25881904), (0.91597563, 0.37940952, -0.13052619), (0.91597563, 0.37940952, -0.13052619), (0.8923991, 0.3696438, -0.25881904), (0.8365163, 0.4829629, -0.25881904), (0.8586164, 0.49572244, -0.13052619), (0.8586164, 0.49572244, -0.13052619), (0.8365163, 0.4829629, -0.25881904), (0.76632047, 0.58801836, -0.25881904), (0.7865661, 0.6035534, -0.13052619), (0.7865661, 0.6035534, -0.13052619), (0.76632047, 0.58801836, -0.25881904), (0.6830127, 0.6830127, -0.25881904), (0.7010574, 0.7010574, -0.13052619), (0.7010574, 0.7010574, -0.13052619), (0.6830127, 0.6830127, -0.25881904), (0.58801836, 0.76632047, -0.25881904), (0.6035534, 0.7865661, -0.13052619), (0.6035534, 0.7865661, -0.13052619), (0.58801836, 0.76632047, -0.25881904), (0.4829629, 0.8365163, -0.25881904), (0.49572244, 0.8586164, -0.13052619), (0.49572244, 0.8586164, -0.13052619), (0.4829629, 0.8365163, -0.25881904), (0.3696438, 0.8923991, -0.25881904), (0.37940952, 0.91597563, -0.13052619), (0.37940952, 0.91597563, -0.13052619), (0.3696438, 0.8923991, -0.25881904), (0.25, 0.9330127, -0.25881904), (0.25660482, 0.9576622, -0.13052619), (0.25660482, 0.9576622, -0.13052619), (0.25, 0.9330127, -0.25881904), (0.12607862, 0.9576622, -0.25881904), (0.12940952, 0.9829629, -0.13052619), (0.12940952, 0.9829629, -0.13052619), (0.12607862, 0.9576622, -0.25881904), (5.9145895e-17, 0.9659258, -0.25881904), (6.0708486e-17, 0.9914449, -0.13052619), (6.0708486e-17, 0.9914449, -0.13052619), (5.9145895e-17, 0.9659258, -0.25881904), (-0.12607862, 0.9576622, -0.25881904), (-0.12940952, 0.9829629, -0.13052619), (-0.12940952, 0.9829629, -0.13052619), (-0.12607862, 0.9576622, -0.25881904), (-0.25, 0.9330127, -0.25881904), (-0.25660482, 0.9576622, -0.13052619), (-0.25660482, 0.9576622, -0.13052619), (-0.25, 0.9330127, -0.25881904), (-0.3696438, 0.8923991, -0.25881904), (-0.37940952, 0.91597563, -0.13052619), (-0.37940952, 0.91597563, -0.13052619), (-0.3696438, 0.8923991, -0.25881904), (-0.4829629, 0.8365163, -0.25881904), (-0.49572244, 0.8586164, -0.13052619), (-0.49572244, 0.8586164, -0.13052619), (-0.4829629, 0.8365163, -0.25881904), (-0.58801836, 0.76632047, -0.25881904), (-0.6035534, 0.7865661, -0.13052619), (-0.6035534, 0.7865661, -0.13052619), (-0.58801836, 0.76632047, -0.25881904), (-0.6830127, 0.6830127, -0.25881904), (-0.7010574, 0.7010574, -0.13052619), (-0.7010574, 0.7010574, -0.13052619), (-0.6830127, 0.6830127, -0.25881904), (-0.76632047, 0.58801836, -0.25881904), (-0.7865661, 0.6035534, -0.13052619), (-0.7865661, 0.6035534, -0.13052619), (-0.76632047, 0.58801836, -0.25881904), (-0.8365163, 0.4829629, -0.25881904), (-0.8586164, 0.49572244, -0.13052619), (-0.8586164, 0.49572244, -0.13052619), (-0.8365163, 0.4829629, -0.25881904), (-0.8923991, 0.3696438, -0.25881904), (-0.91597563, 0.37940952, -0.13052619), (-0.91597563, 0.37940952, -0.13052619), (-0.8923991, 0.3696438, -0.25881904), (-0.9330127, 0.25, -0.25881904), (-0.9576622, 0.25660482, -0.13052619), (-0.9576622, 0.25660482, -0.13052619), (-0.9330127, 0.25, -0.25881904), (-0.9576622, 0.12607862, -0.25881904), (-0.9829629, 0.12940952, -0.13052619), (-0.9829629, 0.12940952, -0.13052619), (-0.9576622, 0.12607862, -0.25881904), (-0.9659258, 1.1829179e-16, -0.25881904), (-0.9914449, 1.2141697e-16, -0.13052619), (-0.9914449, 1.2141697e-16, -0.13052619), (-0.9659258, 1.1829179e-16, -0.25881904), (-0.9576622, -0.12607862, -0.25881904), (-0.9829629, -0.12940952, -0.13052619), (-0.9829629, -0.12940952, -0.13052619), (-0.9576622, -0.12607862, -0.25881904), (-0.9330127, -0.25, -0.25881904), (-0.9576622, -0.25660482, -0.13052619), (-0.9576622, -0.25660482, -0.13052619), (-0.9330127, -0.25, -0.25881904), (-0.8923991, -0.3696438, -0.25881904), (-0.91597563, -0.37940952, -0.13052619), (-0.91597563, -0.37940952, -0.13052619), (-0.8923991, -0.3696438, -0.25881904), (-0.8365163, -0.4829629, -0.25881904), (-0.8586164, -0.49572244, -0.13052619), (-0.8586164, -0.49572244, -0.13052619), (-0.8365163, -0.4829629, -0.25881904), (-0.76632047, -0.58801836, -0.25881904), (-0.7865661, -0.6035534, -0.13052619), (-0.7865661, -0.6035534, -0.13052619), (-0.76632047, -0.58801836, -0.25881904), (-0.6830127, -0.6830127, -0.25881904), (-0.7010574, -0.7010574, -0.13052619), (-0.7010574, -0.7010574, -0.13052619), (-0.6830127, -0.6830127, -0.25881904), (-0.58801836, -0.76632047, -0.25881904), (-0.6035534, -0.7865661, -0.13052619), (-0.6035534, -0.7865661, -0.13052619), (-0.58801836, -0.76632047, -0.25881904), (-0.4829629, -0.8365163, -0.25881904), (-0.49572244, -0.8586164, -0.13052619), (-0.49572244, -0.8586164, -0.13052619), (-0.4829629, -0.8365163, -0.25881904), (-0.3696438, -0.8923991, -0.25881904), (-0.37940952, -0.91597563, -0.13052619), (-0.37940952, -0.91597563, -0.13052619), (-0.3696438, -0.8923991, -0.25881904), (-0.25, -0.9330127, -0.25881904), (-0.25660482, -0.9576622, -0.13052619), (-0.25660482, -0.9576622, -0.13052619), (-0.25, -0.9330127, -0.25881904), (-0.12607862, -0.9576622, -0.25881904), (-0.12940952, -0.9829629, -0.13052619), (-0.12940952, -0.9829629, -0.13052619), (-0.12607862, -0.9576622, -0.25881904), (-1.7743769e-16, -0.9659258, -0.25881904), (-1.8212546e-16, -0.9914449, -0.13052619), (-1.8212546e-16, -0.9914449, -0.13052619), (-1.7743769e-16, -0.9659258, -0.25881904), (0.12607862, -0.9576622, -0.25881904), (0.12940952, -0.9829629, -0.13052619), (0.12940952, -0.9829629, -0.13052619), (0.12607862, -0.9576622, -0.25881904), (0.25, -0.9330127, -0.25881904), (0.25660482, -0.9576622, -0.13052619), (0.25660482, -0.9576622, -0.13052619), (0.25, -0.9330127, -0.25881904), (0.3696438, -0.8923991, -0.25881904), (0.37940952, -0.91597563, -0.13052619), (0.37940952, -0.91597563, -0.13052619), (0.3696438, -0.8923991, -0.25881904), (0.4829629, -0.8365163, -0.25881904), (0.49572244, -0.8586164, -0.13052619), (0.49572244, -0.8586164, -0.13052619), (0.4829629, -0.8365163, -0.25881904), (0.58801836, -0.76632047, -0.25881904), (0.6035534, -0.7865661, -0.13052619), (0.6035534, -0.7865661, -0.13052619), (0.58801836, -0.76632047, -0.25881904), (0.6830127, -0.6830127, -0.25881904), (0.7010574, -0.7010574, -0.13052619), (0.7010574, -0.7010574, -0.13052619), (0.6830127, -0.6830127, -0.25881904), (0.76632047, -0.58801836, -0.25881904), (0.7865661, -0.6035534, -0.13052619), (0.7865661, -0.6035534, -0.13052619), (0.76632047, -0.58801836, -0.25881904), (0.8365163, -0.4829629, -0.25881904), (0.8586164, -0.49572244, -0.13052619), (0.8586164, -0.49572244, -0.13052619), (0.8365163, -0.4829629, -0.25881904), (0.8923991, -0.3696438, -0.25881904), (0.91597563, -0.37940952, -0.13052619), (0.91597563, -0.37940952, -0.13052619), (0.8923991, -0.3696438, -0.25881904), (0.9330127, -0.25, -0.25881904), (0.9576622, -0.25660482, -0.13052619), (0.9576622, -0.25660482, -0.13052619), (0.9330127, -0.25, -0.25881904), (0.9576622, -0.12607862, -0.25881904), (0.9829629, -0.12940952, -0.13052619), (0.9829629, -0.12940952, -0.13052619), (0.9576622, -0.12607862, -0.25881904), (0.9659258, -2.3658358e-16, -0.25881904), (0.9914449, -2.4283394e-16, -0.13052619), (0.9659258, 0, -0.25881904), (0.9238795, 0, -0.38268343), (0.91597563, 0.12059048, -0.38268343), (0.9576622, 0.12607862, -0.25881904), (0.9576622, 0.12607862, -0.25881904), (0.91597563, 0.12059048, -0.38268343), (0.8923991, 0.23911762, -0.38268343), (0.9330127, 0.25, -0.25881904), (0.9330127, 0.25, -0.25881904), (0.8923991, 0.23911762, -0.38268343), (0.8535534, 0.35355338, -0.38268343), (0.8923991, 0.3696438, -0.25881904), (0.8923991, 0.3696438, -0.25881904), (0.8535534, 0.35355338, -0.38268343), (0.8001031, 0.46193975, -0.38268343), (0.8365163, 0.4829629, -0.25881904), (0.8365163, 0.4829629, -0.25881904), (0.8001031, 0.46193975, -0.38268343), (0.7329629, 0.5624222, -0.38268343), (0.76632047, 0.58801836, -0.25881904), (0.76632047, 0.58801836, -0.25881904), (0.7329629, 0.5624222, -0.38268343), (0.6532815, 0.6532815, -0.38268343), (0.6830127, 0.6830127, -0.25881904), (0.6830127, 0.6830127, -0.25881904), (0.6532815, 0.6532815, -0.38268343), (0.5624222, 0.7329629, -0.38268343), (0.58801836, 0.76632047, -0.25881904), (0.58801836, 0.76632047, -0.25881904), (0.5624222, 0.7329629, -0.38268343), (0.46193975, 0.8001031, -0.38268343), (0.4829629, 0.8365163, -0.25881904), (0.4829629, 0.8365163, -0.25881904), (0.46193975, 0.8001031, -0.38268343), (0.35355338, 0.8535534, -0.38268343), (0.3696438, 0.8923991, -0.25881904), (0.3696438, 0.8923991, -0.25881904), (0.35355338, 0.8535534, -0.38268343), (0.23911762, 0.8923991, -0.38268343), (0.25, 0.9330127, -0.25881904), (0.25, 0.9330127, -0.25881904), (0.23911762, 0.8923991, -0.38268343), (0.12059048, 0.91597563, -0.38268343), (0.12607862, 0.9576622, -0.25881904), (0.12607862, 0.9576622, -0.25881904), (0.12059048, 0.91597563, -0.38268343), (5.6571306e-17, 0.9238795, -0.38268343), (5.9145895e-17, 0.9659258, -0.25881904), (5.9145895e-17, 0.9659258, -0.25881904), (5.6571306e-17, 0.9238795, -0.38268343), (-0.12059048, 0.91597563, -0.38268343), (-0.12607862, 0.9576622, -0.25881904), (-0.12607862, 0.9576622, -0.25881904), (-0.12059048, 0.91597563, -0.38268343), (-0.23911762, 0.8923991, -0.38268343), (-0.25, 0.9330127, -0.25881904), (-0.25, 0.9330127, -0.25881904), (-0.23911762, 0.8923991, -0.38268343), (-0.35355338, 0.8535534, -0.38268343), (-0.3696438, 0.8923991, -0.25881904), (-0.3696438, 0.8923991, -0.25881904), (-0.35355338, 0.8535534, -0.38268343), (-0.46193975, 0.8001031, -0.38268343), (-0.4829629, 0.8365163, -0.25881904), (-0.4829629, 0.8365163, -0.25881904), (-0.46193975, 0.8001031, -0.38268343), (-0.5624222, 0.7329629, -0.38268343), (-0.58801836, 0.76632047, -0.25881904), (-0.58801836, 0.76632047, -0.25881904), (-0.5624222, 0.7329629, -0.38268343), (-0.6532815, 0.6532815, -0.38268343), (-0.6830127, 0.6830127, -0.25881904), (-0.6830127, 0.6830127, -0.25881904), (-0.6532815, 0.6532815, -0.38268343), (-0.7329629, 0.5624222, -0.38268343), (-0.76632047, 0.58801836, -0.25881904), (-0.76632047, 0.58801836, -0.25881904), (-0.7329629, 0.5624222, -0.38268343), (-0.8001031, 0.46193975, -0.38268343), (-0.8365163, 0.4829629, -0.25881904), (-0.8365163, 0.4829629, -0.25881904), (-0.8001031, 0.46193975, -0.38268343), (-0.8535534, 0.35355338, -0.38268343), (-0.8923991, 0.3696438, -0.25881904), (-0.8923991, 0.3696438, -0.25881904), (-0.8535534, 0.35355338, -0.38268343), (-0.8923991, 0.23911762, -0.38268343), (-0.9330127, 0.25, -0.25881904), (-0.9330127, 0.25, -0.25881904), (-0.8923991, 0.23911762, -0.38268343), (-0.91597563, 0.12059048, -0.38268343), (-0.9576622, 0.12607862, -0.25881904), (-0.9576622, 0.12607862, -0.25881904), (-0.91597563, 0.12059048, -0.38268343), (-0.9238795, 1.1314261e-16, -0.38268343), (-0.9659258, 1.1829179e-16, -0.25881904), (-0.9659258, 1.1829179e-16, -0.25881904), (-0.9238795, 1.1314261e-16, -0.38268343), (-0.91597563, -0.12059048, -0.38268343), (-0.9576622, -0.12607862, -0.25881904), (-0.9576622, -0.12607862, -0.25881904), (-0.91597563, -0.12059048, -0.38268343), (-0.8923991, -0.23911762, -0.38268343), (-0.9330127, -0.25, -0.25881904), (-0.9330127, -0.25, -0.25881904), (-0.8923991, -0.23911762, -0.38268343), (-0.8535534, -0.35355338, -0.38268343), (-0.8923991, -0.3696438, -0.25881904), (-0.8923991, -0.3696438, -0.25881904), (-0.8535534, -0.35355338, -0.38268343), (-0.8001031, -0.46193975, -0.38268343), (-0.8365163, -0.4829629, -0.25881904), (-0.8365163, -0.4829629, -0.25881904), (-0.8001031, -0.46193975, -0.38268343), (-0.7329629, -0.5624222, -0.38268343), (-0.76632047, -0.58801836, -0.25881904), (-0.76632047, -0.58801836, -0.25881904), (-0.7329629, -0.5624222, -0.38268343), (-0.6532815, -0.6532815, -0.38268343), (-0.6830127, -0.6830127, -0.25881904), (-0.6830127, -0.6830127, -0.25881904), (-0.6532815, -0.6532815, -0.38268343), (-0.5624222, -0.7329629, -0.38268343), (-0.58801836, -0.76632047, -0.25881904), (-0.58801836, -0.76632047, -0.25881904), (-0.5624222, -0.7329629, -0.38268343), (-0.46193975, -0.8001031, -0.38268343), (-0.4829629, -0.8365163, -0.25881904), (-0.4829629, -0.8365163, -0.25881904), (-0.46193975, -0.8001031, -0.38268343), (-0.35355338, -0.8535534, -0.38268343), (-0.3696438, -0.8923991, -0.25881904), (-0.3696438, -0.8923991, -0.25881904), (-0.35355338, -0.8535534, -0.38268343), (-0.23911762, -0.8923991, -0.38268343), (-0.25, -0.9330127, -0.25881904), (-0.25, -0.9330127, -0.25881904), (-0.23911762, -0.8923991, -0.38268343), (-0.12059048, -0.91597563, -0.38268343), (-0.12607862, -0.9576622, -0.25881904), (-0.12607862, -0.9576622, -0.25881904), (-0.12059048, -0.91597563, -0.38268343), (-1.6971392e-16, -0.9238795, -0.38268343), (-1.7743769e-16, -0.9659258, -0.25881904), (-1.7743769e-16, -0.9659258, -0.25881904), (-1.6971392e-16, -0.9238795, -0.38268343), (0.12059048, -0.91597563, -0.38268343), (0.12607862, -0.9576622, -0.25881904), (0.12607862, -0.9576622, -0.25881904), (0.12059048, -0.91597563, -0.38268343), (0.23911762, -0.8923991, -0.38268343), (0.25, -0.9330127, -0.25881904), (0.25, -0.9330127, -0.25881904), (0.23911762, -0.8923991, -0.38268343), (0.35355338, -0.8535534, -0.38268343), (0.3696438, -0.8923991, -0.25881904), (0.3696438, -0.8923991, -0.25881904), (0.35355338, -0.8535534, -0.38268343), (0.46193975, -0.8001031, -0.38268343), (0.4829629, -0.8365163, -0.25881904), (0.4829629, -0.8365163, -0.25881904), (0.46193975, -0.8001031, -0.38268343), (0.5624222, -0.7329629, -0.38268343), (0.58801836, -0.76632047, -0.25881904), (0.58801836, -0.76632047, -0.25881904), (0.5624222, -0.7329629, -0.38268343), (0.6532815, -0.6532815, -0.38268343), (0.6830127, -0.6830127, -0.25881904), (0.6830127, -0.6830127, -0.25881904), (0.6532815, -0.6532815, -0.38268343), (0.7329629, -0.5624222, -0.38268343), (0.76632047, -0.58801836, -0.25881904), (0.76632047, -0.58801836, -0.25881904), (0.7329629, -0.5624222, -0.38268343), (0.8001031, -0.46193975, -0.38268343), (0.8365163, -0.4829629, -0.25881904), (0.8365163, -0.4829629, -0.25881904), (0.8001031, -0.46193975, -0.38268343), (0.8535534, -0.35355338, -0.38268343), (0.8923991, -0.3696438, -0.25881904), (0.8923991, -0.3696438, -0.25881904), (0.8535534, -0.35355338, -0.38268343), (0.8923991, -0.23911762, -0.38268343), (0.9330127, -0.25, -0.25881904), (0.9330127, -0.25, -0.25881904), (0.8923991, -0.23911762, -0.38268343), (0.91597563, -0.12059048, -0.38268343), (0.9576622, -0.12607862, -0.25881904), (0.9576622, -0.12607862, -0.25881904), (0.91597563, -0.12059048, -0.38268343), (0.9238795, -2.2628522e-16, -0.38268343), (0.9659258, -2.3658358e-16, -0.25881904), (0.9238795, 0, -0.38268343), (0.8660254, 0, -0.5), (0.8586164, 0.113039, -0.5), (0.91597563, 0.12059048, -0.38268343), (0.91597563, 0.12059048, -0.38268343), (0.8586164, 0.113039, -0.5), (0.8365163, 0.22414386, -0.5), (0.8923991, 0.23911762, -0.38268343), (0.8923991, 0.23911762, -0.38268343), (0.8365163, 0.22414386, -0.5), (0.8001031, 0.33141357, -0.5), (0.8535534, 0.35355338, -0.38268343), (0.8535534, 0.35355338, -0.38268343), (0.8001031, 0.33141357, -0.5), (0.75, 0.4330127, -0.5), (0.8001031, 0.46193975, -0.38268343), (0.8001031, 0.46193975, -0.38268343), (0.75, 0.4330127, -0.5), (0.6870642, 0.52720284, -0.5), (0.7329629, 0.5624222, -0.38268343), (0.7329629, 0.5624222, -0.38268343), (0.6870642, 0.52720284, -0.5), (0.61237246, 0.61237246, -0.5), (0.6532815, 0.6532815, -0.38268343), (0.6532815, 0.6532815, -0.38268343), (0.61237246, 0.61237246, -0.5), (0.52720284, 0.6870642, -0.5), (0.5624222, 0.7329629, -0.38268343), (0.5624222, 0.7329629, -0.38268343), (0.52720284, 0.6870642, -0.5), (0.4330127, 0.75, -0.5), (0.46193975, 0.8001031, -0.38268343), (0.46193975, 0.8001031, -0.38268343), (0.4330127, 0.75, -0.5), (0.33141357, 0.8001031, -0.5), (0.35355338, 0.8535534, -0.38268343), (0.35355338, 0.8535534, -0.38268343), (0.33141357, 0.8001031, -0.5), (0.22414386, 0.8365163, -0.5), (0.23911762, 0.8923991, -0.38268343), (0.23911762, 0.8923991, -0.38268343), (0.22414386, 0.8365163, -0.5), (0.113039, 0.8586164, -0.5), (0.12059048, 0.91597563, -0.38268343), (0.12059048, 0.91597563, -0.38268343), (0.113039, 0.8586164, -0.5), (5.3028762e-17, 0.8660254, -0.5), (5.6571306e-17, 0.9238795, -0.38268343), (5.6571306e-17, 0.9238795, -0.38268343), (5.3028762e-17, 0.8660254, -0.5), (-0.113039, 0.8586164, -0.5), (-0.12059048, 0.91597563, -0.38268343), (-0.12059048, 0.91597563, -0.38268343), (-0.113039, 0.8586164, -0.5), (-0.22414386, 0.8365163, -0.5), (-0.23911762, 0.8923991, -0.38268343), (-0.23911762, 0.8923991, -0.38268343), (-0.22414386, 0.8365163, -0.5), (-0.33141357, 0.8001031, -0.5), (-0.35355338, 0.8535534, -0.38268343), (-0.35355338, 0.8535534, -0.38268343), (-0.33141357, 0.8001031, -0.5), (-0.4330127, 0.75, -0.5), (-0.46193975, 0.8001031, -0.38268343), (-0.46193975, 0.8001031, -0.38268343), (-0.4330127, 0.75, -0.5), (-0.52720284, 0.6870642, -0.5), (-0.5624222, 0.7329629, -0.38268343), (-0.5624222, 0.7329629, -0.38268343), (-0.52720284, 0.6870642, -0.5), (-0.61237246, 0.61237246, -0.5), (-0.6532815, 0.6532815, -0.38268343), (-0.6532815, 0.6532815, -0.38268343), (-0.61237246, 0.61237246, -0.5), (-0.6870642, 0.52720284, -0.5), (-0.7329629, 0.5624222, -0.38268343), (-0.7329629, 0.5624222, -0.38268343), (-0.6870642, 0.52720284, -0.5), (-0.75, 0.4330127, -0.5), (-0.8001031, 0.46193975, -0.38268343), (-0.8001031, 0.46193975, -0.38268343), (-0.75, 0.4330127, -0.5), (-0.8001031, 0.33141357, -0.5), (-0.8535534, 0.35355338, -0.38268343), (-0.8535534, 0.35355338, -0.38268343), (-0.8001031, 0.33141357, -0.5), (-0.8365163, 0.22414386, -0.5), (-0.8923991, 0.23911762, -0.38268343), (-0.8923991, 0.23911762, -0.38268343), (-0.8365163, 0.22414386, -0.5), (-0.8586164, 0.113039, -0.5), (-0.91597563, 0.12059048, -0.38268343), (-0.91597563, 0.12059048, -0.38268343), (-0.8586164, 0.113039, -0.5), (-0.8660254, 1.06057525e-16, -0.5), (-0.9238795, 1.1314261e-16, -0.38268343), (-0.9238795, 1.1314261e-16, -0.38268343), (-0.8660254, 1.06057525e-16, -0.5), (-0.8586164, -0.113039, -0.5), (-0.91597563, -0.12059048, -0.38268343), (-0.91597563, -0.12059048, -0.38268343), (-0.8586164, -0.113039, -0.5), (-0.8365163, -0.22414386, -0.5), (-0.8923991, -0.23911762, -0.38268343), (-0.8923991, -0.23911762, -0.38268343), (-0.8365163, -0.22414386, -0.5), (-0.8001031, -0.33141357, -0.5), (-0.8535534, -0.35355338, -0.38268343), (-0.8535534, -0.35355338, -0.38268343), (-0.8001031, -0.33141357, -0.5), (-0.75, -0.4330127, -0.5), (-0.8001031, -0.46193975, -0.38268343), (-0.8001031, -0.46193975, -0.38268343), (-0.75, -0.4330127, -0.5), (-0.6870642, -0.52720284, -0.5), (-0.7329629, -0.5624222, -0.38268343), (-0.7329629, -0.5624222, -0.38268343), (-0.6870642, -0.52720284, -0.5), (-0.61237246, -0.61237246, -0.5), (-0.6532815, -0.6532815, -0.38268343), (-0.6532815, -0.6532815, -0.38268343), (-0.61237246, -0.61237246, -0.5), (-0.52720284, -0.6870642, -0.5), (-0.5624222, -0.7329629, -0.38268343), (-0.5624222, -0.7329629, -0.38268343), (-0.52720284, -0.6870642, -0.5), (-0.4330127, -0.75, -0.5), (-0.46193975, -0.8001031, -0.38268343), (-0.46193975, -0.8001031, -0.38268343), (-0.4330127, -0.75, -0.5), (-0.33141357, -0.8001031, -0.5), (-0.35355338, -0.8535534, -0.38268343), (-0.35355338, -0.8535534, -0.38268343), (-0.33141357, -0.8001031, -0.5), (-0.22414386, -0.8365163, -0.5), (-0.23911762, -0.8923991, -0.38268343), (-0.23911762, -0.8923991, -0.38268343), (-0.22414386, -0.8365163, -0.5), (-0.113039, -0.8586164, -0.5), (-0.12059048, -0.91597563, -0.38268343), (-0.12059048, -0.91597563, -0.38268343), (-0.113039, -0.8586164, -0.5), (-1.5908629e-16, -0.8660254, -0.5), (-1.6971392e-16, -0.9238795, -0.38268343), (-1.6971392e-16, -0.9238795, -0.38268343), (-1.5908629e-16, -0.8660254, -0.5), (0.113039, -0.8586164, -0.5), (0.12059048, -0.91597563, -0.38268343), (0.12059048, -0.91597563, -0.38268343), (0.113039, -0.8586164, -0.5), (0.22414386, -0.8365163, -0.5), (0.23911762, -0.8923991, -0.38268343), (0.23911762, -0.8923991, -0.38268343), (0.22414386, -0.8365163, -0.5), (0.33141357, -0.8001031, -0.5), (0.35355338, -0.8535534, -0.38268343), (0.35355338, -0.8535534, -0.38268343), (0.33141357, -0.8001031, -0.5), (0.4330127, -0.75, -0.5), (0.46193975, -0.8001031, -0.38268343), (0.46193975, -0.8001031, -0.38268343), (0.4330127, -0.75, -0.5), (0.52720284, -0.6870642, -0.5), (0.5624222, -0.7329629, -0.38268343), (0.5624222, -0.7329629, -0.38268343), (0.52720284, -0.6870642, -0.5), (0.61237246, -0.61237246, -0.5), (0.6532815, -0.6532815, -0.38268343), (0.6532815, -0.6532815, -0.38268343), (0.61237246, -0.61237246, -0.5), (0.6870642, -0.52720284, -0.5), (0.7329629, -0.5624222, -0.38268343), (0.7329629, -0.5624222, -0.38268343), (0.6870642, -0.52720284, -0.5), (0.75, -0.4330127, -0.5), (0.8001031, -0.46193975, -0.38268343), (0.8001031, -0.46193975, -0.38268343), (0.75, -0.4330127, -0.5), (0.8001031, -0.33141357, -0.5), (0.8535534, -0.35355338, -0.38268343), (0.8535534, -0.35355338, -0.38268343), (0.8001031, -0.33141357, -0.5), (0.8365163, -0.22414386, -0.5), (0.8923991, -0.23911762, -0.38268343), (0.8923991, -0.23911762, -0.38268343), (0.8365163, -0.22414386, -0.5), (0.8586164, -0.113039, -0.5), (0.91597563, -0.12059048, -0.38268343), (0.91597563, -0.12059048, -0.38268343), (0.8586164, -0.113039, -0.5), (0.8660254, -2.1211505e-16, -0.5), (0.9238795, -2.2628522e-16, -0.38268343), (0.8660254, 0, -0.5), (0.7933533, 0, -0.6087614), (0.7865661, 0.10355339, -0.6087614), (0.8586164, 0.113039, -0.5), (0.8586164, 0.113039, -0.5), (0.7865661, 0.10355339, -0.6087614), (0.76632047, 0.20533495, -0.6087614), (0.8365163, 0.22414386, -0.5), (0.8365163, 0.22414386, -0.5), (0.76632047, 0.20533495, -0.6087614), (0.7329629, 0.30360317, -0.6087614), (0.8001031, 0.33141357, -0.5), (0.8001031, 0.33141357, -0.5), (0.7329629, 0.30360317, -0.6087614), (0.6870642, 0.39667666, -0.6087614), (0.75, 0.4330127, -0.5), (0.75, 0.4330127, -0.5), (0.6870642, 0.39667666, -0.6087614), (0.62940955, 0.4829629, -0.6087614), (0.6870642, 0.52720284, -0.5), (0.6870642, 0.52720284, -0.5), (0.62940955, 0.4829629, -0.6087614), (0.5609855, 0.5609855, -0.6087614), (0.61237246, 0.61237246, -0.5), (0.61237246, 0.61237246, -0.5), (0.5609855, 0.5609855, -0.6087614), (0.4829629, 0.62940955, -0.6087614), (0.52720284, 0.6870642, -0.5), (0.52720284, 0.6870642, -0.5), (0.4829629, 0.62940955, -0.6087614), (0.39667666, 0.6870642, -0.6087614), (0.4330127, 0.75, -0.5), (0.4330127, 0.75, -0.5), (0.39667666, 0.6870642, -0.6087614), (0.30360317, 0.7329629, -0.6087614), (0.33141357, 0.8001031, -0.5), (0.33141357, 0.8001031, -0.5), (0.30360317, 0.7329629, -0.6087614), (0.20533495, 0.76632047, -0.6087614), (0.22414386, 0.8365163, -0.5), (0.22414386, 0.8365163, -0.5), (0.20533495, 0.76632047, -0.6087614), (0.10355339, 0.7865661, -0.6087614), (0.113039, 0.8586164, -0.5), (0.113039, 0.8586164, -0.5), (0.10355339, 0.7865661, -0.6087614), (4.857888e-17, 0.7933533, -0.6087614), (5.3028762e-17, 0.8660254, -0.5), (5.3028762e-17, 0.8660254, -0.5), (4.857888e-17, 0.7933533, -0.6087614), (-0.10355339, 0.7865661, -0.6087614), (-0.113039, 0.8586164, -0.5), (-0.113039, 0.8586164, -0.5), (-0.10355339, 0.7865661, -0.6087614), (-0.20533495, 0.76632047, -0.6087614), (-0.22414386, 0.8365163, -0.5), (-0.22414386, 0.8365163, -0.5), (-0.20533495, 0.76632047, -0.6087614), (-0.30360317, 0.7329629, -0.6087614), (-0.33141357, 0.8001031, -0.5), (-0.33141357, 0.8001031, -0.5), (-0.30360317, 0.7329629, -0.6087614), (-0.39667666, 0.6870642, -0.6087614), (-0.4330127, 0.75, -0.5), (-0.4330127, 0.75, -0.5), (-0.39667666, 0.6870642, -0.6087614), (-0.4829629, 0.62940955, -0.6087614), (-0.52720284, 0.6870642, -0.5), (-0.52720284, 0.6870642, -0.5), (-0.4829629, 0.62940955, -0.6087614), (-0.5609855, 0.5609855, -0.6087614), (-0.61237246, 0.61237246, -0.5), (-0.61237246, 0.61237246, -0.5), (-0.5609855, 0.5609855, -0.6087614), (-0.62940955, 0.4829629, -0.6087614), (-0.6870642, 0.52720284, -0.5), (-0.6870642, 0.52720284, -0.5), (-0.62940955, 0.4829629, -0.6087614), (-0.6870642, 0.39667666, -0.6087614), (-0.75, 0.4330127, -0.5), (-0.75, 0.4330127, -0.5), (-0.6870642, 0.39667666, -0.6087614), (-0.7329629, 0.30360317, -0.6087614), (-0.8001031, 0.33141357, -0.5), (-0.8001031, 0.33141357, -0.5), (-0.7329629, 0.30360317, -0.6087614), (-0.76632047, 0.20533495, -0.6087614), (-0.8365163, 0.22414386, -0.5), (-0.8365163, 0.22414386, -0.5), (-0.76632047, 0.20533495, -0.6087614), (-0.7865661, 0.10355339, -0.6087614), (-0.8586164, 0.113039, -0.5), (-0.8586164, 0.113039, -0.5), (-0.7865661, 0.10355339, -0.6087614), (-0.7933533, 9.715776e-17, -0.6087614), (-0.8660254, 1.06057525e-16, -0.5), (-0.8660254, 1.06057525e-16, -0.5), (-0.7933533, 9.715776e-17, -0.6087614), (-0.7865661, -0.10355339, -0.6087614), (-0.8586164, -0.113039, -0.5), (-0.8586164, -0.113039, -0.5), (-0.7865661, -0.10355339, -0.6087614), (-0.76632047, -0.20533495, -0.6087614), (-0.8365163, -0.22414386, -0.5), (-0.8365163, -0.22414386, -0.5), (-0.76632047, -0.20533495, -0.6087614), (-0.7329629, -0.30360317, -0.6087614), (-0.8001031, -0.33141357, -0.5), (-0.8001031, -0.33141357, -0.5), (-0.7329629, -0.30360317, -0.6087614), (-0.6870642, -0.39667666, -0.6087614), (-0.75, -0.4330127, -0.5), (-0.75, -0.4330127, -0.5), (-0.6870642, -0.39667666, -0.6087614), (-0.62940955, -0.4829629, -0.6087614), (-0.6870642, -0.52720284, -0.5), (-0.6870642, -0.52720284, -0.5), (-0.62940955, -0.4829629, -0.6087614), (-0.5609855, -0.5609855, -0.6087614), (-0.61237246, -0.61237246, -0.5), (-0.61237246, -0.61237246, -0.5), (-0.5609855, -0.5609855, -0.6087614), (-0.4829629, -0.62940955, -0.6087614), (-0.52720284, -0.6870642, -0.5), (-0.52720284, -0.6870642, -0.5), (-0.4829629, -0.62940955, -0.6087614), (-0.39667666, -0.6870642, -0.6087614), (-0.4330127, -0.75, -0.5), (-0.4330127, -0.75, -0.5), (-0.39667666, -0.6870642, -0.6087614), (-0.30360317, -0.7329629, -0.6087614), (-0.33141357, -0.8001031, -0.5), (-0.33141357, -0.8001031, -0.5), (-0.30360317, -0.7329629, -0.6087614), (-0.20533495, -0.76632047, -0.6087614), (-0.22414386, -0.8365163, -0.5), (-0.22414386, -0.8365163, -0.5), (-0.20533495, -0.76632047, -0.6087614), (-0.10355339, -0.7865661, -0.6087614), (-0.113039, -0.8586164, -0.5), (-0.113039, -0.8586164, -0.5), (-0.10355339, -0.7865661, -0.6087614), (-1.4573665e-16, -0.7933533, -0.6087614), (-1.5908629e-16, -0.8660254, -0.5), (-1.5908629e-16, -0.8660254, -0.5), (-1.4573665e-16, -0.7933533, -0.6087614), (0.10355339, -0.7865661, -0.6087614), (0.113039, -0.8586164, -0.5), (0.113039, -0.8586164, -0.5), (0.10355339, -0.7865661, -0.6087614), (0.20533495, -0.76632047, -0.6087614), (0.22414386, -0.8365163, -0.5), (0.22414386, -0.8365163, -0.5), (0.20533495, -0.76632047, -0.6087614), (0.30360317, -0.7329629, -0.6087614), (0.33141357, -0.8001031, -0.5), (0.33141357, -0.8001031, -0.5), (0.30360317, -0.7329629, -0.6087614), (0.39667666, -0.6870642, -0.6087614), (0.4330127, -0.75, -0.5), (0.4330127, -0.75, -0.5), (0.39667666, -0.6870642, -0.6087614), (0.4829629, -0.62940955, -0.6087614), (0.52720284, -0.6870642, -0.5), (0.52720284, -0.6870642, -0.5), (0.4829629, -0.62940955, -0.6087614), (0.5609855, -0.5609855, -0.6087614), (0.61237246, -0.61237246, -0.5), (0.61237246, -0.61237246, -0.5), (0.5609855, -0.5609855, -0.6087614), (0.62940955, -0.4829629, -0.6087614), (0.6870642, -0.52720284, -0.5), (0.6870642, -0.52720284, -0.5), (0.62940955, -0.4829629, -0.6087614), (0.6870642, -0.39667666, -0.6087614), (0.75, -0.4330127, -0.5), (0.75, -0.4330127, -0.5), (0.6870642, -0.39667666, -0.6087614), (0.7329629, -0.30360317, -0.6087614), (0.8001031, -0.33141357, -0.5), (0.8001031, -0.33141357, -0.5), (0.7329629, -0.30360317, -0.6087614), (0.76632047, -0.20533495, -0.6087614), (0.8365163, -0.22414386, -0.5), (0.8365163, -0.22414386, -0.5), (0.76632047, -0.20533495, -0.6087614), (0.7865661, -0.10355339, -0.6087614), (0.8586164, -0.113039, -0.5), (0.8586164, -0.113039, -0.5), (0.7865661, -0.10355339, -0.6087614), (0.7933533, -1.9431553e-16, -0.6087614), (0.8660254, -2.1211505e-16, -0.5), (0.7933533, 0, -0.6087614), (0.70710677, 0, -0.70710677), (0.7010574, 0.09229595, -0.70710677), (0.7865661, 0.10355339, -0.6087614), (0.7865661, 0.10355339, -0.6087614), (0.7010574, 0.09229595, -0.70710677), (0.6830127, 0.18301271, -0.70710677), (0.76632047, 0.20533495, -0.6087614), (0.76632047, 0.20533495, -0.6087614), (0.6830127, 0.18301271, -0.70710677), (0.6532815, 0.27059805, -0.70710677), (0.7329629, 0.30360317, -0.6087614), (0.7329629, 0.30360317, -0.6087614), (0.6532815, 0.27059805, -0.70710677), (0.61237246, 0.35355338, -0.70710677), (0.6870642, 0.39667666, -0.6087614), (0.6870642, 0.39667666, -0.6087614), (0.61237246, 0.35355338, -0.70710677), (0.5609855, 0.43045932, -0.70710677), (0.62940955, 0.4829629, -0.6087614), (0.62940955, 0.4829629, -0.6087614), (0.5609855, 0.43045932, -0.70710677), (0.5, 0.5, -0.70710677), (0.5609855, 0.5609855, -0.6087614), (0.5609855, 0.5609855, -0.6087614), (0.5, 0.5, -0.70710677), (0.43045932, 0.5609855, -0.70710677), (0.4829629, 0.62940955, -0.6087614), (0.4829629, 0.62940955, -0.6087614), (0.43045932, 0.5609855, -0.70710677), (0.35355338, 0.61237246, -0.70710677), (0.39667666, 0.6870642, -0.6087614), (0.39667666, 0.6870642, -0.6087614), (0.35355338, 0.61237246, -0.70710677), (0.27059805, 0.6532815, -0.70710677), (0.30360317, 0.7329629, -0.6087614), (0.30360317, 0.7329629, -0.6087614), (0.27059805, 0.6532815, -0.70710677), (0.18301271, 0.6830127, -0.70710677), (0.20533495, 0.76632047, -0.6087614), (0.20533495, 0.76632047, -0.6087614), (0.18301271, 0.6830127, -0.70710677), (0.09229595, 0.7010574, -0.70710677), (0.10355339, 0.7865661, -0.6087614), (0.10355339, 0.7865661, -0.6087614), (0.09229595, 0.7010574, -0.70710677), (4.3297803e-17, 0.70710677, -0.70710677), (4.857888e-17, 0.7933533, -0.6087614), (4.857888e-17, 0.7933533, -0.6087614), (4.3297803e-17, 0.70710677, -0.70710677), (-0.09229595, 0.7010574, -0.70710677), (-0.10355339, 0.7865661, -0.6087614), (-0.10355339, 0.7865661, -0.6087614), (-0.09229595, 0.7010574, -0.70710677), (-0.18301271, 0.6830127, -0.70710677), (-0.20533495, 0.76632047, -0.6087614), (-0.20533495, 0.76632047, -0.6087614), (-0.18301271, 0.6830127, -0.70710677), (-0.27059805, 0.6532815, -0.70710677), (-0.30360317, 0.7329629, -0.6087614), (-0.30360317, 0.7329629, -0.6087614), (-0.27059805, 0.6532815, -0.70710677), (-0.35355338, 0.61237246, -0.70710677), (-0.39667666, 0.6870642, -0.6087614), (-0.39667666, 0.6870642, -0.6087614), (-0.35355338, 0.61237246, -0.70710677), (-0.43045932, 0.5609855, -0.70710677), (-0.4829629, 0.62940955, -0.6087614), (-0.4829629, 0.62940955, -0.6087614), (-0.43045932, 0.5609855, -0.70710677), (-0.5, 0.5, -0.70710677), (-0.5609855, 0.5609855, -0.6087614), (-0.5609855, 0.5609855, -0.6087614), (-0.5, 0.5, -0.70710677), (-0.5609855, 0.43045932, -0.70710677), (-0.62940955, 0.4829629, -0.6087614), (-0.62940955, 0.4829629, -0.6087614), (-0.5609855, 0.43045932, -0.70710677), (-0.61237246, 0.35355338, -0.70710677), (-0.6870642, 0.39667666, -0.6087614), (-0.6870642, 0.39667666, -0.6087614), (-0.61237246, 0.35355338, -0.70710677), (-0.6532815, 0.27059805, -0.70710677), (-0.7329629, 0.30360317, -0.6087614), (-0.7329629, 0.30360317, -0.6087614), (-0.6532815, 0.27059805, -0.70710677), (-0.6830127, 0.18301271, -0.70710677), (-0.76632047, 0.20533495, -0.6087614), (-0.76632047, 0.20533495, -0.6087614), (-0.6830127, 0.18301271, -0.70710677), (-0.7010574, 0.09229595, -0.70710677), (-0.7865661, 0.10355339, -0.6087614), (-0.7865661, 0.10355339, -0.6087614), (-0.7010574, 0.09229595, -0.70710677), (-0.70710677, 8.6595606e-17, -0.70710677), (-0.7933533, 9.715776e-17, -0.6087614), (-0.7933533, 9.715776e-17, -0.6087614), (-0.70710677, 8.6595606e-17, -0.70710677), (-0.7010574, -0.09229595, -0.70710677), (-0.7865661, -0.10355339, -0.6087614), (-0.7865661, -0.10355339, -0.6087614), (-0.7010574, -0.09229595, -0.70710677), (-0.6830127, -0.18301271, -0.70710677), (-0.76632047, -0.20533495, -0.6087614), (-0.76632047, -0.20533495, -0.6087614), (-0.6830127, -0.18301271, -0.70710677), (-0.6532815, -0.27059805, -0.70710677), (-0.7329629, -0.30360317, -0.6087614), (-0.7329629, -0.30360317, -0.6087614), (-0.6532815, -0.27059805, -0.70710677), (-0.61237246, -0.35355338, -0.70710677), (-0.6870642, -0.39667666, -0.6087614), (-0.6870642, -0.39667666, -0.6087614), (-0.61237246, -0.35355338, -0.70710677), (-0.5609855, -0.43045932, -0.70710677), (-0.62940955, -0.4829629, -0.6087614), (-0.62940955, -0.4829629, -0.6087614), (-0.5609855, -0.43045932, -0.70710677), (-0.5, -0.5, -0.70710677), (-0.5609855, -0.5609855, -0.6087614), (-0.5609855, -0.5609855, -0.6087614), (-0.5, -0.5, -0.70710677), (-0.43045932, -0.5609855, -0.70710677), (-0.4829629, -0.62940955, -0.6087614), (-0.4829629, -0.62940955, -0.6087614), (-0.43045932, -0.5609855, -0.70710677), (-0.35355338, -0.61237246, -0.70710677), (-0.39667666, -0.6870642, -0.6087614), (-0.39667666, -0.6870642, -0.6087614), (-0.35355338, -0.61237246, -0.70710677), (-0.27059805, -0.6532815, -0.70710677), (-0.30360317, -0.7329629, -0.6087614), (-0.30360317, -0.7329629, -0.6087614), (-0.27059805, -0.6532815, -0.70710677), (-0.18301271, -0.6830127, -0.70710677), (-0.20533495, -0.76632047, -0.6087614), (-0.20533495, -0.76632047, -0.6087614), (-0.18301271, -0.6830127, -0.70710677), (-0.09229595, -0.7010574, -0.70710677), (-0.10355339, -0.7865661, -0.6087614), (-0.10355339, -0.7865661, -0.6087614), (-0.09229595, -0.7010574, -0.70710677), (-1.298934e-16, -0.70710677, -0.70710677), (-1.4573665e-16, -0.7933533, -0.6087614), (-1.4573665e-16, -0.7933533, -0.6087614), (-1.298934e-16, -0.70710677, -0.70710677), (0.09229595, -0.7010574, -0.70710677), (0.10355339, -0.7865661, -0.6087614), (0.10355339, -0.7865661, -0.6087614), (0.09229595, -0.7010574, -0.70710677), (0.18301271, -0.6830127, -0.70710677), (0.20533495, -0.76632047, -0.6087614), (0.20533495, -0.76632047, -0.6087614), (0.18301271, -0.6830127, -0.70710677), (0.27059805, -0.6532815, -0.70710677), (0.30360317, -0.7329629, -0.6087614), (0.30360317, -0.7329629, -0.6087614), (0.27059805, -0.6532815, -0.70710677), (0.35355338, -0.61237246, -0.70710677), (0.39667666, -0.6870642, -0.6087614), (0.39667666, -0.6870642, -0.6087614), (0.35355338, -0.61237246, -0.70710677), (0.43045932, -0.5609855, -0.70710677), (0.4829629, -0.62940955, -0.6087614), (0.4829629, -0.62940955, -0.6087614), (0.43045932, -0.5609855, -0.70710677), (0.5, -0.5, -0.70710677), (0.5609855, -0.5609855, -0.6087614), (0.5609855, -0.5609855, -0.6087614), (0.5, -0.5, -0.70710677), (0.5609855, -0.43045932, -0.70710677), (0.62940955, -0.4829629, -0.6087614), (0.62940955, -0.4829629, -0.6087614), (0.5609855, -0.43045932, -0.70710677), (0.61237246, -0.35355338, -0.70710677), (0.6870642, -0.39667666, -0.6087614), (0.6870642, -0.39667666, -0.6087614), (0.61237246, -0.35355338, -0.70710677), (0.6532815, -0.27059805, -0.70710677), (0.7329629, -0.30360317, -0.6087614), (0.7329629, -0.30360317, -0.6087614), (0.6532815, -0.27059805, -0.70710677), (0.6830127, -0.18301271, -0.70710677), (0.76632047, -0.20533495, -0.6087614), (0.76632047, -0.20533495, -0.6087614), (0.6830127, -0.18301271, -0.70710677), (0.7010574, -0.09229595, -0.70710677), (0.7865661, -0.10355339, -0.6087614), (0.7865661, -0.10355339, -0.6087614), (0.7010574, -0.09229595, -0.70710677), (0.70710677, -1.7319121e-16, -0.70710677), (0.7933533, -1.9431553e-16, -0.6087614), (0.70710677, 0, -0.70710677), (0.6087614, 0, -0.7933533), (0.6035534, 0.07945931, -0.7933533), (0.7010574, 0.09229595, -0.70710677), (0.7010574, 0.09229595, -0.70710677), (0.6035534, 0.07945931, -0.7933533), (0.58801836, 0.15755905, -0.7933533), (0.6830127, 0.18301271, -0.70710677), (0.6830127, 0.18301271, -0.70710677), (0.58801836, 0.15755905, -0.7933533), (0.5624222, 0.2329629, -0.7933533), (0.6532815, 0.27059805, -0.70710677), (0.6532815, 0.27059805, -0.70710677), (0.5624222, 0.2329629, -0.7933533), (0.52720284, 0.3043807, -0.7933533), (0.61237246, 0.35355338, -0.70710677), (0.61237246, 0.35355338, -0.70710677), (0.52720284, 0.3043807, -0.7933533), (0.4829629, 0.37059048, -0.7933533), (0.5609855, 0.43045932, -0.70710677), (0.5609855, 0.43045932, -0.70710677), (0.4829629, 0.37059048, -0.7933533), (0.43045932, 0.43045932, -0.7933533), (0.5, 0.5, -0.70710677), (0.5, 0.5, -0.70710677), (0.43045932, 0.43045932, -0.7933533), (0.37059048, 0.4829629, -0.7933533), (0.43045932, 0.5609855, -0.70710677), (0.43045932, 0.5609855, -0.70710677), (0.37059048, 0.4829629, -0.7933533), (0.3043807, 0.52720284, -0.7933533), (0.35355338, 0.61237246, -0.70710677), (0.35355338, 0.61237246, -0.70710677), (0.3043807, 0.52720284, -0.7933533), (0.2329629, 0.5624222, -0.7933533), (0.27059805, 0.6532815, -0.70710677), (0.27059805, 0.6532815, -0.70710677), (0.2329629, 0.5624222, -0.7933533), (0.15755905, 0.58801836, -0.7933533), (0.18301271, 0.6830127, -0.70710677), (0.18301271, 0.6830127, -0.70710677), (0.15755905, 0.58801836, -0.7933533), (0.07945931, 0.6035534, -0.7933533), (0.09229595, 0.7010574, -0.70710677), (0.09229595, 0.7010574, -0.70710677), (0.07945931, 0.6035534, -0.7933533), (3.7275885e-17, 0.6087614, -0.7933533), (4.3297803e-17, 0.70710677, -0.70710677), (4.3297803e-17, 0.70710677, -0.70710677), (3.7275885e-17, 0.6087614, -0.7933533), (-0.07945931, 0.6035534, -0.7933533), (-0.09229595, 0.7010574, -0.70710677), (-0.09229595, 0.7010574, -0.70710677), (-0.07945931, 0.6035534, -0.7933533), (-0.15755905, 0.58801836, -0.7933533), (-0.18301271, 0.6830127, -0.70710677), (-0.18301271, 0.6830127, -0.70710677), (-0.15755905, 0.58801836, -0.7933533), (-0.2329629, 0.5624222, -0.7933533), (-0.27059805, 0.6532815, -0.70710677), (-0.27059805, 0.6532815, -0.70710677), (-0.2329629, 0.5624222, -0.7933533), (-0.3043807, 0.52720284, -0.7933533), (-0.35355338, 0.61237246, -0.70710677), (-0.35355338, 0.61237246, -0.70710677), (-0.3043807, 0.52720284, -0.7933533), (-0.37059048, 0.4829629, -0.7933533), (-0.43045932, 0.5609855, -0.70710677), (-0.43045932, 0.5609855, -0.70710677), (-0.37059048, 0.4829629, -0.7933533), (-0.43045932, 0.43045932, -0.7933533), (-0.5, 0.5, -0.70710677), (-0.5, 0.5, -0.70710677), (-0.43045932, 0.43045932, -0.7933533), (-0.4829629, 0.37059048, -0.7933533), (-0.5609855, 0.43045932, -0.70710677), (-0.5609855, 0.43045932, -0.70710677), (-0.4829629, 0.37059048, -0.7933533), (-0.52720284, 0.3043807, -0.7933533), (-0.61237246, 0.35355338, -0.70710677), (-0.61237246, 0.35355338, -0.70710677), (-0.52720284, 0.3043807, -0.7933533), (-0.5624222, 0.2329629, -0.7933533), (-0.6532815, 0.27059805, -0.70710677), (-0.6532815, 0.27059805, -0.70710677), (-0.5624222, 0.2329629, -0.7933533), (-0.58801836, 0.15755905, -0.7933533), (-0.6830127, 0.18301271, -0.70710677), (-0.6830127, 0.18301271, -0.70710677), (-0.58801836, 0.15755905, -0.7933533), (-0.6035534, 0.07945931, -0.7933533), (-0.7010574, 0.09229595, -0.70710677), (-0.7010574, 0.09229595, -0.70710677), (-0.6035534, 0.07945931, -0.7933533), (-0.6087614, 7.455177e-17, -0.7933533), (-0.70710677, 8.6595606e-17, -0.70710677), (-0.70710677, 8.6595606e-17, -0.70710677), (-0.6087614, 7.455177e-17, -0.7933533), (-0.6035534, -0.07945931, -0.7933533), (-0.7010574, -0.09229595, -0.70710677), (-0.7010574, -0.09229595, -0.70710677), (-0.6035534, -0.07945931, -0.7933533), (-0.58801836, -0.15755905, -0.7933533), (-0.6830127, -0.18301271, -0.70710677), (-0.6830127, -0.18301271, -0.70710677), (-0.58801836, -0.15755905, -0.7933533), (-0.5624222, -0.2329629, -0.7933533), (-0.6532815, -0.27059805, -0.70710677), (-0.6532815, -0.27059805, -0.70710677), (-0.5624222, -0.2329629, -0.7933533), (-0.52720284, -0.3043807, -0.7933533), (-0.61237246, -0.35355338, -0.70710677), (-0.61237246, -0.35355338, -0.70710677), (-0.52720284, -0.3043807, -0.7933533), (-0.4829629, -0.37059048, -0.7933533), (-0.5609855, -0.43045932, -0.70710677), (-0.5609855, -0.43045932, -0.70710677), (-0.4829629, -0.37059048, -0.7933533), (-0.43045932, -0.43045932, -0.7933533), (-0.5, -0.5, -0.70710677), (-0.5, -0.5, -0.70710677), (-0.43045932, -0.43045932, -0.7933533), (-0.37059048, -0.4829629, -0.7933533), (-0.43045932, -0.5609855, -0.70710677), (-0.43045932, -0.5609855, -0.70710677), (-0.37059048, -0.4829629, -0.7933533), (-0.3043807, -0.52720284, -0.7933533), (-0.35355338, -0.61237246, -0.70710677), (-0.35355338, -0.61237246, -0.70710677), (-0.3043807, -0.52720284, -0.7933533), (-0.2329629, -0.5624222, -0.7933533), (-0.27059805, -0.6532815, -0.70710677), (-0.27059805, -0.6532815, -0.70710677), (-0.2329629, -0.5624222, -0.7933533), (-0.15755905, -0.58801836, -0.7933533), (-0.18301271, -0.6830127, -0.70710677), (-0.18301271, -0.6830127, -0.70710677), (-0.15755905, -0.58801836, -0.7933533), (-0.07945931, -0.6035534, -0.7933533), (-0.09229595, -0.7010574, -0.70710677), (-0.09229595, -0.7010574, -0.70710677), (-0.07945931, -0.6035534, -0.7933533), (-1.1182766e-16, -0.6087614, -0.7933533), (-1.298934e-16, -0.70710677, -0.70710677), (-1.298934e-16, -0.70710677, -0.70710677), (-1.1182766e-16, -0.6087614, -0.7933533), (0.07945931, -0.6035534, -0.7933533), (0.09229595, -0.7010574, -0.70710677), (0.09229595, -0.7010574, -0.70710677), (0.07945931, -0.6035534, -0.7933533), (0.15755905, -0.58801836, -0.7933533), (0.18301271, -0.6830127, -0.70710677), (0.18301271, -0.6830127, -0.70710677), (0.15755905, -0.58801836, -0.7933533), (0.2329629, -0.5624222, -0.7933533), (0.27059805, -0.6532815, -0.70710677), (0.27059805, -0.6532815, -0.70710677), (0.2329629, -0.5624222, -0.7933533), (0.3043807, -0.52720284, -0.7933533), (0.35355338, -0.61237246, -0.70710677), (0.35355338, -0.61237246, -0.70710677), (0.3043807, -0.52720284, -0.7933533), (0.37059048, -0.4829629, -0.7933533), (0.43045932, -0.5609855, -0.70710677), (0.43045932, -0.5609855, -0.70710677), (0.37059048, -0.4829629, -0.7933533), (0.43045932, -0.43045932, -0.7933533), (0.5, -0.5, -0.70710677), (0.5, -0.5, -0.70710677), (0.43045932, -0.43045932, -0.7933533), (0.4829629, -0.37059048, -0.7933533), (0.5609855, -0.43045932, -0.70710677), (0.5609855, -0.43045932, -0.70710677), (0.4829629, -0.37059048, -0.7933533), (0.52720284, -0.3043807, -0.7933533), (0.61237246, -0.35355338, -0.70710677), (0.61237246, -0.35355338, -0.70710677), (0.52720284, -0.3043807, -0.7933533), (0.5624222, -0.2329629, -0.7933533), (0.6532815, -0.27059805, -0.70710677), (0.6532815, -0.27059805, -0.70710677), (0.5624222, -0.2329629, -0.7933533), (0.58801836, -0.15755905, -0.7933533), (0.6830127, -0.18301271, -0.70710677), (0.6830127, -0.18301271, -0.70710677), (0.58801836, -0.15755905, -0.7933533), (0.6035534, -0.07945931, -0.7933533), (0.7010574, -0.09229595, -0.70710677), (0.7010574, -0.09229595, -0.70710677), (0.6035534, -0.07945931, -0.7933533), (0.6087614, -1.4910354e-16, -0.7933533), (0.70710677, -1.7319121e-16, -0.70710677), (0.6087614, 0, -0.7933533), (0.5, 0, -0.8660254), (0.49572244, 0.06526309, -0.8660254), (0.6035534, 0.07945931, -0.7933533), (0.6035534, 0.07945931, -0.7933533), (0.49572244, 0.06526309, -0.8660254), (0.4829629, 0.12940952, -0.8660254), (0.58801836, 0.15755905, -0.7933533), (0.58801836, 0.15755905, -0.7933533), (0.4829629, 0.12940952, -0.8660254), (0.46193975, 0.19134171, -0.8660254), (0.5624222, 0.2329629, -0.7933533), (0.5624222, 0.2329629, -0.7933533), (0.46193975, 0.19134171, -0.8660254), (0.4330127, 0.25, -0.8660254), (0.52720284, 0.3043807, -0.7933533), (0.52720284, 0.3043807, -0.7933533), (0.4330127, 0.25, -0.8660254), (0.39667666, 0.3043807, -0.8660254), (0.4829629, 0.37059048, -0.7933533), (0.4829629, 0.37059048, -0.7933533), (0.39667666, 0.3043807, -0.8660254), (0.35355338, 0.35355338, -0.8660254), (0.43045932, 0.43045932, -0.7933533), (0.43045932, 0.43045932, -0.7933533), (0.35355338, 0.35355338, -0.8660254), (0.3043807, 0.39667666, -0.8660254), (0.37059048, 0.4829629, -0.7933533), (0.37059048, 0.4829629, -0.7933533), (0.3043807, 0.39667666, -0.8660254), (0.25, 0.4330127, -0.8660254), (0.3043807, 0.52720284, -0.7933533), (0.3043807, 0.52720284, -0.7933533), (0.25, 0.4330127, -0.8660254), (0.19134171, 0.46193975, -0.8660254), (0.2329629, 0.5624222, -0.7933533), (0.2329629, 0.5624222, -0.7933533), (0.19134171, 0.46193975, -0.8660254), (0.12940952, 0.4829629, -0.8660254), (0.15755905, 0.58801836, -0.7933533), (0.15755905, 0.58801836, -0.7933533), (0.12940952, 0.4829629, -0.8660254), (0.06526309, 0.49572244, -0.8660254), (0.07945931, 0.6035534, -0.7933533), (0.07945931, 0.6035534, -0.7933533), (0.06526309, 0.49572244, -0.8660254), (3.061617e-17, 0.5, -0.8660254), (3.7275885e-17, 0.6087614, -0.7933533), (3.7275885e-17, 0.6087614, -0.7933533), (3.061617e-17, 0.5, -0.8660254), (-0.06526309, 0.49572244, -0.8660254), (-0.07945931, 0.6035534, -0.7933533), (-0.07945931, 0.6035534, -0.7933533), (-0.06526309, 0.49572244, -0.8660254), (-0.12940952, 0.4829629, -0.8660254), (-0.15755905, 0.58801836, -0.7933533), (-0.15755905, 0.58801836, -0.7933533), (-0.12940952, 0.4829629, -0.8660254), (-0.19134171, 0.46193975, -0.8660254), (-0.2329629, 0.5624222, -0.7933533), (-0.2329629, 0.5624222, -0.7933533), (-0.19134171, 0.46193975, -0.8660254), (-0.25, 0.4330127, -0.8660254), (-0.3043807, 0.52720284, -0.7933533), (-0.3043807, 0.52720284, -0.7933533), (-0.25, 0.4330127, -0.8660254), (-0.3043807, 0.39667666, -0.8660254), (-0.37059048, 0.4829629, -0.7933533), (-0.37059048, 0.4829629, -0.7933533), (-0.3043807, 0.39667666, -0.8660254), (-0.35355338, 0.35355338, -0.8660254), (-0.43045932, 0.43045932, -0.7933533), (-0.43045932, 0.43045932, -0.7933533), (-0.35355338, 0.35355338, -0.8660254), (-0.39667666, 0.3043807, -0.8660254), (-0.4829629, 0.37059048, -0.7933533), (-0.4829629, 0.37059048, -0.7933533), (-0.39667666, 0.3043807, -0.8660254), (-0.4330127, 0.25, -0.8660254), (-0.52720284, 0.3043807, -0.7933533), (-0.52720284, 0.3043807, -0.7933533), (-0.4330127, 0.25, -0.8660254), (-0.46193975, 0.19134171, -0.8660254), (-0.5624222, 0.2329629, -0.7933533), (-0.5624222, 0.2329629, -0.7933533), (-0.46193975, 0.19134171, -0.8660254), (-0.4829629, 0.12940952, -0.8660254), (-0.58801836, 0.15755905, -0.7933533), (-0.58801836, 0.15755905, -0.7933533), (-0.4829629, 0.12940952, -0.8660254), (-0.49572244, 0.06526309, -0.8660254), (-0.6035534, 0.07945931, -0.7933533), (-0.6035534, 0.07945931, -0.7933533), (-0.49572244, 0.06526309, -0.8660254), (-0.5, 6.123234e-17, -0.8660254), (-0.6087614, 7.455177e-17, -0.7933533), (-0.6087614, 7.455177e-17, -0.7933533), (-0.5, 6.123234e-17, -0.8660254), (-0.49572244, -0.06526309, -0.8660254), (-0.6035534, -0.07945931, -0.7933533), (-0.6035534, -0.07945931, -0.7933533), (-0.49572244, -0.06526309, -0.8660254), (-0.4829629, -0.12940952, -0.8660254), (-0.58801836, -0.15755905, -0.7933533), (-0.58801836, -0.15755905, -0.7933533), (-0.4829629, -0.12940952, -0.8660254), (-0.46193975, -0.19134171, -0.8660254), (-0.5624222, -0.2329629, -0.7933533), (-0.5624222, -0.2329629, -0.7933533), (-0.46193975, -0.19134171, -0.8660254), (-0.4330127, -0.25, -0.8660254), (-0.52720284, -0.3043807, -0.7933533), (-0.52720284, -0.3043807, -0.7933533), (-0.4330127, -0.25, -0.8660254), (-0.39667666, -0.3043807, -0.8660254), (-0.4829629, -0.37059048, -0.7933533), (-0.4829629, -0.37059048, -0.7933533), (-0.39667666, -0.3043807, -0.8660254), (-0.35355338, -0.35355338, -0.8660254), (-0.43045932, -0.43045932, -0.7933533), (-0.43045932, -0.43045932, -0.7933533), (-0.35355338, -0.35355338, -0.8660254), (-0.3043807, -0.39667666, -0.8660254), (-0.37059048, -0.4829629, -0.7933533), (-0.37059048, -0.4829629, -0.7933533), (-0.3043807, -0.39667666, -0.8660254), (-0.25, -0.4330127, -0.8660254), (-0.3043807, -0.52720284, -0.7933533), (-0.3043807, -0.52720284, -0.7933533), (-0.25, -0.4330127, -0.8660254), (-0.19134171, -0.46193975, -0.8660254), (-0.2329629, -0.5624222, -0.7933533), (-0.2329629, -0.5624222, -0.7933533), (-0.19134171, -0.46193975, -0.8660254), (-0.12940952, -0.4829629, -0.8660254), (-0.15755905, -0.58801836, -0.7933533), (-0.15755905, -0.58801836, -0.7933533), (-0.12940952, -0.4829629, -0.8660254), (-0.06526309, -0.49572244, -0.8660254), (-0.07945931, -0.6035534, -0.7933533), (-0.07945931, -0.6035534, -0.7933533), (-0.06526309, -0.49572244, -0.8660254), (-9.184851e-17, -0.5, -0.8660254), (-1.1182766e-16, -0.6087614, -0.7933533), (-1.1182766e-16, -0.6087614, -0.7933533), (-9.184851e-17, -0.5, -0.8660254), (0.06526309, -0.49572244, -0.8660254), (0.07945931, -0.6035534, -0.7933533), (0.07945931, -0.6035534, -0.7933533), (0.06526309, -0.49572244, -0.8660254), (0.12940952, -0.4829629, -0.8660254), (0.15755905, -0.58801836, -0.7933533), (0.15755905, -0.58801836, -0.7933533), (0.12940952, -0.4829629, -0.8660254), (0.19134171, -0.46193975, -0.8660254), (0.2329629, -0.5624222, -0.7933533), (0.2329629, -0.5624222, -0.7933533), (0.19134171, -0.46193975, -0.8660254), (0.25, -0.4330127, -0.8660254), (0.3043807, -0.52720284, -0.7933533), (0.3043807, -0.52720284, -0.7933533), (0.25, -0.4330127, -0.8660254), (0.3043807, -0.39667666, -0.8660254), (0.37059048, -0.4829629, -0.7933533), (0.37059048, -0.4829629, -0.7933533), (0.3043807, -0.39667666, -0.8660254), (0.35355338, -0.35355338, -0.8660254), (0.43045932, -0.43045932, -0.7933533), (0.43045932, -0.43045932, -0.7933533), (0.35355338, -0.35355338, -0.8660254), (0.39667666, -0.3043807, -0.8660254), (0.4829629, -0.37059048, -0.7933533), (0.4829629, -0.37059048, -0.7933533), (0.39667666, -0.3043807, -0.8660254), (0.4330127, -0.25, -0.8660254), (0.52720284, -0.3043807, -0.7933533), (0.52720284, -0.3043807, -0.7933533), (0.4330127, -0.25, -0.8660254), (0.46193975, -0.19134171, -0.8660254), (0.5624222, -0.2329629, -0.7933533), (0.5624222, -0.2329629, -0.7933533), (0.46193975, -0.19134171, -0.8660254), (0.4829629, -0.12940952, -0.8660254), (0.58801836, -0.15755905, -0.7933533), (0.58801836, -0.15755905, -0.7933533), (0.4829629, -0.12940952, -0.8660254), (0.49572244, -0.06526309, -0.8660254), (0.6035534, -0.07945931, -0.7933533), (0.6035534, -0.07945931, -0.7933533), (0.49572244, -0.06526309, -0.8660254), (0.5, -1.2246469e-16, -0.8660254), (0.6087614, -1.4910354e-16, -0.7933533), (0.5, 0, -0.8660254), (0.38268343, 0, -0.9238795), (0.37940952, 0.049950212, -0.9238795), (0.49572244, 0.06526309, -0.8660254), (0.49572244, 0.06526309, -0.8660254), (0.37940952, 0.049950212, -0.9238795), (0.3696438, 0.09904576, -0.9238795), (0.4829629, 0.12940952, -0.8660254), (0.4829629, 0.12940952, -0.8660254), (0.3696438, 0.09904576, -0.9238795), (0.35355338, 0.14644662, -0.9238795), (0.46193975, 0.19134171, -0.8660254), (0.46193975, 0.19134171, -0.8660254), (0.35355338, 0.14644662, -0.9238795), (0.33141357, 0.19134171, -0.9238795), (0.4330127, 0.25, -0.8660254), (0.4330127, 0.25, -0.8660254), (0.33141357, 0.19134171, -0.9238795), (0.30360317, 0.2329629, -0.9238795), (0.39667666, 0.3043807, -0.8660254), (0.39667666, 0.3043807, -0.8660254), (0.30360317, 0.2329629, -0.9238795), (0.27059805, 0.27059805, -0.9238795), (0.35355338, 0.35355338, -0.8660254), (0.35355338, 0.35355338, -0.8660254), (0.27059805, 0.27059805, -0.9238795), (0.2329629, 0.30360317, -0.9238795), (0.3043807, 0.39667666, -0.8660254), (0.3043807, 0.39667666, -0.8660254), (0.2329629, 0.30360317, -0.9238795), (0.19134171, 0.33141357, -0.9238795), (0.25, 0.4330127, -0.8660254), (0.25, 0.4330127, -0.8660254), (0.19134171, 0.33141357, -0.9238795), (0.14644662, 0.35355338, -0.9238795), (0.19134171, 0.46193975, -0.8660254), (0.19134171, 0.46193975, -0.8660254), (0.14644662, 0.35355338, -0.9238795), (0.09904576, 0.3696438, -0.9238795), (0.12940952, 0.4829629, -0.8660254), (0.12940952, 0.4829629, -0.8660254), (0.09904576, 0.3696438, -0.9238795), (0.049950212, 0.37940952, -0.9238795), (0.06526309, 0.49572244, -0.8660254), (0.06526309, 0.49572244, -0.8660254), (0.049950212, 0.37940952, -0.9238795), (2.3432602e-17, 0.38268343, -0.9238795), (3.061617e-17, 0.5, -0.8660254), (3.061617e-17, 0.5, -0.8660254), (2.3432602e-17, 0.38268343, -0.9238795), (-0.049950212, 0.37940952, -0.9238795), (-0.06526309, 0.49572244, -0.8660254), (-0.06526309, 0.49572244, -0.8660254), (-0.049950212, 0.37940952, -0.9238795), (-0.09904576, 0.3696438, -0.9238795), (-0.12940952, 0.4829629, -0.8660254), (-0.12940952, 0.4829629, -0.8660254), (-0.09904576, 0.3696438, -0.9238795), (-0.14644662, 0.35355338, -0.9238795), (-0.19134171, 0.46193975, -0.8660254), (-0.19134171, 0.46193975, -0.8660254), (-0.14644662, 0.35355338, -0.9238795), (-0.19134171, 0.33141357, -0.9238795), (-0.25, 0.4330127, -0.8660254), (-0.25, 0.4330127, -0.8660254), (-0.19134171, 0.33141357, -0.9238795), (-0.2329629, 0.30360317, -0.9238795), (-0.3043807, 0.39667666, -0.8660254), (-0.3043807, 0.39667666, -0.8660254), (-0.2329629, 0.30360317, -0.9238795), (-0.27059805, 0.27059805, -0.9238795), (-0.35355338, 0.35355338, -0.8660254), (-0.35355338, 0.35355338, -0.8660254), (-0.27059805, 0.27059805, -0.9238795), (-0.30360317, 0.2329629, -0.9238795), (-0.39667666, 0.3043807, -0.8660254), (-0.39667666, 0.3043807, -0.8660254), (-0.30360317, 0.2329629, -0.9238795), (-0.33141357, 0.19134171, -0.9238795), (-0.4330127, 0.25, -0.8660254), (-0.4330127, 0.25, -0.8660254), (-0.33141357, 0.19134171, -0.9238795), (-0.35355338, 0.14644662, -0.9238795), (-0.46193975, 0.19134171, -0.8660254), (-0.46193975, 0.19134171, -0.8660254), (-0.35355338, 0.14644662, -0.9238795), (-0.3696438, 0.09904576, -0.9238795), (-0.4829629, 0.12940952, -0.8660254), (-0.4829629, 0.12940952, -0.8660254), (-0.3696438, 0.09904576, -0.9238795), (-0.37940952, 0.049950212, -0.9238795), (-0.49572244, 0.06526309, -0.8660254), (-0.49572244, 0.06526309, -0.8660254), (-0.37940952, 0.049950212, -0.9238795), (-0.38268343, 4.6865205e-17, -0.9238795), (-0.5, 6.123234e-17, -0.8660254), (-0.5, 6.123234e-17, -0.8660254), (-0.38268343, 4.6865205e-17, -0.9238795), (-0.37940952, -0.049950212, -0.9238795), (-0.49572244, -0.06526309, -0.8660254), (-0.49572244, -0.06526309, -0.8660254), (-0.37940952, -0.049950212, -0.9238795), (-0.3696438, -0.09904576, -0.9238795), (-0.4829629, -0.12940952, -0.8660254), (-0.4829629, -0.12940952, -0.8660254), (-0.3696438, -0.09904576, -0.9238795), (-0.35355338, -0.14644662, -0.9238795), (-0.46193975, -0.19134171, -0.8660254), (-0.46193975, -0.19134171, -0.8660254), (-0.35355338, -0.14644662, -0.9238795), (-0.33141357, -0.19134171, -0.9238795), (-0.4330127, -0.25, -0.8660254), (-0.4330127, -0.25, -0.8660254), (-0.33141357, -0.19134171, -0.9238795), (-0.30360317, -0.2329629, -0.9238795), (-0.39667666, -0.3043807, -0.8660254), (-0.39667666, -0.3043807, -0.8660254), (-0.30360317, -0.2329629, -0.9238795), (-0.27059805, -0.27059805, -0.9238795), (-0.35355338, -0.35355338, -0.8660254), (-0.35355338, -0.35355338, -0.8660254), (-0.27059805, -0.27059805, -0.9238795), (-0.2329629, -0.30360317, -0.9238795), (-0.3043807, -0.39667666, -0.8660254), (-0.3043807, -0.39667666, -0.8660254), (-0.2329629, -0.30360317, -0.9238795), (-0.19134171, -0.33141357, -0.9238795), (-0.25, -0.4330127, -0.8660254), (-0.25, -0.4330127, -0.8660254), (-0.19134171, -0.33141357, -0.9238795), (-0.14644662, -0.35355338, -0.9238795), (-0.19134171, -0.46193975, -0.8660254), (-0.19134171, -0.46193975, -0.8660254), (-0.14644662, -0.35355338, -0.9238795), (-0.09904576, -0.3696438, -0.9238795), (-0.12940952, -0.4829629, -0.8660254), (-0.12940952, -0.4829629, -0.8660254), (-0.09904576, -0.3696438, -0.9238795), (-0.049950212, -0.37940952, -0.9238795), (-0.06526309, -0.49572244, -0.8660254), (-0.06526309, -0.49572244, -0.8660254), (-0.049950212, -0.37940952, -0.9238795), (-7.0297805e-17, -0.38268343, -0.9238795), (-9.184851e-17, -0.5, -0.8660254), (-9.184851e-17, -0.5, -0.8660254), (-7.0297805e-17, -0.38268343, -0.9238795), (0.049950212, -0.37940952, -0.9238795), (0.06526309, -0.49572244, -0.8660254), (0.06526309, -0.49572244, -0.8660254), (0.049950212, -0.37940952, -0.9238795), (0.09904576, -0.3696438, -0.9238795), (0.12940952, -0.4829629, -0.8660254), (0.12940952, -0.4829629, -0.8660254), (0.09904576, -0.3696438, -0.9238795), (0.14644662, -0.35355338, -0.9238795), (0.19134171, -0.46193975, -0.8660254), (0.19134171, -0.46193975, -0.8660254), (0.14644662, -0.35355338, -0.9238795), (0.19134171, -0.33141357, -0.9238795), (0.25, -0.4330127, -0.8660254), (0.25, -0.4330127, -0.8660254), (0.19134171, -0.33141357, -0.9238795), (0.2329629, -0.30360317, -0.9238795), (0.3043807, -0.39667666, -0.8660254), (0.3043807, -0.39667666, -0.8660254), (0.2329629, -0.30360317, -0.9238795), (0.27059805, -0.27059805, -0.9238795), (0.35355338, -0.35355338, -0.8660254), (0.35355338, -0.35355338, -0.8660254), (0.27059805, -0.27059805, -0.9238795), (0.30360317, -0.2329629, -0.9238795), (0.39667666, -0.3043807, -0.8660254), (0.39667666, -0.3043807, -0.8660254), (0.30360317, -0.2329629, -0.9238795), (0.33141357, -0.19134171, -0.9238795), (0.4330127, -0.25, -0.8660254), (0.4330127, -0.25, -0.8660254), (0.33141357, -0.19134171, -0.9238795), (0.35355338, -0.14644662, -0.9238795), (0.46193975, -0.19134171, -0.8660254), (0.46193975, -0.19134171, -0.8660254), (0.35355338, -0.14644662, -0.9238795), (0.3696438, -0.09904576, -0.9238795), (0.4829629, -0.12940952, -0.8660254), (0.4829629, -0.12940952, -0.8660254), (0.3696438, -0.09904576, -0.9238795), (0.37940952, -0.049950212, -0.9238795), (0.49572244, -0.06526309, -0.8660254), (0.49572244, -0.06526309, -0.8660254), (0.37940952, -0.049950212, -0.9238795), (0.38268343, -9.373041e-17, -0.9238795), (0.5, -1.2246469e-16, -0.8660254), (0.38268343, 0, -0.9238795), (0.25881904, 0, -0.9659258), (0.25660482, 0.033782665, -0.9659258), (0.37940952, 0.049950212, -0.9238795), (0.37940952, 0.049950212, -0.9238795), (0.25660482, 0.033782665, -0.9659258), (0.25, 0.0669873, -0.9659258), (0.3696438, 0.09904576, -0.9238795), (0.3696438, 0.09904576, -0.9238795), (0.25, 0.0669873, -0.9659258), (0.23911762, 0.09904576, -0.9659258), (0.35355338, 0.14644662, -0.9238795), (0.35355338, 0.14644662, -0.9238795), (0.23911762, 0.09904576, -0.9659258), (0.22414386, 0.12940952, -0.9659258), (0.33141357, 0.19134171, -0.9238795), (0.33141357, 0.19134171, -0.9238795), (0.22414386, 0.12940952, -0.9659258), (0.20533495, 0.15755905, -0.9659258), (0.30360317, 0.2329629, -0.9238795), (0.30360317, 0.2329629, -0.9238795), (0.20533495, 0.15755905, -0.9659258), (0.18301271, 0.18301271, -0.9659258), (0.27059805, 0.27059805, -0.9238795), (0.27059805, 0.27059805, -0.9238795), (0.18301271, 0.18301271, -0.9659258), (0.15755905, 0.20533495, -0.9659258), (0.2329629, 0.30360317, -0.9238795), (0.2329629, 0.30360317, -0.9238795), (0.15755905, 0.20533495, -0.9659258), (0.12940952, 0.22414386, -0.9659258), (0.19134171, 0.33141357, -0.9238795), (0.19134171, 0.33141357, -0.9238795), (0.12940952, 0.22414386, -0.9659258), (0.09904576, 0.23911762, -0.9659258), (0.14644662, 0.35355338, -0.9238795), (0.14644662, 0.35355338, -0.9238795), (0.09904576, 0.23911762, -0.9659258), (0.0669873, 0.25, -0.9659258), (0.09904576, 0.3696438, -0.9238795), (0.09904576, 0.3696438, -0.9238795), (0.0669873, 0.25, -0.9659258), (0.033782665, 0.25660482, -0.9659258), (0.049950212, 0.37940952, -0.9238795), (0.049950212, 0.37940952, -0.9238795), (0.033782665, 0.25660482, -0.9659258), (1.5848096e-17, 0.25881904, -0.9659258), (2.3432602e-17, 0.38268343, -0.9238795), (2.3432602e-17, 0.38268343, -0.9238795), (1.5848096e-17, 0.25881904, -0.9659258), (-0.033782665, 0.25660482, -0.9659258), (-0.049950212, 0.37940952, -0.9238795), (-0.049950212, 0.37940952, -0.9238795), (-0.033782665, 0.25660482, -0.9659258), (-0.0669873, 0.25, -0.9659258), (-0.09904576, 0.3696438, -0.9238795), (-0.09904576, 0.3696438, -0.9238795), (-0.0669873, 0.25, -0.9659258), (-0.09904576, 0.23911762, -0.9659258), (-0.14644662, 0.35355338, -0.9238795), (-0.14644662, 0.35355338, -0.9238795), (-0.09904576, 0.23911762, -0.9659258), (-0.12940952, 0.22414386, -0.9659258), (-0.19134171, 0.33141357, -0.9238795), (-0.19134171, 0.33141357, -0.9238795), (-0.12940952, 0.22414386, -0.9659258), (-0.15755905, 0.20533495, -0.9659258), (-0.2329629, 0.30360317, -0.9238795), (-0.2329629, 0.30360317, -0.9238795), (-0.15755905, 0.20533495, -0.9659258), (-0.18301271, 0.18301271, -0.9659258), (-0.27059805, 0.27059805, -0.9238795), (-0.27059805, 0.27059805, -0.9238795), (-0.18301271, 0.18301271, -0.9659258), (-0.20533495, 0.15755905, -0.9659258), (-0.30360317, 0.2329629, -0.9238795), (-0.30360317, 0.2329629, -0.9238795), (-0.20533495, 0.15755905, -0.9659258), (-0.22414386, 0.12940952, -0.9659258), (-0.33141357, 0.19134171, -0.9238795), (-0.33141357, 0.19134171, -0.9238795), (-0.22414386, 0.12940952, -0.9659258), (-0.23911762, 0.09904576, -0.9659258), (-0.35355338, 0.14644662, -0.9238795), (-0.35355338, 0.14644662, -0.9238795), (-0.23911762, 0.09904576, -0.9659258), (-0.25, 0.0669873, -0.9659258), (-0.3696438, 0.09904576, -0.9238795), (-0.3696438, 0.09904576, -0.9238795), (-0.25, 0.0669873, -0.9659258), (-0.25660482, 0.033782665, -0.9659258), (-0.37940952, 0.049950212, -0.9238795), (-0.37940952, 0.049950212, -0.9238795), (-0.25660482, 0.033782665, -0.9659258), (-0.25881904, 3.169619e-17, -0.9659258), (-0.38268343, 4.6865205e-17, -0.9238795), (-0.38268343, 4.6865205e-17, -0.9238795), (-0.25881904, 3.169619e-17, -0.9659258), (-0.25660482, -0.033782665, -0.9659258), (-0.37940952, -0.049950212, -0.9238795), (-0.37940952, -0.049950212, -0.9238795), (-0.25660482, -0.033782665, -0.9659258), (-0.25, -0.0669873, -0.9659258), (-0.3696438, -0.09904576, -0.9238795), (-0.3696438, -0.09904576, -0.9238795), (-0.25, -0.0669873, -0.9659258), (-0.23911762, -0.09904576, -0.9659258), (-0.35355338, -0.14644662, -0.9238795), (-0.35355338, -0.14644662, -0.9238795), (-0.23911762, -0.09904576, -0.9659258), (-0.22414386, -0.12940952, -0.9659258), (-0.33141357, -0.19134171, -0.9238795), (-0.33141357, -0.19134171, -0.9238795), (-0.22414386, -0.12940952, -0.9659258), (-0.20533495, -0.15755905, -0.9659258), (-0.30360317, -0.2329629, -0.9238795), (-0.30360317, -0.2329629, -0.9238795), (-0.20533495, -0.15755905, -0.9659258), (-0.18301271, -0.18301271, -0.9659258), (-0.27059805, -0.27059805, -0.9238795), (-0.27059805, -0.27059805, -0.9238795), (-0.18301271, -0.18301271, -0.9659258), (-0.15755905, -0.20533495, -0.9659258), (-0.2329629, -0.30360317, -0.9238795), (-0.2329629, -0.30360317, -0.9238795), (-0.15755905, -0.20533495, -0.9659258), (-0.12940952, -0.22414386, -0.9659258), (-0.19134171, -0.33141357, -0.9238795), (-0.19134171, -0.33141357, -0.9238795), (-0.12940952, -0.22414386, -0.9659258), (-0.09904576, -0.23911762, -0.9659258), (-0.14644662, -0.35355338, -0.9238795), (-0.14644662, -0.35355338, -0.9238795), (-0.09904576, -0.23911762, -0.9659258), (-0.0669873, -0.25, -0.9659258), (-0.09904576, -0.3696438, -0.9238795), (-0.09904576, -0.3696438, -0.9238795), (-0.0669873, -0.25, -0.9659258), (-0.033782665, -0.25660482, -0.9659258), (-0.049950212, -0.37940952, -0.9238795), (-0.049950212, -0.37940952, -0.9238795), (-0.033782665, -0.25660482, -0.9659258), (-4.7544287e-17, -0.25881904, -0.9659258), (-7.0297805e-17, -0.38268343, -0.9238795), (-7.0297805e-17, -0.38268343, -0.9238795), (-4.7544287e-17, -0.25881904, -0.9659258), (0.033782665, -0.25660482, -0.9659258), (0.049950212, -0.37940952, -0.9238795), (0.049950212, -0.37940952, -0.9238795), (0.033782665, -0.25660482, -0.9659258), (0.0669873, -0.25, -0.9659258), (0.09904576, -0.3696438, -0.9238795), (0.09904576, -0.3696438, -0.9238795), (0.0669873, -0.25, -0.9659258), (0.09904576, -0.23911762, -0.9659258), (0.14644662, -0.35355338, -0.9238795), (0.14644662, -0.35355338, -0.9238795), (0.09904576, -0.23911762, -0.9659258), (0.12940952, -0.22414386, -0.9659258), (0.19134171, -0.33141357, -0.9238795), (0.19134171, -0.33141357, -0.9238795), (0.12940952, -0.22414386, -0.9659258), (0.15755905, -0.20533495, -0.9659258), (0.2329629, -0.30360317, -0.9238795), (0.2329629, -0.30360317, -0.9238795), (0.15755905, -0.20533495, -0.9659258), (0.18301271, -0.18301271, -0.9659258), (0.27059805, -0.27059805, -0.9238795), (0.27059805, -0.27059805, -0.9238795), (0.18301271, -0.18301271, -0.9659258), (0.20533495, -0.15755905, -0.9659258), (0.30360317, -0.2329629, -0.9238795), (0.30360317, -0.2329629, -0.9238795), (0.20533495, -0.15755905, -0.9659258), (0.22414386, -0.12940952, -0.9659258), (0.33141357, -0.19134171, -0.9238795), (0.33141357, -0.19134171, -0.9238795), (0.22414386, -0.12940952, -0.9659258), (0.23911762, -0.09904576, -0.9659258), (0.35355338, -0.14644662, -0.9238795), (0.35355338, -0.14644662, -0.9238795), (0.23911762, -0.09904576, -0.9659258), (0.25, -0.0669873, -0.9659258), (0.3696438, -0.09904576, -0.9238795), (0.3696438, -0.09904576, -0.9238795), (0.25, -0.0669873, -0.9659258), (0.25660482, -0.033782665, -0.9659258), (0.37940952, -0.049950212, -0.9238795), (0.37940952, -0.049950212, -0.9238795), (0.25660482, -0.033782665, -0.9659258), (0.25881904, -6.339238e-17, -0.9659258), (0.38268343, -9.373041e-17, -0.9238795), (0.25881904, 0, -0.9659258), (0.13052619, 0, -0.9914449), (0.12940952, 0.017037086, -0.9914449), (0.25660482, 0.033782665, -0.9659258), (0.25660482, 0.033782665, -0.9659258), (0.12940952, 0.017037086, -0.9914449), (0.12607862, 0.033782665, -0.9914449), (0.25, 0.0669873, -0.9659258), (0.25, 0.0669873, -0.9659258), (0.12607862, 0.033782665, -0.9914449), (0.12059048, 0.049950212, -0.9914449), (0.23911762, 0.09904576, -0.9659258), (0.23911762, 0.09904576, -0.9659258), (0.12059048, 0.049950212, -0.9914449), (0.113039, 0.06526309, -0.9914449), (0.22414386, 0.12940952, -0.9659258), (0.22414386, 0.12940952, -0.9659258), (0.113039, 0.06526309, -0.9914449), (0.10355339, 0.07945931, -0.9914449), (0.20533495, 0.15755905, -0.9659258), (0.20533495, 0.15755905, -0.9659258), (0.10355339, 0.07945931, -0.9914449), (0.09229595, 0.09229595, -0.9914449), (0.18301271, 0.18301271, -0.9659258), (0.18301271, 0.18301271, -0.9659258), (0.09229595, 0.09229595, -0.9914449), (0.07945931, 0.10355339, -0.9914449), (0.15755905, 0.20533495, -0.9659258), (0.15755905, 0.20533495, -0.9659258), (0.07945931, 0.10355339, -0.9914449), (0.06526309, 0.113039, -0.9914449), (0.12940952, 0.22414386, -0.9659258), (0.12940952, 0.22414386, -0.9659258), (0.06526309, 0.113039, -0.9914449), (0.049950212, 0.12059048, -0.9914449), (0.09904576, 0.23911762, -0.9659258), (0.09904576, 0.23911762, -0.9659258), (0.049950212, 0.12059048, -0.9914449), (0.033782665, 0.12607862, -0.9914449), (0.0669873, 0.25, -0.9659258), (0.0669873, 0.25, -0.9659258), (0.033782665, 0.12607862, -0.9914449), (0.017037086, 0.12940952, -0.9914449), (0.033782665, 0.25660482, -0.9659258), (0.033782665, 0.25660482, -0.9659258), (0.017037086, 0.12940952, -0.9914449), (7.992424e-18, 0.13052619, -0.9914449), (1.5848096e-17, 0.25881904, -0.9659258), (1.5848096e-17, 0.25881904, -0.9659258), (7.992424e-18, 0.13052619, -0.9914449), (-0.017037086, 0.12940952, -0.9914449), (-0.033782665, 0.25660482, -0.9659258), (-0.033782665, 0.25660482, -0.9659258), (-0.017037086, 0.12940952, -0.9914449), (-0.033782665, 0.12607862, -0.9914449), (-0.0669873, 0.25, -0.9659258), (-0.0669873, 0.25, -0.9659258), (-0.033782665, 0.12607862, -0.9914449), (-0.049950212, 0.12059048, -0.9914449), (-0.09904576, 0.23911762, -0.9659258), (-0.09904576, 0.23911762, -0.9659258), (-0.049950212, 0.12059048, -0.9914449), (-0.06526309, 0.113039, -0.9914449), (-0.12940952, 0.22414386, -0.9659258), (-0.12940952, 0.22414386, -0.9659258), (-0.06526309, 0.113039, -0.9914449), (-0.07945931, 0.10355339, -0.9914449), (-0.15755905, 0.20533495, -0.9659258), (-0.15755905, 0.20533495, -0.9659258), (-0.07945931, 0.10355339, -0.9914449), (-0.09229595, 0.09229595, -0.9914449), (-0.18301271, 0.18301271, -0.9659258), (-0.18301271, 0.18301271, -0.9659258), (-0.09229595, 0.09229595, -0.9914449), (-0.10355339, 0.07945931, -0.9914449), (-0.20533495, 0.15755905, -0.9659258), (-0.20533495, 0.15755905, -0.9659258), (-0.10355339, 0.07945931, -0.9914449), (-0.113039, 0.06526309, -0.9914449), (-0.22414386, 0.12940952, -0.9659258), (-0.22414386, 0.12940952, -0.9659258), (-0.113039, 0.06526309, -0.9914449), (-0.12059048, 0.049950212, -0.9914449), (-0.23911762, 0.09904576, -0.9659258), (-0.23911762, 0.09904576, -0.9659258), (-0.12059048, 0.049950212, -0.9914449), (-0.12607862, 0.033782665, -0.9914449), (-0.25, 0.0669873, -0.9659258), (-0.25, 0.0669873, -0.9659258), (-0.12607862, 0.033782665, -0.9914449), (-0.12940952, 0.017037086, -0.9914449), (-0.25660482, 0.033782665, -0.9659258), (-0.25660482, 0.033782665, -0.9659258), (-0.12940952, 0.017037086, -0.9914449), (-0.13052619, 1.5984848e-17, -0.9914449), (-0.25881904, 3.169619e-17, -0.9659258), (-0.25881904, 3.169619e-17, -0.9659258), (-0.13052619, 1.5984848e-17, -0.9914449), (-0.12940952, -0.017037086, -0.9914449), (-0.25660482, -0.033782665, -0.9659258), (-0.25660482, -0.033782665, -0.9659258), (-0.12940952, -0.017037086, -0.9914449), (-0.12607862, -0.033782665, -0.9914449), (-0.25, -0.0669873, -0.9659258), (-0.25, -0.0669873, -0.9659258), (-0.12607862, -0.033782665, -0.9914449), (-0.12059048, -0.049950212, -0.9914449), (-0.23911762, -0.09904576, -0.9659258), (-0.23911762, -0.09904576, -0.9659258), (-0.12059048, -0.049950212, -0.9914449), (-0.113039, -0.06526309, -0.9914449), (-0.22414386, -0.12940952, -0.9659258), (-0.22414386, -0.12940952, -0.9659258), (-0.113039, -0.06526309, -0.9914449), (-0.10355339, -0.07945931, -0.9914449), (-0.20533495, -0.15755905, -0.9659258), (-0.20533495, -0.15755905, -0.9659258), (-0.10355339, -0.07945931, -0.9914449), (-0.09229595, -0.09229595, -0.9914449), (-0.18301271, -0.18301271, -0.9659258), (-0.18301271, -0.18301271, -0.9659258), (-0.09229595, -0.09229595, -0.9914449), (-0.07945931, -0.10355339, -0.9914449), (-0.15755905, -0.20533495, -0.9659258), (-0.15755905, -0.20533495, -0.9659258), (-0.07945931, -0.10355339, -0.9914449), (-0.06526309, -0.113039, -0.9914449), (-0.12940952, -0.22414386, -0.9659258), (-0.12940952, -0.22414386, -0.9659258), (-0.06526309, -0.113039, -0.9914449), (-0.049950212, -0.12059048, -0.9914449), (-0.09904576, -0.23911762, -0.9659258), (-0.09904576, -0.23911762, -0.9659258), (-0.049950212, -0.12059048, -0.9914449), (-0.033782665, -0.12607862, -0.9914449), (-0.0669873, -0.25, -0.9659258), (-0.0669873, -0.25, -0.9659258), (-0.033782665, -0.12607862, -0.9914449), (-0.017037086, -0.12940952, -0.9914449), (-0.033782665, -0.25660482, -0.9659258), (-0.033782665, -0.25660482, -0.9659258), (-0.017037086, -0.12940952, -0.9914449), (-2.3977273e-17, -0.13052619, -0.9914449), (-4.7544287e-17, -0.25881904, -0.9659258), (-4.7544287e-17, -0.25881904, -0.9659258), (-2.3977273e-17, -0.13052619, -0.9914449), (0.017037086, -0.12940952, -0.9914449), (0.033782665, -0.25660482, -0.9659258), (0.033782665, -0.25660482, -0.9659258), (0.017037086, -0.12940952, -0.9914449), (0.033782665, -0.12607862, -0.9914449), (0.0669873, -0.25, -0.9659258), (0.0669873, -0.25, -0.9659258), (0.033782665, -0.12607862, -0.9914449), (0.049950212, -0.12059048, -0.9914449), (0.09904576, -0.23911762, -0.9659258), (0.09904576, -0.23911762, -0.9659258), (0.049950212, -0.12059048, -0.9914449), (0.06526309, -0.113039, -0.9914449), (0.12940952, -0.22414386, -0.9659258), (0.12940952, -0.22414386, -0.9659258), (0.06526309, -0.113039, -0.9914449), (0.07945931, -0.10355339, -0.9914449), (0.15755905, -0.20533495, -0.9659258), (0.15755905, -0.20533495, -0.9659258), (0.07945931, -0.10355339, -0.9914449), (0.09229595, -0.09229595, -0.9914449), (0.18301271, -0.18301271, -0.9659258), (0.18301271, -0.18301271, -0.9659258), (0.09229595, -0.09229595, -0.9914449), (0.10355339, -0.07945931, -0.9914449), (0.20533495, -0.15755905, -0.9659258), (0.20533495, -0.15755905, -0.9659258), (0.10355339, -0.07945931, -0.9914449), (0.113039, -0.06526309, -0.9914449), (0.22414386, -0.12940952, -0.9659258), (0.22414386, -0.12940952, -0.9659258), (0.113039, -0.06526309, -0.9914449), (0.12059048, -0.049950212, -0.9914449), (0.23911762, -0.09904576, -0.9659258), (0.23911762, -0.09904576, -0.9659258), (0.12059048, -0.049950212, -0.9914449), (0.12607862, -0.033782665, -0.9914449), (0.25, -0.0669873, -0.9659258), (0.25, -0.0669873, -0.9659258), (0.12607862, -0.033782665, -0.9914449), (0.12940952, -0.017037086, -0.9914449), (0.25660482, -0.033782665, -0.9659258), (0.25660482, -0.033782665, -0.9659258), (0.12940952, -0.017037086, -0.9914449), (0.13052619, -3.1969697e-17, -0.9914449), (0.25881904, -6.339238e-17, -0.9659258), (0.13052619, 0, -0.9914449), (1.2246469e-16, 0, -1), (0.12940952, 0.017037086, -0.9914449), (0.12940952, 0.017037086, -0.9914449), (1.2141697e-16, 1.5984848e-17, -1), (0.12607862, 0.033782665, -0.9914449), (0.12607862, 0.033782665, -0.9914449), (1.1829179e-16, 3.169619e-17, -1), (0.12059048, 0.049950212, -0.9914449), (0.12059048, 0.049950212, -0.9914449), (1.1314261e-16, 4.6865205e-17, -1), (0.113039, 0.06526309, -0.9914449), (0.113039, 0.06526309, -0.9914449), (1.06057525e-16, 6.123234e-17, -1), (0.10355339, 0.07945931, -0.9914449), (0.10355339, 0.07945931, -0.9914449), (9.715776e-17, 7.455177e-17, -1), (0.09229595, 0.09229595, -0.9914449), (0.09229595, 0.09229595, -0.9914449), (8.6595606e-17, 8.6595606e-17, -1), (0.07945931, 0.10355339, -0.9914449), (0.07945931, 0.10355339, -0.9914449), (7.455177e-17, 9.715776e-17, -1), (0.06526309, 0.113039, -0.9914449), (0.06526309, 0.113039, -0.9914449), (6.123234e-17, 1.06057525e-16, -1), (0.049950212, 0.12059048, -0.9914449), (0.049950212, 0.12059048, -0.9914449), (4.6865205e-17, 1.1314261e-16, -1), (0.033782665, 0.12607862, -0.9914449), (0.033782665, 0.12607862, -0.9914449), (3.169619e-17, 1.1829179e-16, -1), (0.017037086, 0.12940952, -0.9914449), (0.017037086, 0.12940952, -0.9914449), (1.5984848e-17, 1.2141697e-16, -1), (7.992424e-18, 0.13052619, -0.9914449), (7.992424e-18, 0.13052619, -0.9914449), (7.498799e-33, 1.2246469e-16, -1), (-0.017037086, 0.12940952, -0.9914449), (-0.017037086, 0.12940952, -0.9914449), (-1.5984848e-17, 1.2141697e-16, -1), (-0.033782665, 0.12607862, -0.9914449), (-0.033782665, 0.12607862, -0.9914449), (-3.169619e-17, 1.1829179e-16, -1), (-0.049950212, 0.12059048, -0.9914449), (-0.049950212, 0.12059048, -0.9914449), (-4.6865205e-17, 1.1314261e-16, -1), (-0.06526309, 0.113039, -0.9914449), (-0.06526309, 0.113039, -0.9914449), (-6.123234e-17, 1.06057525e-16, -1), (-0.07945931, 0.10355339, -0.9914449), (-0.07945931, 0.10355339, -0.9914449), (-7.455177e-17, 9.715776e-17, -1), (-0.09229595, 0.09229595, -0.9914449), (-0.09229595, 0.09229595, -0.9914449), (-8.6595606e-17, 8.6595606e-17, -1), (-0.10355339, 0.07945931, -0.9914449), (-0.10355339, 0.07945931, -0.9914449), (-9.715776e-17, 7.455177e-17, -1), (-0.113039, 0.06526309, -0.9914449), (-0.113039, 0.06526309, -0.9914449), (-1.06057525e-16, 6.123234e-17, -1), (-0.12059048, 0.049950212, -0.9914449), (-0.12059048, 0.049950212, -0.9914449), (-1.1314261e-16, 4.6865205e-17, -1), (-0.12607862, 0.033782665, -0.9914449), (-0.12607862, 0.033782665, -0.9914449), (-1.1829179e-16, 3.169619e-17, -1), (-0.12940952, 0.017037086, -0.9914449), (-0.12940952, 0.017037086, -0.9914449), (-1.2141697e-16, 1.5984848e-17, -1), (-0.13052619, 1.5984848e-17, -0.9914449), (-0.13052619, 1.5984848e-17, -0.9914449), (-1.2246469e-16, 1.4997598e-32, -1), (-0.12940952, -0.017037086, -0.9914449), (-0.12940952, -0.017037086, -0.9914449), (-1.2141697e-16, -1.5984848e-17, -1), (-0.12607862, -0.033782665, -0.9914449), (-0.12607862, -0.033782665, -0.9914449), (-1.1829179e-16, -3.169619e-17, -1), (-0.12059048, -0.049950212, -0.9914449), (-0.12059048, -0.049950212, -0.9914449), (-1.1314261e-16, -4.6865205e-17, -1), (-0.113039, -0.06526309, -0.9914449), (-0.113039, -0.06526309, -0.9914449), (-1.06057525e-16, -6.123234e-17, -1), (-0.10355339, -0.07945931, -0.9914449), (-0.10355339, -0.07945931, -0.9914449), (-9.715776e-17, -7.455177e-17, -1), (-0.09229595, -0.09229595, -0.9914449), (-0.09229595, -0.09229595, -0.9914449), (-8.6595606e-17, -8.6595606e-17, -1), (-0.07945931, -0.10355339, -0.9914449), (-0.07945931, -0.10355339, -0.9914449), (-7.455177e-17, -9.715776e-17, -1), (-0.06526309, -0.113039, -0.9914449), (-0.06526309, -0.113039, -0.9914449), (-6.123234e-17, -1.06057525e-16, -1), (-0.049950212, -0.12059048, -0.9914449), (-0.049950212, -0.12059048, -0.9914449), (-4.6865205e-17, -1.1314261e-16, -1), (-0.033782665, -0.12607862, -0.9914449), (-0.033782665, -0.12607862, -0.9914449), (-3.169619e-17, -1.1829179e-16, -1), (-0.017037086, -0.12940952, -0.9914449), (-0.017037086, -0.12940952, -0.9914449), (-1.5984848e-17, -1.2141697e-16, -1), (-2.3977273e-17, -0.13052619, -0.9914449), (-2.3977273e-17, -0.13052619, -0.9914449), (-2.2496396e-32, -1.2246469e-16, -1), (0.017037086, -0.12940952, -0.9914449), (0.017037086, -0.12940952, -0.9914449), (1.5984848e-17, -1.2141697e-16, -1), (0.033782665, -0.12607862, -0.9914449), (0.033782665, -0.12607862, -0.9914449), (3.169619e-17, -1.1829179e-16, -1), (0.049950212, -0.12059048, -0.9914449), (0.049950212, -0.12059048, -0.9914449), (4.6865205e-17, -1.1314261e-16, -1), (0.06526309, -0.113039, -0.9914449), (0.06526309, -0.113039, -0.9914449), (6.123234e-17, -1.06057525e-16, -1), (0.07945931, -0.10355339, -0.9914449), (0.07945931, -0.10355339, -0.9914449), (7.455177e-17, -9.715776e-17, -1), (0.09229595, -0.09229595, -0.9914449), (0.09229595, -0.09229595, -0.9914449), (8.6595606e-17, -8.6595606e-17, -1), (0.10355339, -0.07945931, -0.9914449), (0.10355339, -0.07945931, -0.9914449), (9.715776e-17, -7.455177e-17, -1), (0.113039, -0.06526309, -0.9914449), (0.113039, -0.06526309, -0.9914449), (1.06057525e-16, -6.123234e-17, -1), (0.12059048, -0.049950212, -0.9914449), (0.12059048, -0.049950212, -0.9914449), (1.1314261e-16, -4.6865205e-17, -1), (0.12607862, -0.033782665, -0.9914449), (0.12607862, -0.033782665, -0.9914449), (1.1829179e-16, -3.169619e-17, -1), (0.12940952, -0.017037086, -0.9914449), (0.12940952, -0.017037086, -0.9914449), (1.2141697e-16, -1.5984848e-17, -1), (0.13052619, -3.1969697e-17, -0.9914449)] (
                    interpolation = "faceVarying"
                )
                point3f[] points = [(0, 0, 0.51435), (0.067136146, 0, 0.5099497), (0.06656179, 0.0087630255, 0.5099497), (0, 0, 0.51435), (0.06656179, 0.0087630255, 0.5099497), (0.064848535, 0.017376114, 0.5099497), (0, 0, 0.51435), (0.064848535, 0.017376114, 0.5099497), (0.06202571, 0.025691891, 0.5099497), (0, 0, 0.51435), (0.06202571, 0.025691891, 0.5099497), (0.058141608, 0.033568073, 0.5099497), (0, 0, 0.51435), (0.058141608, 0.033568073, 0.5099497), (0.05326269, 0.040869895, 0.5099497), (0, 0, 0.51435), (0.05326269, 0.040869895, 0.5099497), (0.047472425, 0.047472425, 0.5099497), (0, 0, 0.51435), (0.047472425, 0.047472425, 0.5099497), (0.040869895, 0.05326269, 0.5099497), (0, 0, 0.51435), (0.040869895, 0.05326269, 0.5099497), (0.033568073, 0.058141608, 0.5099497), (0, 0, 0.51435), (0.033568073, 0.058141608, 0.5099497), (0.025691891, 0.06202571, 0.5099497), (0, 0, 0.51435), (0.025691891, 0.06202571, 0.5099497), (0.017376114, 0.064848535, 0.5099497), (0, 0, 0.51435), (0.017376114, 0.064848535, 0.5099497), (0.0087630255, 0.06656179, 0.5099497), (0, 0, 0.51435), (0.0087630255, 0.06656179, 0.5099497), (4.110903e-18, 0.067136146, 0.5099497), (0, 0, 0.51435), (4.110903e-18, 0.067136146, 0.5099497), (-0.0087630255, 0.06656179, 0.5099497), (-0, 0, 0.51435), (-0.0087630255, 0.06656179, 0.5099497), (-0.017376114, 0.064848535, 0.5099497), (-0, 0, 0.51435), (-0.017376114, 0.064848535, 0.5099497), (-0.025691891, 0.06202571, 0.5099497), (-0, 0, 0.51435), (-0.025691891, 0.06202571, 0.5099497), (-0.033568073, 0.058141608, 0.5099497), (-0, 0, 0.51435), (-0.033568073, 0.058141608, 0.5099497), (-0.040869895, 0.05326269, 0.5099497), (-0, 0, 0.51435), (-0.040869895, 0.05326269, 0.5099497), (-0.047472425, 0.047472425, 0.5099497), (-0, 0, 0.51435), (-0.047472425, 0.047472425, 0.5099497), (-0.05326269, 0.040869895, 0.5099497), (-0, 0, 0.51435), (-0.05326269, 0.040869895, 0.5099497), (-0.058141608, 0.033568073, 0.5099497), (-0, 0, 0.51435), (-0.058141608, 0.033568073, 0.5099497), (-0.06202571, 0.025691891, 0.5099497), (-0, 0, 0.51435), (-0.06202571, 0.025691891, 0.5099497), (-0.064848535, 0.017376114, 0.5099497), (-0, 0, 0.51435), (-0.064848535, 0.017376114, 0.5099497), (-0.06656179, 0.0087630255, 0.5099497), (-0, 0, 0.51435), (-0.06656179, 0.0087630255, 0.5099497), (-0.067136146, 8.221806e-18, 0.5099497), (-0, 0, 0.51435), (-0.067136146, 8.221806e-18, 0.5099497), (-0.06656179, -0.0087630255, 0.5099497), (-0, -0, 0.51435), (-0.06656179, -0.0087630255, 0.5099497), (-0.064848535, -0.017376114, 0.5099497), (-0, -0, 0.51435), (-0.064848535, -0.017376114, 0.5099497), (-0.06202571, -0.025691891, 0.5099497), (-0, -0, 0.51435), (-0.06202571, -0.025691891, 0.5099497), (-0.058141608, -0.033568073, 0.5099497), (-0, -0, 0.51435), (-0.058141608, -0.033568073, 0.5099497), (-0.05326269, -0.040869895, 0.5099497), (-0, -0, 0.51435), (-0.05326269, -0.040869895, 0.5099497), (-0.047472425, -0.047472425, 0.5099497), (-0, -0, 0.51435), (-0.047472425, -0.047472425, 0.5099497), (-0.040869895, -0.05326269, 0.5099497), (-0, -0, 0.51435), (-0.040869895, -0.05326269, 0.5099497), (-0.033568073, -0.058141608, 0.5099497), (-0, -0, 0.51435), (-0.033568073, -0.058141608, 0.5099497), (-0.025691891, -0.06202571, 0.5099497), (-0, -0, 0.51435), (-0.025691891, -0.06202571, 0.5099497), (-0.017376114, -0.064848535, 0.5099497), (-0, -0, 0.51435), (-0.017376114, -0.064848535, 0.5099497), (-0.0087630255, -0.06656179, 0.5099497), (-0, -0, 0.51435), (-0.0087630255, -0.06656179, 0.5099497), (-1.233271e-17, -0.067136146, 0.5099497), (-0, -0, 0.51435), (-1.233271e-17, -0.067136146, 0.5099497), (0.0087630255, -0.06656179, 0.5099497), (0, -0, 0.51435), (0.0087630255, -0.06656179, 0.5099497), (0.017376114, -0.064848535, 0.5099497), (0, -0, 0.51435), (0.017376114, -0.064848535, 0.5099497), (0.025691891, -0.06202571, 0.5099497), (0, -0, 0.51435), (0.025691891, -0.06202571, 0.5099497), (0.033568073, -0.058141608, 0.5099497), (0, -0, 0.51435), (0.033568073, -0.058141608, 0.5099497), (0.040869895, -0.05326269, 0.5099497), (0, -0, 0.51435), (0.040869895, -0.05326269, 0.5099497), (0.047472425, -0.047472425, 0.5099497), (0, -0, 0.51435), (0.047472425, -0.047472425, 0.5099497), (0.05326269, -0.040869895, 0.5099497), (0, -0, 0.51435), (0.05326269, -0.040869895, 0.5099497), (0.058141608, -0.033568073, 0.5099497), (0, -0, 0.51435), (0.058141608, -0.033568073, 0.5099497), (0.06202571, -0.025691891, 0.5099497), (0, -0, 0.51435), (0.06202571, -0.025691891, 0.5099497), (0.064848535, -0.017376114, 0.5099497), (0, -0, 0.51435), (0.064848535, -0.017376114, 0.5099497), (0.06656179, -0.0087630255, 0.5099497), (0, -0, 0.51435), (0.06656179, -0.0087630255, 0.5099497), (0.067136146, -1.6443613e-17, 0.5099497), (0.067136146, 0, 0.5099497), (0.13312358, 0, 0.49682394), (0.13198468, 0.017376114, 0.49682394), (0.06656179, 0.0087630255, 0.5099497), (0.06656179, 0.0087630255, 0.5099497), (0.13198468, 0.017376114, 0.49682394), (0.1285875, 0.034454916, 0.49682394), (0.064848535, 0.017376114, 0.5099497), (0.064848535, 0.017376114, 0.5099497), (0.1285875, 0.034454916, 0.49682394), (0.12299015, 0.050944187, 0.49682394), (0.06202571, 0.025691891, 0.5099497), (0.06202571, 0.025691891, 0.5099497), (0.12299015, 0.050944187, 0.49682394), (0.1152884, 0.06656179, 0.49682394), (0.058141608, 0.033568073, 0.5099497), (0.058141608, 0.033568073, 0.5099497), (0.1152884, 0.06656179, 0.49682394), (0.10561404, 0.0810405, 0.49682394), (0.05326269, 0.040869895, 0.5099497), (0.05326269, 0.040869895, 0.5099497), (0.10561404, 0.0810405, 0.49682394), (0.09413258, 0.09413258, 0.49682394), (0.047472425, 0.047472425, 0.5099497), (0.047472425, 0.047472425, 0.5099497), (0.09413258, 0.09413258, 0.49682394), (0.0810405, 0.10561404, 0.49682394), (0.040869895, 0.05326269, 0.5099497), (0.040869895, 0.05326269, 0.5099497), (0.0810405, 0.10561404, 0.49682394), (0.06656179, 0.1152884, 0.49682394), (0.033568073, 0.058141608, 0.5099497), (0.033568073, 0.058141608, 0.5099497), (0.06656179, 0.1152884, 0.49682394), (0.050944187, 0.12299015, 0.49682394), (0.025691891, 0.06202571, 0.5099497), (0.025691891, 0.06202571, 0.5099497), (0.050944187, 0.12299015, 0.49682394), (0.034454916, 0.1285875, 0.49682394), (0.017376114, 0.064848535, 0.5099497), (0.017376114, 0.064848535, 0.5099497), (0.034454916, 0.1285875, 0.49682394), (0.017376114, 0.13198468, 0.49682394), (0.0087630255, 0.06656179, 0.5099497), (0.0087630255, 0.06656179, 0.5099497), (0.017376114, 0.13198468, 0.49682394), (8.151468e-18, 0.13312358, 0.49682394), (4.110903e-18, 0.067136146, 0.5099497), (4.110903e-18, 0.067136146, 0.5099497), (8.151468e-18, 0.13312358, 0.49682394), (-0.017376114, 0.13198468, 0.49682394), (-0.0087630255, 0.06656179, 0.5099497), (-0.0087630255, 0.06656179, 0.5099497), (-0.017376114, 0.13198468, 0.49682394), (-0.034454916, 0.1285875, 0.49682394), (-0.017376114, 0.064848535, 0.5099497), (-0.017376114, 0.064848535, 0.5099497), (-0.034454916, 0.1285875, 0.49682394), (-0.050944187, 0.12299015, 0.49682394), (-0.025691891, 0.06202571, 0.5099497), (-0.025691891, 0.06202571, 0.5099497), (-0.050944187, 0.12299015, 0.49682394), (-0.06656179, 0.1152884, 0.49682394), (-0.033568073, 0.058141608, 0.5099497), (-0.033568073, 0.058141608, 0.5099497), (-0.06656179, 0.1152884, 0.49682394), (-0.0810405, 0.10561404, 0.49682394), (-0.040869895, 0.05326269, 0.5099497), (-0.040869895, 0.05326269, 0.5099497), (-0.0810405, 0.10561404, 0.49682394), (-0.09413258, 0.09413258, 0.49682394), (-0.047472425, 0.047472425, 0.5099497), (-0.047472425, 0.047472425, 0.5099497), (-0.09413258, 0.09413258, 0.49682394), (-0.10561404, 0.0810405, 0.49682394), (-0.05326269, 0.040869895, 0.5099497), (-0.05326269, 0.040869895, 0.5099497), (-0.10561404, 0.0810405, 0.49682394), (-0.1152884, 0.06656179, 0.49682394), (-0.058141608, 0.033568073, 0.5099497), (-0.058141608, 0.033568073, 0.5099497), (-0.1152884, 0.06656179, 0.49682394), (-0.12299015, 0.050944187, 0.49682394), (-0.06202571, 0.025691891, 0.5099497), (-0.06202571, 0.025691891, 0.5099497), (-0.12299015, 0.050944187, 0.49682394), (-0.1285875, 0.034454916, 0.49682394), (-0.064848535, 0.017376114, 0.5099497), (-0.064848535, 0.017376114, 0.5099497), (-0.1285875, 0.034454916, 0.49682394), (-0.13198468, 0.017376114, 0.49682394), (-0.06656179, 0.0087630255, 0.5099497), (-0.06656179, 0.0087630255, 0.5099497), (-0.13198468, 0.017376114, 0.49682394), (-0.13312358, 1.6302936e-17, 0.49682394), (-0.067136146, 8.221806e-18, 0.5099497), (-0.067136146, 8.221806e-18, 0.5099497), (-0.13312358, 1.6302936e-17, 0.49682394), (-0.13198468, -0.017376114, 0.49682394), (-0.06656179, -0.0087630255, 0.5099497), (-0.06656179, -0.0087630255, 0.5099497), (-0.13198468, -0.017376114, 0.49682394), (-0.1285875, -0.034454916, 0.49682394), (-0.064848535, -0.017376114, 0.5099497), (-0.064848535, -0.017376114, 0.5099497), (-0.1285875, -0.034454916, 0.49682394), (-0.12299015, -0.050944187, 0.49682394), (-0.06202571, -0.025691891, 0.5099497), (-0.06202571, -0.025691891, 0.5099497), (-0.12299015, -0.050944187, 0.49682394), (-0.1152884, -0.06656179, 0.49682394), (-0.058141608, -0.033568073, 0.5099497), (-0.058141608, -0.033568073, 0.5099497), (-0.1152884, -0.06656179, 0.49682394), (-0.10561404, -0.0810405, 0.49682394), (-0.05326269, -0.040869895, 0.5099497), (-0.05326269, -0.040869895, 0.5099497), (-0.10561404, -0.0810405, 0.49682394), (-0.09413258, -0.09413258, 0.49682394), (-0.047472425, -0.047472425, 0.5099497), (-0.047472425, -0.047472425, 0.5099497), (-0.09413258, -0.09413258, 0.49682394), (-0.0810405, -0.10561404, 0.49682394), (-0.040869895, -0.05326269, 0.5099497), (-0.040869895, -0.05326269, 0.5099497), (-0.0810405, -0.10561404, 0.49682394), (-0.06656179, -0.1152884, 0.49682394), (-0.033568073, -0.058141608, 0.5099497), (-0.033568073, -0.058141608, 0.5099497), (-0.06656179, -0.1152884, 0.49682394), (-0.050944187, -0.12299015, 0.49682394), (-0.025691891, -0.06202571, 0.5099497), (-0.025691891, -0.06202571, 0.5099497), (-0.050944187, -0.12299015, 0.49682394), (-0.034454916, -0.1285875, 0.49682394), (-0.017376114, -0.064848535, 0.5099497), (-0.017376114, -0.064848535, 0.5099497), (-0.034454916, -0.1285875, 0.49682394), (-0.017376114, -0.13198468, 0.49682394), (-0.0087630255, -0.06656179, 0.5099497), (-0.0087630255, -0.06656179, 0.5099497), (-0.017376114, -0.13198468, 0.49682394), (-2.4454404e-17, -0.13312358, 0.49682394), (-1.233271e-17, -0.067136146, 0.5099497), (-1.233271e-17, -0.067136146, 0.5099497), (-2.4454404e-17, -0.13312358, 0.49682394), (0.017376114, -0.13198468, 0.49682394), (0.0087630255, -0.06656179, 0.5099497), (0.0087630255, -0.06656179, 0.5099497), (0.017376114, -0.13198468, 0.49682394), (0.034454916, -0.1285875, 0.49682394), (0.017376114, -0.064848535, 0.5099497), (0.017376114, -0.064848535, 0.5099497), (0.034454916, -0.1285875, 0.49682394), (0.050944187, -0.12299015, 0.49682394), (0.025691891, -0.06202571, 0.5099497), (0.025691891, -0.06202571, 0.5099497), (0.050944187, -0.12299015, 0.49682394), (0.06656179, -0.1152884, 0.49682394), (0.033568073, -0.058141608, 0.5099497), (0.033568073, -0.058141608, 0.5099497), (0.06656179, -0.1152884, 0.49682394), (0.0810405, -0.10561404, 0.49682394), (0.040869895, -0.05326269, 0.5099497), (0.040869895, -0.05326269, 0.5099497), (0.0810405, -0.10561404, 0.49682394), (0.09413258, -0.09413258, 0.49682394), (0.047472425, -0.047472425, 0.5099497), (0.047472425, -0.047472425, 0.5099497), (0.09413258, -0.09413258, 0.49682394), (0.10561404, -0.0810405, 0.49682394), (0.05326269, -0.040869895, 0.5099497), (0.05326269, -0.040869895, 0.5099497), (0.10561404, -0.0810405, 0.49682394), (0.1152884, -0.06656179, 0.49682394), (0.058141608, -0.033568073, 0.5099497), (0.058141608, -0.033568073, 0.5099497), (0.1152884, -0.06656179, 0.49682394), (0.12299015, -0.050944187, 0.49682394), (0.06202571, -0.025691891, 0.5099497), (0.06202571, -0.025691891, 0.5099497), (0.12299015, -0.050944187, 0.49682394), (0.1285875, -0.034454916, 0.49682394), (0.064848535, -0.017376114, 0.5099497), (0.064848535, -0.017376114, 0.5099497), (0.1285875, -0.034454916, 0.49682394), (0.13198468, -0.017376114, 0.49682394), (0.06656179, -0.0087630255, 0.5099497), (0.06656179, -0.0087630255, 0.5099497), (0.13198468, -0.017376114, 0.49682394), (0.13312358, -3.260587e-17, 0.49682394), (0.067136146, -1.6443613e-17, 0.5099497), (0.13312358, 0, 0.49682394), (0.19683322, 0, 0.47519743), (0.19514929, 0.025691891, 0.47519743), (0.13198468, 0.017376114, 0.49682394), (0.13198468, 0.017376114, 0.49682394), (0.19514929, 0.025691891, 0.47519743), (0.1901263, 0.050944187, 0.47519743), (0.1285875, 0.034454916, 0.49682394), (0.1285875, 0.034454916, 0.49682394), (0.1901263, 0.050944187, 0.47519743), (0.18185018, 0.07532481, 0.47519743), (0.12299015, 0.050944187, 0.49682394), (0.12299015, 0.050944187, 0.49682394), (0.18185018, 0.07532481, 0.47519743), (0.17046258, 0.09841661, 0.47519743), (0.1152884, 0.06656179, 0.49682394), (0.1152884, 0.06656179, 0.49682394), (0.17046258, 0.09841661, 0.47519743), (0.1561583, 0.11982448, 0.47519743), (0.10561404, 0.0810405, 0.49682394), (0.10561404, 0.0810405, 0.49682394), (0.1561583, 0.11982448, 0.47519743), (0.1391821, 0.1391821, 0.47519743), (0.09413258, 0.09413258, 0.49682394), (0.09413258, 0.09413258, 0.49682394), (0.1391821, 0.1391821, 0.47519743), (0.11982448, 0.1561583, 0.47519743), (0.0810405, 0.10561404, 0.49682394), (0.0810405, 0.10561404, 0.49682394), (0.11982448, 0.1561583, 0.47519743), (0.09841661, 0.17046258, 0.47519743), (0.06656179, 0.1152884, 0.49682394), (0.06656179, 0.1152884, 0.49682394), (0.09841661, 0.17046258, 0.47519743), (0.07532481, 0.18185018, 0.47519743), (0.050944187, 0.12299015, 0.49682394), (0.050944187, 0.12299015, 0.49682394), (0.07532481, 0.18185018, 0.47519743), (0.050944187, 0.1901263, 0.47519743), (0.034454916, 0.1285875, 0.49682394), (0.034454916, 0.1285875, 0.49682394), (0.050944187, 0.1901263, 0.47519743), (0.025691891, 0.19514929, 0.47519743), (0.017376114, 0.13198468, 0.49682394), (0.017376114, 0.13198468, 0.49682394), (0.025691891, 0.19514929, 0.47519743), (1.2052559e-17, 0.19683322, 0.47519743), (8.151468e-18, 0.13312358, 0.49682394), (8.151468e-18, 0.13312358, 0.49682394), (1.2052559e-17, 0.19683322, 0.47519743), (-0.025691891, 0.19514929, 0.47519743), (-0.017376114, 0.13198468, 0.49682394), (-0.017376114, 0.13198468, 0.49682394), (-0.025691891, 0.19514929, 0.47519743), (-0.050944187, 0.1901263, 0.47519743), (-0.034454916, 0.1285875, 0.49682394), (-0.034454916, 0.1285875, 0.49682394), (-0.050944187, 0.1901263, 0.47519743), (-0.07532481, 0.18185018, 0.47519743), (-0.050944187, 0.12299015, 0.49682394), (-0.050944187, 0.12299015, 0.49682394), (-0.07532481, 0.18185018, 0.47519743), (-0.09841661, 0.17046258, 0.47519743), (-0.06656179, 0.1152884, 0.49682394), (-0.06656179, 0.1152884, 0.49682394), (-0.09841661, 0.17046258, 0.47519743), (-0.11982448, 0.1561583, 0.47519743), (-0.0810405, 0.10561404, 0.49682394), (-0.0810405, 0.10561404, 0.49682394), (-0.11982448, 0.1561583, 0.47519743), (-0.1391821, 0.1391821, 0.47519743), (-0.09413258, 0.09413258, 0.49682394), (-0.09413258, 0.09413258, 0.49682394), (-0.1391821, 0.1391821, 0.47519743), (-0.1561583, 0.11982448, 0.47519743), (-0.10561404, 0.0810405, 0.49682394), (-0.10561404, 0.0810405, 0.49682394), (-0.1561583, 0.11982448, 0.47519743), (-0.17046258, 0.09841661, 0.47519743), (-0.1152884, 0.06656179, 0.49682394), (-0.1152884, 0.06656179, 0.49682394), (-0.17046258, 0.09841661, 0.47519743), (-0.18185018, 0.07532481, 0.47519743), (-0.12299015, 0.050944187, 0.49682394), (-0.12299015, 0.050944187, 0.49682394), (-0.18185018, 0.07532481, 0.47519743), (-0.1901263, 0.050944187, 0.47519743), (-0.1285875, 0.034454916, 0.49682394), (-0.1285875, 0.034454916, 0.49682394), (-0.1901263, 0.050944187, 0.47519743), (-0.19514929, 0.025691891, 0.47519743), (-0.13198468, 0.017376114, 0.49682394), (-0.13198468, 0.017376114, 0.49682394), (-0.19514929, 0.025691891, 0.47519743), (-0.19683322, 2.4105118e-17, 0.47519743), (-0.13312358, 1.6302936e-17, 0.49682394), (-0.13312358, 1.6302936e-17, 0.49682394), (-0.19683322, 2.4105118e-17, 0.47519743), (-0.19514929, -0.025691891, 0.47519743), (-0.13198468, -0.017376114, 0.49682394), (-0.13198468, -0.017376114, 0.49682394), (-0.19514929, -0.025691891, 0.47519743), (-0.1901263, -0.050944187, 0.47519743), (-0.1285875, -0.034454916, 0.49682394), (-0.1285875, -0.034454916, 0.49682394), (-0.1901263, -0.050944187, 0.47519743), (-0.18185018, -0.07532481, 0.47519743), (-0.12299015, -0.050944187, 0.49682394), (-0.12299015, -0.050944187, 0.49682394), (-0.18185018, -0.07532481, 0.47519743), (-0.17046258, -0.09841661, 0.47519743), (-0.1152884, -0.06656179, 0.49682394), (-0.1152884, -0.06656179, 0.49682394), (-0.17046258, -0.09841661, 0.47519743), (-0.1561583, -0.11982448, 0.47519743), (-0.10561404, -0.0810405, 0.49682394), (-0.10561404, -0.0810405, 0.49682394), (-0.1561583, -0.11982448, 0.47519743), (-0.1391821, -0.1391821, 0.47519743), (-0.09413258, -0.09413258, 0.49682394), (-0.09413258, -0.09413258, 0.49682394), (-0.1391821, -0.1391821, 0.47519743), (-0.11982448, -0.1561583, 0.47519743), (-0.0810405, -0.10561404, 0.49682394), (-0.0810405, -0.10561404, 0.49682394), (-0.11982448, -0.1561583, 0.47519743), (-0.09841661, -0.17046258, 0.47519743), (-0.06656179, -0.1152884, 0.49682394), (-0.06656179, -0.1152884, 0.49682394), (-0.09841661, -0.17046258, 0.47519743), (-0.07532481, -0.18185018, 0.47519743), (-0.050944187, -0.12299015, 0.49682394), (-0.050944187, -0.12299015, 0.49682394), (-0.07532481, -0.18185018, 0.47519743), (-0.050944187, -0.1901263, 0.47519743), (-0.034454916, -0.1285875, 0.49682394), (-0.034454916, -0.1285875, 0.49682394), (-0.050944187, -0.1901263, 0.47519743), (-0.025691891, -0.19514929, 0.47519743), (-0.017376114, -0.13198468, 0.49682394), (-0.017376114, -0.13198468, 0.49682394), (-0.025691891, -0.19514929, 0.47519743), (-3.6157676e-17, -0.19683322, 0.47519743), (-2.4454404e-17, -0.13312358, 0.49682394), (-2.4454404e-17, -0.13312358, 0.49682394), (-3.6157676e-17, -0.19683322, 0.47519743), (0.025691891, -0.19514929, 0.47519743), (0.017376114, -0.13198468, 0.49682394), (0.017376114, -0.13198468, 0.49682394), (0.025691891, -0.19514929, 0.47519743), (0.050944187, -0.1901263, 0.47519743), (0.034454916, -0.1285875, 0.49682394), (0.034454916, -0.1285875, 0.49682394), (0.050944187, -0.1901263, 0.47519743), (0.07532481, -0.18185018, 0.47519743), (0.050944187, -0.12299015, 0.49682394), (0.050944187, -0.12299015, 0.49682394), (0.07532481, -0.18185018, 0.47519743), (0.09841661, -0.17046258, 0.47519743), (0.06656179, -0.1152884, 0.49682394), (0.06656179, -0.1152884, 0.49682394), (0.09841661, -0.17046258, 0.47519743), (0.11982448, -0.1561583, 0.47519743), (0.0810405, -0.10561404, 0.49682394), (0.0810405, -0.10561404, 0.49682394), (0.11982448, -0.1561583, 0.47519743), (0.1391821, -0.1391821, 0.47519743), (0.09413258, -0.09413258, 0.49682394), (0.09413258, -0.09413258, 0.49682394), (0.1391821, -0.1391821, 0.47519743), (0.1561583, -0.11982448, 0.47519743), (0.10561404, -0.0810405, 0.49682394), (0.10561404, -0.0810405, 0.49682394), (0.1561583, -0.11982448, 0.47519743), (0.17046258, -0.09841661, 0.47519743), (0.1152884, -0.06656179, 0.49682394), (0.1152884, -0.06656179, 0.49682394), (0.17046258, -0.09841661, 0.47519743), (0.18185018, -0.07532481, 0.47519743), (0.12299015, -0.050944187, 0.49682394), (0.12299015, -0.050944187, 0.49682394), (0.18185018, -0.07532481, 0.47519743), (0.1901263, -0.050944187, 0.47519743), (0.1285875, -0.034454916, 0.49682394), (0.1285875, -0.034454916, 0.49682394), (0.1901263, -0.050944187, 0.47519743), (0.19514929, -0.025691891, 0.47519743), (0.13198468, -0.017376114, 0.49682394), (0.13198468, -0.017376114, 0.49682394), (0.19514929, -0.025691891, 0.47519743), (0.19683322, -4.8210237e-17, 0.47519743), (0.13312358, -3.260587e-17, 0.49682394), (0.19683322, 0, 0.47519743), (0.257175, 0, 0.44544017), (0.25497484, 0.033568073, 0.44544017), (0.19514929, 0.025691891, 0.47519743), (0.19514929, 0.025691891, 0.47519743), (0.25497484, 0.033568073, 0.44544017), (0.24841197, 0.06656179, 0.44544017), (0.1901263, 0.050944187, 0.47519743), (0.1901263, 0.050944187, 0.47519743), (0.24841197, 0.06656179, 0.44544017), (0.23759872, 0.09841661, 0.44544017), (0.18185018, 0.07532481, 0.47519743), (0.18185018, 0.07532481, 0.47519743), (0.23759872, 0.09841661, 0.44544017), (0.22272009, 0.1285875, 0.44544017), (0.17046258, 0.09841661, 0.47519743), (0.17046258, 0.09841661, 0.47519743), (0.22272009, 0.1285875, 0.44544017), (0.20403065, 0.15655822, 0.44544017), (0.1561583, 0.11982448, 0.47519743), (0.1561583, 0.11982448, 0.47519743), (0.20403065, 0.15655822, 0.44544017), (0.18185018, 0.18185018, 0.44544017), (0.1391821, 0.1391821, 0.47519743), (0.1391821, 0.1391821, 0.47519743), (0.18185018, 0.18185018, 0.44544017), (0.15655822, 0.20403065, 0.44544017), (0.11982448, 0.1561583, 0.47519743), (0.11982448, 0.1561583, 0.47519743), (0.15655822, 0.20403065, 0.44544017), (0.1285875, 0.22272009, 0.44544017), (0.09841661, 0.17046258, 0.47519743), (0.09841661, 0.17046258, 0.47519743), (0.1285875, 0.22272009, 0.44544017), (0.09841661, 0.23759872, 0.44544017), (0.07532481, 0.18185018, 0.47519743), (0.07532481, 0.18185018, 0.47519743), (0.09841661, 0.23759872, 0.44544017), (0.06656179, 0.24841197, 0.44544017), (0.050944187, 0.1901263, 0.47519743), (0.050944187, 0.1901263, 0.47519743), (0.06656179, 0.24841197, 0.44544017), (0.033568073, 0.25497484, 0.44544017), (0.025691891, 0.19514929, 0.47519743), (0.025691891, 0.19514929, 0.47519743), (0.033568073, 0.25497484, 0.44544017), (1.5747428e-17, 0.257175, 0.44544017), (1.2052559e-17, 0.19683322, 0.47519743), (1.2052559e-17, 0.19683322, 0.47519743), (1.5747428e-17, 0.257175, 0.44544017), (-0.033568073, 0.25497484, 0.44544017), (-0.025691891, 0.19514929, 0.47519743), (-0.025691891, 0.19514929, 0.47519743), (-0.033568073, 0.25497484, 0.44544017), (-0.06656179, 0.24841197, 0.44544017), (-0.050944187, 0.1901263, 0.47519743), (-0.050944187, 0.1901263, 0.47519743), (-0.06656179, 0.24841197, 0.44544017), (-0.09841661, 0.23759872, 0.44544017), (-0.07532481, 0.18185018, 0.47519743), (-0.07532481, 0.18185018, 0.47519743), (-0.09841661, 0.23759872, 0.44544017), (-0.1285875, 0.22272009, 0.44544017), (-0.09841661, 0.17046258, 0.47519743), (-0.09841661, 0.17046258, 0.47519743), (-0.1285875, 0.22272009, 0.44544017), (-0.15655822, 0.20403065, 0.44544017), (-0.11982448, 0.1561583, 0.47519743), (-0.11982448, 0.1561583, 0.47519743), (-0.15655822, 0.20403065, 0.44544017), (-0.18185018, 0.18185018, 0.44544017), (-0.1391821, 0.1391821, 0.47519743), (-0.1391821, 0.1391821, 0.47519743), (-0.18185018, 0.18185018, 0.44544017), (-0.20403065, 0.15655822, 0.44544017), (-0.1561583, 0.11982448, 0.47519743), (-0.1561583, 0.11982448, 0.47519743), (-0.20403065, 0.15655822, 0.44544017), (-0.22272009, 0.1285875, 0.44544017), (-0.17046258, 0.09841661, 0.47519743), (-0.17046258, 0.09841661, 0.47519743), (-0.22272009, 0.1285875, 0.44544017), (-0.23759872, 0.09841661, 0.44544017), (-0.18185018, 0.07532481, 0.47519743), (-0.18185018, 0.07532481, 0.47519743), (-0.23759872, 0.09841661, 0.44544017), (-0.24841197, 0.06656179, 0.44544017), (-0.1901263, 0.050944187, 0.47519743), (-0.1901263, 0.050944187, 0.47519743), (-0.24841197, 0.06656179, 0.44544017), (-0.25497484, 0.033568073, 0.44544017), (-0.19514929, 0.025691891, 0.47519743), (-0.19514929, 0.025691891, 0.47519743), (-0.25497484, 0.033568073, 0.44544017), (-0.257175, 3.1494856e-17, 0.44544017), (-0.19683322, 2.4105118e-17, 0.47519743), (-0.19683322, 2.4105118e-17, 0.47519743), (-0.257175, 3.1494856e-17, 0.44544017), (-0.25497484, -0.033568073, 0.44544017), (-0.19514929, -0.025691891, 0.47519743), (-0.19514929, -0.025691891, 0.47519743), (-0.25497484, -0.033568073, 0.44544017), (-0.24841197, -0.06656179, 0.44544017), (-0.1901263, -0.050944187, 0.47519743), (-0.1901263, -0.050944187, 0.47519743), (-0.24841197, -0.06656179, 0.44544017), (-0.23759872, -0.09841661, 0.44544017), (-0.18185018, -0.07532481, 0.47519743), (-0.18185018, -0.07532481, 0.47519743), (-0.23759872, -0.09841661, 0.44544017), (-0.22272009, -0.1285875, 0.44544017), (-0.17046258, -0.09841661, 0.47519743), (-0.17046258, -0.09841661, 0.47519743), (-0.22272009, -0.1285875, 0.44544017), (-0.20403065, -0.15655822, 0.44544017), (-0.1561583, -0.11982448, 0.47519743), (-0.1561583, -0.11982448, 0.47519743), (-0.20403065, -0.15655822, 0.44544017), (-0.18185018, -0.18185018, 0.44544017), (-0.1391821, -0.1391821, 0.47519743), (-0.1391821, -0.1391821, 0.47519743), (-0.18185018, -0.18185018, 0.44544017), (-0.15655822, -0.20403065, 0.44544017), (-0.11982448, -0.1561583, 0.47519743), (-0.11982448, -0.1561583, 0.47519743), (-0.15655822, -0.20403065, 0.44544017), (-0.1285875, -0.22272009, 0.44544017), (-0.09841661, -0.17046258, 0.47519743), (-0.09841661, -0.17046258, 0.47519743), (-0.1285875, -0.22272009, 0.44544017), (-0.09841661, -0.23759872, 0.44544017), (-0.07532481, -0.18185018, 0.47519743), (-0.07532481, -0.18185018, 0.47519743), (-0.09841661, -0.23759872, 0.44544017), (-0.06656179, -0.24841197, 0.44544017), (-0.050944187, -0.1901263, 0.47519743), (-0.050944187, -0.1901263, 0.47519743), (-0.06656179, -0.24841197, 0.44544017), (-0.033568073, -0.25497484, 0.44544017), (-0.025691891, -0.19514929, 0.47519743), (-0.025691891, -0.19514929, 0.47519743), (-0.033568073, -0.25497484, 0.44544017), (-4.724228e-17, -0.257175, 0.44544017), (-3.6157676e-17, -0.19683322, 0.47519743), (-3.6157676e-17, -0.19683322, 0.47519743), (-4.724228e-17, -0.257175, 0.44544017), (0.033568073, -0.25497484, 0.44544017), (0.025691891, -0.19514929, 0.47519743), (0.025691891, -0.19514929, 0.47519743), (0.033568073, -0.25497484, 0.44544017), (0.06656179, -0.24841197, 0.44544017), (0.050944187, -0.1901263, 0.47519743), (0.050944187, -0.1901263, 0.47519743), (0.06656179, -0.24841197, 0.44544017), (0.09841661, -0.23759872, 0.44544017), (0.07532481, -0.18185018, 0.47519743), (0.07532481, -0.18185018, 0.47519743), (0.09841661, -0.23759872, 0.44544017), (0.1285875, -0.22272009, 0.44544017), (0.09841661, -0.17046258, 0.47519743), (0.09841661, -0.17046258, 0.47519743), (0.1285875, -0.22272009, 0.44544017), (0.15655822, -0.20403065, 0.44544017), (0.11982448, -0.1561583, 0.47519743), (0.11982448, -0.1561583, 0.47519743), (0.15655822, -0.20403065, 0.44544017), (0.18185018, -0.18185018, 0.44544017), (0.1391821, -0.1391821, 0.47519743), (0.1391821, -0.1391821, 0.47519743), (0.18185018, -0.18185018, 0.44544017), (0.20403065, -0.15655822, 0.44544017), (0.1561583, -0.11982448, 0.47519743), (0.1561583, -0.11982448, 0.47519743), (0.20403065, -0.15655822, 0.44544017), (0.22272009, -0.1285875, 0.44544017), (0.17046258, -0.09841661, 0.47519743), (0.17046258, -0.09841661, 0.47519743), (0.22272009, -0.1285875, 0.44544017), (0.23759872, -0.09841661, 0.44544017), (0.18185018, -0.07532481, 0.47519743), (0.18185018, -0.07532481, 0.47519743), (0.23759872, -0.09841661, 0.44544017), (0.24841197, -0.06656179, 0.44544017), (0.1901263, -0.050944187, 0.47519743), (0.1901263, -0.050944187, 0.47519743), (0.24841197, -0.06656179, 0.44544017), (0.25497484, -0.033568073, 0.44544017), (0.19514929, -0.025691891, 0.47519743), (0.19514929, -0.025691891, 0.47519743), (0.25497484, -0.033568073, 0.44544017), (0.257175, -6.298971e-17, 0.44544017), (0.19683322, -4.8210237e-17, 0.47519743), (0.257175, 0, 0.44544017), (0.31311643, 0, 0.4080613), (0.31043768, 0.040869895, 0.4080613), (0.25497484, 0.033568073, 0.44544017), (0.25497484, 0.033568073, 0.44544017), (0.31043768, 0.040869895, 0.4080613), (0.30244726, 0.0810405, 0.4080613), (0.24841197, 0.06656179, 0.44544017), (0.24841197, 0.06656179, 0.44544017), (0.30244726, 0.0810405, 0.4080613), (0.28928187, 0.11982448, 0.4080613), (0.23759872, 0.09841661, 0.44544017), (0.23759872, 0.09841661, 0.44544017), (0.28928187, 0.11982448, 0.4080613), (0.2711668, 0.15655822, 0.4080613), (0.22272009, 0.1285875, 0.44544017), (0.22272009, 0.1285875, 0.44544017), (0.2711668, 0.15655822, 0.4080613), (0.24841197, 0.19061321, 0.4080613), (0.20403065, 0.15655822, 0.44544017), (0.20403065, 0.15655822, 0.44544017), (0.24841197, 0.19061321, 0.4080613), (0.22140676, 0.22140676, 0.4080613), (0.18185018, 0.18185018, 0.44544017), (0.18185018, 0.18185018, 0.44544017), (0.22140676, 0.22140676, 0.4080613), (0.19061321, 0.24841197, 0.4080613), (0.15655822, 0.20403065, 0.44544017), (0.15655822, 0.20403065, 0.44544017), (0.19061321, 0.24841197, 0.4080613), (0.15655822, 0.2711668, 0.4080613), (0.1285875, 0.22272009, 0.44544017), (0.1285875, 0.22272009, 0.44544017), (0.15655822, 0.2711668, 0.4080613), (0.11982448, 0.28928187, 0.4080613), (0.09841661, 0.23759872, 0.44544017), (0.09841661, 0.23759872, 0.44544017), (0.11982448, 0.28928187, 0.4080613), (0.0810405, 0.30244726, 0.4080613), (0.06656179, 0.24841197, 0.44544017), (0.06656179, 0.24841197, 0.44544017), (0.0810405, 0.30244726, 0.4080613), (0.040869895, 0.31043768, 0.4080613), (0.033568073, 0.25497484, 0.44544017), (0.033568073, 0.25497484, 0.44544017), (0.040869895, 0.31043768, 0.4080613), (1.9172852e-17, 0.31311643, 0.4080613), (1.5747428e-17, 0.257175, 0.44544017), (1.5747428e-17, 0.257175, 0.44544017), (1.9172852e-17, 0.31311643, 0.4080613), (-0.040869895, 0.31043768, 0.4080613), (-0.033568073, 0.25497484, 0.44544017), (-0.033568073, 0.25497484, 0.44544017), (-0.040869895, 0.31043768, 0.4080613), (-0.0810405, 0.30244726, 0.4080613), (-0.06656179, 0.24841197, 0.44544017), (-0.06656179, 0.24841197, 0.44544017), (-0.0810405, 0.30244726, 0.4080613), (-0.11982448, 0.28928187, 0.4080613), (-0.09841661, 0.23759872, 0.44544017), (-0.09841661, 0.23759872, 0.44544017), (-0.11982448, 0.28928187, 0.4080613), (-0.15655822, 0.2711668, 0.4080613), (-0.1285875, 0.22272009, 0.44544017), (-0.1285875, 0.22272009, 0.44544017), (-0.15655822, 0.2711668, 0.4080613), (-0.19061321, 0.24841197, 0.4080613), (-0.15655822, 0.20403065, 0.44544017), (-0.15655822, 0.20403065, 0.44544017), (-0.19061321, 0.24841197, 0.4080613), (-0.22140676, 0.22140676, 0.4080613), (-0.18185018, 0.18185018, 0.44544017), (-0.18185018, 0.18185018, 0.44544017), (-0.22140676, 0.22140676, 0.4080613), (-0.24841197, 0.19061321, 0.4080613), (-0.20403065, 0.15655822, 0.44544017), (-0.20403065, 0.15655822, 0.44544017), (-0.24841197, 0.19061321, 0.4080613), (-0.2711668, 0.15655822, 0.4080613), (-0.22272009, 0.1285875, 0.44544017), (-0.22272009, 0.1285875, 0.44544017), (-0.2711668, 0.15655822, 0.4080613), (-0.28928187, 0.11982448, 0.4080613), (-0.23759872, 0.09841661, 0.44544017), (-0.23759872, 0.09841661, 0.44544017), (-0.28928187, 0.11982448, 0.4080613), (-0.30244726, 0.0810405, 0.4080613), (-0.24841197, 0.06656179, 0.44544017), (-0.24841197, 0.06656179, 0.44544017), (-0.30244726, 0.0810405, 0.4080613), (-0.31043768, 0.040869895, 0.4080613), (-0.25497484, 0.033568073, 0.44544017), (-0.25497484, 0.033568073, 0.44544017), (-0.31043768, 0.040869895, 0.4080613), (-0.31311643, 3.8345704e-17, 0.4080613), (-0.257175, 3.1494856e-17, 0.44544017), (-0.257175, 3.1494856e-17, 0.44544017), (-0.31311643, 3.8345704e-17, 0.4080613), (-0.31043768, -0.040869895, 0.4080613), (-0.25497484, -0.033568073, 0.44544017), (-0.25497484, -0.033568073, 0.44544017), (-0.31043768, -0.040869895, 0.4080613), (-0.30244726, -0.0810405, 0.4080613), (-0.24841197, -0.06656179, 0.44544017), (-0.24841197, -0.06656179, 0.44544017), (-0.30244726, -0.0810405, 0.4080613), (-0.28928187, -0.11982448, 0.4080613), (-0.23759872, -0.09841661, 0.44544017), (-0.23759872, -0.09841661, 0.44544017), (-0.28928187, -0.11982448, 0.4080613), (-0.2711668, -0.15655822, 0.4080613), (-0.22272009, -0.1285875, 0.44544017), (-0.22272009, -0.1285875, 0.44544017), (-0.2711668, -0.15655822, 0.4080613), (-0.24841197, -0.19061321, 0.4080613), (-0.20403065, -0.15655822, 0.44544017), (-0.20403065, -0.15655822, 0.44544017), (-0.24841197, -0.19061321, 0.4080613), (-0.22140676, -0.22140676, 0.4080613), (-0.18185018, -0.18185018, 0.44544017), (-0.18185018, -0.18185018, 0.44544017), (-0.22140676, -0.22140676, 0.4080613), (-0.19061321, -0.24841197, 0.4080613), (-0.15655822, -0.20403065, 0.44544017), (-0.15655822, -0.20403065, 0.44544017), (-0.19061321, -0.24841197, 0.4080613), (-0.15655822, -0.2711668, 0.4080613), (-0.1285875, -0.22272009, 0.44544017), (-0.1285875, -0.22272009, 0.44544017), (-0.15655822, -0.2711668, 0.4080613), (-0.11982448, -0.28928187, 0.4080613), (-0.09841661, -0.23759872, 0.44544017), (-0.09841661, -0.23759872, 0.44544017), (-0.11982448, -0.28928187, 0.4080613), (-0.0810405, -0.30244726, 0.4080613), (-0.06656179, -0.24841197, 0.44544017), (-0.06656179, -0.24841197, 0.44544017), (-0.0810405, -0.30244726, 0.4080613), (-0.040869895, -0.31043768, 0.4080613), (-0.033568073, -0.25497484, 0.44544017), (-0.033568073, -0.25497484, 0.44544017), (-0.040869895, -0.31043768, 0.4080613), (-5.751856e-17, -0.31311643, 0.4080613), (-4.724228e-17, -0.257175, 0.44544017), (-4.724228e-17, -0.257175, 0.44544017), (-5.751856e-17, -0.31311643, 0.4080613), (0.040869895, -0.31043768, 0.4080613), (0.033568073, -0.25497484, 0.44544017), (0.033568073, -0.25497484, 0.44544017), (0.040869895, -0.31043768, 0.4080613), (0.0810405, -0.30244726, 0.4080613), (0.06656179, -0.24841197, 0.44544017), (0.06656179, -0.24841197, 0.44544017), (0.0810405, -0.30244726, 0.4080613), (0.11982448, -0.28928187, 0.4080613), (0.09841661, -0.23759872, 0.44544017), (0.09841661, -0.23759872, 0.44544017), (0.11982448, -0.28928187, 0.4080613), (0.15655822, -0.2711668, 0.4080613), (0.1285875, -0.22272009, 0.44544017), (0.1285875, -0.22272009, 0.44544017), (0.15655822, -0.2711668, 0.4080613), (0.19061321, -0.24841197, 0.4080613), (0.15655822, -0.20403065, 0.44544017), (0.15655822, -0.20403065, 0.44544017), (0.19061321, -0.24841197, 0.4080613), (0.22140676, -0.22140676, 0.4080613), (0.18185018, -0.18185018, 0.44544017), (0.18185018, -0.18185018, 0.44544017), (0.22140676, -0.22140676, 0.4080613), (0.24841197, -0.19061321, 0.4080613), (0.20403065, -0.15655822, 0.44544017), (0.20403065, -0.15655822, 0.44544017), (0.24841197, -0.19061321, 0.4080613), (0.2711668, -0.15655822, 0.4080613), (0.22272009, -0.1285875, 0.44544017), (0.22272009, -0.1285875, 0.44544017), (0.2711668, -0.15655822, 0.4080613), (0.28928187, -0.11982448, 0.4080613), (0.23759872, -0.09841661, 0.44544017), (0.23759872, -0.09841661, 0.44544017), (0.28928187, -0.11982448, 0.4080613), (0.30244726, -0.0810405, 0.4080613), (0.24841197, -0.06656179, 0.44544017), (0.24841197, -0.06656179, 0.44544017), (0.30244726, -0.0810405, 0.4080613), (0.31043768, -0.040869895, 0.4080613), (0.25497484, -0.033568073, 0.44544017), (0.25497484, -0.033568073, 0.44544017), (0.31043768, -0.040869895, 0.4080613), (0.31311643, -7.669141e-17, 0.4080613), (0.257175, -6.298971e-17, 0.44544017), (0.31311643, 0, 0.4080613), (0.36370036, 0, 0.36370036), (0.36058888, 0.047472425, 0.36370036), (0.31043768, 0.040869895, 0.4080613), (0.31043768, 0.040869895, 0.4080613), (0.36058888, 0.047472425, 0.36370036), (0.35130757, 0.09413258, 0.36370036), (0.30244726, 0.0810405, 0.4080613), (0.30244726, 0.0810405, 0.4080613), (0.35130757, 0.09413258, 0.36370036), (0.33601534, 0.1391821, 0.36370036), (0.28928187, 0.11982448, 0.4080613), (0.28928187, 0.11982448, 0.4080613), (0.33601534, 0.1391821, 0.36370036), (0.31497377, 0.18185018, 0.36370036), (0.2711668, 0.15655822, 0.4080613), (0.2711668, 0.15655822, 0.4080613), (0.31497377, 0.18185018, 0.36370036), (0.2885429, 0.22140676, 0.36370036), (0.24841197, 0.19061321, 0.4080613), (0.24841197, 0.19061321, 0.4080613), (0.2885429, 0.22140676, 0.36370036), (0.257175, 0.257175, 0.36370036), (0.22140676, 0.22140676, 0.4080613), (0.22140676, 0.22140676, 0.4080613), (0.257175, 0.257175, 0.36370036), (0.22140676, 0.2885429, 0.36370036), (0.19061321, 0.24841197, 0.4080613), (0.19061321, 0.24841197, 0.4080613), (0.22140676, 0.2885429, 0.36370036), (0.18185018, 0.31497377, 0.36370036), (0.15655822, 0.2711668, 0.4080613), (0.15655822, 0.2711668, 0.4080613), (0.18185018, 0.31497377, 0.36370036), (0.1391821, 0.33601534, 0.36370036), (0.11982448, 0.28928187, 0.4080613), (0.11982448, 0.28928187, 0.4080613), (0.1391821, 0.33601534, 0.36370036), (0.09413258, 0.35130757, 0.36370036), (0.0810405, 0.30244726, 0.4080613), (0.0810405, 0.30244726, 0.4080613), (0.09413258, 0.35130757, 0.36370036), (0.047472425, 0.36058888, 0.36370036), (0.040869895, 0.31043768, 0.4080613), (0.040869895, 0.31043768, 0.4080613), (0.047472425, 0.36058888, 0.36370036), (2.2270225e-17, 0.36370036, 0.36370036), (1.9172852e-17, 0.31311643, 0.4080613), (1.9172852e-17, 0.31311643, 0.4080613), (2.2270225e-17, 0.36370036, 0.36370036), (-0.047472425, 0.36058888, 0.36370036), (-0.040869895, 0.31043768, 0.4080613), (-0.040869895, 0.31043768, 0.4080613), (-0.047472425, 0.36058888, 0.36370036), (-0.09413258, 0.35130757, 0.36370036), (-0.0810405, 0.30244726, 0.4080613), (-0.0810405, 0.30244726, 0.4080613), (-0.09413258, 0.35130757, 0.36370036), (-0.1391821, 0.33601534, 0.36370036), (-0.11982448, 0.28928187, 0.4080613), (-0.11982448, 0.28928187, 0.4080613), (-0.1391821, 0.33601534, 0.36370036), (-0.18185018, 0.31497377, 0.36370036), (-0.15655822, 0.2711668, 0.4080613), (-0.15655822, 0.2711668, 0.4080613), (-0.18185018, 0.31497377, 0.36370036), (-0.22140676, 0.2885429, 0.36370036), (-0.19061321, 0.24841197, 0.4080613), (-0.19061321, 0.24841197, 0.4080613), (-0.22140676, 0.2885429, 0.36370036), (-0.257175, 0.257175, 0.36370036), (-0.22140676, 0.22140676, 0.4080613), (-0.22140676, 0.22140676, 0.4080613), (-0.257175, 0.257175, 0.36370036), (-0.2885429, 0.22140676, 0.36370036), (-0.24841197, 0.19061321, 0.4080613), (-0.24841197, 0.19061321, 0.4080613), (-0.2885429, 0.22140676, 0.36370036), (-0.31497377, 0.18185018, 0.36370036), (-0.2711668, 0.15655822, 0.4080613), (-0.2711668, 0.15655822, 0.4080613), (-0.31497377, 0.18185018, 0.36370036), (-0.33601534, 0.1391821, 0.36370036), (-0.28928187, 0.11982448, 0.4080613), (-0.28928187, 0.11982448, 0.4080613), (-0.33601534, 0.1391821, 0.36370036), (-0.35130757, 0.09413258, 0.36370036), (-0.30244726, 0.0810405, 0.4080613), (-0.30244726, 0.0810405, 0.4080613), (-0.35130757, 0.09413258, 0.36370036), (-0.36058888, 0.047472425, 0.36370036), (-0.31043768, 0.040869895, 0.4080613), (-0.31043768, 0.040869895, 0.4080613), (-0.36058888, 0.047472425, 0.36370036), (-0.36370036, 4.454045e-17, 0.36370036), (-0.31311643, 3.8345704e-17, 0.4080613), (-0.31311643, 3.8345704e-17, 0.4080613), (-0.36370036, 4.454045e-17, 0.36370036), (-0.36058888, -0.047472425, 0.36370036), (-0.31043768, -0.040869895, 0.4080613), (-0.31043768, -0.040869895, 0.4080613), (-0.36058888, -0.047472425, 0.36370036), (-0.35130757, -0.09413258, 0.36370036), (-0.30244726, -0.0810405, 0.4080613), (-0.30244726, -0.0810405, 0.4080613), (-0.35130757, -0.09413258, 0.36370036), (-0.33601534, -0.1391821, 0.36370036), (-0.28928187, -0.11982448, 0.4080613), (-0.28928187, -0.11982448, 0.4080613), (-0.33601534, -0.1391821, 0.36370036), (-0.31497377, -0.18185018, 0.36370036), (-0.2711668, -0.15655822, 0.4080613), (-0.2711668, -0.15655822, 0.4080613), (-0.31497377, -0.18185018, 0.36370036), (-0.2885429, -0.22140676, 0.36370036), (-0.24841197, -0.19061321, 0.4080613), (-0.24841197, -0.19061321, 0.4080613), (-0.2885429, -0.22140676, 0.36370036), (-0.257175, -0.257175, 0.36370036), (-0.22140676, -0.22140676, 0.4080613), (-0.22140676, -0.22140676, 0.4080613), (-0.257175, -0.257175, 0.36370036), (-0.22140676, -0.2885429, 0.36370036), (-0.19061321, -0.24841197, 0.4080613), (-0.19061321, -0.24841197, 0.4080613), (-0.22140676, -0.2885429, 0.36370036), (-0.18185018, -0.31497377, 0.36370036), (-0.15655822, -0.2711668, 0.4080613), (-0.15655822, -0.2711668, 0.4080613), (-0.18185018, -0.31497377, 0.36370036), (-0.1391821, -0.33601534, 0.36370036), (-0.11982448, -0.28928187, 0.4080613), (-0.11982448, -0.28928187, 0.4080613), (-0.1391821, -0.33601534, 0.36370036), (-0.09413258, -0.35130757, 0.36370036), (-0.0810405, -0.30244726, 0.4080613), (-0.0810405, -0.30244726, 0.4080613), (-0.09413258, -0.35130757, 0.36370036), (-0.047472425, -0.36058888, 0.36370036), (-0.040869895, -0.31043768, 0.4080613), (-0.040869895, -0.31043768, 0.4080613), (-0.047472425, -0.36058888, 0.36370036), (-6.6810677e-17, -0.36370036, 0.36370036), (-5.751856e-17, -0.31311643, 0.4080613), (-5.751856e-17, -0.31311643, 0.4080613), (-6.6810677e-17, -0.36370036, 0.36370036), (0.047472425, -0.36058888, 0.36370036), (0.040869895, -0.31043768, 0.4080613), (0.040869895, -0.31043768, 0.4080613), (0.047472425, -0.36058888, 0.36370036), (0.09413258, -0.35130757, 0.36370036), (0.0810405, -0.30244726, 0.4080613), (0.0810405, -0.30244726, 0.4080613), (0.09413258, -0.35130757, 0.36370036), (0.1391821, -0.33601534, 0.36370036), (0.11982448, -0.28928187, 0.4080613), (0.11982448, -0.28928187, 0.4080613), (0.1391821, -0.33601534, 0.36370036), (0.18185018, -0.31497377, 0.36370036), (0.15655822, -0.2711668, 0.4080613), (0.15655822, -0.2711668, 0.4080613), (0.18185018, -0.31497377, 0.36370036), (0.22140676, -0.2885429, 0.36370036), (0.19061321, -0.24841197, 0.4080613), (0.19061321, -0.24841197, 0.4080613), (0.22140676, -0.2885429, 0.36370036), (0.257175, -0.257175, 0.36370036), (0.22140676, -0.22140676, 0.4080613), (0.22140676, -0.22140676, 0.4080613), (0.257175, -0.257175, 0.36370036), (0.2885429, -0.22140676, 0.36370036), (0.24841197, -0.19061321, 0.4080613), (0.24841197, -0.19061321, 0.4080613), (0.2885429, -0.22140676, 0.36370036), (0.31497377, -0.18185018, 0.36370036), (0.2711668, -0.15655822, 0.4080613), (0.2711668, -0.15655822, 0.4080613), (0.31497377, -0.18185018, 0.36370036), (0.33601534, -0.1391821, 0.36370036), (0.28928187, -0.11982448, 0.4080613), (0.28928187, -0.11982448, 0.4080613), (0.33601534, -0.1391821, 0.36370036), (0.35130757, -0.09413258, 0.36370036), (0.30244726, -0.0810405, 0.4080613), (0.30244726, -0.0810405, 0.4080613), (0.35130757, -0.09413258, 0.36370036), (0.36058888, -0.047472425, 0.36370036), (0.31043768, -0.040869895, 0.4080613), (0.31043768, -0.040869895, 0.4080613), (0.36058888, -0.047472425, 0.36370036), (0.36370036, -8.90809e-17, 0.36370036), (0.31311643, -7.669141e-17, 0.4080613), (0.36370036, 0, 0.36370036), (0.4080613, 0, 0.31311643), (0.40457028, 0.05326269, 0.31311643), (0.36058888, 0.047472425, 0.36370036), (0.36058888, 0.047472425, 0.36370036), (0.40457028, 0.05326269, 0.31311643), (0.39415693, 0.10561404, 0.31311643), (0.35130757, 0.09413258, 0.36370036), (0.35130757, 0.09413258, 0.36370036), (0.39415693, 0.10561404, 0.31311643), (0.37699947, 0.1561583, 0.31311643), (0.33601534, 0.1391821, 0.36370036), (0.33601534, 0.1391821, 0.36370036), (0.37699947, 0.1561583, 0.31311643), (0.35339144, 0.20403065, 0.31311643), (0.31497377, 0.18185018, 0.36370036), (0.31497377, 0.18185018, 0.36370036), (0.35339144, 0.20403065, 0.31311643), (0.3237368, 0.24841197, 0.31311643), (0.2885429, 0.22140676, 0.36370036), (0.2885429, 0.22140676, 0.36370036), (0.3237368, 0.24841197, 0.31311643), (0.2885429, 0.2885429, 0.31311643), (0.257175, 0.257175, 0.36370036), (0.257175, 0.257175, 0.36370036), (0.2885429, 0.2885429, 0.31311643), (0.24841197, 0.3237368, 0.31311643), (0.22140676, 0.2885429, 0.36370036), (0.22140676, 0.2885429, 0.36370036), (0.24841197, 0.3237368, 0.31311643), (0.20403065, 0.35339144, 0.31311643), (0.18185018, 0.31497377, 0.36370036), (0.18185018, 0.31497377, 0.36370036), (0.20403065, 0.35339144, 0.31311643), (0.1561583, 0.37699947, 0.31311643), (0.1391821, 0.33601534, 0.36370036), (0.1391821, 0.33601534, 0.36370036), (0.1561583, 0.37699947, 0.31311643), (0.10561404, 0.39415693, 0.31311643), (0.09413258, 0.35130757, 0.36370036), (0.09413258, 0.35130757, 0.36370036), (0.10561404, 0.39415693, 0.31311643), (0.05326269, 0.40457028, 0.31311643), (0.047472425, 0.36058888, 0.36370036), (0.047472425, 0.36058888, 0.36370036), (0.05326269, 0.40457028, 0.31311643), (2.4986547e-17, 0.4080613, 0.31311643), (2.2270225e-17, 0.36370036, 0.36370036), (2.2270225e-17, 0.36370036, 0.36370036), (2.4986547e-17, 0.4080613, 0.31311643), (-0.05326269, 0.40457028, 0.31311643), (-0.047472425, 0.36058888, 0.36370036), (-0.047472425, 0.36058888, 0.36370036), (-0.05326269, 0.40457028, 0.31311643), (-0.10561404, 0.39415693, 0.31311643), (-0.09413258, 0.35130757, 0.36370036), (-0.09413258, 0.35130757, 0.36370036), (-0.10561404, 0.39415693, 0.31311643), (-0.1561583, 0.37699947, 0.31311643), (-0.1391821, 0.33601534, 0.36370036), (-0.1391821, 0.33601534, 0.36370036), (-0.1561583, 0.37699947, 0.31311643), (-0.20403065, 0.35339144, 0.31311643), (-0.18185018, 0.31497377, 0.36370036), (-0.18185018, 0.31497377, 0.36370036), (-0.20403065, 0.35339144, 0.31311643), (-0.24841197, 0.3237368, 0.31311643), (-0.22140676, 0.2885429, 0.36370036), (-0.22140676, 0.2885429, 0.36370036), (-0.24841197, 0.3237368, 0.31311643), (-0.2885429, 0.2885429, 0.31311643), (-0.257175, 0.257175, 0.36370036), (-0.257175, 0.257175, 0.36370036), (-0.2885429, 0.2885429, 0.31311643), (-0.3237368, 0.24841197, 0.31311643), (-0.2885429, 0.22140676, 0.36370036), (-0.2885429, 0.22140676, 0.36370036), (-0.3237368, 0.24841197, 0.31311643), (-0.35339144, 0.20403065, 0.31311643), (-0.31497377, 0.18185018, 0.36370036), (-0.31497377, 0.18185018, 0.36370036), (-0.35339144, 0.20403065, 0.31311643), (-0.37699947, 0.1561583, 0.31311643), (-0.33601534, 0.1391821, 0.36370036), (-0.33601534, 0.1391821, 0.36370036), (-0.37699947, 0.1561583, 0.31311643), (-0.39415693, 0.10561404, 0.31311643), (-0.35130757, 0.09413258, 0.36370036), (-0.35130757, 0.09413258, 0.36370036), (-0.39415693, 0.10561404, 0.31311643), (-0.40457028, 0.05326269, 0.31311643), (-0.36058888, 0.047472425, 0.36370036), (-0.36058888, 0.047472425, 0.36370036), (-0.40457028, 0.05326269, 0.31311643), (-0.4080613, 4.9973094e-17, 0.31311643), (-0.36370036, 4.454045e-17, 0.36370036), (-0.36370036, 4.454045e-17, 0.36370036), (-0.4080613, 4.9973094e-17, 0.31311643), (-0.40457028, -0.05326269, 0.31311643), (-0.36058888, -0.047472425, 0.36370036), (-0.36058888, -0.047472425, 0.36370036), (-0.40457028, -0.05326269, 0.31311643), (-0.39415693, -0.10561404, 0.31311643), (-0.35130757, -0.09413258, 0.36370036), (-0.35130757, -0.09413258, 0.36370036), (-0.39415693, -0.10561404, 0.31311643), (-0.37699947, -0.1561583, 0.31311643), (-0.33601534, -0.1391821, 0.36370036), (-0.33601534, -0.1391821, 0.36370036), (-0.37699947, -0.1561583, 0.31311643), (-0.35339144, -0.20403065, 0.31311643), (-0.31497377, -0.18185018, 0.36370036), (-0.31497377, -0.18185018, 0.36370036), (-0.35339144, -0.20403065, 0.31311643), (-0.3237368, -0.24841197, 0.31311643), (-0.2885429, -0.22140676, 0.36370036), (-0.2885429, -0.22140676, 0.36370036), (-0.3237368, -0.24841197, 0.31311643), (-0.2885429, -0.2885429, 0.31311643), (-0.257175, -0.257175, 0.36370036), (-0.257175, -0.257175, 0.36370036), (-0.2885429, -0.2885429, 0.31311643), (-0.24841197, -0.3237368, 0.31311643), (-0.22140676, -0.2885429, 0.36370036), (-0.22140676, -0.2885429, 0.36370036), (-0.24841197, -0.3237368, 0.31311643), (-0.20403065, -0.35339144, 0.31311643), (-0.18185018, -0.31497377, 0.36370036), (-0.18185018, -0.31497377, 0.36370036), (-0.20403065, -0.35339144, 0.31311643), (-0.1561583, -0.37699947, 0.31311643), (-0.1391821, -0.33601534, 0.36370036), (-0.1391821, -0.33601534, 0.36370036), (-0.1561583, -0.37699947, 0.31311643), (-0.10561404, -0.39415693, 0.31311643), (-0.09413258, -0.35130757, 0.36370036), (-0.09413258, -0.35130757, 0.36370036), (-0.10561404, -0.39415693, 0.31311643), (-0.05326269, -0.40457028, 0.31311643), (-0.047472425, -0.36058888, 0.36370036), (-0.047472425, -0.36058888, 0.36370036), (-0.05326269, -0.40457028, 0.31311643), (-7.495964e-17, -0.4080613, 0.31311643), (-6.6810677e-17, -0.36370036, 0.36370036), (-6.6810677e-17, -0.36370036, 0.36370036), (-7.495964e-17, -0.4080613, 0.31311643), (0.05326269, -0.40457028, 0.31311643), (0.047472425, -0.36058888, 0.36370036), (0.047472425, -0.36058888, 0.36370036), (0.05326269, -0.40457028, 0.31311643), (0.10561404, -0.39415693, 0.31311643), (0.09413258, -0.35130757, 0.36370036), (0.09413258, -0.35130757, 0.36370036), (0.10561404, -0.39415693, 0.31311643), (0.1561583, -0.37699947, 0.31311643), (0.1391821, -0.33601534, 0.36370036), (0.1391821, -0.33601534, 0.36370036), (0.1561583, -0.37699947, 0.31311643), (0.20403065, -0.35339144, 0.31311643), (0.18185018, -0.31497377, 0.36370036), (0.18185018, -0.31497377, 0.36370036), (0.20403065, -0.35339144, 0.31311643), (0.24841197, -0.3237368, 0.31311643), (0.22140676, -0.2885429, 0.36370036), (0.22140676, -0.2885429, 0.36370036), (0.24841197, -0.3237368, 0.31311643), (0.2885429, -0.2885429, 0.31311643), (0.257175, -0.257175, 0.36370036), (0.257175, -0.257175, 0.36370036), (0.2885429, -0.2885429, 0.31311643), (0.3237368, -0.24841197, 0.31311643), (0.2885429, -0.22140676, 0.36370036), (0.2885429, -0.22140676, 0.36370036), (0.3237368, -0.24841197, 0.31311643), (0.35339144, -0.20403065, 0.31311643), (0.31497377, -0.18185018, 0.36370036), (0.31497377, -0.18185018, 0.36370036), (0.35339144, -0.20403065, 0.31311643), (0.37699947, -0.1561583, 0.31311643), (0.33601534, -0.1391821, 0.36370036), (0.33601534, -0.1391821, 0.36370036), (0.37699947, -0.1561583, 0.31311643), (0.39415693, -0.10561404, 0.31311643), (0.35130757, -0.09413258, 0.36370036), (0.35130757, -0.09413258, 0.36370036), (0.39415693, -0.10561404, 0.31311643), (0.40457028, -0.05326269, 0.31311643), (0.36058888, -0.047472425, 0.36370036), (0.36058888, -0.047472425, 0.36370036), (0.40457028, -0.05326269, 0.31311643), (0.4080613, -9.994619e-17, 0.31311643), (0.36370036, -8.90809e-17, 0.36370036), (0.4080613, 0, 0.31311643), (0.44544017, 0, 0.257175), (0.44162935, 0.058141608, 0.257175), (0.40457028, 0.05326269, 0.31311643), (0.40457028, 0.05326269, 0.31311643), (0.44162935, 0.058141608, 0.257175), (0.43026215, 0.1152884, 0.257175), (0.39415693, 0.10561404, 0.31311643), (0.39415693, 0.10561404, 0.31311643), (0.43026215, 0.1152884, 0.257175), (0.41153306, 0.17046258, 0.257175), (0.37699947, 0.1561583, 0.31311643), (0.37699947, 0.1561583, 0.31311643), (0.41153306, 0.17046258, 0.257175), (0.3857625, 0.22272009, 0.257175), (0.35339144, 0.20403065, 0.31311643), (0.35339144, 0.20403065, 0.31311643), (0.3857625, 0.22272009, 0.257175), (0.35339144, 0.2711668, 0.257175), (0.3237368, 0.24841197, 0.31311643), (0.3237368, 0.24841197, 0.31311643), (0.35339144, 0.2711668, 0.257175), (0.31497377, 0.31497377, 0.257175), (0.2885429, 0.2885429, 0.31311643), (0.2885429, 0.2885429, 0.31311643), (0.31497377, 0.31497377, 0.257175), (0.2711668, 0.35339144, 0.257175), (0.24841197, 0.3237368, 0.31311643), (0.24841197, 0.3237368, 0.31311643), (0.2711668, 0.35339144, 0.257175), (0.22272009, 0.3857625, 0.257175), (0.20403065, 0.35339144, 0.31311643), (0.20403065, 0.35339144, 0.31311643), (0.22272009, 0.3857625, 0.257175), (0.17046258, 0.41153306, 0.257175), (0.1561583, 0.37699947, 0.31311643), (0.1561583, 0.37699947, 0.31311643), (0.17046258, 0.41153306, 0.257175), (0.1152884, 0.43026215, 0.257175), (0.10561404, 0.39415693, 0.31311643), (0.10561404, 0.39415693, 0.31311643), (0.1152884, 0.43026215, 0.257175), (0.058141608, 0.44162935, 0.257175), (0.05326269, 0.40457028, 0.31311643), (0.05326269, 0.40457028, 0.31311643), (0.058141608, 0.44162935, 0.257175), (2.7275344e-17, 0.44544017, 0.257175), (2.4986547e-17, 0.4080613, 0.31311643), (2.4986547e-17, 0.4080613, 0.31311643), (2.7275344e-17, 0.44544017, 0.257175), (-0.058141608, 0.44162935, 0.257175), (-0.05326269, 0.40457028, 0.31311643), (-0.05326269, 0.40457028, 0.31311643), (-0.058141608, 0.44162935, 0.257175), (-0.1152884, 0.43026215, 0.257175), (-0.10561404, 0.39415693, 0.31311643), (-0.10561404, 0.39415693, 0.31311643), (-0.1152884, 0.43026215, 0.257175), (-0.17046258, 0.41153306, 0.257175), (-0.1561583, 0.37699947, 0.31311643), (-0.1561583, 0.37699947, 0.31311643), (-0.17046258, 0.41153306, 0.257175), (-0.22272009, 0.3857625, 0.257175), (-0.20403065, 0.35339144, 0.31311643), (-0.20403065, 0.35339144, 0.31311643), (-0.22272009, 0.3857625, 0.257175), (-0.2711668, 0.35339144, 0.257175), (-0.24841197, 0.3237368, 0.31311643), (-0.24841197, 0.3237368, 0.31311643), (-0.2711668, 0.35339144, 0.257175), (-0.31497377, 0.31497377, 0.257175), (-0.2885429, 0.2885429, 0.31311643), (-0.2885429, 0.2885429, 0.31311643), (-0.31497377, 0.31497377, 0.257175), (-0.35339144, 0.2711668, 0.257175), (-0.3237368, 0.24841197, 0.31311643), (-0.3237368, 0.24841197, 0.31311643), (-0.35339144, 0.2711668, 0.257175), (-0.3857625, 0.22272009, 0.257175), (-0.35339144, 0.20403065, 0.31311643), (-0.35339144, 0.20403065, 0.31311643), (-0.3857625, 0.22272009, 0.257175), (-0.41153306, 0.17046258, 0.257175), (-0.37699947, 0.1561583, 0.31311643), (-0.37699947, 0.1561583, 0.31311643), (-0.41153306, 0.17046258, 0.257175), (-0.43026215, 0.1152884, 0.257175), (-0.39415693, 0.10561404, 0.31311643), (-0.39415693, 0.10561404, 0.31311643), (-0.43026215, 0.1152884, 0.257175), (-0.44162935, 0.058141608, 0.257175), (-0.40457028, 0.05326269, 0.31311643), (-0.40457028, 0.05326269, 0.31311643), (-0.44162935, 0.058141608, 0.257175), (-0.44544017, 5.455069e-17, 0.257175), (-0.4080613, 4.9973094e-17, 0.31311643), (-0.4080613, 4.9973094e-17, 0.31311643), (-0.44544017, 5.455069e-17, 0.257175), (-0.44162935, -0.058141608, 0.257175), (-0.40457028, -0.05326269, 0.31311643), (-0.40457028, -0.05326269, 0.31311643), (-0.44162935, -0.058141608, 0.257175), (-0.43026215, -0.1152884, 0.257175), (-0.39415693, -0.10561404, 0.31311643), (-0.39415693, -0.10561404, 0.31311643), (-0.43026215, -0.1152884, 0.257175), (-0.41153306, -0.17046258, 0.257175), (-0.37699947, -0.1561583, 0.31311643), (-0.37699947, -0.1561583, 0.31311643), (-0.41153306, -0.17046258, 0.257175), (-0.3857625, -0.22272009, 0.257175), (-0.35339144, -0.20403065, 0.31311643), (-0.35339144, -0.20403065, 0.31311643), (-0.3857625, -0.22272009, 0.257175), (-0.35339144, -0.2711668, 0.257175), (-0.3237368, -0.24841197, 0.31311643), (-0.3237368, -0.24841197, 0.31311643), (-0.35339144, -0.2711668, 0.257175), (-0.31497377, -0.31497377, 0.257175), (-0.2885429, -0.2885429, 0.31311643), (-0.2885429, -0.2885429, 0.31311643), (-0.31497377, -0.31497377, 0.257175), (-0.2711668, -0.35339144, 0.257175), (-0.24841197, -0.3237368, 0.31311643), (-0.24841197, -0.3237368, 0.31311643), (-0.2711668, -0.35339144, 0.257175), (-0.22272009, -0.3857625, 0.257175), (-0.20403065, -0.35339144, 0.31311643), (-0.20403065, -0.35339144, 0.31311643), (-0.22272009, -0.3857625, 0.257175), (-0.17046258, -0.41153306, 0.257175), (-0.1561583, -0.37699947, 0.31311643), (-0.1561583, -0.37699947, 0.31311643), (-0.17046258, -0.41153306, 0.257175), (-0.1152884, -0.43026215, 0.257175), (-0.10561404, -0.39415693, 0.31311643), (-0.10561404, -0.39415693, 0.31311643), (-0.1152884, -0.43026215, 0.257175), (-0.058141608, -0.44162935, 0.257175), (-0.05326269, -0.40457028, 0.31311643), (-0.05326269, -0.40457028, 0.31311643), (-0.058141608, -0.44162935, 0.257175), (-8.182603e-17, -0.44544017, 0.257175), (-7.495964e-17, -0.4080613, 0.31311643), (-7.495964e-17, -0.4080613, 0.31311643), (-8.182603e-17, -0.44544017, 0.257175), (0.058141608, -0.44162935, 0.257175), (0.05326269, -0.40457028, 0.31311643), (0.05326269, -0.40457028, 0.31311643), (0.058141608, -0.44162935, 0.257175), (0.1152884, -0.43026215, 0.257175), (0.10561404, -0.39415693, 0.31311643), (0.10561404, -0.39415693, 0.31311643), (0.1152884, -0.43026215, 0.257175), (0.17046258, -0.41153306, 0.257175), (0.1561583, -0.37699947, 0.31311643), (0.1561583, -0.37699947, 0.31311643), (0.17046258, -0.41153306, 0.257175), (0.22272009, -0.3857625, 0.257175), (0.20403065, -0.35339144, 0.31311643), (0.20403065, -0.35339144, 0.31311643), (0.22272009, -0.3857625, 0.257175), (0.2711668, -0.35339144, 0.257175), (0.24841197, -0.3237368, 0.31311643), (0.24841197, -0.3237368, 0.31311643), (0.2711668, -0.35339144, 0.257175), (0.31497377, -0.31497377, 0.257175), (0.2885429, -0.2885429, 0.31311643), (0.2885429, -0.2885429, 0.31311643), (0.31497377, -0.31497377, 0.257175), (0.35339144, -0.2711668, 0.257175), (0.3237368, -0.24841197, 0.31311643), (0.3237368, -0.24841197, 0.31311643), (0.35339144, -0.2711668, 0.257175), (0.3857625, -0.22272009, 0.257175), (0.35339144, -0.20403065, 0.31311643), (0.35339144, -0.20403065, 0.31311643), (0.3857625, -0.22272009, 0.257175), (0.41153306, -0.17046258, 0.257175), (0.37699947, -0.1561583, 0.31311643), (0.37699947, -0.1561583, 0.31311643), (0.41153306, -0.17046258, 0.257175), (0.43026215, -0.1152884, 0.257175), (0.39415693, -0.10561404, 0.31311643), (0.39415693, -0.10561404, 0.31311643), (0.43026215, -0.1152884, 0.257175), (0.44162935, -0.058141608, 0.257175), (0.40457028, -0.05326269, 0.31311643), (0.40457028, -0.05326269, 0.31311643), (0.44162935, -0.058141608, 0.257175), (0.44544017, -1.0910138e-16, 0.257175), (0.4080613, -9.994619e-17, 0.31311643), (0.44544017, 0, 0.257175), (0.47519743, 0, 0.19683322), (0.47113207, 0.06202571, 0.19683322), (0.44162935, 0.058141608, 0.257175), (0.44162935, 0.058141608, 0.257175), (0.47113207, 0.06202571, 0.19683322), (0.45900548, 0.12299015, 0.19683322), (0.43026215, 0.1152884, 0.257175), (0.43026215, 0.1152884, 0.257175), (0.45900548, 0.12299015, 0.19683322), (0.4390252, 0.18185018, 0.19683322), (0.41153306, 0.17046258, 0.257175), (0.41153306, 0.17046258, 0.257175), (0.4390252, 0.18185018, 0.19683322), (0.41153306, 0.23759872, 0.19683322), (0.3857625, 0.22272009, 0.257175), (0.3857625, 0.22272009, 0.257175), (0.41153306, 0.23759872, 0.19683322), (0.37699947, 0.28928187, 0.19683322), (0.35339144, 0.2711668, 0.257175), (0.35339144, 0.2711668, 0.257175), (0.37699947, 0.28928187, 0.19683322), (0.33601534, 0.33601534, 0.19683322), (0.31497377, 0.31497377, 0.257175), (0.31497377, 0.31497377, 0.257175), (0.33601534, 0.33601534, 0.19683322), (0.28928187, 0.37699947, 0.19683322), (0.2711668, 0.35339144, 0.257175), (0.2711668, 0.35339144, 0.257175), (0.28928187, 0.37699947, 0.19683322), (0.23759872, 0.41153306, 0.19683322), (0.22272009, 0.3857625, 0.257175), (0.22272009, 0.3857625, 0.257175), (0.23759872, 0.41153306, 0.19683322), (0.18185018, 0.4390252, 0.19683322), (0.17046258, 0.41153306, 0.257175), (0.17046258, 0.41153306, 0.257175), (0.18185018, 0.4390252, 0.19683322), (0.12299015, 0.45900548, 0.19683322), (0.1152884, 0.43026215, 0.257175), (0.1152884, 0.43026215, 0.257175), (0.12299015, 0.45900548, 0.19683322), (0.06202571, 0.47113207, 0.19683322), (0.058141608, 0.44162935, 0.257175), (0.058141608, 0.44162935, 0.257175), (0.06202571, 0.47113207, 0.19683322), (2.909745e-17, 0.47519743, 0.19683322), (2.7275344e-17, 0.44544017, 0.257175), (2.7275344e-17, 0.44544017, 0.257175), (2.909745e-17, 0.47519743, 0.19683322), (-0.06202571, 0.47113207, 0.19683322), (-0.058141608, 0.44162935, 0.257175), (-0.058141608, 0.44162935, 0.257175), (-0.06202571, 0.47113207, 0.19683322), (-0.12299015, 0.45900548, 0.19683322), (-0.1152884, 0.43026215, 0.257175), (-0.1152884, 0.43026215, 0.257175), (-0.12299015, 0.45900548, 0.19683322), (-0.18185018, 0.4390252, 0.19683322), (-0.17046258, 0.41153306, 0.257175), (-0.17046258, 0.41153306, 0.257175), (-0.18185018, 0.4390252, 0.19683322), (-0.23759872, 0.41153306, 0.19683322), (-0.22272009, 0.3857625, 0.257175), (-0.22272009, 0.3857625, 0.257175), (-0.23759872, 0.41153306, 0.19683322), (-0.28928187, 0.37699947, 0.19683322), (-0.2711668, 0.35339144, 0.257175), (-0.2711668, 0.35339144, 0.257175), (-0.28928187, 0.37699947, 0.19683322), (-0.33601534, 0.33601534, 0.19683322), (-0.31497377, 0.31497377, 0.257175), (-0.31497377, 0.31497377, 0.257175), (-0.33601534, 0.33601534, 0.19683322), (-0.37699947, 0.28928187, 0.19683322), (-0.35339144, 0.2711668, 0.257175), (-0.35339144, 0.2711668, 0.257175), (-0.37699947, 0.28928187, 0.19683322), (-0.41153306, 0.23759872, 0.19683322), (-0.3857625, 0.22272009, 0.257175), (-0.3857625, 0.22272009, 0.257175), (-0.41153306, 0.23759872, 0.19683322), (-0.4390252, 0.18185018, 0.19683322), (-0.41153306, 0.17046258, 0.257175), (-0.41153306, 0.17046258, 0.257175), (-0.4390252, 0.18185018, 0.19683322), (-0.45900548, 0.12299015, 0.19683322), (-0.43026215, 0.1152884, 0.257175), (-0.43026215, 0.1152884, 0.257175), (-0.45900548, 0.12299015, 0.19683322), (-0.47113207, 0.06202571, 0.19683322), (-0.44162935, 0.058141608, 0.257175), (-0.44162935, 0.058141608, 0.257175), (-0.47113207, 0.06202571, 0.19683322), (-0.47519743, 5.81949e-17, 0.19683322), (-0.44544017, 5.455069e-17, 0.257175), (-0.44544017, 5.455069e-17, 0.257175), (-0.47519743, 5.81949e-17, 0.19683322), (-0.47113207, -0.06202571, 0.19683322), (-0.44162935, -0.058141608, 0.257175), (-0.44162935, -0.058141608, 0.257175), (-0.47113207, -0.06202571, 0.19683322), (-0.45900548, -0.12299015, 0.19683322), (-0.43026215, -0.1152884, 0.257175), (-0.43026215, -0.1152884, 0.257175), (-0.45900548, -0.12299015, 0.19683322), (-0.4390252, -0.18185018, 0.19683322), (-0.41153306, -0.17046258, 0.257175), (-0.41153306, -0.17046258, 0.257175), (-0.4390252, -0.18185018, 0.19683322), (-0.41153306, -0.23759872, 0.19683322), (-0.3857625, -0.22272009, 0.257175), (-0.3857625, -0.22272009, 0.257175), (-0.41153306, -0.23759872, 0.19683322), (-0.37699947, -0.28928187, 0.19683322), (-0.35339144, -0.2711668, 0.257175), (-0.35339144, -0.2711668, 0.257175), (-0.37699947, -0.28928187, 0.19683322), (-0.33601534, -0.33601534, 0.19683322), (-0.31497377, -0.31497377, 0.257175), (-0.31497377, -0.31497377, 0.257175), (-0.33601534, -0.33601534, 0.19683322), (-0.28928187, -0.37699947, 0.19683322), (-0.2711668, -0.35339144, 0.257175), (-0.2711668, -0.35339144, 0.257175), (-0.28928187, -0.37699947, 0.19683322), (-0.23759872, -0.41153306, 0.19683322), (-0.22272009, -0.3857625, 0.257175), (-0.22272009, -0.3857625, 0.257175), (-0.23759872, -0.41153306, 0.19683322), (-0.18185018, -0.4390252, 0.19683322), (-0.17046258, -0.41153306, 0.257175), (-0.17046258, -0.41153306, 0.257175), (-0.18185018, -0.4390252, 0.19683322), (-0.12299015, -0.45900548, 0.19683322), (-0.1152884, -0.43026215, 0.257175), (-0.1152884, -0.43026215, 0.257175), (-0.12299015, -0.45900548, 0.19683322), (-0.06202571, -0.47113207, 0.19683322), (-0.058141608, -0.44162935, 0.257175), (-0.058141608, -0.44162935, 0.257175), (-0.06202571, -0.47113207, 0.19683322), (-8.729235e-17, -0.47519743, 0.19683322), (-8.182603e-17, -0.44544017, 0.257175), (-8.182603e-17, -0.44544017, 0.257175), (-8.729235e-17, -0.47519743, 0.19683322), (0.06202571, -0.47113207, 0.19683322), (0.058141608, -0.44162935, 0.257175), (0.058141608, -0.44162935, 0.257175), (0.06202571, -0.47113207, 0.19683322), (0.12299015, -0.45900548, 0.19683322), (0.1152884, -0.43026215, 0.257175), (0.1152884, -0.43026215, 0.257175), (0.12299015, -0.45900548, 0.19683322), (0.18185018, -0.4390252, 0.19683322), (0.17046258, -0.41153306, 0.257175), (0.17046258, -0.41153306, 0.257175), (0.18185018, -0.4390252, 0.19683322), (0.23759872, -0.41153306, 0.19683322), (0.22272009, -0.3857625, 0.257175), (0.22272009, -0.3857625, 0.257175), (0.23759872, -0.41153306, 0.19683322), (0.28928187, -0.37699947, 0.19683322), (0.2711668, -0.35339144, 0.257175), (0.2711668, -0.35339144, 0.257175), (0.28928187, -0.37699947, 0.19683322), (0.33601534, -0.33601534, 0.19683322), (0.31497377, -0.31497377, 0.257175), (0.31497377, -0.31497377, 0.257175), (0.33601534, -0.33601534, 0.19683322), (0.37699947, -0.28928187, 0.19683322), (0.35339144, -0.2711668, 0.257175), (0.35339144, -0.2711668, 0.257175), (0.37699947, -0.28928187, 0.19683322), (0.41153306, -0.23759872, 0.19683322), (0.3857625, -0.22272009, 0.257175), (0.3857625, -0.22272009, 0.257175), (0.41153306, -0.23759872, 0.19683322), (0.4390252, -0.18185018, 0.19683322), (0.41153306, -0.17046258, 0.257175), (0.41153306, -0.17046258, 0.257175), (0.4390252, -0.18185018, 0.19683322), (0.45900548, -0.12299015, 0.19683322), (0.43026215, -0.1152884, 0.257175), (0.43026215, -0.1152884, 0.257175), (0.45900548, -0.12299015, 0.19683322), (0.47113207, -0.06202571, 0.19683322), (0.44162935, -0.058141608, 0.257175), (0.44162935, -0.058141608, 0.257175), (0.47113207, -0.06202571, 0.19683322), (0.47519743, -1.163898e-16, 0.19683322), (0.44544017, -1.0910138e-16, 0.257175), (0.47519743, 0, 0.19683322), (0.49682394, 0, 0.13312358), (0.49257356, 0.064848535, 0.13312358), (0.47113207, 0.06202571, 0.19683322), (0.47113207, 0.06202571, 0.19683322), (0.49257356, 0.064848535, 0.13312358), (0.47989509, 0.1285875, 0.13312358), (0.45900548, 0.12299015, 0.19683322), (0.45900548, 0.12299015, 0.19683322), (0.47989509, 0.1285875, 0.13312358), (0.45900548, 0.1901263, 0.13312358), (0.4390252, 0.18185018, 0.19683322), (0.4390252, 0.18185018, 0.19683322), (0.45900548, 0.1901263, 0.13312358), (0.43026215, 0.24841197, 0.13312358), (0.41153306, 0.23759872, 0.19683322), (0.41153306, 0.23759872, 0.19683322), (0.43026215, 0.24841197, 0.13312358), (0.39415693, 0.30244726, 0.13312358), (0.37699947, 0.28928187, 0.19683322), (0.37699947, 0.28928187, 0.19683322), (0.39415693, 0.30244726, 0.13312358), (0.35130757, 0.35130757, 0.13312358), (0.33601534, 0.33601534, 0.19683322), (0.33601534, 0.33601534, 0.19683322), (0.35130757, 0.35130757, 0.13312358), (0.30244726, 0.39415693, 0.13312358), (0.28928187, 0.37699947, 0.19683322), (0.28928187, 0.37699947, 0.19683322), (0.30244726, 0.39415693, 0.13312358), (0.24841197, 0.43026215, 0.13312358), (0.23759872, 0.41153306, 0.19683322), (0.23759872, 0.41153306, 0.19683322), (0.24841197, 0.43026215, 0.13312358), (0.1901263, 0.45900548, 0.13312358), (0.18185018, 0.4390252, 0.19683322), (0.18185018, 0.4390252, 0.19683322), (0.1901263, 0.45900548, 0.13312358), (0.1285875, 0.47989509, 0.13312358), (0.12299015, 0.45900548, 0.19683322), (0.12299015, 0.45900548, 0.19683322), (0.1285875, 0.47989509, 0.13312358), (0.064848535, 0.49257356, 0.13312358), (0.06202571, 0.47113207, 0.19683322), (0.06202571, 0.47113207, 0.19683322), (0.064848535, 0.49257356, 0.13312358), (3.0421695e-17, 0.49682394, 0.13312358), (2.909745e-17, 0.47519743, 0.19683322), (2.909745e-17, 0.47519743, 0.19683322), (3.0421695e-17, 0.49682394, 0.13312358), (-0.064848535, 0.49257356, 0.13312358), (-0.06202571, 0.47113207, 0.19683322), (-0.06202571, 0.47113207, 0.19683322), (-0.064848535, 0.49257356, 0.13312358), (-0.1285875, 0.47989509, 0.13312358), (-0.12299015, 0.45900548, 0.19683322), (-0.12299015, 0.45900548, 0.19683322), (-0.1285875, 0.47989509, 0.13312358), (-0.1901263, 0.45900548, 0.13312358), (-0.18185018, 0.4390252, 0.19683322), (-0.18185018, 0.4390252, 0.19683322), (-0.1901263, 0.45900548, 0.13312358), (-0.24841197, 0.43026215, 0.13312358), (-0.23759872, 0.41153306, 0.19683322), (-0.23759872, 0.41153306, 0.19683322), (-0.24841197, 0.43026215, 0.13312358), (-0.30244726, 0.39415693, 0.13312358), (-0.28928187, 0.37699947, 0.19683322), (-0.28928187, 0.37699947, 0.19683322), (-0.30244726, 0.39415693, 0.13312358), (-0.35130757, 0.35130757, 0.13312358), (-0.33601534, 0.33601534, 0.19683322), (-0.33601534, 0.33601534, 0.19683322), (-0.35130757, 0.35130757, 0.13312358), (-0.39415693, 0.30244726, 0.13312358), (-0.37699947, 0.28928187, 0.19683322), (-0.37699947, 0.28928187, 0.19683322), (-0.39415693, 0.30244726, 0.13312358), (-0.43026215, 0.24841197, 0.13312358), (-0.41153306, 0.23759872, 0.19683322), (-0.41153306, 0.23759872, 0.19683322), (-0.43026215, 0.24841197, 0.13312358), (-0.45900548, 0.1901263, 0.13312358), (-0.4390252, 0.18185018, 0.19683322), (-0.4390252, 0.18185018, 0.19683322), (-0.45900548, 0.1901263, 0.13312358), (-0.47989509, 0.1285875, 0.13312358), (-0.45900548, 0.12299015, 0.19683322), (-0.45900548, 0.12299015, 0.19683322), (-0.47989509, 0.1285875, 0.13312358), (-0.49257356, 0.064848535, 0.13312358), (-0.47113207, 0.06202571, 0.19683322), (-0.47113207, 0.06202571, 0.19683322), (-0.49257356, 0.064848535, 0.13312358), (-0.49682394, 6.084339e-17, 0.13312358), (-0.47519743, 5.81949e-17, 0.19683322), (-0.47519743, 5.81949e-17, 0.19683322), (-0.49682394, 6.084339e-17, 0.13312358), (-0.49257356, -0.064848535, 0.13312358), (-0.47113207, -0.06202571, 0.19683322), (-0.47113207, -0.06202571, 0.19683322), (-0.49257356, -0.064848535, 0.13312358), (-0.47989509, -0.1285875, 0.13312358), (-0.45900548, -0.12299015, 0.19683322), (-0.45900548, -0.12299015, 0.19683322), (-0.47989509, -0.1285875, 0.13312358), (-0.45900548, -0.1901263, 0.13312358), (-0.4390252, -0.18185018, 0.19683322), (-0.4390252, -0.18185018, 0.19683322), (-0.45900548, -0.1901263, 0.13312358), (-0.43026215, -0.24841197, 0.13312358), (-0.41153306, -0.23759872, 0.19683322), (-0.41153306, -0.23759872, 0.19683322), (-0.43026215, -0.24841197, 0.13312358), (-0.39415693, -0.30244726, 0.13312358), (-0.37699947, -0.28928187, 0.19683322), (-0.37699947, -0.28928187, 0.19683322), (-0.39415693, -0.30244726, 0.13312358), (-0.35130757, -0.35130757, 0.13312358), (-0.33601534, -0.33601534, 0.19683322), (-0.33601534, -0.33601534, 0.19683322), (-0.35130757, -0.35130757, 0.13312358), (-0.30244726, -0.39415693, 0.13312358), (-0.28928187, -0.37699947, 0.19683322), (-0.28928187, -0.37699947, 0.19683322), (-0.30244726, -0.39415693, 0.13312358), (-0.24841197, -0.43026215, 0.13312358), (-0.23759872, -0.41153306, 0.19683322), (-0.23759872, -0.41153306, 0.19683322), (-0.24841197, -0.43026215, 0.13312358), (-0.1901263, -0.45900548, 0.13312358), (-0.18185018, -0.4390252, 0.19683322), (-0.18185018, -0.4390252, 0.19683322), (-0.1901263, -0.45900548, 0.13312358), (-0.1285875, -0.47989509, 0.13312358), (-0.12299015, -0.45900548, 0.19683322), (-0.12299015, -0.45900548, 0.19683322), (-0.1285875, -0.47989509, 0.13312358), (-0.064848535, -0.49257356, 0.13312358), (-0.06202571, -0.47113207, 0.19683322), (-0.06202571, -0.47113207, 0.19683322), (-0.064848535, -0.49257356, 0.13312358), (-9.126508e-17, -0.49682394, 0.13312358), (-8.729235e-17, -0.47519743, 0.19683322), (-8.729235e-17, -0.47519743, 0.19683322), (-9.126508e-17, -0.49682394, 0.13312358), (0.064848535, -0.49257356, 0.13312358), (0.06202571, -0.47113207, 0.19683322), (0.06202571, -0.47113207, 0.19683322), (0.064848535, -0.49257356, 0.13312358), (0.1285875, -0.47989509, 0.13312358), (0.12299015, -0.45900548, 0.19683322), (0.12299015, -0.45900548, 0.19683322), (0.1285875, -0.47989509, 0.13312358), (0.1901263, -0.45900548, 0.13312358), (0.18185018, -0.4390252, 0.19683322), (0.18185018, -0.4390252, 0.19683322), (0.1901263, -0.45900548, 0.13312358), (0.24841197, -0.43026215, 0.13312358), (0.23759872, -0.41153306, 0.19683322), (0.23759872, -0.41153306, 0.19683322), (0.24841197, -0.43026215, 0.13312358), (0.30244726, -0.39415693, 0.13312358), (0.28928187, -0.37699947, 0.19683322), (0.28928187, -0.37699947, 0.19683322), (0.30244726, -0.39415693, 0.13312358), (0.35130757, -0.35130757, 0.13312358), (0.33601534, -0.33601534, 0.19683322), (0.33601534, -0.33601534, 0.19683322), (0.35130757, -0.35130757, 0.13312358), (0.39415693, -0.30244726, 0.13312358), (0.37699947, -0.28928187, 0.19683322), (0.37699947, -0.28928187, 0.19683322), (0.39415693, -0.30244726, 0.13312358), (0.43026215, -0.24841197, 0.13312358), (0.41153306, -0.23759872, 0.19683322), (0.41153306, -0.23759872, 0.19683322), (0.43026215, -0.24841197, 0.13312358), (0.45900548, -0.1901263, 0.13312358), (0.4390252, -0.18185018, 0.19683322), (0.4390252, -0.18185018, 0.19683322), (0.45900548, -0.1901263, 0.13312358), (0.47989509, -0.1285875, 0.13312358), (0.45900548, -0.12299015, 0.19683322), (0.45900548, -0.12299015, 0.19683322), (0.47989509, -0.1285875, 0.13312358), (0.49257356, -0.064848535, 0.13312358), (0.47113207, -0.06202571, 0.19683322), (0.47113207, -0.06202571, 0.19683322), (0.49257356, -0.064848535, 0.13312358), (0.49682394, -1.2168678e-16, 0.13312358), (0.47519743, -1.163898e-16, 0.19683322), (0.49682394, 0, 0.13312358), (0.5099497, 0, 0.067136146), (0.505587, 0.06656179, 0.067136146), (0.49257356, 0.064848535, 0.13312358), (0.49257356, 0.064848535, 0.13312358), (0.505587, 0.06656179, 0.067136146), (0.49257356, 0.13198468, 0.067136146), (0.47989509, 0.1285875, 0.13312358), (0.47989509, 0.1285875, 0.13312358), (0.49257356, 0.13198468, 0.067136146), (0.47113207, 0.19514929, 0.067136146), (0.45900548, 0.1901263, 0.13312358), (0.45900548, 0.1901263, 0.13312358), (0.47113207, 0.19514929, 0.067136146), (0.44162935, 0.25497484, 0.067136146), (0.43026215, 0.24841197, 0.13312358), (0.43026215, 0.24841197, 0.13312358), (0.44162935, 0.25497484, 0.067136146), (0.40457028, 0.31043768, 0.067136146), (0.39415693, 0.30244726, 0.13312358), (0.39415693, 0.30244726, 0.13312358), (0.40457028, 0.31043768, 0.067136146), (0.36058888, 0.36058888, 0.067136146), (0.35130757, 0.35130757, 0.13312358), (0.35130757, 0.35130757, 0.13312358), (0.36058888, 0.36058888, 0.067136146), (0.31043768, 0.40457028, 0.067136146), (0.30244726, 0.39415693, 0.13312358), (0.30244726, 0.39415693, 0.13312358), (0.31043768, 0.40457028, 0.067136146), (0.25497484, 0.44162935, 0.067136146), (0.24841197, 0.43026215, 0.13312358), (0.24841197, 0.43026215, 0.13312358), (0.25497484, 0.44162935, 0.067136146), (0.19514929, 0.47113207, 0.067136146), (0.1901263, 0.45900548, 0.13312358), (0.1901263, 0.45900548, 0.13312358), (0.19514929, 0.47113207, 0.067136146), (0.13198468, 0.49257356, 0.067136146), (0.1285875, 0.47989509, 0.13312358), (0.1285875, 0.47989509, 0.13312358), (0.13198468, 0.49257356, 0.067136146), (0.06656179, 0.505587, 0.067136146), (0.064848535, 0.49257356, 0.13312358), (0.064848535, 0.49257356, 0.13312358), (0.06656179, 0.505587, 0.067136146), (3.122541e-17, 0.5099497, 0.067136146), (3.0421695e-17, 0.49682394, 0.13312358), (3.0421695e-17, 0.49682394, 0.13312358), (3.122541e-17, 0.5099497, 0.067136146), (-0.06656179, 0.505587, 0.067136146), (-0.064848535, 0.49257356, 0.13312358), (-0.064848535, 0.49257356, 0.13312358), (-0.06656179, 0.505587, 0.067136146), (-0.13198468, 0.49257356, 0.067136146), (-0.1285875, 0.47989509, 0.13312358), (-0.1285875, 0.47989509, 0.13312358), (-0.13198468, 0.49257356, 0.067136146), (-0.19514929, 0.47113207, 0.067136146), (-0.1901263, 0.45900548, 0.13312358), (-0.1901263, 0.45900548, 0.13312358), (-0.19514929, 0.47113207, 0.067136146), (-0.25497484, 0.44162935, 0.067136146), (-0.24841197, 0.43026215, 0.13312358), (-0.24841197, 0.43026215, 0.13312358), (-0.25497484, 0.44162935, 0.067136146), (-0.31043768, 0.40457028, 0.067136146), (-0.30244726, 0.39415693, 0.13312358), (-0.30244726, 0.39415693, 0.13312358), (-0.31043768, 0.40457028, 0.067136146), (-0.36058888, 0.36058888, 0.067136146), (-0.35130757, 0.35130757, 0.13312358), (-0.35130757, 0.35130757, 0.13312358), (-0.36058888, 0.36058888, 0.067136146), (-0.40457028, 0.31043768, 0.067136146), (-0.39415693, 0.30244726, 0.13312358), (-0.39415693, 0.30244726, 0.13312358), (-0.40457028, 0.31043768, 0.067136146), (-0.44162935, 0.25497484, 0.067136146), (-0.43026215, 0.24841197, 0.13312358), (-0.43026215, 0.24841197, 0.13312358), (-0.44162935, 0.25497484, 0.067136146), (-0.47113207, 0.19514929, 0.067136146), (-0.45900548, 0.1901263, 0.13312358), (-0.45900548, 0.1901263, 0.13312358), (-0.47113207, 0.19514929, 0.067136146), (-0.49257356, 0.13198468, 0.067136146), (-0.47989509, 0.1285875, 0.13312358), (-0.47989509, 0.1285875, 0.13312358), (-0.49257356, 0.13198468, 0.067136146), (-0.505587, 0.06656179, 0.067136146), (-0.49257356, 0.064848535, 0.13312358), (-0.49257356, 0.064848535, 0.13312358), (-0.505587, 0.06656179, 0.067136146), (-0.5099497, 6.245082e-17, 0.067136146), (-0.49682394, 6.084339e-17, 0.13312358), (-0.49682394, 6.084339e-17, 0.13312358), (-0.5099497, 6.245082e-17, 0.067136146), (-0.505587, -0.06656179, 0.067136146), (-0.49257356, -0.064848535, 0.13312358), (-0.49257356, -0.064848535, 0.13312358), (-0.505587, -0.06656179, 0.067136146), (-0.49257356, -0.13198468, 0.067136146), (-0.47989509, -0.1285875, 0.13312358), (-0.47989509, -0.1285875, 0.13312358), (-0.49257356, -0.13198468, 0.067136146), (-0.47113207, -0.19514929, 0.067136146), (-0.45900548, -0.1901263, 0.13312358), (-0.45900548, -0.1901263, 0.13312358), (-0.47113207, -0.19514929, 0.067136146), (-0.44162935, -0.25497484, 0.067136146), (-0.43026215, -0.24841197, 0.13312358), (-0.43026215, -0.24841197, 0.13312358), (-0.44162935, -0.25497484, 0.067136146), (-0.40457028, -0.31043768, 0.067136146), (-0.39415693, -0.30244726, 0.13312358), (-0.39415693, -0.30244726, 0.13312358), (-0.40457028, -0.31043768, 0.067136146), (-0.36058888, -0.36058888, 0.067136146), (-0.35130757, -0.35130757, 0.13312358), (-0.35130757, -0.35130757, 0.13312358), (-0.36058888, -0.36058888, 0.067136146), (-0.31043768, -0.40457028, 0.067136146), (-0.30244726, -0.39415693, 0.13312358), (-0.30244726, -0.39415693, 0.13312358), (-0.31043768, -0.40457028, 0.067136146), (-0.25497484, -0.44162935, 0.067136146), (-0.24841197, -0.43026215, 0.13312358), (-0.24841197, -0.43026215, 0.13312358), (-0.25497484, -0.44162935, 0.067136146), (-0.19514929, -0.47113207, 0.067136146), (-0.1901263, -0.45900548, 0.13312358), (-0.1901263, -0.45900548, 0.13312358), (-0.19514929, -0.47113207, 0.067136146), (-0.13198468, -0.49257356, 0.067136146), (-0.1285875, -0.47989509, 0.13312358), (-0.1285875, -0.47989509, 0.13312358), (-0.13198468, -0.49257356, 0.067136146), (-0.06656179, -0.505587, 0.067136146), (-0.064848535, -0.49257356, 0.13312358), (-0.064848535, -0.49257356, 0.13312358), (-0.06656179, -0.505587, 0.067136146), (-9.367623e-17, -0.5099497, 0.067136146), (-9.126508e-17, -0.49682394, 0.13312358), (-9.126508e-17, -0.49682394, 0.13312358), (-9.367623e-17, -0.5099497, 0.067136146), (0.06656179, -0.505587, 0.067136146), (0.064848535, -0.49257356, 0.13312358), (0.064848535, -0.49257356, 0.13312358), (0.06656179, -0.505587, 0.067136146), (0.13198468, -0.49257356, 0.067136146), (0.1285875, -0.47989509, 0.13312358), (0.1285875, -0.47989509, 0.13312358), (0.13198468, -0.49257356, 0.067136146), (0.19514929, -0.47113207, 0.067136146), (0.1901263, -0.45900548, 0.13312358), (0.1901263, -0.45900548, 0.13312358), (0.19514929, -0.47113207, 0.067136146), (0.25497484, -0.44162935, 0.067136146), (0.24841197, -0.43026215, 0.13312358), (0.24841197, -0.43026215, 0.13312358), (0.25497484, -0.44162935, 0.067136146), (0.31043768, -0.40457028, 0.067136146), (0.30244726, -0.39415693, 0.13312358), (0.30244726, -0.39415693, 0.13312358), (0.31043768, -0.40457028, 0.067136146), (0.36058888, -0.36058888, 0.067136146), (0.35130757, -0.35130757, 0.13312358), (0.35130757, -0.35130757, 0.13312358), (0.36058888, -0.36058888, 0.067136146), (0.40457028, -0.31043768, 0.067136146), (0.39415693, -0.30244726, 0.13312358), (0.39415693, -0.30244726, 0.13312358), (0.40457028, -0.31043768, 0.067136146), (0.44162935, -0.25497484, 0.067136146), (0.43026215, -0.24841197, 0.13312358), (0.43026215, -0.24841197, 0.13312358), (0.44162935, -0.25497484, 0.067136146), (0.47113207, -0.19514929, 0.067136146), (0.45900548, -0.1901263, 0.13312358), (0.45900548, -0.1901263, 0.13312358), (0.47113207, -0.19514929, 0.067136146), (0.49257356, -0.13198468, 0.067136146), (0.47989509, -0.1285875, 0.13312358), (0.47989509, -0.1285875, 0.13312358), (0.49257356, -0.13198468, 0.067136146), (0.505587, -0.06656179, 0.067136146), (0.49257356, -0.064848535, 0.13312358), (0.49257356, -0.064848535, 0.13312358), (0.505587, -0.06656179, 0.067136146), (0.5099497, -1.2490164e-16, 0.067136146), (0.49682394, -1.2168678e-16, 0.13312358), (0.5099497, 0, 0.067136146), (0.51435, 0, 3.1494856e-17), (0.5099497, 0.067136146, 3.1494856e-17), (0.505587, 0.06656179, 0.067136146), (0.505587, 0.06656179, 0.067136146), (0.5099497, 0.067136146, 3.1494856e-17), (0.49682394, 0.13312358, 3.1494856e-17), (0.49257356, 0.13198468, 0.067136146), (0.49257356, 0.13198468, 0.067136146), (0.49682394, 0.13312358, 3.1494856e-17), (0.47519743, 0.19683322, 3.1494856e-17), (0.47113207, 0.19514929, 0.067136146), (0.47113207, 0.19514929, 0.067136146), (0.47519743, 0.19683322, 3.1494856e-17), (0.44544017, 0.257175, 3.1494856e-17), (0.44162935, 0.25497484, 0.067136146), (0.44162935, 0.25497484, 0.067136146), (0.44544017, 0.257175, 3.1494856e-17), (0.4080613, 0.31311643, 3.1494856e-17), (0.40457028, 0.31043768, 0.067136146), (0.40457028, 0.31043768, 0.067136146), (0.4080613, 0.31311643, 3.1494856e-17), (0.36370036, 0.36370036, 3.1494856e-17), (0.36058888, 0.36058888, 0.067136146), (0.36058888, 0.36058888, 0.067136146), (0.36370036, 0.36370036, 3.1494856e-17), (0.31311643, 0.4080613, 3.1494856e-17), (0.31043768, 0.40457028, 0.067136146), (0.31043768, 0.40457028, 0.067136146), (0.31311643, 0.4080613, 3.1494856e-17), (0.257175, 0.44544017, 3.1494856e-17), (0.25497484, 0.44162935, 0.067136146), (0.25497484, 0.44162935, 0.067136146), (0.257175, 0.44544017, 3.1494856e-17), (0.19683322, 0.47519743, 3.1494856e-17), (0.19514929, 0.47113207, 0.067136146), (0.19514929, 0.47113207, 0.067136146), (0.19683322, 0.47519743, 3.1494856e-17), (0.13312358, 0.49682394, 3.1494856e-17), (0.13198468, 0.49257356, 0.067136146), (0.13198468, 0.49257356, 0.067136146), (0.13312358, 0.49682394, 3.1494856e-17), (0.067136146, 0.5099497, 3.1494856e-17), (0.06656179, 0.505587, 0.067136146), (0.06656179, 0.505587, 0.067136146), (0.067136146, 0.5099497, 3.1494856e-17), (3.1494856e-17, 0.51435, 3.1494856e-17), (3.122541e-17, 0.5099497, 0.067136146), (3.122541e-17, 0.5099497, 0.067136146), (3.1494856e-17, 0.51435, 3.1494856e-17), (-0.067136146, 0.5099497, 3.1494856e-17), (-0.06656179, 0.505587, 0.067136146), (-0.06656179, 0.505587, 0.067136146), (-0.067136146, 0.5099497, 3.1494856e-17), (-0.13312358, 0.49682394, 3.1494856e-17), (-0.13198468, 0.49257356, 0.067136146), (-0.13198468, 0.49257356, 0.067136146), (-0.13312358, 0.49682394, 3.1494856e-17), (-0.19683322, 0.47519743, 3.1494856e-17), (-0.19514929, 0.47113207, 0.067136146), (-0.19514929, 0.47113207, 0.067136146), (-0.19683322, 0.47519743, 3.1494856e-17), (-0.257175, 0.44544017, 3.1494856e-17), (-0.25497484, 0.44162935, 0.067136146), (-0.25497484, 0.44162935, 0.067136146), (-0.257175, 0.44544017, 3.1494856e-17), (-0.31311643, 0.4080613, 3.1494856e-17), (-0.31043768, 0.40457028, 0.067136146), (-0.31043768, 0.40457028, 0.067136146), (-0.31311643, 0.4080613, 3.1494856e-17), (-0.36370036, 0.36370036, 3.1494856e-17), (-0.36058888, 0.36058888, 0.067136146), (-0.36058888, 0.36058888, 0.067136146), (-0.36370036, 0.36370036, 3.1494856e-17), (-0.4080613, 0.31311643, 3.1494856e-17), (-0.40457028, 0.31043768, 0.067136146), (-0.40457028, 0.31043768, 0.067136146), (-0.4080613, 0.31311643, 3.1494856e-17), (-0.44544017, 0.257175, 3.1494856e-17), (-0.44162935, 0.25497484, 0.067136146), (-0.44162935, 0.25497484, 0.067136146), (-0.44544017, 0.257175, 3.1494856e-17), (-0.47519743, 0.19683322, 3.1494856e-17), (-0.47113207, 0.19514929, 0.067136146), (-0.47113207, 0.19514929, 0.067136146), (-0.47519743, 0.19683322, 3.1494856e-17), (-0.49682394, 0.13312358, 3.1494856e-17), (-0.49257356, 0.13198468, 0.067136146), (-0.49257356, 0.13198468, 0.067136146), (-0.49682394, 0.13312358, 3.1494856e-17), (-0.5099497, 0.067136146, 3.1494856e-17), (-0.505587, 0.06656179, 0.067136146), (-0.505587, 0.06656179, 0.067136146), (-0.5099497, 0.067136146, 3.1494856e-17), (-0.51435, 6.298971e-17, 3.1494856e-17), (-0.5099497, 6.245082e-17, 0.067136146), (-0.5099497, 6.245082e-17, 0.067136146), (-0.51435, 6.298971e-17, 3.1494856e-17), (-0.5099497, -0.067136146, 3.1494856e-17), (-0.505587, -0.06656179, 0.067136146), (-0.505587, -0.06656179, 0.067136146), (-0.5099497, -0.067136146, 3.1494856e-17), (-0.49682394, -0.13312358, 3.1494856e-17), (-0.49257356, -0.13198468, 0.067136146), (-0.49257356, -0.13198468, 0.067136146), (-0.49682394, -0.13312358, 3.1494856e-17), (-0.47519743, -0.19683322, 3.1494856e-17), (-0.47113207, -0.19514929, 0.067136146), (-0.47113207, -0.19514929, 0.067136146), (-0.47519743, -0.19683322, 3.1494856e-17), (-0.44544017, -0.257175, 3.1494856e-17), (-0.44162935, -0.25497484, 0.067136146), (-0.44162935, -0.25497484, 0.067136146), (-0.44544017, -0.257175, 3.1494856e-17), (-0.4080613, -0.31311643, 3.1494856e-17), (-0.40457028, -0.31043768, 0.067136146), (-0.40457028, -0.31043768, 0.067136146), (-0.4080613, -0.31311643, 3.1494856e-17), (-0.36370036, -0.36370036, 3.1494856e-17), (-0.36058888, -0.36058888, 0.067136146), (-0.36058888, -0.36058888, 0.067136146), (-0.36370036, -0.36370036, 3.1494856e-17), (-0.31311643, -0.4080613, 3.1494856e-17), (-0.31043768, -0.40457028, 0.067136146), (-0.31043768, -0.40457028, 0.067136146), (-0.31311643, -0.4080613, 3.1494856e-17), (-0.257175, -0.44544017, 3.1494856e-17), (-0.25497484, -0.44162935, 0.067136146), (-0.25497484, -0.44162935, 0.067136146), (-0.257175, -0.44544017, 3.1494856e-17), (-0.19683322, -0.47519743, 3.1494856e-17), (-0.19514929, -0.47113207, 0.067136146), (-0.19514929, -0.47113207, 0.067136146), (-0.19683322, -0.47519743, 3.1494856e-17), (-0.13312358, -0.49682394, 3.1494856e-17), (-0.13198468, -0.49257356, 0.067136146), (-0.13198468, -0.49257356, 0.067136146), (-0.13312358, -0.49682394, 3.1494856e-17), (-0.067136146, -0.5099497, 3.1494856e-17), (-0.06656179, -0.505587, 0.067136146), (-0.06656179, -0.505587, 0.067136146), (-0.067136146, -0.5099497, 3.1494856e-17), (-9.448456e-17, -0.51435, 3.1494856e-17), (-9.367623e-17, -0.5099497, 0.067136146), (-9.367623e-17, -0.5099497, 0.067136146), (-9.448456e-17, -0.51435, 3.1494856e-17), (0.067136146, -0.5099497, 3.1494856e-17), (0.06656179, -0.505587, 0.067136146), (0.06656179, -0.505587, 0.067136146), (0.067136146, -0.5099497, 3.1494856e-17), (0.13312358, -0.49682394, 3.1494856e-17), (0.13198468, -0.49257356, 0.067136146), (0.13198468, -0.49257356, 0.067136146), (0.13312358, -0.49682394, 3.1494856e-17), (0.19683322, -0.47519743, 3.1494856e-17), (0.19514929, -0.47113207, 0.067136146), (0.19514929, -0.47113207, 0.067136146), (0.19683322, -0.47519743, 3.1494856e-17), (0.257175, -0.44544017, 3.1494856e-17), (0.25497484, -0.44162935, 0.067136146), (0.25497484, -0.44162935, 0.067136146), (0.257175, -0.44544017, 3.1494856e-17), (0.31311643, -0.4080613, 3.1494856e-17), (0.31043768, -0.40457028, 0.067136146), (0.31043768, -0.40457028, 0.067136146), (0.31311643, -0.4080613, 3.1494856e-17), (0.36370036, -0.36370036, 3.1494856e-17), (0.36058888, -0.36058888, 0.067136146), (0.36058888, -0.36058888, 0.067136146), (0.36370036, -0.36370036, 3.1494856e-17), (0.4080613, -0.31311643, 3.1494856e-17), (0.40457028, -0.31043768, 0.067136146), (0.40457028, -0.31043768, 0.067136146), (0.4080613, -0.31311643, 3.1494856e-17), (0.44544017, -0.257175, 3.1494856e-17), (0.44162935, -0.25497484, 0.067136146), (0.44162935, -0.25497484, 0.067136146), (0.44544017, -0.257175, 3.1494856e-17), (0.47519743, -0.19683322, 3.1494856e-17), (0.47113207, -0.19514929, 0.067136146), (0.47113207, -0.19514929, 0.067136146), (0.47519743, -0.19683322, 3.1494856e-17), (0.49682394, -0.13312358, 3.1494856e-17), (0.49257356, -0.13198468, 0.067136146), (0.49257356, -0.13198468, 0.067136146), (0.49682394, -0.13312358, 3.1494856e-17), (0.5099497, -0.067136146, 3.1494856e-17), (0.505587, -0.06656179, 0.067136146), (0.505587, -0.06656179, 0.067136146), (0.5099497, -0.067136146, 3.1494856e-17), (0.51435, -1.2597942e-16, 3.1494856e-17), (0.5099497, -1.2490164e-16, 0.067136146), (0.51435, 0, 3.1494856e-17), (0.5099497, 0, -0.067136146), (0.505587, 0.06656179, -0.067136146), (0.5099497, 0.067136146, 3.1494856e-17), (0.5099497, 0.067136146, 3.1494856e-17), (0.505587, 0.06656179, -0.067136146), (0.49257356, 0.13198468, -0.067136146), (0.49682394, 0.13312358, 3.1494856e-17), (0.49682394, 0.13312358, 3.1494856e-17), (0.49257356, 0.13198468, -0.067136146), (0.47113207, 0.19514929, -0.067136146), (0.47519743, 0.19683322, 3.1494856e-17), (0.47519743, 0.19683322, 3.1494856e-17), (0.47113207, 0.19514929, -0.067136146), (0.44162935, 0.25497484, -0.067136146), (0.44544017, 0.257175, 3.1494856e-17), (0.44544017, 0.257175, 3.1494856e-17), (0.44162935, 0.25497484, -0.067136146), (0.40457028, 0.31043768, -0.067136146), (0.4080613, 0.31311643, 3.1494856e-17), (0.4080613, 0.31311643, 3.1494856e-17), (0.40457028, 0.31043768, -0.067136146), (0.36058888, 0.36058888, -0.067136146), (0.36370036, 0.36370036, 3.1494856e-17), (0.36370036, 0.36370036, 3.1494856e-17), (0.36058888, 0.36058888, -0.067136146), (0.31043768, 0.40457028, -0.067136146), (0.31311643, 0.4080613, 3.1494856e-17), (0.31311643, 0.4080613, 3.1494856e-17), (0.31043768, 0.40457028, -0.067136146), (0.25497484, 0.44162935, -0.067136146), (0.257175, 0.44544017, 3.1494856e-17), (0.257175, 0.44544017, 3.1494856e-17), (0.25497484, 0.44162935, -0.067136146), (0.19514929, 0.47113207, -0.067136146), (0.19683322, 0.47519743, 3.1494856e-17), (0.19683322, 0.47519743, 3.1494856e-17), (0.19514929, 0.47113207, -0.067136146), (0.13198468, 0.49257356, -0.067136146), (0.13312358, 0.49682394, 3.1494856e-17), (0.13312358, 0.49682394, 3.1494856e-17), (0.13198468, 0.49257356, -0.067136146), (0.06656179, 0.505587, -0.067136146), (0.067136146, 0.5099497, 3.1494856e-17), (0.067136146, 0.5099497, 3.1494856e-17), (0.06656179, 0.505587, -0.067136146), (3.122541e-17, 0.5099497, -0.067136146), (3.1494856e-17, 0.51435, 3.1494856e-17), (3.1494856e-17, 0.51435, 3.1494856e-17), (3.122541e-17, 0.5099497, -0.067136146), (-0.06656179, 0.505587, -0.067136146), (-0.067136146, 0.5099497, 3.1494856e-17), (-0.067136146, 0.5099497, 3.1494856e-17), (-0.06656179, 0.505587, -0.067136146), (-0.13198468, 0.49257356, -0.067136146), (-0.13312358, 0.49682394, 3.1494856e-17), (-0.13312358, 0.49682394, 3.1494856e-17), (-0.13198468, 0.49257356, -0.067136146), (-0.19514929, 0.47113207, -0.067136146), (-0.19683322, 0.47519743, 3.1494856e-17), (-0.19683322, 0.47519743, 3.1494856e-17), (-0.19514929, 0.47113207, -0.067136146), (-0.25497484, 0.44162935, -0.067136146), (-0.257175, 0.44544017, 3.1494856e-17), (-0.257175, 0.44544017, 3.1494856e-17), (-0.25497484, 0.44162935, -0.067136146), (-0.31043768, 0.40457028, -0.067136146), (-0.31311643, 0.4080613, 3.1494856e-17), (-0.31311643, 0.4080613, 3.1494856e-17), (-0.31043768, 0.40457028, -0.067136146), (-0.36058888, 0.36058888, -0.067136146), (-0.36370036, 0.36370036, 3.1494856e-17), (-0.36370036, 0.36370036, 3.1494856e-17), (-0.36058888, 0.36058888, -0.067136146), (-0.40457028, 0.31043768, -0.067136146), (-0.4080613, 0.31311643, 3.1494856e-17), (-0.4080613, 0.31311643, 3.1494856e-17), (-0.40457028, 0.31043768, -0.067136146), (-0.44162935, 0.25497484, -0.067136146), (-0.44544017, 0.257175, 3.1494856e-17), (-0.44544017, 0.257175, 3.1494856e-17), (-0.44162935, 0.25497484, -0.067136146), (-0.47113207, 0.19514929, -0.067136146), (-0.47519743, 0.19683322, 3.1494856e-17), (-0.47519743, 0.19683322, 3.1494856e-17), (-0.47113207, 0.19514929, -0.067136146), (-0.49257356, 0.13198468, -0.067136146), (-0.49682394, 0.13312358, 3.1494856e-17), (-0.49682394, 0.13312358, 3.1494856e-17), (-0.49257356, 0.13198468, -0.067136146), (-0.505587, 0.06656179, -0.067136146), (-0.5099497, 0.067136146, 3.1494856e-17), (-0.5099497, 0.067136146, 3.1494856e-17), (-0.505587, 0.06656179, -0.067136146), (-0.5099497, 6.245082e-17, -0.067136146), (-0.51435, 6.298971e-17, 3.1494856e-17), (-0.51435, 6.298971e-17, 3.1494856e-17), (-0.5099497, 6.245082e-17, -0.067136146), (-0.505587, -0.06656179, -0.067136146), (-0.5099497, -0.067136146, 3.1494856e-17), (-0.5099497, -0.067136146, 3.1494856e-17), (-0.505587, -0.06656179, -0.067136146), (-0.49257356, -0.13198468, -0.067136146), (-0.49682394, -0.13312358, 3.1494856e-17), (-0.49682394, -0.13312358, 3.1494856e-17), (-0.49257356, -0.13198468, -0.067136146), (-0.47113207, -0.19514929, -0.067136146), (-0.47519743, -0.19683322, 3.1494856e-17), (-0.47519743, -0.19683322, 3.1494856e-17), (-0.47113207, -0.19514929, -0.067136146), (-0.44162935, -0.25497484, -0.067136146), (-0.44544017, -0.257175, 3.1494856e-17), (-0.44544017, -0.257175, 3.1494856e-17), (-0.44162935, -0.25497484, -0.067136146), (-0.40457028, -0.31043768, -0.067136146), (-0.4080613, -0.31311643, 3.1494856e-17), (-0.4080613, -0.31311643, 3.1494856e-17), (-0.40457028, -0.31043768, -0.067136146), (-0.36058888, -0.36058888, -0.067136146), (-0.36370036, -0.36370036, 3.1494856e-17), (-0.36370036, -0.36370036, 3.1494856e-17), (-0.36058888, -0.36058888, -0.067136146), (-0.31043768, -0.40457028, -0.067136146), (-0.31311643, -0.4080613, 3.1494856e-17), (-0.31311643, -0.4080613, 3.1494856e-17), (-0.31043768, -0.40457028, -0.067136146), (-0.25497484, -0.44162935, -0.067136146), (-0.257175, -0.44544017, 3.1494856e-17), (-0.257175, -0.44544017, 3.1494856e-17), (-0.25497484, -0.44162935, -0.067136146), (-0.19514929, -0.47113207, -0.067136146), (-0.19683322, -0.47519743, 3.1494856e-17), (-0.19683322, -0.47519743, 3.1494856e-17), (-0.19514929, -0.47113207, -0.067136146), (-0.13198468, -0.49257356, -0.067136146), (-0.13312358, -0.49682394, 3.1494856e-17), (-0.13312358, -0.49682394, 3.1494856e-17), (-0.13198468, -0.49257356, -0.067136146), (-0.06656179, -0.505587, -0.067136146), (-0.067136146, -0.5099497, 3.1494856e-17), (-0.067136146, -0.5099497, 3.1494856e-17), (-0.06656179, -0.505587, -0.067136146), (-9.367623e-17, -0.5099497, -0.067136146), (-9.448456e-17, -0.51435, 3.1494856e-17), (-9.448456e-17, -0.51435, 3.1494856e-17), (-9.367623e-17, -0.5099497, -0.067136146), (0.06656179, -0.505587, -0.067136146), (0.067136146, -0.5099497, 3.1494856e-17), (0.067136146, -0.5099497, 3.1494856e-17), (0.06656179, -0.505587, -0.067136146), (0.13198468, -0.49257356, -0.067136146), (0.13312358, -0.49682394, 3.1494856e-17), (0.13312358, -0.49682394, 3.1494856e-17), (0.13198468, -0.49257356, -0.067136146), (0.19514929, -0.47113207, -0.067136146), (0.19683322, -0.47519743, 3.1494856e-17), (0.19683322, -0.47519743, 3.1494856e-17), (0.19514929, -0.47113207, -0.067136146), (0.25497484, -0.44162935, -0.067136146), (0.257175, -0.44544017, 3.1494856e-17), (0.257175, -0.44544017, 3.1494856e-17), (0.25497484, -0.44162935, -0.067136146), (0.31043768, -0.40457028, -0.067136146), (0.31311643, -0.4080613, 3.1494856e-17), (0.31311643, -0.4080613, 3.1494856e-17), (0.31043768, -0.40457028, -0.067136146), (0.36058888, -0.36058888, -0.067136146), (0.36370036, -0.36370036, 3.1494856e-17), (0.36370036, -0.36370036, 3.1494856e-17), (0.36058888, -0.36058888, -0.067136146), (0.40457028, -0.31043768, -0.067136146), (0.4080613, -0.31311643, 3.1494856e-17), (0.4080613, -0.31311643, 3.1494856e-17), (0.40457028, -0.31043768, -0.067136146), (0.44162935, -0.25497484, -0.067136146), (0.44544017, -0.257175, 3.1494856e-17), (0.44544017, -0.257175, 3.1494856e-17), (0.44162935, -0.25497484, -0.067136146), (0.47113207, -0.19514929, -0.067136146), (0.47519743, -0.19683322, 3.1494856e-17), (0.47519743, -0.19683322, 3.1494856e-17), (0.47113207, -0.19514929, -0.067136146), (0.49257356, -0.13198468, -0.067136146), (0.49682394, -0.13312358, 3.1494856e-17), (0.49682394, -0.13312358, 3.1494856e-17), (0.49257356, -0.13198468, -0.067136146), (0.505587, -0.06656179, -0.067136146), (0.5099497, -0.067136146, 3.1494856e-17), (0.5099497, -0.067136146, 3.1494856e-17), (0.505587, -0.06656179, -0.067136146), (0.5099497, -1.2490164e-16, -0.067136146), (0.51435, -1.2597942e-16, 3.1494856e-17), (0.5099497, 0, -0.067136146), (0.49682394, 0, -0.13312358), (0.49257356, 0.064848535, -0.13312358), (0.505587, 0.06656179, -0.067136146), (0.505587, 0.06656179, -0.067136146), (0.49257356, 0.064848535, -0.13312358), (0.47989509, 0.1285875, -0.13312358), (0.49257356, 0.13198468, -0.067136146), (0.49257356, 0.13198468, -0.067136146), (0.47989509, 0.1285875, -0.13312358), (0.45900548, 0.1901263, -0.13312358), (0.47113207, 0.19514929, -0.067136146), (0.47113207, 0.19514929, -0.067136146), (0.45900548, 0.1901263, -0.13312358), (0.43026215, 0.24841197, -0.13312358), (0.44162935, 0.25497484, -0.067136146), (0.44162935, 0.25497484, -0.067136146), (0.43026215, 0.24841197, -0.13312358), (0.39415693, 0.30244726, -0.13312358), (0.40457028, 0.31043768, -0.067136146), (0.40457028, 0.31043768, -0.067136146), (0.39415693, 0.30244726, -0.13312358), (0.35130757, 0.35130757, -0.13312358), (0.36058888, 0.36058888, -0.067136146), (0.36058888, 0.36058888, -0.067136146), (0.35130757, 0.35130757, -0.13312358), (0.30244726, 0.39415693, -0.13312358), (0.31043768, 0.40457028, -0.067136146), (0.31043768, 0.40457028, -0.067136146), (0.30244726, 0.39415693, -0.13312358), (0.24841197, 0.43026215, -0.13312358), (0.25497484, 0.44162935, -0.067136146), (0.25497484, 0.44162935, -0.067136146), (0.24841197, 0.43026215, -0.13312358), (0.1901263, 0.45900548, -0.13312358), (0.19514929, 0.47113207, -0.067136146), (0.19514929, 0.47113207, -0.067136146), (0.1901263, 0.45900548, -0.13312358), (0.1285875, 0.47989509, -0.13312358), (0.13198468, 0.49257356, -0.067136146), (0.13198468, 0.49257356, -0.067136146), (0.1285875, 0.47989509, -0.13312358), (0.064848535, 0.49257356, -0.13312358), (0.06656179, 0.505587, -0.067136146), (0.06656179, 0.505587, -0.067136146), (0.064848535, 0.49257356, -0.13312358), (3.0421695e-17, 0.49682394, -0.13312358), (3.122541e-17, 0.5099497, -0.067136146), (3.122541e-17, 0.5099497, -0.067136146), (3.0421695e-17, 0.49682394, -0.13312358), (-0.064848535, 0.49257356, -0.13312358), (-0.06656179, 0.505587, -0.067136146), (-0.06656179, 0.505587, -0.067136146), (-0.064848535, 0.49257356, -0.13312358), (-0.1285875, 0.47989509, -0.13312358), (-0.13198468, 0.49257356, -0.067136146), (-0.13198468, 0.49257356, -0.067136146), (-0.1285875, 0.47989509, -0.13312358), (-0.1901263, 0.45900548, -0.13312358), (-0.19514929, 0.47113207, -0.067136146), (-0.19514929, 0.47113207, -0.067136146), (-0.1901263, 0.45900548, -0.13312358), (-0.24841197, 0.43026215, -0.13312358), (-0.25497484, 0.44162935, -0.067136146), (-0.25497484, 0.44162935, -0.067136146), (-0.24841197, 0.43026215, -0.13312358), (-0.30244726, 0.39415693, -0.13312358), (-0.31043768, 0.40457028, -0.067136146), (-0.31043768, 0.40457028, -0.067136146), (-0.30244726, 0.39415693, -0.13312358), (-0.35130757, 0.35130757, -0.13312358), (-0.36058888, 0.36058888, -0.067136146), (-0.36058888, 0.36058888, -0.067136146), (-0.35130757, 0.35130757, -0.13312358), (-0.39415693, 0.30244726, -0.13312358), (-0.40457028, 0.31043768, -0.067136146), (-0.40457028, 0.31043768, -0.067136146), (-0.39415693, 0.30244726, -0.13312358), (-0.43026215, 0.24841197, -0.13312358), (-0.44162935, 0.25497484, -0.067136146), (-0.44162935, 0.25497484, -0.067136146), (-0.43026215, 0.24841197, -0.13312358), (-0.45900548, 0.1901263, -0.13312358), (-0.47113207, 0.19514929, -0.067136146), (-0.47113207, 0.19514929, -0.067136146), (-0.45900548, 0.1901263, -0.13312358), (-0.47989509, 0.1285875, -0.13312358), (-0.49257356, 0.13198468, -0.067136146), (-0.49257356, 0.13198468, -0.067136146), (-0.47989509, 0.1285875, -0.13312358), (-0.49257356, 0.064848535, -0.13312358), (-0.505587, 0.06656179, -0.067136146), (-0.505587, 0.06656179, -0.067136146), (-0.49257356, 0.064848535, -0.13312358), (-0.49682394, 6.084339e-17, -0.13312358), (-0.5099497, 6.245082e-17, -0.067136146), (-0.5099497, 6.245082e-17, -0.067136146), (-0.49682394, 6.084339e-17, -0.13312358), (-0.49257356, -0.064848535, -0.13312358), (-0.505587, -0.06656179, -0.067136146), (-0.505587, -0.06656179, -0.067136146), (-0.49257356, -0.064848535, -0.13312358), (-0.47989509, -0.1285875, -0.13312358), (-0.49257356, -0.13198468, -0.067136146), (-0.49257356, -0.13198468, -0.067136146), (-0.47989509, -0.1285875, -0.13312358), (-0.45900548, -0.1901263, -0.13312358), (-0.47113207, -0.19514929, -0.067136146), (-0.47113207, -0.19514929, -0.067136146), (-0.45900548, -0.1901263, -0.13312358), (-0.43026215, -0.24841197, -0.13312358), (-0.44162935, -0.25497484, -0.067136146), (-0.44162935, -0.25497484, -0.067136146), (-0.43026215, -0.24841197, -0.13312358), (-0.39415693, -0.30244726, -0.13312358), (-0.40457028, -0.31043768, -0.067136146), (-0.40457028, -0.31043768, -0.067136146), (-0.39415693, -0.30244726, -0.13312358), (-0.35130757, -0.35130757, -0.13312358), (-0.36058888, -0.36058888, -0.067136146), (-0.36058888, -0.36058888, -0.067136146), (-0.35130757, -0.35130757, -0.13312358), (-0.30244726, -0.39415693, -0.13312358), (-0.31043768, -0.40457028, -0.067136146), (-0.31043768, -0.40457028, -0.067136146), (-0.30244726, -0.39415693, -0.13312358), (-0.24841197, -0.43026215, -0.13312358), (-0.25497484, -0.44162935, -0.067136146), (-0.25497484, -0.44162935, -0.067136146), (-0.24841197, -0.43026215, -0.13312358), (-0.1901263, -0.45900548, -0.13312358), (-0.19514929, -0.47113207, -0.067136146), (-0.19514929, -0.47113207, -0.067136146), (-0.1901263, -0.45900548, -0.13312358), (-0.1285875, -0.47989509, -0.13312358), (-0.13198468, -0.49257356, -0.067136146), (-0.13198468, -0.49257356, -0.067136146), (-0.1285875, -0.47989509, -0.13312358), (-0.064848535, -0.49257356, -0.13312358), (-0.06656179, -0.505587, -0.067136146), (-0.06656179, -0.505587, -0.067136146), (-0.064848535, -0.49257356, -0.13312358), (-9.126508e-17, -0.49682394, -0.13312358), (-9.367623e-17, -0.5099497, -0.067136146), (-9.367623e-17, -0.5099497, -0.067136146), (-9.126508e-17, -0.49682394, -0.13312358), (0.064848535, -0.49257356, -0.13312358), (0.06656179, -0.505587, -0.067136146), (0.06656179, -0.505587, -0.067136146), (0.064848535, -0.49257356, -0.13312358), (0.1285875, -0.47989509, -0.13312358), (0.13198468, -0.49257356, -0.067136146), (0.13198468, -0.49257356, -0.067136146), (0.1285875, -0.47989509, -0.13312358), (0.1901263, -0.45900548, -0.13312358), (0.19514929, -0.47113207, -0.067136146), (0.19514929, -0.47113207, -0.067136146), (0.1901263, -0.45900548, -0.13312358), (0.24841197, -0.43026215, -0.13312358), (0.25497484, -0.44162935, -0.067136146), (0.25497484, -0.44162935, -0.067136146), (0.24841197, -0.43026215, -0.13312358), (0.30244726, -0.39415693, -0.13312358), (0.31043768, -0.40457028, -0.067136146), (0.31043768, -0.40457028, -0.067136146), (0.30244726, -0.39415693, -0.13312358), (0.35130757, -0.35130757, -0.13312358), (0.36058888, -0.36058888, -0.067136146), (0.36058888, -0.36058888, -0.067136146), (0.35130757, -0.35130757, -0.13312358), (0.39415693, -0.30244726, -0.13312358), (0.40457028, -0.31043768, -0.067136146), (0.40457028, -0.31043768, -0.067136146), (0.39415693, -0.30244726, -0.13312358), (0.43026215, -0.24841197, -0.13312358), (0.44162935, -0.25497484, -0.067136146), (0.44162935, -0.25497484, -0.067136146), (0.43026215, -0.24841197, -0.13312358), (0.45900548, -0.1901263, -0.13312358), (0.47113207, -0.19514929, -0.067136146), (0.47113207, -0.19514929, -0.067136146), (0.45900548, -0.1901263, -0.13312358), (0.47989509, -0.1285875, -0.13312358), (0.49257356, -0.13198468, -0.067136146), (0.49257356, -0.13198468, -0.067136146), (0.47989509, -0.1285875, -0.13312358), (0.49257356, -0.064848535, -0.13312358), (0.505587, -0.06656179, -0.067136146), (0.505587, -0.06656179, -0.067136146), (0.49257356, -0.064848535, -0.13312358), (0.49682394, -1.2168678e-16, -0.13312358), (0.5099497, -1.2490164e-16, -0.067136146), (0.49682394, 0, -0.13312358), (0.47519743, 0, -0.19683322), (0.47113207, 0.06202571, -0.19683322), (0.49257356, 0.064848535, -0.13312358), (0.49257356, 0.064848535, -0.13312358), (0.47113207, 0.06202571, -0.19683322), (0.45900548, 0.12299015, -0.19683322), (0.47989509, 0.1285875, -0.13312358), (0.47989509, 0.1285875, -0.13312358), (0.45900548, 0.12299015, -0.19683322), (0.4390252, 0.18185018, -0.19683322), (0.45900548, 0.1901263, -0.13312358), (0.45900548, 0.1901263, -0.13312358), (0.4390252, 0.18185018, -0.19683322), (0.41153306, 0.23759872, -0.19683322), (0.43026215, 0.24841197, -0.13312358), (0.43026215, 0.24841197, -0.13312358), (0.41153306, 0.23759872, -0.19683322), (0.37699947, 0.28928187, -0.19683322), (0.39415693, 0.30244726, -0.13312358), (0.39415693, 0.30244726, -0.13312358), (0.37699947, 0.28928187, -0.19683322), (0.33601534, 0.33601534, -0.19683322), (0.35130757, 0.35130757, -0.13312358), (0.35130757, 0.35130757, -0.13312358), (0.33601534, 0.33601534, -0.19683322), (0.28928187, 0.37699947, -0.19683322), (0.30244726, 0.39415693, -0.13312358), (0.30244726, 0.39415693, -0.13312358), (0.28928187, 0.37699947, -0.19683322), (0.23759872, 0.41153306, -0.19683322), (0.24841197, 0.43026215, -0.13312358), (0.24841197, 0.43026215, -0.13312358), (0.23759872, 0.41153306, -0.19683322), (0.18185018, 0.4390252, -0.19683322), (0.1901263, 0.45900548, -0.13312358), (0.1901263, 0.45900548, -0.13312358), (0.18185018, 0.4390252, -0.19683322), (0.12299015, 0.45900548, -0.19683322), (0.1285875, 0.47989509, -0.13312358), (0.1285875, 0.47989509, -0.13312358), (0.12299015, 0.45900548, -0.19683322), (0.06202571, 0.47113207, -0.19683322), (0.064848535, 0.49257356, -0.13312358), (0.064848535, 0.49257356, -0.13312358), (0.06202571, 0.47113207, -0.19683322), (2.909745e-17, 0.47519743, -0.19683322), (3.0421695e-17, 0.49682394, -0.13312358), (3.0421695e-17, 0.49682394, -0.13312358), (2.909745e-17, 0.47519743, -0.19683322), (-0.06202571, 0.47113207, -0.19683322), (-0.064848535, 0.49257356, -0.13312358), (-0.064848535, 0.49257356, -0.13312358), (-0.06202571, 0.47113207, -0.19683322), (-0.12299015, 0.45900548, -0.19683322), (-0.1285875, 0.47989509, -0.13312358), (-0.1285875, 0.47989509, -0.13312358), (-0.12299015, 0.45900548, -0.19683322), (-0.18185018, 0.4390252, -0.19683322), (-0.1901263, 0.45900548, -0.13312358), (-0.1901263, 0.45900548, -0.13312358), (-0.18185018, 0.4390252, -0.19683322), (-0.23759872, 0.41153306, -0.19683322), (-0.24841197, 0.43026215, -0.13312358), (-0.24841197, 0.43026215, -0.13312358), (-0.23759872, 0.41153306, -0.19683322), (-0.28928187, 0.37699947, -0.19683322), (-0.30244726, 0.39415693, -0.13312358), (-0.30244726, 0.39415693, -0.13312358), (-0.28928187, 0.37699947, -0.19683322), (-0.33601534, 0.33601534, -0.19683322), (-0.35130757, 0.35130757, -0.13312358), (-0.35130757, 0.35130757, -0.13312358), (-0.33601534, 0.33601534, -0.19683322), (-0.37699947, 0.28928187, -0.19683322), (-0.39415693, 0.30244726, -0.13312358), (-0.39415693, 0.30244726, -0.13312358), (-0.37699947, 0.28928187, -0.19683322), (-0.41153306, 0.23759872, -0.19683322), (-0.43026215, 0.24841197, -0.13312358), (-0.43026215, 0.24841197, -0.13312358), (-0.41153306, 0.23759872, -0.19683322), (-0.4390252, 0.18185018, -0.19683322), (-0.45900548, 0.1901263, -0.13312358), (-0.45900548, 0.1901263, -0.13312358), (-0.4390252, 0.18185018, -0.19683322), (-0.45900548, 0.12299015, -0.19683322), (-0.47989509, 0.1285875, -0.13312358), (-0.47989509, 0.1285875, -0.13312358), (-0.45900548, 0.12299015, -0.19683322), (-0.47113207, 0.06202571, -0.19683322), (-0.49257356, 0.064848535, -0.13312358), (-0.49257356, 0.064848535, -0.13312358), (-0.47113207, 0.06202571, -0.19683322), (-0.47519743, 5.81949e-17, -0.19683322), (-0.49682394, 6.084339e-17, -0.13312358), (-0.49682394, 6.084339e-17, -0.13312358), (-0.47519743, 5.81949e-17, -0.19683322), (-0.47113207, -0.06202571, -0.19683322), (-0.49257356, -0.064848535, -0.13312358), (-0.49257356, -0.064848535, -0.13312358), (-0.47113207, -0.06202571, -0.19683322), (-0.45900548, -0.12299015, -0.19683322), (-0.47989509, -0.1285875, -0.13312358), (-0.47989509, -0.1285875, -0.13312358), (-0.45900548, -0.12299015, -0.19683322), (-0.4390252, -0.18185018, -0.19683322), (-0.45900548, -0.1901263, -0.13312358), (-0.45900548, -0.1901263, -0.13312358), (-0.4390252, -0.18185018, -0.19683322), (-0.41153306, -0.23759872, -0.19683322), (-0.43026215, -0.24841197, -0.13312358), (-0.43026215, -0.24841197, -0.13312358), (-0.41153306, -0.23759872, -0.19683322), (-0.37699947, -0.28928187, -0.19683322), (-0.39415693, -0.30244726, -0.13312358), (-0.39415693, -0.30244726, -0.13312358), (-0.37699947, -0.28928187, -0.19683322), (-0.33601534, -0.33601534, -0.19683322), (-0.35130757, -0.35130757, -0.13312358), (-0.35130757, -0.35130757, -0.13312358), (-0.33601534, -0.33601534, -0.19683322), (-0.28928187, -0.37699947, -0.19683322), (-0.30244726, -0.39415693, -0.13312358), (-0.30244726, -0.39415693, -0.13312358), (-0.28928187, -0.37699947, -0.19683322), (-0.23759872, -0.41153306, -0.19683322), (-0.24841197, -0.43026215, -0.13312358), (-0.24841197, -0.43026215, -0.13312358), (-0.23759872, -0.41153306, -0.19683322), (-0.18185018, -0.4390252, -0.19683322), (-0.1901263, -0.45900548, -0.13312358), (-0.1901263, -0.45900548, -0.13312358), (-0.18185018, -0.4390252, -0.19683322), (-0.12299015, -0.45900548, -0.19683322), (-0.1285875, -0.47989509, -0.13312358), (-0.1285875, -0.47989509, -0.13312358), (-0.12299015, -0.45900548, -0.19683322), (-0.06202571, -0.47113207, -0.19683322), (-0.064848535, -0.49257356, -0.13312358), (-0.064848535, -0.49257356, -0.13312358), (-0.06202571, -0.47113207, -0.19683322), (-8.729235e-17, -0.47519743, -0.19683322), (-9.126508e-17, -0.49682394, -0.13312358), (-9.126508e-17, -0.49682394, -0.13312358), (-8.729235e-17, -0.47519743, -0.19683322), (0.06202571, -0.47113207, -0.19683322), (0.064848535, -0.49257356, -0.13312358), (0.064848535, -0.49257356, -0.13312358), (0.06202571, -0.47113207, -0.19683322), (0.12299015, -0.45900548, -0.19683322), (0.1285875, -0.47989509, -0.13312358), (0.1285875, -0.47989509, -0.13312358), (0.12299015, -0.45900548, -0.19683322), (0.18185018, -0.4390252, -0.19683322), (0.1901263, -0.45900548, -0.13312358), (0.1901263, -0.45900548, -0.13312358), (0.18185018, -0.4390252, -0.19683322), (0.23759872, -0.41153306, -0.19683322), (0.24841197, -0.43026215, -0.13312358), (0.24841197, -0.43026215, -0.13312358), (0.23759872, -0.41153306, -0.19683322), (0.28928187, -0.37699947, -0.19683322), (0.30244726, -0.39415693, -0.13312358), (0.30244726, -0.39415693, -0.13312358), (0.28928187, -0.37699947, -0.19683322), (0.33601534, -0.33601534, -0.19683322), (0.35130757, -0.35130757, -0.13312358), (0.35130757, -0.35130757, -0.13312358), (0.33601534, -0.33601534, -0.19683322), (0.37699947, -0.28928187, -0.19683322), (0.39415693, -0.30244726, -0.13312358), (0.39415693, -0.30244726, -0.13312358), (0.37699947, -0.28928187, -0.19683322), (0.41153306, -0.23759872, -0.19683322), (0.43026215, -0.24841197, -0.13312358), (0.43026215, -0.24841197, -0.13312358), (0.41153306, -0.23759872, -0.19683322), (0.4390252, -0.18185018, -0.19683322), (0.45900548, -0.1901263, -0.13312358), (0.45900548, -0.1901263, -0.13312358), (0.4390252, -0.18185018, -0.19683322), (0.45900548, -0.12299015, -0.19683322), (0.47989509, -0.1285875, -0.13312358), (0.47989509, -0.1285875, -0.13312358), (0.45900548, -0.12299015, -0.19683322), (0.47113207, -0.06202571, -0.19683322), (0.49257356, -0.064848535, -0.13312358), (0.49257356, -0.064848535, -0.13312358), (0.47113207, -0.06202571, -0.19683322), (0.47519743, -1.163898e-16, -0.19683322), (0.49682394, -1.2168678e-16, -0.13312358), (0.47519743, 0, -0.19683322), (0.44544017, 0, -0.257175), (0.44162935, 0.058141608, -0.257175), (0.47113207, 0.06202571, -0.19683322), (0.47113207, 0.06202571, -0.19683322), (0.44162935, 0.058141608, -0.257175), (0.43026215, 0.1152884, -0.257175), (0.45900548, 0.12299015, -0.19683322), (0.45900548, 0.12299015, -0.19683322), (0.43026215, 0.1152884, -0.257175), (0.41153306, 0.17046258, -0.257175), (0.4390252, 0.18185018, -0.19683322), (0.4390252, 0.18185018, -0.19683322), (0.41153306, 0.17046258, -0.257175), (0.3857625, 0.22272009, -0.257175), (0.41153306, 0.23759872, -0.19683322), (0.41153306, 0.23759872, -0.19683322), (0.3857625, 0.22272009, -0.257175), (0.35339144, 0.2711668, -0.257175), (0.37699947, 0.28928187, -0.19683322), (0.37699947, 0.28928187, -0.19683322), (0.35339144, 0.2711668, -0.257175), (0.31497377, 0.31497377, -0.257175), (0.33601534, 0.33601534, -0.19683322), (0.33601534, 0.33601534, -0.19683322), (0.31497377, 0.31497377, -0.257175), (0.2711668, 0.35339144, -0.257175), (0.28928187, 0.37699947, -0.19683322), (0.28928187, 0.37699947, -0.19683322), (0.2711668, 0.35339144, -0.257175), (0.22272009, 0.3857625, -0.257175), (0.23759872, 0.41153306, -0.19683322), (0.23759872, 0.41153306, -0.19683322), (0.22272009, 0.3857625, -0.257175), (0.17046258, 0.41153306, -0.257175), (0.18185018, 0.4390252, -0.19683322), (0.18185018, 0.4390252, -0.19683322), (0.17046258, 0.41153306, -0.257175), (0.1152884, 0.43026215, -0.257175), (0.12299015, 0.45900548, -0.19683322), (0.12299015, 0.45900548, -0.19683322), (0.1152884, 0.43026215, -0.257175), (0.058141608, 0.44162935, -0.257175), (0.06202571, 0.47113207, -0.19683322), (0.06202571, 0.47113207, -0.19683322), (0.058141608, 0.44162935, -0.257175), (2.7275344e-17, 0.44544017, -0.257175), (2.909745e-17, 0.47519743, -0.19683322), (2.909745e-17, 0.47519743, -0.19683322), (2.7275344e-17, 0.44544017, -0.257175), (-0.058141608, 0.44162935, -0.257175), (-0.06202571, 0.47113207, -0.19683322), (-0.06202571, 0.47113207, -0.19683322), (-0.058141608, 0.44162935, -0.257175), (-0.1152884, 0.43026215, -0.257175), (-0.12299015, 0.45900548, -0.19683322), (-0.12299015, 0.45900548, -0.19683322), (-0.1152884, 0.43026215, -0.257175), (-0.17046258, 0.41153306, -0.257175), (-0.18185018, 0.4390252, -0.19683322), (-0.18185018, 0.4390252, -0.19683322), (-0.17046258, 0.41153306, -0.257175), (-0.22272009, 0.3857625, -0.257175), (-0.23759872, 0.41153306, -0.19683322), (-0.23759872, 0.41153306, -0.19683322), (-0.22272009, 0.3857625, -0.257175), (-0.2711668, 0.35339144, -0.257175), (-0.28928187, 0.37699947, -0.19683322), (-0.28928187, 0.37699947, -0.19683322), (-0.2711668, 0.35339144, -0.257175), (-0.31497377, 0.31497377, -0.257175), (-0.33601534, 0.33601534, -0.19683322), (-0.33601534, 0.33601534, -0.19683322), (-0.31497377, 0.31497377, -0.257175), (-0.35339144, 0.2711668, -0.257175), (-0.37699947, 0.28928187, -0.19683322), (-0.37699947, 0.28928187, -0.19683322), (-0.35339144, 0.2711668, -0.257175), (-0.3857625, 0.22272009, -0.257175), (-0.41153306, 0.23759872, -0.19683322), (-0.41153306, 0.23759872, -0.19683322), (-0.3857625, 0.22272009, -0.257175), (-0.41153306, 0.17046258, -0.257175), (-0.4390252, 0.18185018, -0.19683322), (-0.4390252, 0.18185018, -0.19683322), (-0.41153306, 0.17046258, -0.257175), (-0.43026215, 0.1152884, -0.257175), (-0.45900548, 0.12299015, -0.19683322), (-0.45900548, 0.12299015, -0.19683322), (-0.43026215, 0.1152884, -0.257175), (-0.44162935, 0.058141608, -0.257175), (-0.47113207, 0.06202571, -0.19683322), (-0.47113207, 0.06202571, -0.19683322), (-0.44162935, 0.058141608, -0.257175), (-0.44544017, 5.455069e-17, -0.257175), (-0.47519743, 5.81949e-17, -0.19683322), (-0.47519743, 5.81949e-17, -0.19683322), (-0.44544017, 5.455069e-17, -0.257175), (-0.44162935, -0.058141608, -0.257175), (-0.47113207, -0.06202571, -0.19683322), (-0.47113207, -0.06202571, -0.19683322), (-0.44162935, -0.058141608, -0.257175), (-0.43026215, -0.1152884, -0.257175), (-0.45900548, -0.12299015, -0.19683322), (-0.45900548, -0.12299015, -0.19683322), (-0.43026215, -0.1152884, -0.257175), (-0.41153306, -0.17046258, -0.257175), (-0.4390252, -0.18185018, -0.19683322), (-0.4390252, -0.18185018, -0.19683322), (-0.41153306, -0.17046258, -0.257175), (-0.3857625, -0.22272009, -0.257175), (-0.41153306, -0.23759872, -0.19683322), (-0.41153306, -0.23759872, -0.19683322), (-0.3857625, -0.22272009, -0.257175), (-0.35339144, -0.2711668, -0.257175), (-0.37699947, -0.28928187, -0.19683322), (-0.37699947, -0.28928187, -0.19683322), (-0.35339144, -0.2711668, -0.257175), (-0.31497377, -0.31497377, -0.257175), (-0.33601534, -0.33601534, -0.19683322), (-0.33601534, -0.33601534, -0.19683322), (-0.31497377, -0.31497377, -0.257175), (-0.2711668, -0.35339144, -0.257175), (-0.28928187, -0.37699947, -0.19683322), (-0.28928187, -0.37699947, -0.19683322), (-0.2711668, -0.35339144, -0.257175), (-0.22272009, -0.3857625, -0.257175), (-0.23759872, -0.41153306, -0.19683322), (-0.23759872, -0.41153306, -0.19683322), (-0.22272009, -0.3857625, -0.257175), (-0.17046258, -0.41153306, -0.257175), (-0.18185018, -0.4390252, -0.19683322), (-0.18185018, -0.4390252, -0.19683322), (-0.17046258, -0.41153306, -0.257175), (-0.1152884, -0.43026215, -0.257175), (-0.12299015, -0.45900548, -0.19683322), (-0.12299015, -0.45900548, -0.19683322), (-0.1152884, -0.43026215, -0.257175), (-0.058141608, -0.44162935, -0.257175), (-0.06202571, -0.47113207, -0.19683322), (-0.06202571, -0.47113207, -0.19683322), (-0.058141608, -0.44162935, -0.257175), (-8.182603e-17, -0.44544017, -0.257175), (-8.729235e-17, -0.47519743, -0.19683322), (-8.729235e-17, -0.47519743, -0.19683322), (-8.182603e-17, -0.44544017, -0.257175), (0.058141608, -0.44162935, -0.257175), (0.06202571, -0.47113207, -0.19683322), (0.06202571, -0.47113207, -0.19683322), (0.058141608, -0.44162935, -0.257175), (0.1152884, -0.43026215, -0.257175), (0.12299015, -0.45900548, -0.19683322), (0.12299015, -0.45900548, -0.19683322), (0.1152884, -0.43026215, -0.257175), (0.17046258, -0.41153306, -0.257175), (0.18185018, -0.4390252, -0.19683322), (0.18185018, -0.4390252, -0.19683322), (0.17046258, -0.41153306, -0.257175), (0.22272009, -0.3857625, -0.257175), (0.23759872, -0.41153306, -0.19683322), (0.23759872, -0.41153306, -0.19683322), (0.22272009, -0.3857625, -0.257175), (0.2711668, -0.35339144, -0.257175), (0.28928187, -0.37699947, -0.19683322), (0.28928187, -0.37699947, -0.19683322), (0.2711668, -0.35339144, -0.257175), (0.31497377, -0.31497377, -0.257175), (0.33601534, -0.33601534, -0.19683322), (0.33601534, -0.33601534, -0.19683322), (0.31497377, -0.31497377, -0.257175), (0.35339144, -0.2711668, -0.257175), (0.37699947, -0.28928187, -0.19683322), (0.37699947, -0.28928187, -0.19683322), (0.35339144, -0.2711668, -0.257175), (0.3857625, -0.22272009, -0.257175), (0.41153306, -0.23759872, -0.19683322), (0.41153306, -0.23759872, -0.19683322), (0.3857625, -0.22272009, -0.257175), (0.41153306, -0.17046258, -0.257175), (0.4390252, -0.18185018, -0.19683322), (0.4390252, -0.18185018, -0.19683322), (0.41153306, -0.17046258, -0.257175), (0.43026215, -0.1152884, -0.257175), (0.45900548, -0.12299015, -0.19683322), (0.45900548, -0.12299015, -0.19683322), (0.43026215, -0.1152884, -0.257175), (0.44162935, -0.058141608, -0.257175), (0.47113207, -0.06202571, -0.19683322), (0.47113207, -0.06202571, -0.19683322), (0.44162935, -0.058141608, -0.257175), (0.44544017, -1.0910138e-16, -0.257175), (0.47519743, -1.163898e-16, -0.19683322), (0.44544017, 0, -0.257175), (0.4080613, 0, -0.31311643), (0.40457028, 0.05326269, -0.31311643), (0.44162935, 0.058141608, -0.257175), (0.44162935, 0.058141608, -0.257175), (0.40457028, 0.05326269, -0.31311643), (0.39415693, 0.10561404, -0.31311643), (0.43026215, 0.1152884, -0.257175), (0.43026215, 0.1152884, -0.257175), (0.39415693, 0.10561404, -0.31311643), (0.37699947, 0.1561583, -0.31311643), (0.41153306, 0.17046258, -0.257175), (0.41153306, 0.17046258, -0.257175), (0.37699947, 0.1561583, -0.31311643), (0.35339144, 0.20403065, -0.31311643), (0.3857625, 0.22272009, -0.257175), (0.3857625, 0.22272009, -0.257175), (0.35339144, 0.20403065, -0.31311643), (0.3237368, 0.24841197, -0.31311643), (0.35339144, 0.2711668, -0.257175), (0.35339144, 0.2711668, -0.257175), (0.3237368, 0.24841197, -0.31311643), (0.2885429, 0.2885429, -0.31311643), (0.31497377, 0.31497377, -0.257175), (0.31497377, 0.31497377, -0.257175), (0.2885429, 0.2885429, -0.31311643), (0.24841197, 0.3237368, -0.31311643), (0.2711668, 0.35339144, -0.257175), (0.2711668, 0.35339144, -0.257175), (0.24841197, 0.3237368, -0.31311643), (0.20403065, 0.35339144, -0.31311643), (0.22272009, 0.3857625, -0.257175), (0.22272009, 0.3857625, -0.257175), (0.20403065, 0.35339144, -0.31311643), (0.1561583, 0.37699947, -0.31311643), (0.17046258, 0.41153306, -0.257175), (0.17046258, 0.41153306, -0.257175), (0.1561583, 0.37699947, -0.31311643), (0.10561404, 0.39415693, -0.31311643), (0.1152884, 0.43026215, -0.257175), (0.1152884, 0.43026215, -0.257175), (0.10561404, 0.39415693, -0.31311643), (0.05326269, 0.40457028, -0.31311643), (0.058141608, 0.44162935, -0.257175), (0.058141608, 0.44162935, -0.257175), (0.05326269, 0.40457028, -0.31311643), (2.4986547e-17, 0.4080613, -0.31311643), (2.7275344e-17, 0.44544017, -0.257175), (2.7275344e-17, 0.44544017, -0.257175), (2.4986547e-17, 0.4080613, -0.31311643), (-0.05326269, 0.40457028, -0.31311643), (-0.058141608, 0.44162935, -0.257175), (-0.058141608, 0.44162935, -0.257175), (-0.05326269, 0.40457028, -0.31311643), (-0.10561404, 0.39415693, -0.31311643), (-0.1152884, 0.43026215, -0.257175), (-0.1152884, 0.43026215, -0.257175), (-0.10561404, 0.39415693, -0.31311643), (-0.1561583, 0.37699947, -0.31311643), (-0.17046258, 0.41153306, -0.257175), (-0.17046258, 0.41153306, -0.257175), (-0.1561583, 0.37699947, -0.31311643), (-0.20403065, 0.35339144, -0.31311643), (-0.22272009, 0.3857625, -0.257175), (-0.22272009, 0.3857625, -0.257175), (-0.20403065, 0.35339144, -0.31311643), (-0.24841197, 0.3237368, -0.31311643), (-0.2711668, 0.35339144, -0.257175), (-0.2711668, 0.35339144, -0.257175), (-0.24841197, 0.3237368, -0.31311643), (-0.2885429, 0.2885429, -0.31311643), (-0.31497377, 0.31497377, -0.257175), (-0.31497377, 0.31497377, -0.257175), (-0.2885429, 0.2885429, -0.31311643), (-0.3237368, 0.24841197, -0.31311643), (-0.35339144, 0.2711668, -0.257175), (-0.35339144, 0.2711668, -0.257175), (-0.3237368, 0.24841197, -0.31311643), (-0.35339144, 0.20403065, -0.31311643), (-0.3857625, 0.22272009, -0.257175), (-0.3857625, 0.22272009, -0.257175), (-0.35339144, 0.20403065, -0.31311643), (-0.37699947, 0.1561583, -0.31311643), (-0.41153306, 0.17046258, -0.257175), (-0.41153306, 0.17046258, -0.257175), (-0.37699947, 0.1561583, -0.31311643), (-0.39415693, 0.10561404, -0.31311643), (-0.43026215, 0.1152884, -0.257175), (-0.43026215, 0.1152884, -0.257175), (-0.39415693, 0.10561404, -0.31311643), (-0.40457028, 0.05326269, -0.31311643), (-0.44162935, 0.058141608, -0.257175), (-0.44162935, 0.058141608, -0.257175), (-0.40457028, 0.05326269, -0.31311643), (-0.4080613, 4.9973094e-17, -0.31311643), (-0.44544017, 5.455069e-17, -0.257175), (-0.44544017, 5.455069e-17, -0.257175), (-0.4080613, 4.9973094e-17, -0.31311643), (-0.40457028, -0.05326269, -0.31311643), (-0.44162935, -0.058141608, -0.257175), (-0.44162935, -0.058141608, -0.257175), (-0.40457028, -0.05326269, -0.31311643), (-0.39415693, -0.10561404, -0.31311643), (-0.43026215, -0.1152884, -0.257175), (-0.43026215, -0.1152884, -0.257175), (-0.39415693, -0.10561404, -0.31311643), (-0.37699947, -0.1561583, -0.31311643), (-0.41153306, -0.17046258, -0.257175), (-0.41153306, -0.17046258, -0.257175), (-0.37699947, -0.1561583, -0.31311643), (-0.35339144, -0.20403065, -0.31311643), (-0.3857625, -0.22272009, -0.257175), (-0.3857625, -0.22272009, -0.257175), (-0.35339144, -0.20403065, -0.31311643), (-0.3237368, -0.24841197, -0.31311643), (-0.35339144, -0.2711668, -0.257175), (-0.35339144, -0.2711668, -0.257175), (-0.3237368, -0.24841197, -0.31311643), (-0.2885429, -0.2885429, -0.31311643), (-0.31497377, -0.31497377, -0.257175), (-0.31497377, -0.31497377, -0.257175), (-0.2885429, -0.2885429, -0.31311643), (-0.24841197, -0.3237368, -0.31311643), (-0.2711668, -0.35339144, -0.257175), (-0.2711668, -0.35339144, -0.257175), (-0.24841197, -0.3237368, -0.31311643), (-0.20403065, -0.35339144, -0.31311643), (-0.22272009, -0.3857625, -0.257175), (-0.22272009, -0.3857625, -0.257175), (-0.20403065, -0.35339144, -0.31311643), (-0.1561583, -0.37699947, -0.31311643), (-0.17046258, -0.41153306, -0.257175), (-0.17046258, -0.41153306, -0.257175), (-0.1561583, -0.37699947, -0.31311643), (-0.10561404, -0.39415693, -0.31311643), (-0.1152884, -0.43026215, -0.257175), (-0.1152884, -0.43026215, -0.257175), (-0.10561404, -0.39415693, -0.31311643), (-0.05326269, -0.40457028, -0.31311643), (-0.058141608, -0.44162935, -0.257175), (-0.058141608, -0.44162935, -0.257175), (-0.05326269, -0.40457028, -0.31311643), (-7.495964e-17, -0.4080613, -0.31311643), (-8.182603e-17, -0.44544017, -0.257175), (-8.182603e-17, -0.44544017, -0.257175), (-7.495964e-17, -0.4080613, -0.31311643), (0.05326269, -0.40457028, -0.31311643), (0.058141608, -0.44162935, -0.257175), (0.058141608, -0.44162935, -0.257175), (0.05326269, -0.40457028, -0.31311643), (0.10561404, -0.39415693, -0.31311643), (0.1152884, -0.43026215, -0.257175), (0.1152884, -0.43026215, -0.257175), (0.10561404, -0.39415693, -0.31311643), (0.1561583, -0.37699947, -0.31311643), (0.17046258, -0.41153306, -0.257175), (0.17046258, -0.41153306, -0.257175), (0.1561583, -0.37699947, -0.31311643), (0.20403065, -0.35339144, -0.31311643), (0.22272009, -0.3857625, -0.257175), (0.22272009, -0.3857625, -0.257175), (0.20403065, -0.35339144, -0.31311643), (0.24841197, -0.3237368, -0.31311643), (0.2711668, -0.35339144, -0.257175), (0.2711668, -0.35339144, -0.257175), (0.24841197, -0.3237368, -0.31311643), (0.2885429, -0.2885429, -0.31311643), (0.31497377, -0.31497377, -0.257175), (0.31497377, -0.31497377, -0.257175), (0.2885429, -0.2885429, -0.31311643), (0.3237368, -0.24841197, -0.31311643), (0.35339144, -0.2711668, -0.257175), (0.35339144, -0.2711668, -0.257175), (0.3237368, -0.24841197, -0.31311643), (0.35339144, -0.20403065, -0.31311643), (0.3857625, -0.22272009, -0.257175), (0.3857625, -0.22272009, -0.257175), (0.35339144, -0.20403065, -0.31311643), (0.37699947, -0.1561583, -0.31311643), (0.41153306, -0.17046258, -0.257175), (0.41153306, -0.17046258, -0.257175), (0.37699947, -0.1561583, -0.31311643), (0.39415693, -0.10561404, -0.31311643), (0.43026215, -0.1152884, -0.257175), (0.43026215, -0.1152884, -0.257175), (0.39415693, -0.10561404, -0.31311643), (0.40457028, -0.05326269, -0.31311643), (0.44162935, -0.058141608, -0.257175), (0.44162935, -0.058141608, -0.257175), (0.40457028, -0.05326269, -0.31311643), (0.4080613, -9.994619e-17, -0.31311643), (0.44544017, -1.0910138e-16, -0.257175), (0.4080613, 0, -0.31311643), (0.36370036, 0, -0.36370036), (0.36058888, 0.047472425, -0.36370036), (0.40457028, 0.05326269, -0.31311643), (0.40457028, 0.05326269, -0.31311643), (0.36058888, 0.047472425, -0.36370036), (0.35130757, 0.09413258, -0.36370036), (0.39415693, 0.10561404, -0.31311643), (0.39415693, 0.10561404, -0.31311643), (0.35130757, 0.09413258, -0.36370036), (0.33601534, 0.1391821, -0.36370036), (0.37699947, 0.1561583, -0.31311643), (0.37699947, 0.1561583, -0.31311643), (0.33601534, 0.1391821, -0.36370036), (0.31497377, 0.18185018, -0.36370036), (0.35339144, 0.20403065, -0.31311643), (0.35339144, 0.20403065, -0.31311643), (0.31497377, 0.18185018, -0.36370036), (0.2885429, 0.22140676, -0.36370036), (0.3237368, 0.24841197, -0.31311643), (0.3237368, 0.24841197, -0.31311643), (0.2885429, 0.22140676, -0.36370036), (0.257175, 0.257175, -0.36370036), (0.2885429, 0.2885429, -0.31311643), (0.2885429, 0.2885429, -0.31311643), (0.257175, 0.257175, -0.36370036), (0.22140676, 0.2885429, -0.36370036), (0.24841197, 0.3237368, -0.31311643), (0.24841197, 0.3237368, -0.31311643), (0.22140676, 0.2885429, -0.36370036), (0.18185018, 0.31497377, -0.36370036), (0.20403065, 0.35339144, -0.31311643), (0.20403065, 0.35339144, -0.31311643), (0.18185018, 0.31497377, -0.36370036), (0.1391821, 0.33601534, -0.36370036), (0.1561583, 0.37699947, -0.31311643), (0.1561583, 0.37699947, -0.31311643), (0.1391821, 0.33601534, -0.36370036), (0.09413258, 0.35130757, -0.36370036), (0.10561404, 0.39415693, -0.31311643), (0.10561404, 0.39415693, -0.31311643), (0.09413258, 0.35130757, -0.36370036), (0.047472425, 0.36058888, -0.36370036), (0.05326269, 0.40457028, -0.31311643), (0.05326269, 0.40457028, -0.31311643), (0.047472425, 0.36058888, -0.36370036), (2.2270225e-17, 0.36370036, -0.36370036), (2.4986547e-17, 0.4080613, -0.31311643), (2.4986547e-17, 0.4080613, -0.31311643), (2.2270225e-17, 0.36370036, -0.36370036), (-0.047472425, 0.36058888, -0.36370036), (-0.05326269, 0.40457028, -0.31311643), (-0.05326269, 0.40457028, -0.31311643), (-0.047472425, 0.36058888, -0.36370036), (-0.09413258, 0.35130757, -0.36370036), (-0.10561404, 0.39415693, -0.31311643), (-0.10561404, 0.39415693, -0.31311643), (-0.09413258, 0.35130757, -0.36370036), (-0.1391821, 0.33601534, -0.36370036), (-0.1561583, 0.37699947, -0.31311643), (-0.1561583, 0.37699947, -0.31311643), (-0.1391821, 0.33601534, -0.36370036), (-0.18185018, 0.31497377, -0.36370036), (-0.20403065, 0.35339144, -0.31311643), (-0.20403065, 0.35339144, -0.31311643), (-0.18185018, 0.31497377, -0.36370036), (-0.22140676, 0.2885429, -0.36370036), (-0.24841197, 0.3237368, -0.31311643), (-0.24841197, 0.3237368, -0.31311643), (-0.22140676, 0.2885429, -0.36370036), (-0.257175, 0.257175, -0.36370036), (-0.2885429, 0.2885429, -0.31311643), (-0.2885429, 0.2885429, -0.31311643), (-0.257175, 0.257175, -0.36370036), (-0.2885429, 0.22140676, -0.36370036), (-0.3237368, 0.24841197, -0.31311643), (-0.3237368, 0.24841197, -0.31311643), (-0.2885429, 0.22140676, -0.36370036), (-0.31497377, 0.18185018, -0.36370036), (-0.35339144, 0.20403065, -0.31311643), (-0.35339144, 0.20403065, -0.31311643), (-0.31497377, 0.18185018, -0.36370036), (-0.33601534, 0.1391821, -0.36370036), (-0.37699947, 0.1561583, -0.31311643), (-0.37699947, 0.1561583, -0.31311643), (-0.33601534, 0.1391821, -0.36370036), (-0.35130757, 0.09413258, -0.36370036), (-0.39415693, 0.10561404, -0.31311643), (-0.39415693, 0.10561404, -0.31311643), (-0.35130757, 0.09413258, -0.36370036), (-0.36058888, 0.047472425, -0.36370036), (-0.40457028, 0.05326269, -0.31311643), (-0.40457028, 0.05326269, -0.31311643), (-0.36058888, 0.047472425, -0.36370036), (-0.36370036, 4.454045e-17, -0.36370036), (-0.4080613, 4.9973094e-17, -0.31311643), (-0.4080613, 4.9973094e-17, -0.31311643), (-0.36370036, 4.454045e-17, -0.36370036), (-0.36058888, -0.047472425, -0.36370036), (-0.40457028, -0.05326269, -0.31311643), (-0.40457028, -0.05326269, -0.31311643), (-0.36058888, -0.047472425, -0.36370036), (-0.35130757, -0.09413258, -0.36370036), (-0.39415693, -0.10561404, -0.31311643), (-0.39415693, -0.10561404, -0.31311643), (-0.35130757, -0.09413258, -0.36370036), (-0.33601534, -0.1391821, -0.36370036), (-0.37699947, -0.1561583, -0.31311643), (-0.37699947, -0.1561583, -0.31311643), (-0.33601534, -0.1391821, -0.36370036), (-0.31497377, -0.18185018, -0.36370036), (-0.35339144, -0.20403065, -0.31311643), (-0.35339144, -0.20403065, -0.31311643), (-0.31497377, -0.18185018, -0.36370036), (-0.2885429, -0.22140676, -0.36370036), (-0.3237368, -0.24841197, -0.31311643), (-0.3237368, -0.24841197, -0.31311643), (-0.2885429, -0.22140676, -0.36370036), (-0.257175, -0.257175, -0.36370036), (-0.2885429, -0.2885429, -0.31311643), (-0.2885429, -0.2885429, -0.31311643), (-0.257175, -0.257175, -0.36370036), (-0.22140676, -0.2885429, -0.36370036), (-0.24841197, -0.3237368, -0.31311643), (-0.24841197, -0.3237368, -0.31311643), (-0.22140676, -0.2885429, -0.36370036), (-0.18185018, -0.31497377, -0.36370036), (-0.20403065, -0.35339144, -0.31311643), (-0.20403065, -0.35339144, -0.31311643), (-0.18185018, -0.31497377, -0.36370036), (-0.1391821, -0.33601534, -0.36370036), (-0.1561583, -0.37699947, -0.31311643), (-0.1561583, -0.37699947, -0.31311643), (-0.1391821, -0.33601534, -0.36370036), (-0.09413258, -0.35130757, -0.36370036), (-0.10561404, -0.39415693, -0.31311643), (-0.10561404, -0.39415693, -0.31311643), (-0.09413258, -0.35130757, -0.36370036), (-0.047472425, -0.36058888, -0.36370036), (-0.05326269, -0.40457028, -0.31311643), (-0.05326269, -0.40457028, -0.31311643), (-0.047472425, -0.36058888, -0.36370036), (-6.6810677e-17, -0.36370036, -0.36370036), (-7.495964e-17, -0.4080613, -0.31311643), (-7.495964e-17, -0.4080613, -0.31311643), (-6.6810677e-17, -0.36370036, -0.36370036), (0.047472425, -0.36058888, -0.36370036), (0.05326269, -0.40457028, -0.31311643), (0.05326269, -0.40457028, -0.31311643), (0.047472425, -0.36058888, -0.36370036), (0.09413258, -0.35130757, -0.36370036), (0.10561404, -0.39415693, -0.31311643), (0.10561404, -0.39415693, -0.31311643), (0.09413258, -0.35130757, -0.36370036), (0.1391821, -0.33601534, -0.36370036), (0.1561583, -0.37699947, -0.31311643), (0.1561583, -0.37699947, -0.31311643), (0.1391821, -0.33601534, -0.36370036), (0.18185018, -0.31497377, -0.36370036), (0.20403065, -0.35339144, -0.31311643), (0.20403065, -0.35339144, -0.31311643), (0.18185018, -0.31497377, -0.36370036), (0.22140676, -0.2885429, -0.36370036), (0.24841197, -0.3237368, -0.31311643), (0.24841197, -0.3237368, -0.31311643), (0.22140676, -0.2885429, -0.36370036), (0.257175, -0.257175, -0.36370036), (0.2885429, -0.2885429, -0.31311643), (0.2885429, -0.2885429, -0.31311643), (0.257175, -0.257175, -0.36370036), (0.2885429, -0.22140676, -0.36370036), (0.3237368, -0.24841197, -0.31311643), (0.3237368, -0.24841197, -0.31311643), (0.2885429, -0.22140676, -0.36370036), (0.31497377, -0.18185018, -0.36370036), (0.35339144, -0.20403065, -0.31311643), (0.35339144, -0.20403065, -0.31311643), (0.31497377, -0.18185018, -0.36370036), (0.33601534, -0.1391821, -0.36370036), (0.37699947, -0.1561583, -0.31311643), (0.37699947, -0.1561583, -0.31311643), (0.33601534, -0.1391821, -0.36370036), (0.35130757, -0.09413258, -0.36370036), (0.39415693, -0.10561404, -0.31311643), (0.39415693, -0.10561404, -0.31311643), (0.35130757, -0.09413258, -0.36370036), (0.36058888, -0.047472425, -0.36370036), (0.40457028, -0.05326269, -0.31311643), (0.40457028, -0.05326269, -0.31311643), (0.36058888, -0.047472425, -0.36370036), (0.36370036, -8.90809e-17, -0.36370036), (0.4080613, -9.994619e-17, -0.31311643), (0.36370036, 0, -0.36370036), (0.31311643, 0, -0.4080613), (0.31043768, 0.040869895, -0.4080613), (0.36058888, 0.047472425, -0.36370036), (0.36058888, 0.047472425, -0.36370036), (0.31043768, 0.040869895, -0.4080613), (0.30244726, 0.0810405, -0.4080613), (0.35130757, 0.09413258, -0.36370036), (0.35130757, 0.09413258, -0.36370036), (0.30244726, 0.0810405, -0.4080613), (0.28928187, 0.11982448, -0.4080613), (0.33601534, 0.1391821, -0.36370036), (0.33601534, 0.1391821, -0.36370036), (0.28928187, 0.11982448, -0.4080613), (0.2711668, 0.15655822, -0.4080613), (0.31497377, 0.18185018, -0.36370036), (0.31497377, 0.18185018, -0.36370036), (0.2711668, 0.15655822, -0.4080613), (0.24841197, 0.19061321, -0.4080613), (0.2885429, 0.22140676, -0.36370036), (0.2885429, 0.22140676, -0.36370036), (0.24841197, 0.19061321, -0.4080613), (0.22140676, 0.22140676, -0.4080613), (0.257175, 0.257175, -0.36370036), (0.257175, 0.257175, -0.36370036), (0.22140676, 0.22140676, -0.4080613), (0.19061321, 0.24841197, -0.4080613), (0.22140676, 0.2885429, -0.36370036), (0.22140676, 0.2885429, -0.36370036), (0.19061321, 0.24841197, -0.4080613), (0.15655822, 0.2711668, -0.4080613), (0.18185018, 0.31497377, -0.36370036), (0.18185018, 0.31497377, -0.36370036), (0.15655822, 0.2711668, -0.4080613), (0.11982448, 0.28928187, -0.4080613), (0.1391821, 0.33601534, -0.36370036), (0.1391821, 0.33601534, -0.36370036), (0.11982448, 0.28928187, -0.4080613), (0.0810405, 0.30244726, -0.4080613), (0.09413258, 0.35130757, -0.36370036), (0.09413258, 0.35130757, -0.36370036), (0.0810405, 0.30244726, -0.4080613), (0.040869895, 0.31043768, -0.4080613), (0.047472425, 0.36058888, -0.36370036), (0.047472425, 0.36058888, -0.36370036), (0.040869895, 0.31043768, -0.4080613), (1.9172852e-17, 0.31311643, -0.4080613), (2.2270225e-17, 0.36370036, -0.36370036), (2.2270225e-17, 0.36370036, -0.36370036), (1.9172852e-17, 0.31311643, -0.4080613), (-0.040869895, 0.31043768, -0.4080613), (-0.047472425, 0.36058888, -0.36370036), (-0.047472425, 0.36058888, -0.36370036), (-0.040869895, 0.31043768, -0.4080613), (-0.0810405, 0.30244726, -0.4080613), (-0.09413258, 0.35130757, -0.36370036), (-0.09413258, 0.35130757, -0.36370036), (-0.0810405, 0.30244726, -0.4080613), (-0.11982448, 0.28928187, -0.4080613), (-0.1391821, 0.33601534, -0.36370036), (-0.1391821, 0.33601534, -0.36370036), (-0.11982448, 0.28928187, -0.4080613), (-0.15655822, 0.2711668, -0.4080613), (-0.18185018, 0.31497377, -0.36370036), (-0.18185018, 0.31497377, -0.36370036), (-0.15655822, 0.2711668, -0.4080613), (-0.19061321, 0.24841197, -0.4080613), (-0.22140676, 0.2885429, -0.36370036), (-0.22140676, 0.2885429, -0.36370036), (-0.19061321, 0.24841197, -0.4080613), (-0.22140676, 0.22140676, -0.4080613), (-0.257175, 0.257175, -0.36370036), (-0.257175, 0.257175, -0.36370036), (-0.22140676, 0.22140676, -0.4080613), (-0.24841197, 0.19061321, -0.4080613), (-0.2885429, 0.22140676, -0.36370036), (-0.2885429, 0.22140676, -0.36370036), (-0.24841197, 0.19061321, -0.4080613), (-0.2711668, 0.15655822, -0.4080613), (-0.31497377, 0.18185018, -0.36370036), (-0.31497377, 0.18185018, -0.36370036), (-0.2711668, 0.15655822, -0.4080613), (-0.28928187, 0.11982448, -0.4080613), (-0.33601534, 0.1391821, -0.36370036), (-0.33601534, 0.1391821, -0.36370036), (-0.28928187, 0.11982448, -0.4080613), (-0.30244726, 0.0810405, -0.4080613), (-0.35130757, 0.09413258, -0.36370036), (-0.35130757, 0.09413258, -0.36370036), (-0.30244726, 0.0810405, -0.4080613), (-0.31043768, 0.040869895, -0.4080613), (-0.36058888, 0.047472425, -0.36370036), (-0.36058888, 0.047472425, -0.36370036), (-0.31043768, 0.040869895, -0.4080613), (-0.31311643, 3.8345704e-17, -0.4080613), (-0.36370036, 4.454045e-17, -0.36370036), (-0.36370036, 4.454045e-17, -0.36370036), (-0.31311643, 3.8345704e-17, -0.4080613), (-0.31043768, -0.040869895, -0.4080613), (-0.36058888, -0.047472425, -0.36370036), (-0.36058888, -0.047472425, -0.36370036), (-0.31043768, -0.040869895, -0.4080613), (-0.30244726, -0.0810405, -0.4080613), (-0.35130757, -0.09413258, -0.36370036), (-0.35130757, -0.09413258, -0.36370036), (-0.30244726, -0.0810405, -0.4080613), (-0.28928187, -0.11982448, -0.4080613), (-0.33601534, -0.1391821, -0.36370036), (-0.33601534, -0.1391821, -0.36370036), (-0.28928187, -0.11982448, -0.4080613), (-0.2711668, -0.15655822, -0.4080613), (-0.31497377, -0.18185018, -0.36370036), (-0.31497377, -0.18185018, -0.36370036), (-0.2711668, -0.15655822, -0.4080613), (-0.24841197, -0.19061321, -0.4080613), (-0.2885429, -0.22140676, -0.36370036), (-0.2885429, -0.22140676, -0.36370036), (-0.24841197, -0.19061321, -0.4080613), (-0.22140676, -0.22140676, -0.4080613), (-0.257175, -0.257175, -0.36370036), (-0.257175, -0.257175, -0.36370036), (-0.22140676, -0.22140676, -0.4080613), (-0.19061321, -0.24841197, -0.4080613), (-0.22140676, -0.2885429, -0.36370036), (-0.22140676, -0.2885429, -0.36370036), (-0.19061321, -0.24841197, -0.4080613), (-0.15655822, -0.2711668, -0.4080613), (-0.18185018, -0.31497377, -0.36370036), (-0.18185018, -0.31497377, -0.36370036), (-0.15655822, -0.2711668, -0.4080613), (-0.11982448, -0.28928187, -0.4080613), (-0.1391821, -0.33601534, -0.36370036), (-0.1391821, -0.33601534, -0.36370036), (-0.11982448, -0.28928187, -0.4080613), (-0.0810405, -0.30244726, -0.4080613), (-0.09413258, -0.35130757, -0.36370036), (-0.09413258, -0.35130757, -0.36370036), (-0.0810405, -0.30244726, -0.4080613), (-0.040869895, -0.31043768, -0.4080613), (-0.047472425, -0.36058888, -0.36370036), (-0.047472425, -0.36058888, -0.36370036), (-0.040869895, -0.31043768, -0.4080613), (-5.751856e-17, -0.31311643, -0.4080613), (-6.6810677e-17, -0.36370036, -0.36370036), (-6.6810677e-17, -0.36370036, -0.36370036), (-5.751856e-17, -0.31311643, -0.4080613), (0.040869895, -0.31043768, -0.4080613), (0.047472425, -0.36058888, -0.36370036), (0.047472425, -0.36058888, -0.36370036), (0.040869895, -0.31043768, -0.4080613), (0.0810405, -0.30244726, -0.4080613), (0.09413258, -0.35130757, -0.36370036), (0.09413258, -0.35130757, -0.36370036), (0.0810405, -0.30244726, -0.4080613), (0.11982448, -0.28928187, -0.4080613), (0.1391821, -0.33601534, -0.36370036), (0.1391821, -0.33601534, -0.36370036), (0.11982448, -0.28928187, -0.4080613), (0.15655822, -0.2711668, -0.4080613), (0.18185018, -0.31497377, -0.36370036), (0.18185018, -0.31497377, -0.36370036), (0.15655822, -0.2711668, -0.4080613), (0.19061321, -0.24841197, -0.4080613), (0.22140676, -0.2885429, -0.36370036), (0.22140676, -0.2885429, -0.36370036), (0.19061321, -0.24841197, -0.4080613), (0.22140676, -0.22140676, -0.4080613), (0.257175, -0.257175, -0.36370036), (0.257175, -0.257175, -0.36370036), (0.22140676, -0.22140676, -0.4080613), (0.24841197, -0.19061321, -0.4080613), (0.2885429, -0.22140676, -0.36370036), (0.2885429, -0.22140676, -0.36370036), (0.24841197, -0.19061321, -0.4080613), (0.2711668, -0.15655822, -0.4080613), (0.31497377, -0.18185018, -0.36370036), (0.31497377, -0.18185018, -0.36370036), (0.2711668, -0.15655822, -0.4080613), (0.28928187, -0.11982448, -0.4080613), (0.33601534, -0.1391821, -0.36370036), (0.33601534, -0.1391821, -0.36370036), (0.28928187, -0.11982448, -0.4080613), (0.30244726, -0.0810405, -0.4080613), (0.35130757, -0.09413258, -0.36370036), (0.35130757, -0.09413258, -0.36370036), (0.30244726, -0.0810405, -0.4080613), (0.31043768, -0.040869895, -0.4080613), (0.36058888, -0.047472425, -0.36370036), (0.36058888, -0.047472425, -0.36370036), (0.31043768, -0.040869895, -0.4080613), (0.31311643, -7.669141e-17, -0.4080613), (0.36370036, -8.90809e-17, -0.36370036), (0.31311643, 0, -0.4080613), (0.257175, 0, -0.44544017), (0.25497484, 0.033568073, -0.44544017), (0.31043768, 0.040869895, -0.4080613), (0.31043768, 0.040869895, -0.4080613), (0.25497484, 0.033568073, -0.44544017), (0.24841197, 0.06656179, -0.44544017), (0.30244726, 0.0810405, -0.4080613), (0.30244726, 0.0810405, -0.4080613), (0.24841197, 0.06656179, -0.44544017), (0.23759872, 0.09841661, -0.44544017), (0.28928187, 0.11982448, -0.4080613), (0.28928187, 0.11982448, -0.4080613), (0.23759872, 0.09841661, -0.44544017), (0.22272009, 0.1285875, -0.44544017), (0.2711668, 0.15655822, -0.4080613), (0.2711668, 0.15655822, -0.4080613), (0.22272009, 0.1285875, -0.44544017), (0.20403065, 0.15655822, -0.44544017), (0.24841197, 0.19061321, -0.4080613), (0.24841197, 0.19061321, -0.4080613), (0.20403065, 0.15655822, -0.44544017), (0.18185018, 0.18185018, -0.44544017), (0.22140676, 0.22140676, -0.4080613), (0.22140676, 0.22140676, -0.4080613), (0.18185018, 0.18185018, -0.44544017), (0.15655822, 0.20403065, -0.44544017), (0.19061321, 0.24841197, -0.4080613), (0.19061321, 0.24841197, -0.4080613), (0.15655822, 0.20403065, -0.44544017), (0.1285875, 0.22272009, -0.44544017), (0.15655822, 0.2711668, -0.4080613), (0.15655822, 0.2711668, -0.4080613), (0.1285875, 0.22272009, -0.44544017), (0.09841661, 0.23759872, -0.44544017), (0.11982448, 0.28928187, -0.4080613), (0.11982448, 0.28928187, -0.4080613), (0.09841661, 0.23759872, -0.44544017), (0.06656179, 0.24841197, -0.44544017), (0.0810405, 0.30244726, -0.4080613), (0.0810405, 0.30244726, -0.4080613), (0.06656179, 0.24841197, -0.44544017), (0.033568073, 0.25497484, -0.44544017), (0.040869895, 0.31043768, -0.4080613), (0.040869895, 0.31043768, -0.4080613), (0.033568073, 0.25497484, -0.44544017), (1.5747428e-17, 0.257175, -0.44544017), (1.9172852e-17, 0.31311643, -0.4080613), (1.9172852e-17, 0.31311643, -0.4080613), (1.5747428e-17, 0.257175, -0.44544017), (-0.033568073, 0.25497484, -0.44544017), (-0.040869895, 0.31043768, -0.4080613), (-0.040869895, 0.31043768, -0.4080613), (-0.033568073, 0.25497484, -0.44544017), (-0.06656179, 0.24841197, -0.44544017), (-0.0810405, 0.30244726, -0.4080613), (-0.0810405, 0.30244726, -0.4080613), (-0.06656179, 0.24841197, -0.44544017), (-0.09841661, 0.23759872, -0.44544017), (-0.11982448, 0.28928187, -0.4080613), (-0.11982448, 0.28928187, -0.4080613), (-0.09841661, 0.23759872, -0.44544017), (-0.1285875, 0.22272009, -0.44544017), (-0.15655822, 0.2711668, -0.4080613), (-0.15655822, 0.2711668, -0.4080613), (-0.1285875, 0.22272009, -0.44544017), (-0.15655822, 0.20403065, -0.44544017), (-0.19061321, 0.24841197, -0.4080613), (-0.19061321, 0.24841197, -0.4080613), (-0.15655822, 0.20403065, -0.44544017), (-0.18185018, 0.18185018, -0.44544017), (-0.22140676, 0.22140676, -0.4080613), (-0.22140676, 0.22140676, -0.4080613), (-0.18185018, 0.18185018, -0.44544017), (-0.20403065, 0.15655822, -0.44544017), (-0.24841197, 0.19061321, -0.4080613), (-0.24841197, 0.19061321, -0.4080613), (-0.20403065, 0.15655822, -0.44544017), (-0.22272009, 0.1285875, -0.44544017), (-0.2711668, 0.15655822, -0.4080613), (-0.2711668, 0.15655822, -0.4080613), (-0.22272009, 0.1285875, -0.44544017), (-0.23759872, 0.09841661, -0.44544017), (-0.28928187, 0.11982448, -0.4080613), (-0.28928187, 0.11982448, -0.4080613), (-0.23759872, 0.09841661, -0.44544017), (-0.24841197, 0.06656179, -0.44544017), (-0.30244726, 0.0810405, -0.4080613), (-0.30244726, 0.0810405, -0.4080613), (-0.24841197, 0.06656179, -0.44544017), (-0.25497484, 0.033568073, -0.44544017), (-0.31043768, 0.040869895, -0.4080613), (-0.31043768, 0.040869895, -0.4080613), (-0.25497484, 0.033568073, -0.44544017), (-0.257175, 3.1494856e-17, -0.44544017), (-0.31311643, 3.8345704e-17, -0.4080613), (-0.31311643, 3.8345704e-17, -0.4080613), (-0.257175, 3.1494856e-17, -0.44544017), (-0.25497484, -0.033568073, -0.44544017), (-0.31043768, -0.040869895, -0.4080613), (-0.31043768, -0.040869895, -0.4080613), (-0.25497484, -0.033568073, -0.44544017), (-0.24841197, -0.06656179, -0.44544017), (-0.30244726, -0.0810405, -0.4080613), (-0.30244726, -0.0810405, -0.4080613), (-0.24841197, -0.06656179, -0.44544017), (-0.23759872, -0.09841661, -0.44544017), (-0.28928187, -0.11982448, -0.4080613), (-0.28928187, -0.11982448, -0.4080613), (-0.23759872, -0.09841661, -0.44544017), (-0.22272009, -0.1285875, -0.44544017), (-0.2711668, -0.15655822, -0.4080613), (-0.2711668, -0.15655822, -0.4080613), (-0.22272009, -0.1285875, -0.44544017), (-0.20403065, -0.15655822, -0.44544017), (-0.24841197, -0.19061321, -0.4080613), (-0.24841197, -0.19061321, -0.4080613), (-0.20403065, -0.15655822, -0.44544017), (-0.18185018, -0.18185018, -0.44544017), (-0.22140676, -0.22140676, -0.4080613), (-0.22140676, -0.22140676, -0.4080613), (-0.18185018, -0.18185018, -0.44544017), (-0.15655822, -0.20403065, -0.44544017), (-0.19061321, -0.24841197, -0.4080613), (-0.19061321, -0.24841197, -0.4080613), (-0.15655822, -0.20403065, -0.44544017), (-0.1285875, -0.22272009, -0.44544017), (-0.15655822, -0.2711668, -0.4080613), (-0.15655822, -0.2711668, -0.4080613), (-0.1285875, -0.22272009, -0.44544017), (-0.09841661, -0.23759872, -0.44544017), (-0.11982448, -0.28928187, -0.4080613), (-0.11982448, -0.28928187, -0.4080613), (-0.09841661, -0.23759872, -0.44544017), (-0.06656179, -0.24841197, -0.44544017), (-0.0810405, -0.30244726, -0.4080613), (-0.0810405, -0.30244726, -0.4080613), (-0.06656179, -0.24841197, -0.44544017), (-0.033568073, -0.25497484, -0.44544017), (-0.040869895, -0.31043768, -0.4080613), (-0.040869895, -0.31043768, -0.4080613), (-0.033568073, -0.25497484, -0.44544017), (-4.724228e-17, -0.257175, -0.44544017), (-5.751856e-17, -0.31311643, -0.4080613), (-5.751856e-17, -0.31311643, -0.4080613), (-4.724228e-17, -0.257175, -0.44544017), (0.033568073, -0.25497484, -0.44544017), (0.040869895, -0.31043768, -0.4080613), (0.040869895, -0.31043768, -0.4080613), (0.033568073, -0.25497484, -0.44544017), (0.06656179, -0.24841197, -0.44544017), (0.0810405, -0.30244726, -0.4080613), (0.0810405, -0.30244726, -0.4080613), (0.06656179, -0.24841197, -0.44544017), (0.09841661, -0.23759872, -0.44544017), (0.11982448, -0.28928187, -0.4080613), (0.11982448, -0.28928187, -0.4080613), (0.09841661, -0.23759872, -0.44544017), (0.1285875, -0.22272009, -0.44544017), (0.15655822, -0.2711668, -0.4080613), (0.15655822, -0.2711668, -0.4080613), (0.1285875, -0.22272009, -0.44544017), (0.15655822, -0.20403065, -0.44544017), (0.19061321, -0.24841197, -0.4080613), (0.19061321, -0.24841197, -0.4080613), (0.15655822, -0.20403065, -0.44544017), (0.18185018, -0.18185018, -0.44544017), (0.22140676, -0.22140676, -0.4080613), (0.22140676, -0.22140676, -0.4080613), (0.18185018, -0.18185018, -0.44544017), (0.20403065, -0.15655822, -0.44544017), (0.24841197, -0.19061321, -0.4080613), (0.24841197, -0.19061321, -0.4080613), (0.20403065, -0.15655822, -0.44544017), (0.22272009, -0.1285875, -0.44544017), (0.2711668, -0.15655822, -0.4080613), (0.2711668, -0.15655822, -0.4080613), (0.22272009, -0.1285875, -0.44544017), (0.23759872, -0.09841661, -0.44544017), (0.28928187, -0.11982448, -0.4080613), (0.28928187, -0.11982448, -0.4080613), (0.23759872, -0.09841661, -0.44544017), (0.24841197, -0.06656179, -0.44544017), (0.30244726, -0.0810405, -0.4080613), (0.30244726, -0.0810405, -0.4080613), (0.24841197, -0.06656179, -0.44544017), (0.25497484, -0.033568073, -0.44544017), (0.31043768, -0.040869895, -0.4080613), (0.31043768, -0.040869895, -0.4080613), (0.25497484, -0.033568073, -0.44544017), (0.257175, -6.298971e-17, -0.44544017), (0.31311643, -7.669141e-17, -0.4080613), (0.257175, 0, -0.44544017), (0.19683322, 0, -0.47519743), (0.19514929, 0.025691891, -0.47519743), (0.25497484, 0.033568073, -0.44544017), (0.25497484, 0.033568073, -0.44544017), (0.19514929, 0.025691891, -0.47519743), (0.1901263, 0.050944187, -0.47519743), (0.24841197, 0.06656179, -0.44544017), (0.24841197, 0.06656179, -0.44544017), (0.1901263, 0.050944187, -0.47519743), (0.18185018, 0.07532481, -0.47519743), (0.23759872, 0.09841661, -0.44544017), (0.23759872, 0.09841661, -0.44544017), (0.18185018, 0.07532481, -0.47519743), (0.17046258, 0.09841661, -0.47519743), (0.22272009, 0.1285875, -0.44544017), (0.22272009, 0.1285875, -0.44544017), (0.17046258, 0.09841661, -0.47519743), (0.1561583, 0.11982448, -0.47519743), (0.20403065, 0.15655822, -0.44544017), (0.20403065, 0.15655822, -0.44544017), (0.1561583, 0.11982448, -0.47519743), (0.1391821, 0.1391821, -0.47519743), (0.18185018, 0.18185018, -0.44544017), (0.18185018, 0.18185018, -0.44544017), (0.1391821, 0.1391821, -0.47519743), (0.11982448, 0.1561583, -0.47519743), (0.15655822, 0.20403065, -0.44544017), (0.15655822, 0.20403065, -0.44544017), (0.11982448, 0.1561583, -0.47519743), (0.09841661, 0.17046258, -0.47519743), (0.1285875, 0.22272009, -0.44544017), (0.1285875, 0.22272009, -0.44544017), (0.09841661, 0.17046258, -0.47519743), (0.07532481, 0.18185018, -0.47519743), (0.09841661, 0.23759872, -0.44544017), (0.09841661, 0.23759872, -0.44544017), (0.07532481, 0.18185018, -0.47519743), (0.050944187, 0.1901263, -0.47519743), (0.06656179, 0.24841197, -0.44544017), (0.06656179, 0.24841197, -0.44544017), (0.050944187, 0.1901263, -0.47519743), (0.025691891, 0.19514929, -0.47519743), (0.033568073, 0.25497484, -0.44544017), (0.033568073, 0.25497484, -0.44544017), (0.025691891, 0.19514929, -0.47519743), (1.2052559e-17, 0.19683322, -0.47519743), (1.5747428e-17, 0.257175, -0.44544017), (1.5747428e-17, 0.257175, -0.44544017), (1.2052559e-17, 0.19683322, -0.47519743), (-0.025691891, 0.19514929, -0.47519743), (-0.033568073, 0.25497484, -0.44544017), (-0.033568073, 0.25497484, -0.44544017), (-0.025691891, 0.19514929, -0.47519743), (-0.050944187, 0.1901263, -0.47519743), (-0.06656179, 0.24841197, -0.44544017), (-0.06656179, 0.24841197, -0.44544017), (-0.050944187, 0.1901263, -0.47519743), (-0.07532481, 0.18185018, -0.47519743), (-0.09841661, 0.23759872, -0.44544017), (-0.09841661, 0.23759872, -0.44544017), (-0.07532481, 0.18185018, -0.47519743), (-0.09841661, 0.17046258, -0.47519743), (-0.1285875, 0.22272009, -0.44544017), (-0.1285875, 0.22272009, -0.44544017), (-0.09841661, 0.17046258, -0.47519743), (-0.11982448, 0.1561583, -0.47519743), (-0.15655822, 0.20403065, -0.44544017), (-0.15655822, 0.20403065, -0.44544017), (-0.11982448, 0.1561583, -0.47519743), (-0.1391821, 0.1391821, -0.47519743), (-0.18185018, 0.18185018, -0.44544017), (-0.18185018, 0.18185018, -0.44544017), (-0.1391821, 0.1391821, -0.47519743), (-0.1561583, 0.11982448, -0.47519743), (-0.20403065, 0.15655822, -0.44544017), (-0.20403065, 0.15655822, -0.44544017), (-0.1561583, 0.11982448, -0.47519743), (-0.17046258, 0.09841661, -0.47519743), (-0.22272009, 0.1285875, -0.44544017), (-0.22272009, 0.1285875, -0.44544017), (-0.17046258, 0.09841661, -0.47519743), (-0.18185018, 0.07532481, -0.47519743), (-0.23759872, 0.09841661, -0.44544017), (-0.23759872, 0.09841661, -0.44544017), (-0.18185018, 0.07532481, -0.47519743), (-0.1901263, 0.050944187, -0.47519743), (-0.24841197, 0.06656179, -0.44544017), (-0.24841197, 0.06656179, -0.44544017), (-0.1901263, 0.050944187, -0.47519743), (-0.19514929, 0.025691891, -0.47519743), (-0.25497484, 0.033568073, -0.44544017), (-0.25497484, 0.033568073, -0.44544017), (-0.19514929, 0.025691891, -0.47519743), (-0.19683322, 2.4105118e-17, -0.47519743), (-0.257175, 3.1494856e-17, -0.44544017), (-0.257175, 3.1494856e-17, -0.44544017), (-0.19683322, 2.4105118e-17, -0.47519743), (-0.19514929, -0.025691891, -0.47519743), (-0.25497484, -0.033568073, -0.44544017), (-0.25497484, -0.033568073, -0.44544017), (-0.19514929, -0.025691891, -0.47519743), (-0.1901263, -0.050944187, -0.47519743), (-0.24841197, -0.06656179, -0.44544017), (-0.24841197, -0.06656179, -0.44544017), (-0.1901263, -0.050944187, -0.47519743), (-0.18185018, -0.07532481, -0.47519743), (-0.23759872, -0.09841661, -0.44544017), (-0.23759872, -0.09841661, -0.44544017), (-0.18185018, -0.07532481, -0.47519743), (-0.17046258, -0.09841661, -0.47519743), (-0.22272009, -0.1285875, -0.44544017), (-0.22272009, -0.1285875, -0.44544017), (-0.17046258, -0.09841661, -0.47519743), (-0.1561583, -0.11982448, -0.47519743), (-0.20403065, -0.15655822, -0.44544017), (-0.20403065, -0.15655822, -0.44544017), (-0.1561583, -0.11982448, -0.47519743), (-0.1391821, -0.1391821, -0.47519743), (-0.18185018, -0.18185018, -0.44544017), (-0.18185018, -0.18185018, -0.44544017), (-0.1391821, -0.1391821, -0.47519743), (-0.11982448, -0.1561583, -0.47519743), (-0.15655822, -0.20403065, -0.44544017), (-0.15655822, -0.20403065, -0.44544017), (-0.11982448, -0.1561583, -0.47519743), (-0.09841661, -0.17046258, -0.47519743), (-0.1285875, -0.22272009, -0.44544017), (-0.1285875, -0.22272009, -0.44544017), (-0.09841661, -0.17046258, -0.47519743), (-0.07532481, -0.18185018, -0.47519743), (-0.09841661, -0.23759872, -0.44544017), (-0.09841661, -0.23759872, -0.44544017), (-0.07532481, -0.18185018, -0.47519743), (-0.050944187, -0.1901263, -0.47519743), (-0.06656179, -0.24841197, -0.44544017), (-0.06656179, -0.24841197, -0.44544017), (-0.050944187, -0.1901263, -0.47519743), (-0.025691891, -0.19514929, -0.47519743), (-0.033568073, -0.25497484, -0.44544017), (-0.033568073, -0.25497484, -0.44544017), (-0.025691891, -0.19514929, -0.47519743), (-3.6157676e-17, -0.19683322, -0.47519743), (-4.724228e-17, -0.257175, -0.44544017), (-4.724228e-17, -0.257175, -0.44544017), (-3.6157676e-17, -0.19683322, -0.47519743), (0.025691891, -0.19514929, -0.47519743), (0.033568073, -0.25497484, -0.44544017), (0.033568073, -0.25497484, -0.44544017), (0.025691891, -0.19514929, -0.47519743), (0.050944187, -0.1901263, -0.47519743), (0.06656179, -0.24841197, -0.44544017), (0.06656179, -0.24841197, -0.44544017), (0.050944187, -0.1901263, -0.47519743), (0.07532481, -0.18185018, -0.47519743), (0.09841661, -0.23759872, -0.44544017), (0.09841661, -0.23759872, -0.44544017), (0.07532481, -0.18185018, -0.47519743), (0.09841661, -0.17046258, -0.47519743), (0.1285875, -0.22272009, -0.44544017), (0.1285875, -0.22272009, -0.44544017), (0.09841661, -0.17046258, -0.47519743), (0.11982448, -0.1561583, -0.47519743), (0.15655822, -0.20403065, -0.44544017), (0.15655822, -0.20403065, -0.44544017), (0.11982448, -0.1561583, -0.47519743), (0.1391821, -0.1391821, -0.47519743), (0.18185018, -0.18185018, -0.44544017), (0.18185018, -0.18185018, -0.44544017), (0.1391821, -0.1391821, -0.47519743), (0.1561583, -0.11982448, -0.47519743), (0.20403065, -0.15655822, -0.44544017), (0.20403065, -0.15655822, -0.44544017), (0.1561583, -0.11982448, -0.47519743), (0.17046258, -0.09841661, -0.47519743), (0.22272009, -0.1285875, -0.44544017), (0.22272009, -0.1285875, -0.44544017), (0.17046258, -0.09841661, -0.47519743), (0.18185018, -0.07532481, -0.47519743), (0.23759872, -0.09841661, -0.44544017), (0.23759872, -0.09841661, -0.44544017), (0.18185018, -0.07532481, -0.47519743), (0.1901263, -0.050944187, -0.47519743), (0.24841197, -0.06656179, -0.44544017), (0.24841197, -0.06656179, -0.44544017), (0.1901263, -0.050944187, -0.47519743), (0.19514929, -0.025691891, -0.47519743), (0.25497484, -0.033568073, -0.44544017), (0.25497484, -0.033568073, -0.44544017), (0.19514929, -0.025691891, -0.47519743), (0.19683322, -4.8210237e-17, -0.47519743), (0.257175, -6.298971e-17, -0.44544017), (0.19683322, 0, -0.47519743), (0.13312358, 0, -0.49682394), (0.13198468, 0.017376114, -0.49682394), (0.19514929, 0.025691891, -0.47519743), (0.19514929, 0.025691891, -0.47519743), (0.13198468, 0.017376114, -0.49682394), (0.1285875, 0.034454916, -0.49682394), (0.1901263, 0.050944187, -0.47519743), (0.1901263, 0.050944187, -0.47519743), (0.1285875, 0.034454916, -0.49682394), (0.12299015, 0.050944187, -0.49682394), (0.18185018, 0.07532481, -0.47519743), (0.18185018, 0.07532481, -0.47519743), (0.12299015, 0.050944187, -0.49682394), (0.1152884, 0.06656179, -0.49682394), (0.17046258, 0.09841661, -0.47519743), (0.17046258, 0.09841661, -0.47519743), (0.1152884, 0.06656179, -0.49682394), (0.10561404, 0.0810405, -0.49682394), (0.1561583, 0.11982448, -0.47519743), (0.1561583, 0.11982448, -0.47519743), (0.10561404, 0.0810405, -0.49682394), (0.09413258, 0.09413258, -0.49682394), (0.1391821, 0.1391821, -0.47519743), (0.1391821, 0.1391821, -0.47519743), (0.09413258, 0.09413258, -0.49682394), (0.0810405, 0.10561404, -0.49682394), (0.11982448, 0.1561583, -0.47519743), (0.11982448, 0.1561583, -0.47519743), (0.0810405, 0.10561404, -0.49682394), (0.06656179, 0.1152884, -0.49682394), (0.09841661, 0.17046258, -0.47519743), (0.09841661, 0.17046258, -0.47519743), (0.06656179, 0.1152884, -0.49682394), (0.050944187, 0.12299015, -0.49682394), (0.07532481, 0.18185018, -0.47519743), (0.07532481, 0.18185018, -0.47519743), (0.050944187, 0.12299015, -0.49682394), (0.034454916, 0.1285875, -0.49682394), (0.050944187, 0.1901263, -0.47519743), (0.050944187, 0.1901263, -0.47519743), (0.034454916, 0.1285875, -0.49682394), (0.017376114, 0.13198468, -0.49682394), (0.025691891, 0.19514929, -0.47519743), (0.025691891, 0.19514929, -0.47519743), (0.017376114, 0.13198468, -0.49682394), (8.151468e-18, 0.13312358, -0.49682394), (1.2052559e-17, 0.19683322, -0.47519743), (1.2052559e-17, 0.19683322, -0.47519743), (8.151468e-18, 0.13312358, -0.49682394), (-0.017376114, 0.13198468, -0.49682394), (-0.025691891, 0.19514929, -0.47519743), (-0.025691891, 0.19514929, -0.47519743), (-0.017376114, 0.13198468, -0.49682394), (-0.034454916, 0.1285875, -0.49682394), (-0.050944187, 0.1901263, -0.47519743), (-0.050944187, 0.1901263, -0.47519743), (-0.034454916, 0.1285875, -0.49682394), (-0.050944187, 0.12299015, -0.49682394), (-0.07532481, 0.18185018, -0.47519743), (-0.07532481, 0.18185018, -0.47519743), (-0.050944187, 0.12299015, -0.49682394), (-0.06656179, 0.1152884, -0.49682394), (-0.09841661, 0.17046258, -0.47519743), (-0.09841661, 0.17046258, -0.47519743), (-0.06656179, 0.1152884, -0.49682394), (-0.0810405, 0.10561404, -0.49682394), (-0.11982448, 0.1561583, -0.47519743), (-0.11982448, 0.1561583, -0.47519743), (-0.0810405, 0.10561404, -0.49682394), (-0.09413258, 0.09413258, -0.49682394), (-0.1391821, 0.1391821, -0.47519743), (-0.1391821, 0.1391821, -0.47519743), (-0.09413258, 0.09413258, -0.49682394), (-0.10561404, 0.0810405, -0.49682394), (-0.1561583, 0.11982448, -0.47519743), (-0.1561583, 0.11982448, -0.47519743), (-0.10561404, 0.0810405, -0.49682394), (-0.1152884, 0.06656179, -0.49682394), (-0.17046258, 0.09841661, -0.47519743), (-0.17046258, 0.09841661, -0.47519743), (-0.1152884, 0.06656179, -0.49682394), (-0.12299015, 0.050944187, -0.49682394), (-0.18185018, 0.07532481, -0.47519743), (-0.18185018, 0.07532481, -0.47519743), (-0.12299015, 0.050944187, -0.49682394), (-0.1285875, 0.034454916, -0.49682394), (-0.1901263, 0.050944187, -0.47519743), (-0.1901263, 0.050944187, -0.47519743), (-0.1285875, 0.034454916, -0.49682394), (-0.13198468, 0.017376114, -0.49682394), (-0.19514929, 0.025691891, -0.47519743), (-0.19514929, 0.025691891, -0.47519743), (-0.13198468, 0.017376114, -0.49682394), (-0.13312358, 1.6302936e-17, -0.49682394), (-0.19683322, 2.4105118e-17, -0.47519743), (-0.19683322, 2.4105118e-17, -0.47519743), (-0.13312358, 1.6302936e-17, -0.49682394), (-0.13198468, -0.017376114, -0.49682394), (-0.19514929, -0.025691891, -0.47519743), (-0.19514929, -0.025691891, -0.47519743), (-0.13198468, -0.017376114, -0.49682394), (-0.1285875, -0.034454916, -0.49682394), (-0.1901263, -0.050944187, -0.47519743), (-0.1901263, -0.050944187, -0.47519743), (-0.1285875, -0.034454916, -0.49682394), (-0.12299015, -0.050944187, -0.49682394), (-0.18185018, -0.07532481, -0.47519743), (-0.18185018, -0.07532481, -0.47519743), (-0.12299015, -0.050944187, -0.49682394), (-0.1152884, -0.06656179, -0.49682394), (-0.17046258, -0.09841661, -0.47519743), (-0.17046258, -0.09841661, -0.47519743), (-0.1152884, -0.06656179, -0.49682394), (-0.10561404, -0.0810405, -0.49682394), (-0.1561583, -0.11982448, -0.47519743), (-0.1561583, -0.11982448, -0.47519743), (-0.10561404, -0.0810405, -0.49682394), (-0.09413258, -0.09413258, -0.49682394), (-0.1391821, -0.1391821, -0.47519743), (-0.1391821, -0.1391821, -0.47519743), (-0.09413258, -0.09413258, -0.49682394), (-0.0810405, -0.10561404, -0.49682394), (-0.11982448, -0.1561583, -0.47519743), (-0.11982448, -0.1561583, -0.47519743), (-0.0810405, -0.10561404, -0.49682394), (-0.06656179, -0.1152884, -0.49682394), (-0.09841661, -0.17046258, -0.47519743), (-0.09841661, -0.17046258, -0.47519743), (-0.06656179, -0.1152884, -0.49682394), (-0.050944187, -0.12299015, -0.49682394), (-0.07532481, -0.18185018, -0.47519743), (-0.07532481, -0.18185018, -0.47519743), (-0.050944187, -0.12299015, -0.49682394), (-0.034454916, -0.1285875, -0.49682394), (-0.050944187, -0.1901263, -0.47519743), (-0.050944187, -0.1901263, -0.47519743), (-0.034454916, -0.1285875, -0.49682394), (-0.017376114, -0.13198468, -0.49682394), (-0.025691891, -0.19514929, -0.47519743), (-0.025691891, -0.19514929, -0.47519743), (-0.017376114, -0.13198468, -0.49682394), (-2.4454404e-17, -0.13312358, -0.49682394), (-3.6157676e-17, -0.19683322, -0.47519743), (-3.6157676e-17, -0.19683322, -0.47519743), (-2.4454404e-17, -0.13312358, -0.49682394), (0.017376114, -0.13198468, -0.49682394), (0.025691891, -0.19514929, -0.47519743), (0.025691891, -0.19514929, -0.47519743), (0.017376114, -0.13198468, -0.49682394), (0.034454916, -0.1285875, -0.49682394), (0.050944187, -0.1901263, -0.47519743), (0.050944187, -0.1901263, -0.47519743), (0.034454916, -0.1285875, -0.49682394), (0.050944187, -0.12299015, -0.49682394), (0.07532481, -0.18185018, -0.47519743), (0.07532481, -0.18185018, -0.47519743), (0.050944187, -0.12299015, -0.49682394), (0.06656179, -0.1152884, -0.49682394), (0.09841661, -0.17046258, -0.47519743), (0.09841661, -0.17046258, -0.47519743), (0.06656179, -0.1152884, -0.49682394), (0.0810405, -0.10561404, -0.49682394), (0.11982448, -0.1561583, -0.47519743), (0.11982448, -0.1561583, -0.47519743), (0.0810405, -0.10561404, -0.49682394), (0.09413258, -0.09413258, -0.49682394), (0.1391821, -0.1391821, -0.47519743), (0.1391821, -0.1391821, -0.47519743), (0.09413258, -0.09413258, -0.49682394), (0.10561404, -0.0810405, -0.49682394), (0.1561583, -0.11982448, -0.47519743), (0.1561583, -0.11982448, -0.47519743), (0.10561404, -0.0810405, -0.49682394), (0.1152884, -0.06656179, -0.49682394), (0.17046258, -0.09841661, -0.47519743), (0.17046258, -0.09841661, -0.47519743), (0.1152884, -0.06656179, -0.49682394), (0.12299015, -0.050944187, -0.49682394), (0.18185018, -0.07532481, -0.47519743), (0.18185018, -0.07532481, -0.47519743), (0.12299015, -0.050944187, -0.49682394), (0.1285875, -0.034454916, -0.49682394), (0.1901263, -0.050944187, -0.47519743), (0.1901263, -0.050944187, -0.47519743), (0.1285875, -0.034454916, -0.49682394), (0.13198468, -0.017376114, -0.49682394), (0.19514929, -0.025691891, -0.47519743), (0.19514929, -0.025691891, -0.47519743), (0.13198468, -0.017376114, -0.49682394), (0.13312358, -3.260587e-17, -0.49682394), (0.19683322, -4.8210237e-17, -0.47519743), (0.13312358, 0, -0.49682394), (0.067136146, 0, -0.5099497), (0.06656179, 0.0087630255, -0.5099497), (0.13198468, 0.017376114, -0.49682394), (0.13198468, 0.017376114, -0.49682394), (0.06656179, 0.0087630255, -0.5099497), (0.064848535, 0.017376114, -0.5099497), (0.1285875, 0.034454916, -0.49682394), (0.1285875, 0.034454916, -0.49682394), (0.064848535, 0.017376114, -0.5099497), (0.06202571, 0.025691891, -0.5099497), (0.12299015, 0.050944187, -0.49682394), (0.12299015, 0.050944187, -0.49682394), (0.06202571, 0.025691891, -0.5099497), (0.058141608, 0.033568073, -0.5099497), (0.1152884, 0.06656179, -0.49682394), (0.1152884, 0.06656179, -0.49682394), (0.058141608, 0.033568073, -0.5099497), (0.05326269, 0.040869895, -0.5099497), (0.10561404, 0.0810405, -0.49682394), (0.10561404, 0.0810405, -0.49682394), (0.05326269, 0.040869895, -0.5099497), (0.047472425, 0.047472425, -0.5099497), (0.09413258, 0.09413258, -0.49682394), (0.09413258, 0.09413258, -0.49682394), (0.047472425, 0.047472425, -0.5099497), (0.040869895, 0.05326269, -0.5099497), (0.0810405, 0.10561404, -0.49682394), (0.0810405, 0.10561404, -0.49682394), (0.040869895, 0.05326269, -0.5099497), (0.033568073, 0.058141608, -0.5099497), (0.06656179, 0.1152884, -0.49682394), (0.06656179, 0.1152884, -0.49682394), (0.033568073, 0.058141608, -0.5099497), (0.025691891, 0.06202571, -0.5099497), (0.050944187, 0.12299015, -0.49682394), (0.050944187, 0.12299015, -0.49682394), (0.025691891, 0.06202571, -0.5099497), (0.017376114, 0.064848535, -0.5099497), (0.034454916, 0.1285875, -0.49682394), (0.034454916, 0.1285875, -0.49682394), (0.017376114, 0.064848535, -0.5099497), (0.0087630255, 0.06656179, -0.5099497), (0.017376114, 0.13198468, -0.49682394), (0.017376114, 0.13198468, -0.49682394), (0.0087630255, 0.06656179, -0.5099497), (4.110903e-18, 0.067136146, -0.5099497), (8.151468e-18, 0.13312358, -0.49682394), (8.151468e-18, 0.13312358, -0.49682394), (4.110903e-18, 0.067136146, -0.5099497), (-0.0087630255, 0.06656179, -0.5099497), (-0.017376114, 0.13198468, -0.49682394), (-0.017376114, 0.13198468, -0.49682394), (-0.0087630255, 0.06656179, -0.5099497), (-0.017376114, 0.064848535, -0.5099497), (-0.034454916, 0.1285875, -0.49682394), (-0.034454916, 0.1285875, -0.49682394), (-0.017376114, 0.064848535, -0.5099497), (-0.025691891, 0.06202571, -0.5099497), (-0.050944187, 0.12299015, -0.49682394), (-0.050944187, 0.12299015, -0.49682394), (-0.025691891, 0.06202571, -0.5099497), (-0.033568073, 0.058141608, -0.5099497), (-0.06656179, 0.1152884, -0.49682394), (-0.06656179, 0.1152884, -0.49682394), (-0.033568073, 0.058141608, -0.5099497), (-0.040869895, 0.05326269, -0.5099497), (-0.0810405, 0.10561404, -0.49682394), (-0.0810405, 0.10561404, -0.49682394), (-0.040869895, 0.05326269, -0.5099497), (-0.047472425, 0.047472425, -0.5099497), (-0.09413258, 0.09413258, -0.49682394), (-0.09413258, 0.09413258, -0.49682394), (-0.047472425, 0.047472425, -0.5099497), (-0.05326269, 0.040869895, -0.5099497), (-0.10561404, 0.0810405, -0.49682394), (-0.10561404, 0.0810405, -0.49682394), (-0.05326269, 0.040869895, -0.5099497), (-0.058141608, 0.033568073, -0.5099497), (-0.1152884, 0.06656179, -0.49682394), (-0.1152884, 0.06656179, -0.49682394), (-0.058141608, 0.033568073, -0.5099497), (-0.06202571, 0.025691891, -0.5099497), (-0.12299015, 0.050944187, -0.49682394), (-0.12299015, 0.050944187, -0.49682394), (-0.06202571, 0.025691891, -0.5099497), (-0.064848535, 0.017376114, -0.5099497), (-0.1285875, 0.034454916, -0.49682394), (-0.1285875, 0.034454916, -0.49682394), (-0.064848535, 0.017376114, -0.5099497), (-0.06656179, 0.0087630255, -0.5099497), (-0.13198468, 0.017376114, -0.49682394), (-0.13198468, 0.017376114, -0.49682394), (-0.06656179, 0.0087630255, -0.5099497), (-0.067136146, 8.221806e-18, -0.5099497), (-0.13312358, 1.6302936e-17, -0.49682394), (-0.13312358, 1.6302936e-17, -0.49682394), (-0.067136146, 8.221806e-18, -0.5099497), (-0.06656179, -0.0087630255, -0.5099497), (-0.13198468, -0.017376114, -0.49682394), (-0.13198468, -0.017376114, -0.49682394), (-0.06656179, -0.0087630255, -0.5099497), (-0.064848535, -0.017376114, -0.5099497), (-0.1285875, -0.034454916, -0.49682394), (-0.1285875, -0.034454916, -0.49682394), (-0.064848535, -0.017376114, -0.5099497), (-0.06202571, -0.025691891, -0.5099497), (-0.12299015, -0.050944187, -0.49682394), (-0.12299015, -0.050944187, -0.49682394), (-0.06202571, -0.025691891, -0.5099497), (-0.058141608, -0.033568073, -0.5099497), (-0.1152884, -0.06656179, -0.49682394), (-0.1152884, -0.06656179, -0.49682394), (-0.058141608, -0.033568073, -0.5099497), (-0.05326269, -0.040869895, -0.5099497), (-0.10561404, -0.0810405, -0.49682394), (-0.10561404, -0.0810405, -0.49682394), (-0.05326269, -0.040869895, -0.5099497), (-0.047472425, -0.047472425, -0.5099497), (-0.09413258, -0.09413258, -0.49682394), (-0.09413258, -0.09413258, -0.49682394), (-0.047472425, -0.047472425, -0.5099497), (-0.040869895, -0.05326269, -0.5099497), (-0.0810405, -0.10561404, -0.49682394), (-0.0810405, -0.10561404, -0.49682394), (-0.040869895, -0.05326269, -0.5099497), (-0.033568073, -0.058141608, -0.5099497), (-0.06656179, -0.1152884, -0.49682394), (-0.06656179, -0.1152884, -0.49682394), (-0.033568073, -0.058141608, -0.5099497), (-0.025691891, -0.06202571, -0.5099497), (-0.050944187, -0.12299015, -0.49682394), (-0.050944187, -0.12299015, -0.49682394), (-0.025691891, -0.06202571, -0.5099497), (-0.017376114, -0.064848535, -0.5099497), (-0.034454916, -0.1285875, -0.49682394), (-0.034454916, -0.1285875, -0.49682394), (-0.017376114, -0.064848535, -0.5099497), (-0.0087630255, -0.06656179, -0.5099497), (-0.017376114, -0.13198468, -0.49682394), (-0.017376114, -0.13198468, -0.49682394), (-0.0087630255, -0.06656179, -0.5099497), (-1.233271e-17, -0.067136146, -0.5099497), (-2.4454404e-17, -0.13312358, -0.49682394), (-2.4454404e-17, -0.13312358, -0.49682394), (-1.233271e-17, -0.067136146, -0.5099497), (0.0087630255, -0.06656179, -0.5099497), (0.017376114, -0.13198468, -0.49682394), (0.017376114, -0.13198468, -0.49682394), (0.0087630255, -0.06656179, -0.5099497), (0.017376114, -0.064848535, -0.5099497), (0.034454916, -0.1285875, -0.49682394), (0.034454916, -0.1285875, -0.49682394), (0.017376114, -0.064848535, -0.5099497), (0.025691891, -0.06202571, -0.5099497), (0.050944187, -0.12299015, -0.49682394), (0.050944187, -0.12299015, -0.49682394), (0.025691891, -0.06202571, -0.5099497), (0.033568073, -0.058141608, -0.5099497), (0.06656179, -0.1152884, -0.49682394), (0.06656179, -0.1152884, -0.49682394), (0.033568073, -0.058141608, -0.5099497), (0.040869895, -0.05326269, -0.5099497), (0.0810405, -0.10561404, -0.49682394), (0.0810405, -0.10561404, -0.49682394), (0.040869895, -0.05326269, -0.5099497), (0.047472425, -0.047472425, -0.5099497), (0.09413258, -0.09413258, -0.49682394), (0.09413258, -0.09413258, -0.49682394), (0.047472425, -0.047472425, -0.5099497), (0.05326269, -0.040869895, -0.5099497), (0.10561404, -0.0810405, -0.49682394), (0.10561404, -0.0810405, -0.49682394), (0.05326269, -0.040869895, -0.5099497), (0.058141608, -0.033568073, -0.5099497), (0.1152884, -0.06656179, -0.49682394), (0.1152884, -0.06656179, -0.49682394), (0.058141608, -0.033568073, -0.5099497), (0.06202571, -0.025691891, -0.5099497), (0.12299015, -0.050944187, -0.49682394), (0.12299015, -0.050944187, -0.49682394), (0.06202571, -0.025691891, -0.5099497), (0.064848535, -0.017376114, -0.5099497), (0.1285875, -0.034454916, -0.49682394), (0.1285875, -0.034454916, -0.49682394), (0.064848535, -0.017376114, -0.5099497), (0.06656179, -0.0087630255, -0.5099497), (0.13198468, -0.017376114, -0.49682394), (0.13198468, -0.017376114, -0.49682394), (0.06656179, -0.0087630255, -0.5099497), (0.067136146, -1.6443613e-17, -0.5099497), (0.13312358, -3.260587e-17, -0.49682394), (0.067136146, 0, -0.5099497), (6.298971e-17, 0, -0.51435), (0.06656179, 0.0087630255, -0.5099497), (0.06656179, 0.0087630255, -0.5099497), (6.245082e-17, 8.221806e-18, -0.51435), (0.064848535, 0.017376114, -0.5099497), (0.064848535, 0.017376114, -0.5099497), (6.084339e-17, 1.6302936e-17, -0.51435), (0.06202571, 0.025691891, -0.5099497), (0.06202571, 0.025691891, -0.5099497), (5.81949e-17, 2.4105118e-17, -0.51435), (0.058141608, 0.033568073, -0.5099497), (0.058141608, 0.033568073, -0.5099497), (5.455069e-17, 3.1494856e-17, -0.51435), (0.05326269, 0.040869895, -0.5099497), (0.05326269, 0.040869895, -0.5099497), (4.9973094e-17, 3.8345704e-17, -0.51435), (0.047472425, 0.047472425, -0.5099497), (0.047472425, 0.047472425, -0.5099497), (4.454045e-17, 4.454045e-17, -0.51435), (0.040869895, 0.05326269, -0.5099497), (0.040869895, 0.05326269, -0.5099497), (3.8345704e-17, 4.9973094e-17, -0.51435), (0.033568073, 0.058141608, -0.5099497), (0.033568073, 0.058141608, -0.5099497), (3.1494856e-17, 5.455069e-17, -0.51435), (0.025691891, 0.06202571, -0.5099497), (0.025691891, 0.06202571, -0.5099497), (2.4105118e-17, 5.81949e-17, -0.51435), (0.017376114, 0.064848535, -0.5099497), (0.017376114, 0.064848535, -0.5099497), (1.6302936e-17, 6.084339e-17, -0.51435), (0.0087630255, 0.06656179, -0.5099497), (0.0087630255, 0.06656179, -0.5099497), (8.221806e-18, 6.245082e-17, -0.51435), (4.110903e-18, 0.067136146, -0.5099497), (4.110903e-18, 0.067136146, -0.5099497), (3.857007e-33, 6.298971e-17, -0.51435), (-0.0087630255, 0.06656179, -0.5099497), (-0.0087630255, 0.06656179, -0.5099497), (-8.221806e-18, 6.245082e-17, -0.51435), (-0.017376114, 0.064848535, -0.5099497), (-0.017376114, 0.064848535, -0.5099497), (-1.6302936e-17, 6.084339e-17, -0.51435), (-0.025691891, 0.06202571, -0.5099497), (-0.025691891, 0.06202571, -0.5099497), (-2.4105118e-17, 5.81949e-17, -0.51435), (-0.033568073, 0.058141608, -0.5099497), (-0.033568073, 0.058141608, -0.5099497), (-3.1494856e-17, 5.455069e-17, -0.51435), (-0.040869895, 0.05326269, -0.5099497), (-0.040869895, 0.05326269, -0.5099497), (-3.8345704e-17, 4.9973094e-17, -0.51435), (-0.047472425, 0.047472425, -0.5099497), (-0.047472425, 0.047472425, -0.5099497), (-4.454045e-17, 4.454045e-17, -0.51435), (-0.05326269, 0.040869895, -0.5099497), (-0.05326269, 0.040869895, -0.5099497), (-4.9973094e-17, 3.8345704e-17, -0.51435), (-0.058141608, 0.033568073, -0.5099497), (-0.058141608, 0.033568073, -0.5099497), (-5.455069e-17, 3.1494856e-17, -0.51435), (-0.06202571, 0.025691891, -0.5099497), (-0.06202571, 0.025691891, -0.5099497), (-5.81949e-17, 2.4105118e-17, -0.51435), (-0.064848535, 0.017376114, -0.5099497), (-0.064848535, 0.017376114, -0.5099497), (-6.084339e-17, 1.6302936e-17, -0.51435), (-0.06656179, 0.0087630255, -0.5099497), (-0.06656179, 0.0087630255, -0.5099497), (-6.245082e-17, 8.221806e-18, -0.51435), (-0.067136146, 8.221806e-18, -0.5099497), (-0.067136146, 8.221806e-18, -0.5099497), (-6.298971e-17, 7.714014e-33, -0.51435), (-0.06656179, -0.0087630255, -0.5099497), (-0.06656179, -0.0087630255, -0.5099497), (-6.245082e-17, -8.221806e-18, -0.51435), (-0.064848535, -0.017376114, -0.5099497), (-0.064848535, -0.017376114, -0.5099497), (-6.084339e-17, -1.6302936e-17, -0.51435), (-0.06202571, -0.025691891, -0.5099497), (-0.06202571, -0.025691891, -0.5099497), (-5.81949e-17, -2.4105118e-17, -0.51435), (-0.058141608, -0.033568073, -0.5099497), (-0.058141608, -0.033568073, -0.5099497), (-5.455069e-17, -3.1494856e-17, -0.51435), (-0.05326269, -0.040869895, -0.5099497), (-0.05326269, -0.040869895, -0.5099497), (-4.9973094e-17, -3.8345704e-17, -0.51435), (-0.047472425, -0.047472425, -0.5099497), (-0.047472425, -0.047472425, -0.5099497), (-4.454045e-17, -4.454045e-17, -0.51435), (-0.040869895, -0.05326269, -0.5099497), (-0.040869895, -0.05326269, -0.5099497), (-3.8345704e-17, -4.9973094e-17, -0.51435), (-0.033568073, -0.058141608, -0.5099497), (-0.033568073, -0.058141608, -0.5099497), (-3.1494856e-17, -5.455069e-17, -0.51435), (-0.025691891, -0.06202571, -0.5099497), (-0.025691891, -0.06202571, -0.5099497), (-2.4105118e-17, -5.81949e-17, -0.51435), (-0.017376114, -0.064848535, -0.5099497), (-0.017376114, -0.064848535, -0.5099497), (-1.6302936e-17, -6.084339e-17, -0.51435), (-0.0087630255, -0.06656179, -0.5099497), (-0.0087630255, -0.06656179, -0.5099497), (-8.221806e-18, -6.245082e-17, -0.51435), (-1.233271e-17, -0.067136146, -0.5099497), (-1.233271e-17, -0.067136146, -0.5099497), (-1.1571022e-32, -6.298971e-17, -0.51435), (0.0087630255, -0.06656179, -0.5099497), (0.0087630255, -0.06656179, -0.5099497), (8.221806e-18, -6.245082e-17, -0.51435), (0.017376114, -0.064848535, -0.5099497), (0.017376114, -0.064848535, -0.5099497), (1.6302936e-17, -6.084339e-17, -0.51435), (0.025691891, -0.06202571, -0.5099497), (0.025691891, -0.06202571, -0.5099497), (2.4105118e-17, -5.81949e-17, -0.51435), (0.033568073, -0.058141608, -0.5099497), (0.033568073, -0.058141608, -0.5099497), (3.1494856e-17, -5.455069e-17, -0.51435), (0.040869895, -0.05326269, -0.5099497), (0.040869895, -0.05326269, -0.5099497), (3.8345704e-17, -4.9973094e-17, -0.51435), (0.047472425, -0.047472425, -0.5099497), (0.047472425, -0.047472425, -0.5099497), (4.454045e-17, -4.454045e-17, -0.51435), (0.05326269, -0.040869895, -0.5099497), (0.05326269, -0.040869895, -0.5099497), (4.9973094e-17, -3.8345704e-17, -0.51435), (0.058141608, -0.033568073, -0.5099497), (0.058141608, -0.033568073, -0.5099497), (5.455069e-17, -3.1494856e-17, -0.51435), (0.06202571, -0.025691891, -0.5099497), (0.06202571, -0.025691891, -0.5099497), (5.81949e-17, -2.4105118e-17, -0.51435), (0.064848535, -0.017376114, -0.5099497), (0.064848535, -0.017376114, -0.5099497), (6.084339e-17, -1.6302936e-17, -0.51435), (0.06656179, -0.0087630255, -0.5099497), (0.06656179, -0.0087630255, -0.5099497), (6.245082e-17, -8.221806e-18, -0.51435), (0.067136146, -1.6443613e-17, -0.5099497)]
                texCoord2f[] primvars:st = [(0, 1), (0, 0.9583333), (0.020833334, 0.9583333), (0.020833334, 1), (0.020833334, 0.9583333), (0.041666668, 0.9583333), (0.041666668, 1), (0.041666668, 0.9583333), (0.0625, 0.9583333), (0.0625, 1), (0.0625, 0.9583333), (0.083333336, 0.9583333), (0.083333336, 1), (0.083333336, 0.9583333), (0.104166664, 0.9583333), (0.104166664, 1), (0.104166664, 0.9583333), (0.125, 0.9583333), (0.125, 1), (0.125, 0.9583333), (0.14583333, 0.9583333), (0.14583333, 1), (0.14583333, 0.9583333), (0.16666667, 0.9583333), (0.16666667, 1), (0.16666667, 0.9583333), (0.1875, 0.9583333), (0.1875, 1), (0.1875, 0.9583333), (0.20833333, 0.9583333), (0.20833333, 1), (0.20833333, 0.9583333), (0.22916667, 0.9583333), (0.22916667, 1), (0.22916667, 0.9583333), (0.25, 0.9583333), (0.25, 1), (0.25, 0.9583333), (0.27083334, 0.9583333), (0.27083334, 1), (0.27083334, 0.9583333), (0.29166666, 0.9583333), (0.29166666, 1), (0.29166666, 0.9583333), (0.3125, 0.9583333), (0.3125, 1), (0.3125, 0.9583333), (0.33333334, 0.9583333), (0.33333334, 1), (0.33333334, 0.9583333), (0.35416666, 0.9583333), (0.35416666, 1), (0.35416666, 0.9583333), (0.375, 0.9583333), (0.375, 1), (0.375, 0.9583333), (0.39583334, 0.9583333), (0.39583334, 1), (0.39583334, 0.9583333), (0.41666666, 0.9583333), (0.41666666, 1), (0.41666666, 0.9583333), (0.4375, 0.9583333), (0.4375, 1), (0.4375, 0.9583333), (0.45833334, 0.9583333), (0.45833334, 1), (0.45833334, 0.9583333), (0.47916666, 0.9583333), (0.47916666, 1), (0.47916666, 0.9583333), (0.5, 0.9583333), (0.5, 1), (0.5, 0.9583333), (0.5208333, 0.9583333), (0.5208333, 1), (0.5208333, 0.9583333), (0.5416667, 0.9583333), (0.5416667, 1), (0.5416667, 0.9583333), (0.5625, 0.9583333), (0.5625, 1), (0.5625, 0.9583333), (0.5833333, 0.9583333), (0.5833333, 1), (0.5833333, 0.9583333), (0.6041667, 0.9583333), (0.6041667, 1), (0.6041667, 0.9583333), (0.625, 0.9583333), (0.625, 1), (0.625, 0.9583333), (0.6458333, 0.9583333), (0.6458333, 1), (0.6458333, 0.9583333), (0.6666667, 0.9583333), (0.6666667, 1), (0.6666667, 0.9583333), (0.6875, 0.9583333), (0.6875, 1), (0.6875, 0.9583333), (0.7083333, 0.9583333), (0.7083333, 1), (0.7083333, 0.9583333), (0.7291667, 0.9583333), (0.7291667, 1), (0.7291667, 0.9583333), (0.75, 0.9583333), (0.75, 1), (0.75, 0.9583333), (0.7708333, 0.9583333), (0.7708333, 1), (0.7708333, 0.9583333), (0.7916667, 0.9583333), (0.7916667, 1), (0.7916667, 0.9583333), (0.8125, 0.9583333), (0.8125, 1), (0.8125, 0.9583333), (0.8333333, 0.9583333), (0.8333333, 1), (0.8333333, 0.9583333), (0.8541667, 0.9583333), (0.8541667, 1), (0.8541667, 0.9583333), (0.875, 0.9583333), (0.875, 1), (0.875, 0.9583333), (0.8958333, 0.9583333), (0.8958333, 1), (0.8958333, 0.9583333), (0.9166667, 0.9583333), (0.9166667, 1), (0.9166667, 0.9583333), (0.9375, 0.9583333), (0.9375, 1), (0.9375, 0.9583333), (0.9583333, 0.9583333), (0.9583333, 1), (0.9583333, 0.9583333), (0.9791667, 0.9583333), (0.9791667, 1), (0.9791667, 0.9583333), (1, 0.9583333), (0, 0.9583333), (0, 0.9166667), (0.020833334, 0.9166667), (0.020833334, 0.9583333), (0.020833334, 0.9583333), (0.020833334, 0.9166667), (0.041666668, 0.9166667), (0.041666668, 0.9583333), (0.041666668, 0.9583333), (0.041666668, 0.9166667), (0.0625, 0.9166667), (0.0625, 0.9583333), (0.0625, 0.9583333), (0.0625, 0.9166667), (0.083333336, 0.9166667), (0.083333336, 0.9583333), (0.083333336, 0.9583333), (0.083333336, 0.9166667), (0.104166664, 0.9166667), (0.104166664, 0.9583333), (0.104166664, 0.9583333), (0.104166664, 0.9166667), (0.125, 0.9166667), (0.125, 0.9583333), (0.125, 0.9583333), (0.125, 0.9166667), (0.14583333, 0.9166667), (0.14583333, 0.9583333), (0.14583333, 0.9583333), (0.14583333, 0.9166667), (0.16666667, 0.9166667), (0.16666667, 0.9583333), (0.16666667, 0.9583333), (0.16666667, 0.9166667), (0.1875, 0.9166667), (0.1875, 0.9583333), (0.1875, 0.9583333), (0.1875, 0.9166667), (0.20833333, 0.9166667), (0.20833333, 0.9583333), (0.20833333, 0.9583333), (0.20833333, 0.9166667), (0.22916667, 0.9166667), (0.22916667, 0.9583333), (0.22916667, 0.9583333), (0.22916667, 0.9166667), (0.25, 0.9166667), (0.25, 0.9583333), (0.25, 0.9583333), (0.25, 0.9166667), (0.27083334, 0.9166667), (0.27083334, 0.9583333), (0.27083334, 0.9583333), (0.27083334, 0.9166667), (0.29166666, 0.9166667), (0.29166666, 0.9583333), (0.29166666, 0.9583333), (0.29166666, 0.9166667), (0.3125, 0.9166667), (0.3125, 0.9583333), (0.3125, 0.9583333), (0.3125, 0.9166667), (0.33333334, 0.9166667), (0.33333334, 0.9583333), (0.33333334, 0.9583333), (0.33333334, 0.9166667), (0.35416666, 0.9166667), (0.35416666, 0.9583333), (0.35416666, 0.9583333), (0.35416666, 0.9166667), (0.375, 0.9166667), (0.375, 0.9583333), (0.375, 0.9583333), (0.375, 0.9166667), (0.39583334, 0.9166667), (0.39583334, 0.9583333), (0.39583334, 0.9583333), (0.39583334, 0.9166667), (0.41666666, 0.9166667), (0.41666666, 0.9583333), (0.41666666, 0.9583333), (0.41666666, 0.9166667), (0.4375, 0.9166667), (0.4375, 0.9583333), (0.4375, 0.9583333), (0.4375, 0.9166667), (0.45833334, 0.9166667), (0.45833334, 0.9583333), (0.45833334, 0.9583333), (0.45833334, 0.9166667), (0.47916666, 0.9166667), (0.47916666, 0.9583333), (0.47916666, 0.9583333), (0.47916666, 0.9166667), (0.5, 0.9166667), (0.5, 0.9583333), (0.5, 0.9583333), (0.5, 0.9166667), (0.5208333, 0.9166667), (0.5208333, 0.9583333), (0.5208333, 0.9583333), (0.5208333, 0.9166667), (0.5416667, 0.9166667), (0.5416667, 0.9583333), (0.5416667, 0.9583333), (0.5416667, 0.9166667), (0.5625, 0.9166667), (0.5625, 0.9583333), (0.5625, 0.9583333), (0.5625, 0.9166667), (0.5833333, 0.9166667), (0.5833333, 0.9583333), (0.5833333, 0.9583333), (0.5833333, 0.9166667), (0.6041667, 0.9166667), (0.6041667, 0.9583333), (0.6041667, 0.9583333), (0.6041667, 0.9166667), (0.625, 0.9166667), (0.625, 0.9583333), (0.625, 0.9583333), (0.625, 0.9166667), (0.6458333, 0.9166667), (0.6458333, 0.9583333), (0.6458333, 0.9583333), (0.6458333, 0.9166667), (0.6666667, 0.9166667), (0.6666667, 0.9583333), (0.6666667, 0.9583333), (0.6666667, 0.9166667), (0.6875, 0.9166667), (0.6875, 0.9583333), (0.6875, 0.9583333), (0.6875, 0.9166667), (0.7083333, 0.9166667), (0.7083333, 0.9583333), (0.7083333, 0.9583333), (0.7083333, 0.9166667), (0.7291667, 0.9166667), (0.7291667, 0.9583333), (0.7291667, 0.9583333), (0.7291667, 0.9166667), (0.75, 0.9166667), (0.75, 0.9583333), (0.75, 0.9583333), (0.75, 0.9166667), (0.7708333, 0.9166667), (0.7708333, 0.9583333), (0.7708333, 0.9583333), (0.7708333, 0.9166667), (0.7916667, 0.9166667), (0.7916667, 0.9583333), (0.7916667, 0.9583333), (0.7916667, 0.9166667), (0.8125, 0.9166667), (0.8125, 0.9583333), (0.8125, 0.9583333), (0.8125, 0.9166667), (0.8333333, 0.9166667), (0.8333333, 0.9583333), (0.8333333, 0.9583333), (0.8333333, 0.9166667), (0.8541667, 0.9166667), (0.8541667, 0.9583333), (0.8541667, 0.9583333), (0.8541667, 0.9166667), (0.875, 0.9166667), (0.875, 0.9583333), (0.875, 0.9583333), (0.875, 0.9166667), (0.8958333, 0.9166667), (0.8958333, 0.9583333), (0.8958333, 0.9583333), (0.8958333, 0.9166667), (0.9166667, 0.9166667), (0.9166667, 0.9583333), (0.9166667, 0.9583333), (0.9166667, 0.9166667), (0.9375, 0.9166667), (0.9375, 0.9583333), (0.9375, 0.9583333), (0.9375, 0.9166667), (0.9583333, 0.9166667), (0.9583333, 0.9583333), (0.9583333, 0.9583333), (0.9583333, 0.9166667), (0.9791667, 0.9166667), (0.9791667, 0.9583333), (0.9791667, 0.9583333), (0.9791667, 0.9166667), (1, 0.9166667), (1, 0.9583333), (0, 0.9166667), (0, 0.875), (0.020833334, 0.875), (0.020833334, 0.9166667), (0.020833334, 0.9166667), (0.020833334, 0.875), (0.041666668, 0.875), (0.041666668, 0.9166667), (0.041666668, 0.9166667), (0.041666668, 0.875), (0.0625, 0.875), (0.0625, 0.9166667), (0.0625, 0.9166667), (0.0625, 0.875), (0.083333336, 0.875), (0.083333336, 0.9166667), (0.083333336, 0.9166667), (0.083333336, 0.875), (0.104166664, 0.875), (0.104166664, 0.9166667), (0.104166664, 0.9166667), (0.104166664, 0.875), (0.125, 0.875), (0.125, 0.9166667), (0.125, 0.9166667), (0.125, 0.875), (0.14583333, 0.875), (0.14583333, 0.9166667), (0.14583333, 0.9166667), (0.14583333, 0.875), (0.16666667, 0.875), (0.16666667, 0.9166667), (0.16666667, 0.9166667), (0.16666667, 0.875), (0.1875, 0.875), (0.1875, 0.9166667), (0.1875, 0.9166667), (0.1875, 0.875), (0.20833333, 0.875), (0.20833333, 0.9166667), (0.20833333, 0.9166667), (0.20833333, 0.875), (0.22916667, 0.875), (0.22916667, 0.9166667), (0.22916667, 0.9166667), (0.22916667, 0.875), (0.25, 0.875), (0.25, 0.9166667), (0.25, 0.9166667), (0.25, 0.875), (0.27083334, 0.875), (0.27083334, 0.9166667), (0.27083334, 0.9166667), (0.27083334, 0.875), (0.29166666, 0.875), (0.29166666, 0.9166667), (0.29166666, 0.9166667), (0.29166666, 0.875), (0.3125, 0.875), (0.3125, 0.9166667), (0.3125, 0.9166667), (0.3125, 0.875), (0.33333334, 0.875), (0.33333334, 0.9166667), (0.33333334, 0.9166667), (0.33333334, 0.875), (0.35416666, 0.875), (0.35416666, 0.9166667), (0.35416666, 0.9166667), (0.35416666, 0.875), (0.375, 0.875), (0.375, 0.9166667), (0.375, 0.9166667), (0.375, 0.875), (0.39583334, 0.875), (0.39583334, 0.9166667), (0.39583334, 0.9166667), (0.39583334, 0.875), (0.41666666, 0.875), (0.41666666, 0.9166667), (0.41666666, 0.9166667), (0.41666666, 0.875), (0.4375, 0.875), (0.4375, 0.9166667), (0.4375, 0.9166667), (0.4375, 0.875), (0.45833334, 0.875), (0.45833334, 0.9166667), (0.45833334, 0.9166667), (0.45833334, 0.875), (0.47916666, 0.875), (0.47916666, 0.9166667), (0.47916666, 0.9166667), (0.47916666, 0.875), (0.5, 0.875), (0.5, 0.9166667), (0.5, 0.9166667), (0.5, 0.875), (0.5208333, 0.875), (0.5208333, 0.9166667), (0.5208333, 0.9166667), (0.5208333, 0.875), (0.5416667, 0.875), (0.5416667, 0.9166667), (0.5416667, 0.9166667), (0.5416667, 0.875), (0.5625, 0.875), (0.5625, 0.9166667), (0.5625, 0.9166667), (0.5625, 0.875), (0.5833333, 0.875), (0.5833333, 0.9166667), (0.5833333, 0.9166667), (0.5833333, 0.875), (0.6041667, 0.875), (0.6041667, 0.9166667), (0.6041667, 0.9166667), (0.6041667, 0.875), (0.625, 0.875), (0.625, 0.9166667), (0.625, 0.9166667), (0.625, 0.875), (0.6458333, 0.875), (0.6458333, 0.9166667), (0.6458333, 0.9166667), (0.6458333, 0.875), (0.6666667, 0.875), (0.6666667, 0.9166667), (0.6666667, 0.9166667), (0.6666667, 0.875), (0.6875, 0.875), (0.6875, 0.9166667), (0.6875, 0.9166667), (0.6875, 0.875), (0.7083333, 0.875), (0.7083333, 0.9166667), (0.7083333, 0.9166667), (0.7083333, 0.875), (0.7291667, 0.875), (0.7291667, 0.9166667), (0.7291667, 0.9166667), (0.7291667, 0.875), (0.75, 0.875), (0.75, 0.9166667), (0.75, 0.9166667), (0.75, 0.875), (0.7708333, 0.875), (0.7708333, 0.9166667), (0.7708333, 0.9166667), (0.7708333, 0.875), (0.7916667, 0.875), (0.7916667, 0.9166667), (0.7916667, 0.9166667), (0.7916667, 0.875), (0.8125, 0.875), (0.8125, 0.9166667), (0.8125, 0.9166667), (0.8125, 0.875), (0.8333333, 0.875), (0.8333333, 0.9166667), (0.8333333, 0.9166667), (0.8333333, 0.875), (0.8541667, 0.875), (0.8541667, 0.9166667), (0.8541667, 0.9166667), (0.8541667, 0.875), (0.875, 0.875), (0.875, 0.9166667), (0.875, 0.9166667), (0.875, 0.875), (0.8958333, 0.875), (0.8958333, 0.9166667), (0.8958333, 0.9166667), (0.8958333, 0.875), (0.9166667, 0.875), (0.9166667, 0.9166667), (0.9166667, 0.9166667), (0.9166667, 0.875), (0.9375, 0.875), (0.9375, 0.9166667), (0.9375, 0.9166667), (0.9375, 0.875), (0.9583333, 0.875), (0.9583333, 0.9166667), (0.9583333, 0.9166667), (0.9583333, 0.875), (0.9791667, 0.875), (0.9791667, 0.9166667), (0.9791667, 0.9166667), (0.9791667, 0.875), (1, 0.875), (1, 0.9166667), (0, 0.875), (0, 0.8333333), (0.020833334, 0.8333333), (0.020833334, 0.875), (0.020833334, 0.875), (0.020833334, 0.8333333), (0.041666668, 0.8333333), (0.041666668, 0.875), (0.041666668, 0.875), (0.041666668, 0.8333333), (0.0625, 0.8333333), (0.0625, 0.875), (0.0625, 0.875), (0.0625, 0.8333333), (0.083333336, 0.8333333), (0.083333336, 0.875), (0.083333336, 0.875), (0.083333336, 0.8333333), (0.104166664, 0.8333333), (0.104166664, 0.875), (0.104166664, 0.875), (0.104166664, 0.8333333), (0.125, 0.8333333), (0.125, 0.875), (0.125, 0.875), (0.125, 0.8333333), (0.14583333, 0.8333333), (0.14583333, 0.875), (0.14583333, 0.875), (0.14583333, 0.8333333), (0.16666667, 0.8333333), (0.16666667, 0.875), (0.16666667, 0.875), (0.16666667, 0.8333333), (0.1875, 0.8333333), (0.1875, 0.875), (0.1875, 0.875), (0.1875, 0.8333333), (0.20833333, 0.8333333), (0.20833333, 0.875), (0.20833333, 0.875), (0.20833333, 0.8333333), (0.22916667, 0.8333333), (0.22916667, 0.875), (0.22916667, 0.875), (0.22916667, 0.8333333), (0.25, 0.8333333), (0.25, 0.875), (0.25, 0.875), (0.25, 0.8333333), (0.27083334, 0.8333333), (0.27083334, 0.875), (0.27083334, 0.875), (0.27083334, 0.8333333), (0.29166666, 0.8333333), (0.29166666, 0.875), (0.29166666, 0.875), (0.29166666, 0.8333333), (0.3125, 0.8333333), (0.3125, 0.875), (0.3125, 0.875), (0.3125, 0.8333333), (0.33333334, 0.8333333), (0.33333334, 0.875), (0.33333334, 0.875), (0.33333334, 0.8333333), (0.35416666, 0.8333333), (0.35416666, 0.875), (0.35416666, 0.875), (0.35416666, 0.8333333), (0.375, 0.8333333), (0.375, 0.875), (0.375, 0.875), (0.375, 0.8333333), (0.39583334, 0.8333333), (0.39583334, 0.875), (0.39583334, 0.875), (0.39583334, 0.8333333), (0.41666666, 0.8333333), (0.41666666, 0.875), (0.41666666, 0.875), (0.41666666, 0.8333333), (0.4375, 0.8333333), (0.4375, 0.875), (0.4375, 0.875), (0.4375, 0.8333333), (0.45833334, 0.8333333), (0.45833334, 0.875), (0.45833334, 0.875), (0.45833334, 0.8333333), (0.47916666, 0.8333333), (0.47916666, 0.875), (0.47916666, 0.875), (0.47916666, 0.8333333), (0.5, 0.8333333), (0.5, 0.875), (0.5, 0.875), (0.5, 0.8333333), (0.5208333, 0.8333333), (0.5208333, 0.875), (0.5208333, 0.875), (0.5208333, 0.8333333), (0.5416667, 0.8333333), (0.5416667, 0.875), (0.5416667, 0.875), (0.5416667, 0.8333333), (0.5625, 0.8333333), (0.5625, 0.875), (0.5625, 0.875), (0.5625, 0.8333333), (0.5833333, 0.8333333), (0.5833333, 0.875), (0.5833333, 0.875), (0.5833333, 0.8333333), (0.6041667, 0.8333333), (0.6041667, 0.875), (0.6041667, 0.875), (0.6041667, 0.8333333), (0.625, 0.8333333), (0.625, 0.875), (0.625, 0.875), (0.625, 0.8333333), (0.6458333, 0.8333333), (0.6458333, 0.875), (0.6458333, 0.875), (0.6458333, 0.8333333), (0.6666667, 0.8333333), (0.6666667, 0.875), (0.6666667, 0.875), (0.6666667, 0.8333333), (0.6875, 0.8333333), (0.6875, 0.875), (0.6875, 0.875), (0.6875, 0.8333333), (0.7083333, 0.8333333), (0.7083333, 0.875), (0.7083333, 0.875), (0.7083333, 0.8333333), (0.7291667, 0.8333333), (0.7291667, 0.875), (0.7291667, 0.875), (0.7291667, 0.8333333), (0.75, 0.8333333), (0.75, 0.875), (0.75, 0.875), (0.75, 0.8333333), (0.7708333, 0.8333333), (0.7708333, 0.875), (0.7708333, 0.875), (0.7708333, 0.8333333), (0.7916667, 0.8333333), (0.7916667, 0.875), (0.7916667, 0.875), (0.7916667, 0.8333333), (0.8125, 0.8333333), (0.8125, 0.875), (0.8125, 0.875), (0.8125, 0.8333333), (0.8333333, 0.8333333), (0.8333333, 0.875), (0.8333333, 0.875), (0.8333333, 0.8333333), (0.8541667, 0.8333333), (0.8541667, 0.875), (0.8541667, 0.875), (0.8541667, 0.8333333), (0.875, 0.8333333), (0.875, 0.875), (0.875, 0.875), (0.875, 0.8333333), (0.8958333, 0.8333333), (0.8958333, 0.875), (0.8958333, 0.875), (0.8958333, 0.8333333), (0.9166667, 0.8333333), (0.9166667, 0.875), (0.9166667, 0.875), (0.9166667, 0.8333333), (0.9375, 0.8333333), (0.9375, 0.875), (0.9375, 0.875), (0.9375, 0.8333333), (0.9583333, 0.8333333), (0.9583333, 0.875), (0.9583333, 0.875), (0.9583333, 0.8333333), (0.9791667, 0.8333333), (0.9791667, 0.875), (0.9791667, 0.875), (0.9791667, 0.8333333), (1, 0.8333333), (1, 0.875), (0, 0.8333333), (0, 0.7916667), (0.020833334, 0.7916667), (0.020833334, 0.8333333), (0.020833334, 0.8333333), (0.020833334, 0.7916667), (0.041666668, 0.7916667), (0.041666668, 0.8333333), (0.041666668, 0.8333333), (0.041666668, 0.7916667), (0.0625, 0.7916667), (0.0625, 0.8333333), (0.0625, 0.8333333), (0.0625, 0.7916667), (0.083333336, 0.7916667), (0.083333336, 0.8333333), (0.083333336, 0.8333333), (0.083333336, 0.7916667), (0.104166664, 0.7916667), (0.104166664, 0.8333333), (0.104166664, 0.8333333), (0.104166664, 0.7916667), (0.125, 0.7916667), (0.125, 0.8333333), (0.125, 0.8333333), (0.125, 0.7916667), (0.14583333, 0.7916667), (0.14583333, 0.8333333), (0.14583333, 0.8333333), (0.14583333, 0.7916667), (0.16666667, 0.7916667), (0.16666667, 0.8333333), (0.16666667, 0.8333333), (0.16666667, 0.7916667), (0.1875, 0.7916667), (0.1875, 0.8333333), (0.1875, 0.8333333), (0.1875, 0.7916667), (0.20833333, 0.7916667), (0.20833333, 0.8333333), (0.20833333, 0.8333333), (0.20833333, 0.7916667), (0.22916667, 0.7916667), (0.22916667, 0.8333333), (0.22916667, 0.8333333), (0.22916667, 0.7916667), (0.25, 0.7916667), (0.25, 0.8333333), (0.25, 0.8333333), (0.25, 0.7916667), (0.27083334, 0.7916667), (0.27083334, 0.8333333), (0.27083334, 0.8333333), (0.27083334, 0.7916667), (0.29166666, 0.7916667), (0.29166666, 0.8333333), (0.29166666, 0.8333333), (0.29166666, 0.7916667), (0.3125, 0.7916667), (0.3125, 0.8333333), (0.3125, 0.8333333), (0.3125, 0.7916667), (0.33333334, 0.7916667), (0.33333334, 0.8333333), (0.33333334, 0.8333333), (0.33333334, 0.7916667), (0.35416666, 0.7916667), (0.35416666, 0.8333333), (0.35416666, 0.8333333), (0.35416666, 0.7916667), (0.375, 0.7916667), (0.375, 0.8333333), (0.375, 0.8333333), (0.375, 0.7916667), (0.39583334, 0.7916667), (0.39583334, 0.8333333), (0.39583334, 0.8333333), (0.39583334, 0.7916667), (0.41666666, 0.7916667), (0.41666666, 0.8333333), (0.41666666, 0.8333333), (0.41666666, 0.7916667), (0.4375, 0.7916667), (0.4375, 0.8333333), (0.4375, 0.8333333), (0.4375, 0.7916667), (0.45833334, 0.7916667), (0.45833334, 0.8333333), (0.45833334, 0.8333333), (0.45833334, 0.7916667), (0.47916666, 0.7916667), (0.47916666, 0.8333333), (0.47916666, 0.8333333), (0.47916666, 0.7916667), (0.5, 0.7916667), (0.5, 0.8333333), (0.5, 0.8333333), (0.5, 0.7916667), (0.5208333, 0.7916667), (0.5208333, 0.8333333), (0.5208333, 0.8333333), (0.5208333, 0.7916667), (0.5416667, 0.7916667), (0.5416667, 0.8333333), (0.5416667, 0.8333333), (0.5416667, 0.7916667), (0.5625, 0.7916667), (0.5625, 0.8333333), (0.5625, 0.8333333), (0.5625, 0.7916667), (0.5833333, 0.7916667), (0.5833333, 0.8333333), (0.5833333, 0.8333333), (0.5833333, 0.7916667), (0.6041667, 0.7916667), (0.6041667, 0.8333333), (0.6041667, 0.8333333), (0.6041667, 0.7916667), (0.625, 0.7916667), (0.625, 0.8333333), (0.625, 0.8333333), (0.625, 0.7916667), (0.6458333, 0.7916667), (0.6458333, 0.8333333), (0.6458333, 0.8333333), (0.6458333, 0.7916667), (0.6666667, 0.7916667), (0.6666667, 0.8333333), (0.6666667, 0.8333333), (0.6666667, 0.7916667), (0.6875, 0.7916667), (0.6875, 0.8333333), (0.6875, 0.8333333), (0.6875, 0.7916667), (0.7083333, 0.7916667), (0.7083333, 0.8333333), (0.7083333, 0.8333333), (0.7083333, 0.7916667), (0.7291667, 0.7916667), (0.7291667, 0.8333333), (0.7291667, 0.8333333), (0.7291667, 0.7916667), (0.75, 0.7916667), (0.75, 0.8333333), (0.75, 0.8333333), (0.75, 0.7916667), (0.7708333, 0.7916667), (0.7708333, 0.8333333), (0.7708333, 0.8333333), (0.7708333, 0.7916667), (0.7916667, 0.7916667), (0.7916667, 0.8333333), (0.7916667, 0.8333333), (0.7916667, 0.7916667), (0.8125, 0.7916667), (0.8125, 0.8333333), (0.8125, 0.8333333), (0.8125, 0.7916667), (0.8333333, 0.7916667), (0.8333333, 0.8333333), (0.8333333, 0.8333333), (0.8333333, 0.7916667), (0.8541667, 0.7916667), (0.8541667, 0.8333333), (0.8541667, 0.8333333), (0.8541667, 0.7916667), (0.875, 0.7916667), (0.875, 0.8333333), (0.875, 0.8333333), (0.875, 0.7916667), (0.8958333, 0.7916667), (0.8958333, 0.8333333), (0.8958333, 0.8333333), (0.8958333, 0.7916667), (0.9166667, 0.7916667), (0.9166667, 0.8333333), (0.9166667, 0.8333333), (0.9166667, 0.7916667), (0.9375, 0.7916667), (0.9375, 0.8333333), (0.9375, 0.8333333), (0.9375, 0.7916667), (0.9583333, 0.7916667), (0.9583333, 0.8333333), (0.9583333, 0.8333333), (0.9583333, 0.7916667), (0.9791667, 0.7916667), (0.9791667, 0.8333333), (0.9791667, 0.8333333), (0.9791667, 0.7916667), (1, 0.7916667), (1, 0.8333333), (0, 0.7916667), (0, 0.75), (0.020833334, 0.75), (0.020833334, 0.7916667), (0.020833334, 0.7916667), (0.020833334, 0.75), (0.041666668, 0.75), (0.041666668, 0.7916667), (0.041666668, 0.7916667), (0.041666668, 0.75), (0.0625, 0.75), (0.0625, 0.7916667), (0.0625, 0.7916667), (0.0625, 0.75), (0.083333336, 0.75), (0.083333336, 0.7916667), (0.083333336, 0.7916667), (0.083333336, 0.75), (0.104166664, 0.75), (0.104166664, 0.7916667), (0.104166664, 0.7916667), (0.104166664, 0.75), (0.125, 0.75), (0.125, 0.7916667), (0.125, 0.7916667), (0.125, 0.75), (0.14583333, 0.75), (0.14583333, 0.7916667), (0.14583333, 0.7916667), (0.14583333, 0.75), (0.16666667, 0.75), (0.16666667, 0.7916667), (0.16666667, 0.7916667), (0.16666667, 0.75), (0.1875, 0.75), (0.1875, 0.7916667), (0.1875, 0.7916667), (0.1875, 0.75), (0.20833333, 0.75), (0.20833333, 0.7916667), (0.20833333, 0.7916667), (0.20833333, 0.75), (0.22916667, 0.75), (0.22916667, 0.7916667), (0.22916667, 0.7916667), (0.22916667, 0.75), (0.25, 0.75), (0.25, 0.7916667), (0.25, 0.7916667), (0.25, 0.75), (0.27083334, 0.75), (0.27083334, 0.7916667), (0.27083334, 0.7916667), (0.27083334, 0.75), (0.29166666, 0.75), (0.29166666, 0.7916667), (0.29166666, 0.7916667), (0.29166666, 0.75), (0.3125, 0.75), (0.3125, 0.7916667), (0.3125, 0.7916667), (0.3125, 0.75), (0.33333334, 0.75), (0.33333334, 0.7916667), (0.33333334, 0.7916667), (0.33333334, 0.75), (0.35416666, 0.75), (0.35416666, 0.7916667), (0.35416666, 0.7916667), (0.35416666, 0.75), (0.375, 0.75), (0.375, 0.7916667), (0.375, 0.7916667), (0.375, 0.75), (0.39583334, 0.75), (0.39583334, 0.7916667), (0.39583334, 0.7916667), (0.39583334, 0.75), (0.41666666, 0.75), (0.41666666, 0.7916667), (0.41666666, 0.7916667), (0.41666666, 0.75), (0.4375, 0.75), (0.4375, 0.7916667), (0.4375, 0.7916667), (0.4375, 0.75), (0.45833334, 0.75), (0.45833334, 0.7916667), (0.45833334, 0.7916667), (0.45833334, 0.75), (0.47916666, 0.75), (0.47916666, 0.7916667), (0.47916666, 0.7916667), (0.47916666, 0.75), (0.5, 0.75), (0.5, 0.7916667), (0.5, 0.7916667), (0.5, 0.75), (0.5208333, 0.75), (0.5208333, 0.7916667), (0.5208333, 0.7916667), (0.5208333, 0.75), (0.5416667, 0.75), (0.5416667, 0.7916667), (0.5416667, 0.7916667), (0.5416667, 0.75), (0.5625, 0.75), (0.5625, 0.7916667), (0.5625, 0.7916667), (0.5625, 0.75), (0.5833333, 0.75), (0.5833333, 0.7916667), (0.5833333, 0.7916667), (0.5833333, 0.75), (0.6041667, 0.75), (0.6041667, 0.7916667), (0.6041667, 0.7916667), (0.6041667, 0.75), (0.625, 0.75), (0.625, 0.7916667), (0.625, 0.7916667), (0.625, 0.75), (0.6458333, 0.75), (0.6458333, 0.7916667), (0.6458333, 0.7916667), (0.6458333, 0.75), (0.6666667, 0.75), (0.6666667, 0.7916667), (0.6666667, 0.7916667), (0.6666667, 0.75), (0.6875, 0.75), (0.6875, 0.7916667), (0.6875, 0.7916667), (0.6875, 0.75), (0.7083333, 0.75), (0.7083333, 0.7916667), (0.7083333, 0.7916667), (0.7083333, 0.75), (0.7291667, 0.75), (0.7291667, 0.7916667), (0.7291667, 0.7916667), (0.7291667, 0.75), (0.75, 0.75), (0.75, 0.7916667), (0.75, 0.7916667), (0.75, 0.75), (0.7708333, 0.75), (0.7708333, 0.7916667), (0.7708333, 0.7916667), (0.7708333, 0.75), (0.7916667, 0.75), (0.7916667, 0.7916667), (0.7916667, 0.7916667), (0.7916667, 0.75), (0.8125, 0.75), (0.8125, 0.7916667), (0.8125, 0.7916667), (0.8125, 0.75), (0.8333333, 0.75), (0.8333333, 0.7916667), (0.8333333, 0.7916667), (0.8333333, 0.75), (0.8541667, 0.75), (0.8541667, 0.7916667), (0.8541667, 0.7916667), (0.8541667, 0.75), (0.875, 0.75), (0.875, 0.7916667), (0.875, 0.7916667), (0.875, 0.75), (0.8958333, 0.75), (0.8958333, 0.7916667), (0.8958333, 0.7916667), (0.8958333, 0.75), (0.9166667, 0.75), (0.9166667, 0.7916667), (0.9166667, 0.7916667), (0.9166667, 0.75), (0.9375, 0.75), (0.9375, 0.7916667), (0.9375, 0.7916667), (0.9375, 0.75), (0.9583333, 0.75), (0.9583333, 0.7916667), (0.9583333, 0.7916667), (0.9583333, 0.75), (0.9791667, 0.75), (0.9791667, 0.7916667), (0.9791667, 0.7916667), (0.9791667, 0.75), (1, 0.75), (1, 0.7916667), (0, 0.75), (0, 0.7083333), (0.020833334, 0.7083333), (0.020833334, 0.75), (0.020833334, 0.75), (0.020833334, 0.7083333), (0.041666668, 0.7083333), (0.041666668, 0.75), (0.041666668, 0.75), (0.041666668, 0.7083333), (0.0625, 0.7083333), (0.0625, 0.75), (0.0625, 0.75), (0.0625, 0.7083333), (0.083333336, 0.7083333), (0.083333336, 0.75), (0.083333336, 0.75), (0.083333336, 0.7083333), (0.104166664, 0.7083333), (0.104166664, 0.75), (0.104166664, 0.75), (0.104166664, 0.7083333), (0.125, 0.7083333), (0.125, 0.75), (0.125, 0.75), (0.125, 0.7083333), (0.14583333, 0.7083333), (0.14583333, 0.75), (0.14583333, 0.75), (0.14583333, 0.7083333), (0.16666667, 0.7083333), (0.16666667, 0.75), (0.16666667, 0.75), (0.16666667, 0.7083333), (0.1875, 0.7083333), (0.1875, 0.75), (0.1875, 0.75), (0.1875, 0.7083333), (0.20833333, 0.7083333), (0.20833333, 0.75), (0.20833333, 0.75), (0.20833333, 0.7083333), (0.22916667, 0.7083333), (0.22916667, 0.75), (0.22916667, 0.75), (0.22916667, 0.7083333), (0.25, 0.7083333), (0.25, 0.75), (0.25, 0.75), (0.25, 0.7083333), (0.27083334, 0.7083333), (0.27083334, 0.75), (0.27083334, 0.75), (0.27083334, 0.7083333), (0.29166666, 0.7083333), (0.29166666, 0.75), (0.29166666, 0.75), (0.29166666, 0.7083333), (0.3125, 0.7083333), (0.3125, 0.75), (0.3125, 0.75), (0.3125, 0.7083333), (0.33333334, 0.7083333), (0.33333334, 0.75), (0.33333334, 0.75), (0.33333334, 0.7083333), (0.35416666, 0.7083333), (0.35416666, 0.75), (0.35416666, 0.75), (0.35416666, 0.7083333), (0.375, 0.7083333), (0.375, 0.75), (0.375, 0.75), (0.375, 0.7083333), (0.39583334, 0.7083333), (0.39583334, 0.75), (0.39583334, 0.75), (0.39583334, 0.7083333), (0.41666666, 0.7083333), (0.41666666, 0.75), (0.41666666, 0.75), (0.41666666, 0.7083333), (0.4375, 0.7083333), (0.4375, 0.75), (0.4375, 0.75), (0.4375, 0.7083333), (0.45833334, 0.7083333), (0.45833334, 0.75), (0.45833334, 0.75), (0.45833334, 0.7083333), (0.47916666, 0.7083333), (0.47916666, 0.75), (0.47916666, 0.75), (0.47916666, 0.7083333), (0.5, 0.7083333), (0.5, 0.75), (0.5, 0.75), (0.5, 0.7083333), (0.5208333, 0.7083333), (0.5208333, 0.75), (0.5208333, 0.75), (0.5208333, 0.7083333), (0.5416667, 0.7083333), (0.5416667, 0.75), (0.5416667, 0.75), (0.5416667, 0.7083333), (0.5625, 0.7083333), (0.5625, 0.75), (0.5625, 0.75), (0.5625, 0.7083333), (0.5833333, 0.7083333), (0.5833333, 0.75), (0.5833333, 0.75), (0.5833333, 0.7083333), (0.6041667, 0.7083333), (0.6041667, 0.75), (0.6041667, 0.75), (0.6041667, 0.7083333), (0.625, 0.7083333), (0.625, 0.75), (0.625, 0.75), (0.625, 0.7083333), (0.6458333, 0.7083333), (0.6458333, 0.75), (0.6458333, 0.75), (0.6458333, 0.7083333), (0.6666667, 0.7083333), (0.6666667, 0.75), (0.6666667, 0.75), (0.6666667, 0.7083333), (0.6875, 0.7083333), (0.6875, 0.75), (0.6875, 0.75), (0.6875, 0.7083333), (0.7083333, 0.7083333), (0.7083333, 0.75), (0.7083333, 0.75), (0.7083333, 0.7083333), (0.7291667, 0.7083333), (0.7291667, 0.75), (0.7291667, 0.75), (0.7291667, 0.7083333), (0.75, 0.7083333), (0.75, 0.75), (0.75, 0.75), (0.75, 0.7083333), (0.7708333, 0.7083333), (0.7708333, 0.75), (0.7708333, 0.75), (0.7708333, 0.7083333), (0.7916667, 0.7083333), (0.7916667, 0.75), (0.7916667, 0.75), (0.7916667, 0.7083333), (0.8125, 0.7083333), (0.8125, 0.75), (0.8125, 0.75), (0.8125, 0.7083333), (0.8333333, 0.7083333), (0.8333333, 0.75), (0.8333333, 0.75), (0.8333333, 0.7083333), (0.8541667, 0.7083333), (0.8541667, 0.75), (0.8541667, 0.75), (0.8541667, 0.7083333), (0.875, 0.7083333), (0.875, 0.75), (0.875, 0.75), (0.875, 0.7083333), (0.8958333, 0.7083333), (0.8958333, 0.75), (0.8958333, 0.75), (0.8958333, 0.7083333), (0.9166667, 0.7083333), (0.9166667, 0.75), (0.9166667, 0.75), (0.9166667, 0.7083333), (0.9375, 0.7083333), (0.9375, 0.75), (0.9375, 0.75), (0.9375, 0.7083333), (0.9583333, 0.7083333), (0.9583333, 0.75), (0.9583333, 0.75), (0.9583333, 0.7083333), (0.9791667, 0.7083333), (0.9791667, 0.75), (0.9791667, 0.75), (0.9791667, 0.7083333), (1, 0.7083333), (1, 0.75), (0, 0.7083333), (0, 0.6666667), (0.020833334, 0.6666667), (0.020833334, 0.7083333), (0.020833334, 0.7083333), (0.020833334, 0.6666667), (0.041666668, 0.6666667), (0.041666668, 0.7083333), (0.041666668, 0.7083333), (0.041666668, 0.6666667), (0.0625, 0.6666667), (0.0625, 0.7083333), (0.0625, 0.7083333), (0.0625, 0.6666667), (0.083333336, 0.6666667), (0.083333336, 0.7083333), (0.083333336, 0.7083333), (0.083333336, 0.6666667), (0.104166664, 0.6666667), (0.104166664, 0.7083333), (0.104166664, 0.7083333), (0.104166664, 0.6666667), (0.125, 0.6666667), (0.125, 0.7083333), (0.125, 0.7083333), (0.125, 0.6666667), (0.14583333, 0.6666667), (0.14583333, 0.7083333), (0.14583333, 0.7083333), (0.14583333, 0.6666667), (0.16666667, 0.6666667), (0.16666667, 0.7083333), (0.16666667, 0.7083333), (0.16666667, 0.6666667), (0.1875, 0.6666667), (0.1875, 0.7083333), (0.1875, 0.7083333), (0.1875, 0.6666667), (0.20833333, 0.6666667), (0.20833333, 0.7083333), (0.20833333, 0.7083333), (0.20833333, 0.6666667), (0.22916667, 0.6666667), (0.22916667, 0.7083333), (0.22916667, 0.7083333), (0.22916667, 0.6666667), (0.25, 0.6666667), (0.25, 0.7083333), (0.25, 0.7083333), (0.25, 0.6666667), (0.27083334, 0.6666667), (0.27083334, 0.7083333), (0.27083334, 0.7083333), (0.27083334, 0.6666667), (0.29166666, 0.6666667), (0.29166666, 0.7083333), (0.29166666, 0.7083333), (0.29166666, 0.6666667), (0.3125, 0.6666667), (0.3125, 0.7083333), (0.3125, 0.7083333), (0.3125, 0.6666667), (0.33333334, 0.6666667), (0.33333334, 0.7083333), (0.33333334, 0.7083333), (0.33333334, 0.6666667), (0.35416666, 0.6666667), (0.35416666, 0.7083333), (0.35416666, 0.7083333), (0.35416666, 0.6666667), (0.375, 0.6666667), (0.375, 0.7083333), (0.375, 0.7083333), (0.375, 0.6666667), (0.39583334, 0.6666667), (0.39583334, 0.7083333), (0.39583334, 0.7083333), (0.39583334, 0.6666667), (0.41666666, 0.6666667), (0.41666666, 0.7083333), (0.41666666, 0.7083333), (0.41666666, 0.6666667), (0.4375, 0.6666667), (0.4375, 0.7083333), (0.4375, 0.7083333), (0.4375, 0.6666667), (0.45833334, 0.6666667), (0.45833334, 0.7083333), (0.45833334, 0.7083333), (0.45833334, 0.6666667), (0.47916666, 0.6666667), (0.47916666, 0.7083333), (0.47916666, 0.7083333), (0.47916666, 0.6666667), (0.5, 0.6666667), (0.5, 0.7083333), (0.5, 0.7083333), (0.5, 0.6666667), (0.5208333, 0.6666667), (0.5208333, 0.7083333), (0.5208333, 0.7083333), (0.5208333, 0.6666667), (0.5416667, 0.6666667), (0.5416667, 0.7083333), (0.5416667, 0.7083333), (0.5416667, 0.6666667), (0.5625, 0.6666667), (0.5625, 0.7083333), (0.5625, 0.7083333), (0.5625, 0.6666667), (0.5833333, 0.6666667), (0.5833333, 0.7083333), (0.5833333, 0.7083333), (0.5833333, 0.6666667), (0.6041667, 0.6666667), (0.6041667, 0.7083333), (0.6041667, 0.7083333), (0.6041667, 0.6666667), (0.625, 0.6666667), (0.625, 0.7083333), (0.625, 0.7083333), (0.625, 0.6666667), (0.6458333, 0.6666667), (0.6458333, 0.7083333), (0.6458333, 0.7083333), (0.6458333, 0.6666667), (0.6666667, 0.6666667), (0.6666667, 0.7083333), (0.6666667, 0.7083333), (0.6666667, 0.6666667), (0.6875, 0.6666667), (0.6875, 0.7083333), (0.6875, 0.7083333), (0.6875, 0.6666667), (0.7083333, 0.6666667), (0.7083333, 0.7083333), (0.7083333, 0.7083333), (0.7083333, 0.6666667), (0.7291667, 0.6666667), (0.7291667, 0.7083333), (0.7291667, 0.7083333), (0.7291667, 0.6666667), (0.75, 0.6666667), (0.75, 0.7083333), (0.75, 0.7083333), (0.75, 0.6666667), (0.7708333, 0.6666667), (0.7708333, 0.7083333), (0.7708333, 0.7083333), (0.7708333, 0.6666667), (0.7916667, 0.6666667), (0.7916667, 0.7083333), (0.7916667, 0.7083333), (0.7916667, 0.6666667), (0.8125, 0.6666667), (0.8125, 0.7083333), (0.8125, 0.7083333), (0.8125, 0.6666667), (0.8333333, 0.6666667), (0.8333333, 0.7083333), (0.8333333, 0.7083333), (0.8333333, 0.6666667), (0.8541667, 0.6666667), (0.8541667, 0.7083333), (0.8541667, 0.7083333), (0.8541667, 0.6666667), (0.875, 0.6666667), (0.875, 0.7083333), (0.875, 0.7083333), (0.875, 0.6666667), (0.8958333, 0.6666667), (0.8958333, 0.7083333), (0.8958333, 0.7083333), (0.8958333, 0.6666667), (0.9166667, 0.6666667), (0.9166667, 0.7083333), (0.9166667, 0.7083333), (0.9166667, 0.6666667), (0.9375, 0.6666667), (0.9375, 0.7083333), (0.9375, 0.7083333), (0.9375, 0.6666667), (0.9583333, 0.6666667), (0.9583333, 0.7083333), (0.9583333, 0.7083333), (0.9583333, 0.6666667), (0.9791667, 0.6666667), (0.9791667, 0.7083333), (0.9791667, 0.7083333), (0.9791667, 0.6666667), (1, 0.6666667), (1, 0.7083333), (0, 0.6666667), (0, 0.625), (0.020833334, 0.625), (0.020833334, 0.6666667), (0.020833334, 0.6666667), (0.020833334, 0.625), (0.041666668, 0.625), (0.041666668, 0.6666667), (0.041666668, 0.6666667), (0.041666668, 0.625), (0.0625, 0.625), (0.0625, 0.6666667), (0.0625, 0.6666667), (0.0625, 0.625), (0.083333336, 0.625), (0.083333336, 0.6666667), (0.083333336, 0.6666667), (0.083333336, 0.625), (0.104166664, 0.625), (0.104166664, 0.6666667), (0.104166664, 0.6666667), (0.104166664, 0.625), (0.125, 0.625), (0.125, 0.6666667), (0.125, 0.6666667), (0.125, 0.625), (0.14583333, 0.625), (0.14583333, 0.6666667), (0.14583333, 0.6666667), (0.14583333, 0.625), (0.16666667, 0.625), (0.16666667, 0.6666667), (0.16666667, 0.6666667), (0.16666667, 0.625), (0.1875, 0.625), (0.1875, 0.6666667), (0.1875, 0.6666667), (0.1875, 0.625), (0.20833333, 0.625), (0.20833333, 0.6666667), (0.20833333, 0.6666667), (0.20833333, 0.625), (0.22916667, 0.625), (0.22916667, 0.6666667), (0.22916667, 0.6666667), (0.22916667, 0.625), (0.25, 0.625), (0.25, 0.6666667), (0.25, 0.6666667), (0.25, 0.625), (0.27083334, 0.625), (0.27083334, 0.6666667), (0.27083334, 0.6666667), (0.27083334, 0.625), (0.29166666, 0.625), (0.29166666, 0.6666667), (0.29166666, 0.6666667), (0.29166666, 0.625), (0.3125, 0.625), (0.3125, 0.6666667), (0.3125, 0.6666667), (0.3125, 0.625), (0.33333334, 0.625), (0.33333334, 0.6666667), (0.33333334, 0.6666667), (0.33333334, 0.625), (0.35416666, 0.625), (0.35416666, 0.6666667), (0.35416666, 0.6666667), (0.35416666, 0.625), (0.375, 0.625), (0.375, 0.6666667), (0.375, 0.6666667), (0.375, 0.625), (0.39583334, 0.625), (0.39583334, 0.6666667), (0.39583334, 0.6666667), (0.39583334, 0.625), (0.41666666, 0.625), (0.41666666, 0.6666667), (0.41666666, 0.6666667), (0.41666666, 0.625), (0.4375, 0.625), (0.4375, 0.6666667), (0.4375, 0.6666667), (0.4375, 0.625), (0.45833334, 0.625), (0.45833334, 0.6666667), (0.45833334, 0.6666667), (0.45833334, 0.625), (0.47916666, 0.625), (0.47916666, 0.6666667), (0.47916666, 0.6666667), (0.47916666, 0.625), (0.5, 0.625), (0.5, 0.6666667), (0.5, 0.6666667), (0.5, 0.625), (0.5208333, 0.625), (0.5208333, 0.6666667), (0.5208333, 0.6666667), (0.5208333, 0.625), (0.5416667, 0.625), (0.5416667, 0.6666667), (0.5416667, 0.6666667), (0.5416667, 0.625), (0.5625, 0.625), (0.5625, 0.6666667), (0.5625, 0.6666667), (0.5625, 0.625), (0.5833333, 0.625), (0.5833333, 0.6666667), (0.5833333, 0.6666667), (0.5833333, 0.625), (0.6041667, 0.625), (0.6041667, 0.6666667), (0.6041667, 0.6666667), (0.6041667, 0.625), (0.625, 0.625), (0.625, 0.6666667), (0.625, 0.6666667), (0.625, 0.625), (0.6458333, 0.625), (0.6458333, 0.6666667), (0.6458333, 0.6666667), (0.6458333, 0.625), (0.6666667, 0.625), (0.6666667, 0.6666667), (0.6666667, 0.6666667), (0.6666667, 0.625), (0.6875, 0.625), (0.6875, 0.6666667), (0.6875, 0.6666667), (0.6875, 0.625), (0.7083333, 0.625), (0.7083333, 0.6666667), (0.7083333, 0.6666667), (0.7083333, 0.625), (0.7291667, 0.625), (0.7291667, 0.6666667), (0.7291667, 0.6666667), (0.7291667, 0.625), (0.75, 0.625), (0.75, 0.6666667), (0.75, 0.6666667), (0.75, 0.625), (0.7708333, 0.625), (0.7708333, 0.6666667), (0.7708333, 0.6666667), (0.7708333, 0.625), (0.7916667, 0.625), (0.7916667, 0.6666667), (0.7916667, 0.6666667), (0.7916667, 0.625), (0.8125, 0.625), (0.8125, 0.6666667), (0.8125, 0.6666667), (0.8125, 0.625), (0.8333333, 0.625), (0.8333333, 0.6666667), (0.8333333, 0.6666667), (0.8333333, 0.625), (0.8541667, 0.625), (0.8541667, 0.6666667), (0.8541667, 0.6666667), (0.8541667, 0.625), (0.875, 0.625), (0.875, 0.6666667), (0.875, 0.6666667), (0.875, 0.625), (0.8958333, 0.625), (0.8958333, 0.6666667), (0.8958333, 0.6666667), (0.8958333, 0.625), (0.9166667, 0.625), (0.9166667, 0.6666667), (0.9166667, 0.6666667), (0.9166667, 0.625), (0.9375, 0.625), (0.9375, 0.6666667), (0.9375, 0.6666667), (0.9375, 0.625), (0.9583333, 0.625), (0.9583333, 0.6666667), (0.9583333, 0.6666667), (0.9583333, 0.625), (0.9791667, 0.625), (0.9791667, 0.6666667), (0.9791667, 0.6666667), (0.9791667, 0.625), (1, 0.625), (1, 0.6666667), (0, 0.625), (0, 0.5833333), (0.020833334, 0.5833333), (0.020833334, 0.625), (0.020833334, 0.625), (0.020833334, 0.5833333), (0.041666668, 0.5833333), (0.041666668, 0.625), (0.041666668, 0.625), (0.041666668, 0.5833333), (0.0625, 0.5833333), (0.0625, 0.625), (0.0625, 0.625), (0.0625, 0.5833333), (0.083333336, 0.5833333), (0.083333336, 0.625), (0.083333336, 0.625), (0.083333336, 0.5833333), (0.104166664, 0.5833333), (0.104166664, 0.625), (0.104166664, 0.625), (0.104166664, 0.5833333), (0.125, 0.5833333), (0.125, 0.625), (0.125, 0.625), (0.125, 0.5833333), (0.14583333, 0.5833333), (0.14583333, 0.625), (0.14583333, 0.625), (0.14583333, 0.5833333), (0.16666667, 0.5833333), (0.16666667, 0.625), (0.16666667, 0.625), (0.16666667, 0.5833333), (0.1875, 0.5833333), (0.1875, 0.625), (0.1875, 0.625), (0.1875, 0.5833333), (0.20833333, 0.5833333), (0.20833333, 0.625), (0.20833333, 0.625), (0.20833333, 0.5833333), (0.22916667, 0.5833333), (0.22916667, 0.625), (0.22916667, 0.625), (0.22916667, 0.5833333), (0.25, 0.5833333), (0.25, 0.625), (0.25, 0.625), (0.25, 0.5833333), (0.27083334, 0.5833333), (0.27083334, 0.625), (0.27083334, 0.625), (0.27083334, 0.5833333), (0.29166666, 0.5833333), (0.29166666, 0.625), (0.29166666, 0.625), (0.29166666, 0.5833333), (0.3125, 0.5833333), (0.3125, 0.625), (0.3125, 0.625), (0.3125, 0.5833333), (0.33333334, 0.5833333), (0.33333334, 0.625), (0.33333334, 0.625), (0.33333334, 0.5833333), (0.35416666, 0.5833333), (0.35416666, 0.625), (0.35416666, 0.625), (0.35416666, 0.5833333), (0.375, 0.5833333), (0.375, 0.625), (0.375, 0.625), (0.375, 0.5833333), (0.39583334, 0.5833333), (0.39583334, 0.625), (0.39583334, 0.625), (0.39583334, 0.5833333), (0.41666666, 0.5833333), (0.41666666, 0.625), (0.41666666, 0.625), (0.41666666, 0.5833333), (0.4375, 0.5833333), (0.4375, 0.625), (0.4375, 0.625), (0.4375, 0.5833333), (0.45833334, 0.5833333), (0.45833334, 0.625), (0.45833334, 0.625), (0.45833334, 0.5833333), (0.47916666, 0.5833333), (0.47916666, 0.625), (0.47916666, 0.625), (0.47916666, 0.5833333), (0.5, 0.5833333), (0.5, 0.625), (0.5, 0.625), (0.5, 0.5833333), (0.5208333, 0.5833333), (0.5208333, 0.625), (0.5208333, 0.625), (0.5208333, 0.5833333), (0.5416667, 0.5833333), (0.5416667, 0.625), (0.5416667, 0.625), (0.5416667, 0.5833333), (0.5625, 0.5833333), (0.5625, 0.625), (0.5625, 0.625), (0.5625, 0.5833333), (0.5833333, 0.5833333), (0.5833333, 0.625), (0.5833333, 0.625), (0.5833333, 0.5833333), (0.6041667, 0.5833333), (0.6041667, 0.625), (0.6041667, 0.625), (0.6041667, 0.5833333), (0.625, 0.5833333), (0.625, 0.625), (0.625, 0.625), (0.625, 0.5833333), (0.6458333, 0.5833333), (0.6458333, 0.625), (0.6458333, 0.625), (0.6458333, 0.5833333), (0.6666667, 0.5833333), (0.6666667, 0.625), (0.6666667, 0.625), (0.6666667, 0.5833333), (0.6875, 0.5833333), (0.6875, 0.625), (0.6875, 0.625), (0.6875, 0.5833333), (0.7083333, 0.5833333), (0.7083333, 0.625), (0.7083333, 0.625), (0.7083333, 0.5833333), (0.7291667, 0.5833333), (0.7291667, 0.625), (0.7291667, 0.625), (0.7291667, 0.5833333), (0.75, 0.5833333), (0.75, 0.625), (0.75, 0.625), (0.75, 0.5833333), (0.7708333, 0.5833333), (0.7708333, 0.625), (0.7708333, 0.625), (0.7708333, 0.5833333), (0.7916667, 0.5833333), (0.7916667, 0.625), (0.7916667, 0.625), (0.7916667, 0.5833333), (0.8125, 0.5833333), (0.8125, 0.625), (0.8125, 0.625), (0.8125, 0.5833333), (0.8333333, 0.5833333), (0.8333333, 0.625), (0.8333333, 0.625), (0.8333333, 0.5833333), (0.8541667, 0.5833333), (0.8541667, 0.625), (0.8541667, 0.625), (0.8541667, 0.5833333), (0.875, 0.5833333), (0.875, 0.625), (0.875, 0.625), (0.875, 0.5833333), (0.8958333, 0.5833333), (0.8958333, 0.625), (0.8958333, 0.625), (0.8958333, 0.5833333), (0.9166667, 0.5833333), (0.9166667, 0.625), (0.9166667, 0.625), (0.9166667, 0.5833333), (0.9375, 0.5833333), (0.9375, 0.625), (0.9375, 0.625), (0.9375, 0.5833333), (0.9583333, 0.5833333), (0.9583333, 0.625), (0.9583333, 0.625), (0.9583333, 0.5833333), (0.9791667, 0.5833333), (0.9791667, 0.625), (0.9791667, 0.625), (0.9791667, 0.5833333), (1, 0.5833333), (1, 0.625), (0, 0.5833333), (0, 0.5416667), (0.020833334, 0.5416667), (0.020833334, 0.5833333), (0.020833334, 0.5833333), (0.020833334, 0.5416667), (0.041666668, 0.5416667), (0.041666668, 0.5833333), (0.041666668, 0.5833333), (0.041666668, 0.5416667), (0.0625, 0.5416667), (0.0625, 0.5833333), (0.0625, 0.5833333), (0.0625, 0.5416667), (0.083333336, 0.5416667), (0.083333336, 0.5833333), (0.083333336, 0.5833333), (0.083333336, 0.5416667), (0.104166664, 0.5416667), (0.104166664, 0.5833333), (0.104166664, 0.5833333), (0.104166664, 0.5416667), (0.125, 0.5416667), (0.125, 0.5833333), (0.125, 0.5833333), (0.125, 0.5416667), (0.14583333, 0.5416667), (0.14583333, 0.5833333), (0.14583333, 0.5833333), (0.14583333, 0.5416667), (0.16666667, 0.5416667), (0.16666667, 0.5833333), (0.16666667, 0.5833333), (0.16666667, 0.5416667), (0.1875, 0.5416667), (0.1875, 0.5833333), (0.1875, 0.5833333), (0.1875, 0.5416667), (0.20833333, 0.5416667), (0.20833333, 0.5833333), (0.20833333, 0.5833333), (0.20833333, 0.5416667), (0.22916667, 0.5416667), (0.22916667, 0.5833333), (0.22916667, 0.5833333), (0.22916667, 0.5416667), (0.25, 0.5416667), (0.25, 0.5833333), (0.25, 0.5833333), (0.25, 0.5416667), (0.27083334, 0.5416667), (0.27083334, 0.5833333), (0.27083334, 0.5833333), (0.27083334, 0.5416667), (0.29166666, 0.5416667), (0.29166666, 0.5833333), (0.29166666, 0.5833333), (0.29166666, 0.5416667), (0.3125, 0.5416667), (0.3125, 0.5833333), (0.3125, 0.5833333), (0.3125, 0.5416667), (0.33333334, 0.5416667), (0.33333334, 0.5833333), (0.33333334, 0.5833333), (0.33333334, 0.5416667), (0.35416666, 0.5416667), (0.35416666, 0.5833333), (0.35416666, 0.5833333), (0.35416666, 0.5416667), (0.375, 0.5416667), (0.375, 0.5833333), (0.375, 0.5833333), (0.375, 0.5416667), (0.39583334, 0.5416667), (0.39583334, 0.5833333), (0.39583334, 0.5833333), (0.39583334, 0.5416667), (0.41666666, 0.5416667), (0.41666666, 0.5833333), (0.41666666, 0.5833333), (0.41666666, 0.5416667), (0.4375, 0.5416667), (0.4375, 0.5833333), (0.4375, 0.5833333), (0.4375, 0.5416667), (0.45833334, 0.5416667), (0.45833334, 0.5833333), (0.45833334, 0.5833333), (0.45833334, 0.5416667), (0.47916666, 0.5416667), (0.47916666, 0.5833333), (0.47916666, 0.5833333), (0.47916666, 0.5416667), (0.5, 0.5416667), (0.5, 0.5833333), (0.5, 0.5833333), (0.5, 0.5416667), (0.5208333, 0.5416667), (0.5208333, 0.5833333), (0.5208333, 0.5833333), (0.5208333, 0.5416667), (0.5416667, 0.5416667), (0.5416667, 0.5833333), (0.5416667, 0.5833333), (0.5416667, 0.5416667), (0.5625, 0.5416667), (0.5625, 0.5833333), (0.5625, 0.5833333), (0.5625, 0.5416667), (0.5833333, 0.5416667), (0.5833333, 0.5833333), (0.5833333, 0.5833333), (0.5833333, 0.5416667), (0.6041667, 0.5416667), (0.6041667, 0.5833333), (0.6041667, 0.5833333), (0.6041667, 0.5416667), (0.625, 0.5416667), (0.625, 0.5833333), (0.625, 0.5833333), (0.625, 0.5416667), (0.6458333, 0.5416667), (0.6458333, 0.5833333), (0.6458333, 0.5833333), (0.6458333, 0.5416667), (0.6666667, 0.5416667), (0.6666667, 0.5833333), (0.6666667, 0.5833333), (0.6666667, 0.5416667), (0.6875, 0.5416667), (0.6875, 0.5833333), (0.6875, 0.5833333), (0.6875, 0.5416667), (0.7083333, 0.5416667), (0.7083333, 0.5833333), (0.7083333, 0.5833333), (0.7083333, 0.5416667), (0.7291667, 0.5416667), (0.7291667, 0.5833333), (0.7291667, 0.5833333), (0.7291667, 0.5416667), (0.75, 0.5416667), (0.75, 0.5833333), (0.75, 0.5833333), (0.75, 0.5416667), (0.7708333, 0.5416667), (0.7708333, 0.5833333), (0.7708333, 0.5833333), (0.7708333, 0.5416667), (0.7916667, 0.5416667), (0.7916667, 0.5833333), (0.7916667, 0.5833333), (0.7916667, 0.5416667), (0.8125, 0.5416667), (0.8125, 0.5833333), (0.8125, 0.5833333), (0.8125, 0.5416667), (0.8333333, 0.5416667), (0.8333333, 0.5833333), (0.8333333, 0.5833333), (0.8333333, 0.5416667), (0.8541667, 0.5416667), (0.8541667, 0.5833333), (0.8541667, 0.5833333), (0.8541667, 0.5416667), (0.875, 0.5416667), (0.875, 0.5833333), (0.875, 0.5833333), (0.875, 0.5416667), (0.8958333, 0.5416667), (0.8958333, 0.5833333), (0.8958333, 0.5833333), (0.8958333, 0.5416667), (0.9166667, 0.5416667), (0.9166667, 0.5833333), (0.9166667, 0.5833333), (0.9166667, 0.5416667), (0.9375, 0.5416667), (0.9375, 0.5833333), (0.9375, 0.5833333), (0.9375, 0.5416667), (0.9583333, 0.5416667), (0.9583333, 0.5833333), (0.9583333, 0.5833333), (0.9583333, 0.5416667), (0.9791667, 0.5416667), (0.9791667, 0.5833333), (0.9791667, 0.5833333), (0.9791667, 0.5416667), (1, 0.5416667), (1, 0.5833333), (0, 0.5416667), (0, 0.5), (0.020833334, 0.5), (0.020833334, 0.5416667), (0.020833334, 0.5416667), (0.020833334, 0.5), (0.041666668, 0.5), (0.041666668, 0.5416667), (0.041666668, 0.5416667), (0.041666668, 0.5), (0.0625, 0.5), (0.0625, 0.5416667), (0.0625, 0.5416667), (0.0625, 0.5), (0.083333336, 0.5), (0.083333336, 0.5416667), (0.083333336, 0.5416667), (0.083333336, 0.5), (0.104166664, 0.5), (0.104166664, 0.5416667), (0.104166664, 0.5416667), (0.104166664, 0.5), (0.125, 0.5), (0.125, 0.5416667), (0.125, 0.5416667), (0.125, 0.5), (0.14583333, 0.5), (0.14583333, 0.5416667), (0.14583333, 0.5416667), (0.14583333, 0.5), (0.16666667, 0.5), (0.16666667, 0.5416667), (0.16666667, 0.5416667), (0.16666667, 0.5), (0.1875, 0.5), (0.1875, 0.5416667), (0.1875, 0.5416667), (0.1875, 0.5), (0.20833333, 0.5), (0.20833333, 0.5416667), (0.20833333, 0.5416667), (0.20833333, 0.5), (0.22916667, 0.5), (0.22916667, 0.5416667), (0.22916667, 0.5416667), (0.22916667, 0.5), (0.25, 0.5), (0.25, 0.5416667), (0.25, 0.5416667), (0.25, 0.5), (0.27083334, 0.5), (0.27083334, 0.5416667), (0.27083334, 0.5416667), (0.27083334, 0.5), (0.29166666, 0.5), (0.29166666, 0.5416667), (0.29166666, 0.5416667), (0.29166666, 0.5), (0.3125, 0.5), (0.3125, 0.5416667), (0.3125, 0.5416667), (0.3125, 0.5), (0.33333334, 0.5), (0.33333334, 0.5416667), (0.33333334, 0.5416667), (0.33333334, 0.5), (0.35416666, 0.5), (0.35416666, 0.5416667), (0.35416666, 0.5416667), (0.35416666, 0.5), (0.375, 0.5), (0.375, 0.5416667), (0.375, 0.5416667), (0.375, 0.5), (0.39583334, 0.5), (0.39583334, 0.5416667), (0.39583334, 0.5416667), (0.39583334, 0.5), (0.41666666, 0.5), (0.41666666, 0.5416667), (0.41666666, 0.5416667), (0.41666666, 0.5), (0.4375, 0.5), (0.4375, 0.5416667), (0.4375, 0.5416667), (0.4375, 0.5), (0.45833334, 0.5), (0.45833334, 0.5416667), (0.45833334, 0.5416667), (0.45833334, 0.5), (0.47916666, 0.5), (0.47916666, 0.5416667), (0.47916666, 0.5416667), (0.47916666, 0.5), (0.5, 0.5), (0.5, 0.5416667), (0.5, 0.5416667), (0.5, 0.5), (0.5208333, 0.5), (0.5208333, 0.5416667), (0.5208333, 0.5416667), (0.5208333, 0.5), (0.5416667, 0.5), (0.5416667, 0.5416667), (0.5416667, 0.5416667), (0.5416667, 0.5), (0.5625, 0.5), (0.5625, 0.5416667), (0.5625, 0.5416667), (0.5625, 0.5), (0.5833333, 0.5), (0.5833333, 0.5416667), (0.5833333, 0.5416667), (0.5833333, 0.5), (0.6041667, 0.5), (0.6041667, 0.5416667), (0.6041667, 0.5416667), (0.6041667, 0.5), (0.625, 0.5), (0.625, 0.5416667), (0.625, 0.5416667), (0.625, 0.5), (0.6458333, 0.5), (0.6458333, 0.5416667), (0.6458333, 0.5416667), (0.6458333, 0.5), (0.6666667, 0.5), (0.6666667, 0.5416667), (0.6666667, 0.5416667), (0.6666667, 0.5), (0.6875, 0.5), (0.6875, 0.5416667), (0.6875, 0.5416667), (0.6875, 0.5), (0.7083333, 0.5), (0.7083333, 0.5416667), (0.7083333, 0.5416667), (0.7083333, 0.5), (0.7291667, 0.5), (0.7291667, 0.5416667), (0.7291667, 0.5416667), (0.7291667, 0.5), (0.75, 0.5), (0.75, 0.5416667), (0.75, 0.5416667), (0.75, 0.5), (0.7708333, 0.5), (0.7708333, 0.5416667), (0.7708333, 0.5416667), (0.7708333, 0.5), (0.7916667, 0.5), (0.7916667, 0.5416667), (0.7916667, 0.5416667), (0.7916667, 0.5), (0.8125, 0.5), (0.8125, 0.5416667), (0.8125, 0.5416667), (0.8125, 0.5), (0.8333333, 0.5), (0.8333333, 0.5416667), (0.8333333, 0.5416667), (0.8333333, 0.5), (0.8541667, 0.5), (0.8541667, 0.5416667), (0.8541667, 0.5416667), (0.8541667, 0.5), (0.875, 0.5), (0.875, 0.5416667), (0.875, 0.5416667), (0.875, 0.5), (0.8958333, 0.5), (0.8958333, 0.5416667), (0.8958333, 0.5416667), (0.8958333, 0.5), (0.9166667, 0.5), (0.9166667, 0.5416667), (0.9166667, 0.5416667), (0.9166667, 0.5), (0.9375, 0.5), (0.9375, 0.5416667), (0.9375, 0.5416667), (0.9375, 0.5), (0.9583333, 0.5), (0.9583333, 0.5416667), (0.9583333, 0.5416667), (0.9583333, 0.5), (0.9791667, 0.5), (0.9791667, 0.5416667), (0.9791667, 0.5416667), (0.9791667, 0.5), (1, 0.5), (1, 0.5416667), (0, 0.5), (0, 0.45833334), (0.020833334, 0.45833334), (0.020833334, 0.5), (0.020833334, 0.5), (0.020833334, 0.45833334), (0.041666668, 0.45833334), (0.041666668, 0.5), (0.041666668, 0.5), (0.041666668, 0.45833334), (0.0625, 0.45833334), (0.0625, 0.5), (0.0625, 0.5), (0.0625, 0.45833334), (0.083333336, 0.45833334), (0.083333336, 0.5), (0.083333336, 0.5), (0.083333336, 0.45833334), (0.104166664, 0.45833334), (0.104166664, 0.5), (0.104166664, 0.5), (0.104166664, 0.45833334), (0.125, 0.45833334), (0.125, 0.5), (0.125, 0.5), (0.125, 0.45833334), (0.14583333, 0.45833334), (0.14583333, 0.5), (0.14583333, 0.5), (0.14583333, 0.45833334), (0.16666667, 0.45833334), (0.16666667, 0.5), (0.16666667, 0.5), (0.16666667, 0.45833334), (0.1875, 0.45833334), (0.1875, 0.5), (0.1875, 0.5), (0.1875, 0.45833334), (0.20833333, 0.45833334), (0.20833333, 0.5), (0.20833333, 0.5), (0.20833333, 0.45833334), (0.22916667, 0.45833334), (0.22916667, 0.5), (0.22916667, 0.5), (0.22916667, 0.45833334), (0.25, 0.45833334), (0.25, 0.5), (0.25, 0.5), (0.25, 0.45833334), (0.27083334, 0.45833334), (0.27083334, 0.5), (0.27083334, 0.5), (0.27083334, 0.45833334), (0.29166666, 0.45833334), (0.29166666, 0.5), (0.29166666, 0.5), (0.29166666, 0.45833334), (0.3125, 0.45833334), (0.3125, 0.5), (0.3125, 0.5), (0.3125, 0.45833334), (0.33333334, 0.45833334), (0.33333334, 0.5), (0.33333334, 0.5), (0.33333334, 0.45833334), (0.35416666, 0.45833334), (0.35416666, 0.5), (0.35416666, 0.5), (0.35416666, 0.45833334), (0.375, 0.45833334), (0.375, 0.5), (0.375, 0.5), (0.375, 0.45833334), (0.39583334, 0.45833334), (0.39583334, 0.5), (0.39583334, 0.5), (0.39583334, 0.45833334), (0.41666666, 0.45833334), (0.41666666, 0.5), (0.41666666, 0.5), (0.41666666, 0.45833334), (0.4375, 0.45833334), (0.4375, 0.5), (0.4375, 0.5), (0.4375, 0.45833334), (0.45833334, 0.45833334), (0.45833334, 0.5), (0.45833334, 0.5), (0.45833334, 0.45833334), (0.47916666, 0.45833334), (0.47916666, 0.5), (0.47916666, 0.5), (0.47916666, 0.45833334), (0.5, 0.45833334), (0.5, 0.5), (0.5, 0.5), (0.5, 0.45833334), (0.5208333, 0.45833334), (0.5208333, 0.5), (0.5208333, 0.5), (0.5208333, 0.45833334), (0.5416667, 0.45833334), (0.5416667, 0.5), (0.5416667, 0.5), (0.5416667, 0.45833334), (0.5625, 0.45833334), (0.5625, 0.5), (0.5625, 0.5), (0.5625, 0.45833334), (0.5833333, 0.45833334), (0.5833333, 0.5), (0.5833333, 0.5), (0.5833333, 0.45833334), (0.6041667, 0.45833334), (0.6041667, 0.5), (0.6041667, 0.5), (0.6041667, 0.45833334), (0.625, 0.45833334), (0.625, 0.5), (0.625, 0.5), (0.625, 0.45833334), (0.6458333, 0.45833334), (0.6458333, 0.5), (0.6458333, 0.5), (0.6458333, 0.45833334), (0.6666667, 0.45833334), (0.6666667, 0.5), (0.6666667, 0.5), (0.6666667, 0.45833334), (0.6875, 0.45833334), (0.6875, 0.5), (0.6875, 0.5), (0.6875, 0.45833334), (0.7083333, 0.45833334), (0.7083333, 0.5), (0.7083333, 0.5), (0.7083333, 0.45833334), (0.7291667, 0.45833334), (0.7291667, 0.5), (0.7291667, 0.5), (0.7291667, 0.45833334), (0.75, 0.45833334), (0.75, 0.5), (0.75, 0.5), (0.75, 0.45833334), (0.7708333, 0.45833334), (0.7708333, 0.5), (0.7708333, 0.5), (0.7708333, 0.45833334), (0.7916667, 0.45833334), (0.7916667, 0.5), (0.7916667, 0.5), (0.7916667, 0.45833334), (0.8125, 0.45833334), (0.8125, 0.5), (0.8125, 0.5), (0.8125, 0.45833334), (0.8333333, 0.45833334), (0.8333333, 0.5), (0.8333333, 0.5), (0.8333333, 0.45833334), (0.8541667, 0.45833334), (0.8541667, 0.5), (0.8541667, 0.5), (0.8541667, 0.45833334), (0.875, 0.45833334), (0.875, 0.5), (0.875, 0.5), (0.875, 0.45833334), (0.8958333, 0.45833334), (0.8958333, 0.5), (0.8958333, 0.5), (0.8958333, 0.45833334), (0.9166667, 0.45833334), (0.9166667, 0.5), (0.9166667, 0.5), (0.9166667, 0.45833334), (0.9375, 0.45833334), (0.9375, 0.5), (0.9375, 0.5), (0.9375, 0.45833334), (0.9583333, 0.45833334), (0.9583333, 0.5), (0.9583333, 0.5), (0.9583333, 0.45833334), (0.9791667, 0.45833334), (0.9791667, 0.5), (0.9791667, 0.5), (0.9791667, 0.45833334), (1, 0.45833334), (1, 0.5), (0, 0.45833334), (0, 0.41666666), (0.020833334, 0.41666666), (0.020833334, 0.45833334), (0.020833334, 0.45833334), (0.020833334, 0.41666666), (0.041666668, 0.41666666), (0.041666668, 0.45833334), (0.041666668, 0.45833334), (0.041666668, 0.41666666), (0.0625, 0.41666666), (0.0625, 0.45833334), (0.0625, 0.45833334), (0.0625, 0.41666666), (0.083333336, 0.41666666), (0.083333336, 0.45833334), (0.083333336, 0.45833334), (0.083333336, 0.41666666), (0.104166664, 0.41666666), (0.104166664, 0.45833334), (0.104166664, 0.45833334), (0.104166664, 0.41666666), (0.125, 0.41666666), (0.125, 0.45833334), (0.125, 0.45833334), (0.125, 0.41666666), (0.14583333, 0.41666666), (0.14583333, 0.45833334), (0.14583333, 0.45833334), (0.14583333, 0.41666666), (0.16666667, 0.41666666), (0.16666667, 0.45833334), (0.16666667, 0.45833334), (0.16666667, 0.41666666), (0.1875, 0.41666666), (0.1875, 0.45833334), (0.1875, 0.45833334), (0.1875, 0.41666666), (0.20833333, 0.41666666), (0.20833333, 0.45833334), (0.20833333, 0.45833334), (0.20833333, 0.41666666), (0.22916667, 0.41666666), (0.22916667, 0.45833334), (0.22916667, 0.45833334), (0.22916667, 0.41666666), (0.25, 0.41666666), (0.25, 0.45833334), (0.25, 0.45833334), (0.25, 0.41666666), (0.27083334, 0.41666666), (0.27083334, 0.45833334), (0.27083334, 0.45833334), (0.27083334, 0.41666666), (0.29166666, 0.41666666), (0.29166666, 0.45833334), (0.29166666, 0.45833334), (0.29166666, 0.41666666), (0.3125, 0.41666666), (0.3125, 0.45833334), (0.3125, 0.45833334), (0.3125, 0.41666666), (0.33333334, 0.41666666), (0.33333334, 0.45833334), (0.33333334, 0.45833334), (0.33333334, 0.41666666), (0.35416666, 0.41666666), (0.35416666, 0.45833334), (0.35416666, 0.45833334), (0.35416666, 0.41666666), (0.375, 0.41666666), (0.375, 0.45833334), (0.375, 0.45833334), (0.375, 0.41666666), (0.39583334, 0.41666666), (0.39583334, 0.45833334), (0.39583334, 0.45833334), (0.39583334, 0.41666666), (0.41666666, 0.41666666), (0.41666666, 0.45833334), (0.41666666, 0.45833334), (0.41666666, 0.41666666), (0.4375, 0.41666666), (0.4375, 0.45833334), (0.4375, 0.45833334), (0.4375, 0.41666666), (0.45833334, 0.41666666), (0.45833334, 0.45833334), (0.45833334, 0.45833334), (0.45833334, 0.41666666), (0.47916666, 0.41666666), (0.47916666, 0.45833334), (0.47916666, 0.45833334), (0.47916666, 0.41666666), (0.5, 0.41666666), (0.5, 0.45833334), (0.5, 0.45833334), (0.5, 0.41666666), (0.5208333, 0.41666666), (0.5208333, 0.45833334), (0.5208333, 0.45833334), (0.5208333, 0.41666666), (0.5416667, 0.41666666), (0.5416667, 0.45833334), (0.5416667, 0.45833334), (0.5416667, 0.41666666), (0.5625, 0.41666666), (0.5625, 0.45833334), (0.5625, 0.45833334), (0.5625, 0.41666666), (0.5833333, 0.41666666), (0.5833333, 0.45833334), (0.5833333, 0.45833334), (0.5833333, 0.41666666), (0.6041667, 0.41666666), (0.6041667, 0.45833334), (0.6041667, 0.45833334), (0.6041667, 0.41666666), (0.625, 0.41666666), (0.625, 0.45833334), (0.625, 0.45833334), (0.625, 0.41666666), (0.6458333, 0.41666666), (0.6458333, 0.45833334), (0.6458333, 0.45833334), (0.6458333, 0.41666666), (0.6666667, 0.41666666), (0.6666667, 0.45833334), (0.6666667, 0.45833334), (0.6666667, 0.41666666), (0.6875, 0.41666666), (0.6875, 0.45833334), (0.6875, 0.45833334), (0.6875, 0.41666666), (0.7083333, 0.41666666), (0.7083333, 0.45833334), (0.7083333, 0.45833334), (0.7083333, 0.41666666), (0.7291667, 0.41666666), (0.7291667, 0.45833334), (0.7291667, 0.45833334), (0.7291667, 0.41666666), (0.75, 0.41666666), (0.75, 0.45833334), (0.75, 0.45833334), (0.75, 0.41666666), (0.7708333, 0.41666666), (0.7708333, 0.45833334), (0.7708333, 0.45833334), (0.7708333, 0.41666666), (0.7916667, 0.41666666), (0.7916667, 0.45833334), (0.7916667, 0.45833334), (0.7916667, 0.41666666), (0.8125, 0.41666666), (0.8125, 0.45833334), (0.8125, 0.45833334), (0.8125, 0.41666666), (0.8333333, 0.41666666), (0.8333333, 0.45833334), (0.8333333, 0.45833334), (0.8333333, 0.41666666), (0.8541667, 0.41666666), (0.8541667, 0.45833334), (0.8541667, 0.45833334), (0.8541667, 0.41666666), (0.875, 0.41666666), (0.875, 0.45833334), (0.875, 0.45833334), (0.875, 0.41666666), (0.8958333, 0.41666666), (0.8958333, 0.45833334), (0.8958333, 0.45833334), (0.8958333, 0.41666666), (0.9166667, 0.41666666), (0.9166667, 0.45833334), (0.9166667, 0.45833334), (0.9166667, 0.41666666), (0.9375, 0.41666666), (0.9375, 0.45833334), (0.9375, 0.45833334), (0.9375, 0.41666666), (0.9583333, 0.41666666), (0.9583333, 0.45833334), (0.9583333, 0.45833334), (0.9583333, 0.41666666), (0.9791667, 0.41666666), (0.9791667, 0.45833334), (0.9791667, 0.45833334), (0.9791667, 0.41666666), (1, 0.41666666), (1, 0.45833334), (0, 0.41666666), (0, 0.375), (0.020833334, 0.375), (0.020833334, 0.41666666), (0.020833334, 0.41666666), (0.020833334, 0.375), (0.041666668, 0.375), (0.041666668, 0.41666666), (0.041666668, 0.41666666), (0.041666668, 0.375), (0.0625, 0.375), (0.0625, 0.41666666), (0.0625, 0.41666666), (0.0625, 0.375), (0.083333336, 0.375), (0.083333336, 0.41666666), (0.083333336, 0.41666666), (0.083333336, 0.375), (0.104166664, 0.375), (0.104166664, 0.41666666), (0.104166664, 0.41666666), (0.104166664, 0.375), (0.125, 0.375), (0.125, 0.41666666), (0.125, 0.41666666), (0.125, 0.375), (0.14583333, 0.375), (0.14583333, 0.41666666), (0.14583333, 0.41666666), (0.14583333, 0.375), (0.16666667, 0.375), (0.16666667, 0.41666666), (0.16666667, 0.41666666), (0.16666667, 0.375), (0.1875, 0.375), (0.1875, 0.41666666), (0.1875, 0.41666666), (0.1875, 0.375), (0.20833333, 0.375), (0.20833333, 0.41666666), (0.20833333, 0.41666666), (0.20833333, 0.375), (0.22916667, 0.375), (0.22916667, 0.41666666), (0.22916667, 0.41666666), (0.22916667, 0.375), (0.25, 0.375), (0.25, 0.41666666), (0.25, 0.41666666), (0.25, 0.375), (0.27083334, 0.375), (0.27083334, 0.41666666), (0.27083334, 0.41666666), (0.27083334, 0.375), (0.29166666, 0.375), (0.29166666, 0.41666666), (0.29166666, 0.41666666), (0.29166666, 0.375), (0.3125, 0.375), (0.3125, 0.41666666), (0.3125, 0.41666666), (0.3125, 0.375), (0.33333334, 0.375), (0.33333334, 0.41666666), (0.33333334, 0.41666666), (0.33333334, 0.375), (0.35416666, 0.375), (0.35416666, 0.41666666), (0.35416666, 0.41666666), (0.35416666, 0.375), (0.375, 0.375), (0.375, 0.41666666), (0.375, 0.41666666), (0.375, 0.375), (0.39583334, 0.375), (0.39583334, 0.41666666), (0.39583334, 0.41666666), (0.39583334, 0.375), (0.41666666, 0.375), (0.41666666, 0.41666666), (0.41666666, 0.41666666), (0.41666666, 0.375), (0.4375, 0.375), (0.4375, 0.41666666), (0.4375, 0.41666666), (0.4375, 0.375), (0.45833334, 0.375), (0.45833334, 0.41666666), (0.45833334, 0.41666666), (0.45833334, 0.375), (0.47916666, 0.375), (0.47916666, 0.41666666), (0.47916666, 0.41666666), (0.47916666, 0.375), (0.5, 0.375), (0.5, 0.41666666), (0.5, 0.41666666), (0.5, 0.375), (0.5208333, 0.375), (0.5208333, 0.41666666), (0.5208333, 0.41666666), (0.5208333, 0.375), (0.5416667, 0.375), (0.5416667, 0.41666666), (0.5416667, 0.41666666), (0.5416667, 0.375), (0.5625, 0.375), (0.5625, 0.41666666), (0.5625, 0.41666666), (0.5625, 0.375), (0.5833333, 0.375), (0.5833333, 0.41666666), (0.5833333, 0.41666666), (0.5833333, 0.375), (0.6041667, 0.375), (0.6041667, 0.41666666), (0.6041667, 0.41666666), (0.6041667, 0.375), (0.625, 0.375), (0.625, 0.41666666), (0.625, 0.41666666), (0.625, 0.375), (0.6458333, 0.375), (0.6458333, 0.41666666), (0.6458333, 0.41666666), (0.6458333, 0.375), (0.6666667, 0.375), (0.6666667, 0.41666666), (0.6666667, 0.41666666), (0.6666667, 0.375), (0.6875, 0.375), (0.6875, 0.41666666), (0.6875, 0.41666666), (0.6875, 0.375), (0.7083333, 0.375), (0.7083333, 0.41666666), (0.7083333, 0.41666666), (0.7083333, 0.375), (0.7291667, 0.375), (0.7291667, 0.41666666), (0.7291667, 0.41666666), (0.7291667, 0.375), (0.75, 0.375), (0.75, 0.41666666), (0.75, 0.41666666), (0.75, 0.375), (0.7708333, 0.375), (0.7708333, 0.41666666), (0.7708333, 0.41666666), (0.7708333, 0.375), (0.7916667, 0.375), (0.7916667, 0.41666666), (0.7916667, 0.41666666), (0.7916667, 0.375), (0.8125, 0.375), (0.8125, 0.41666666), (0.8125, 0.41666666), (0.8125, 0.375), (0.8333333, 0.375), (0.8333333, 0.41666666), (0.8333333, 0.41666666), (0.8333333, 0.375), (0.8541667, 0.375), (0.8541667, 0.41666666), (0.8541667, 0.41666666), (0.8541667, 0.375), (0.875, 0.375), (0.875, 0.41666666), (0.875, 0.41666666), (0.875, 0.375), (0.8958333, 0.375), (0.8958333, 0.41666666), (0.8958333, 0.41666666), (0.8958333, 0.375), (0.9166667, 0.375), (0.9166667, 0.41666666), (0.9166667, 0.41666666), (0.9166667, 0.375), (0.9375, 0.375), (0.9375, 0.41666666), (0.9375, 0.41666666), (0.9375, 0.375), (0.9583333, 0.375), (0.9583333, 0.41666666), (0.9583333, 0.41666666), (0.9583333, 0.375), (0.9791667, 0.375), (0.9791667, 0.41666666), (0.9791667, 0.41666666), (0.9791667, 0.375), (1, 0.375), (1, 0.41666666), (0, 0.375), (0, 0.33333334), (0.020833334, 0.33333334), (0.020833334, 0.375), (0.020833334, 0.375), (0.020833334, 0.33333334), (0.041666668, 0.33333334), (0.041666668, 0.375), (0.041666668, 0.375), (0.041666668, 0.33333334), (0.0625, 0.33333334), (0.0625, 0.375), (0.0625, 0.375), (0.0625, 0.33333334), (0.083333336, 0.33333334), (0.083333336, 0.375), (0.083333336, 0.375), (0.083333336, 0.33333334), (0.104166664, 0.33333334), (0.104166664, 0.375), (0.104166664, 0.375), (0.104166664, 0.33333334), (0.125, 0.33333334), (0.125, 0.375), (0.125, 0.375), (0.125, 0.33333334), (0.14583333, 0.33333334), (0.14583333, 0.375), (0.14583333, 0.375), (0.14583333, 0.33333334), (0.16666667, 0.33333334), (0.16666667, 0.375), (0.16666667, 0.375), (0.16666667, 0.33333334), (0.1875, 0.33333334), (0.1875, 0.375), (0.1875, 0.375), (0.1875, 0.33333334), (0.20833333, 0.33333334), (0.20833333, 0.375), (0.20833333, 0.375), (0.20833333, 0.33333334), (0.22916667, 0.33333334), (0.22916667, 0.375), (0.22916667, 0.375), (0.22916667, 0.33333334), (0.25, 0.33333334), (0.25, 0.375), (0.25, 0.375), (0.25, 0.33333334), (0.27083334, 0.33333334), (0.27083334, 0.375), (0.27083334, 0.375), (0.27083334, 0.33333334), (0.29166666, 0.33333334), (0.29166666, 0.375), (0.29166666, 0.375), (0.29166666, 0.33333334), (0.3125, 0.33333334), (0.3125, 0.375), (0.3125, 0.375), (0.3125, 0.33333334), (0.33333334, 0.33333334), (0.33333334, 0.375), (0.33333334, 0.375), (0.33333334, 0.33333334), (0.35416666, 0.33333334), (0.35416666, 0.375), (0.35416666, 0.375), (0.35416666, 0.33333334), (0.375, 0.33333334), (0.375, 0.375), (0.375, 0.375), (0.375, 0.33333334), (0.39583334, 0.33333334), (0.39583334, 0.375), (0.39583334, 0.375), (0.39583334, 0.33333334), (0.41666666, 0.33333334), (0.41666666, 0.375), (0.41666666, 0.375), (0.41666666, 0.33333334), (0.4375, 0.33333334), (0.4375, 0.375), (0.4375, 0.375), (0.4375, 0.33333334), (0.45833334, 0.33333334), (0.45833334, 0.375), (0.45833334, 0.375), (0.45833334, 0.33333334), (0.47916666, 0.33333334), (0.47916666, 0.375), (0.47916666, 0.375), (0.47916666, 0.33333334), (0.5, 0.33333334), (0.5, 0.375), (0.5, 0.375), (0.5, 0.33333334), (0.5208333, 0.33333334), (0.5208333, 0.375), (0.5208333, 0.375), (0.5208333, 0.33333334), (0.5416667, 0.33333334), (0.5416667, 0.375), (0.5416667, 0.375), (0.5416667, 0.33333334), (0.5625, 0.33333334), (0.5625, 0.375), (0.5625, 0.375), (0.5625, 0.33333334), (0.5833333, 0.33333334), (0.5833333, 0.375), (0.5833333, 0.375), (0.5833333, 0.33333334), (0.6041667, 0.33333334), (0.6041667, 0.375), (0.6041667, 0.375), (0.6041667, 0.33333334), (0.625, 0.33333334), (0.625, 0.375), (0.625, 0.375), (0.625, 0.33333334), (0.6458333, 0.33333334), (0.6458333, 0.375), (0.6458333, 0.375), (0.6458333, 0.33333334), (0.6666667, 0.33333334), (0.6666667, 0.375), (0.6666667, 0.375), (0.6666667, 0.33333334), (0.6875, 0.33333334), (0.6875, 0.375), (0.6875, 0.375), (0.6875, 0.33333334), (0.7083333, 0.33333334), (0.7083333, 0.375), (0.7083333, 0.375), (0.7083333, 0.33333334), (0.7291667, 0.33333334), (0.7291667, 0.375), (0.7291667, 0.375), (0.7291667, 0.33333334), (0.75, 0.33333334), (0.75, 0.375), (0.75, 0.375), (0.75, 0.33333334), (0.7708333, 0.33333334), (0.7708333, 0.375), (0.7708333, 0.375), (0.7708333, 0.33333334), (0.7916667, 0.33333334), (0.7916667, 0.375), (0.7916667, 0.375), (0.7916667, 0.33333334), (0.8125, 0.33333334), (0.8125, 0.375), (0.8125, 0.375), (0.8125, 0.33333334), (0.8333333, 0.33333334), (0.8333333, 0.375), (0.8333333, 0.375), (0.8333333, 0.33333334), (0.8541667, 0.33333334), (0.8541667, 0.375), (0.8541667, 0.375), (0.8541667, 0.33333334), (0.875, 0.33333334), (0.875, 0.375), (0.875, 0.375), (0.875, 0.33333334), (0.8958333, 0.33333334), (0.8958333, 0.375), (0.8958333, 0.375), (0.8958333, 0.33333334), (0.9166667, 0.33333334), (0.9166667, 0.375), (0.9166667, 0.375), (0.9166667, 0.33333334), (0.9375, 0.33333334), (0.9375, 0.375), (0.9375, 0.375), (0.9375, 0.33333334), (0.9583333, 0.33333334), (0.9583333, 0.375), (0.9583333, 0.375), (0.9583333, 0.33333334), (0.9791667, 0.33333334), (0.9791667, 0.375), (0.9791667, 0.375), (0.9791667, 0.33333334), (1, 0.33333334), (1, 0.375), (0, 0.33333334), (0, 0.29166666), (0.020833334, 0.29166666), (0.020833334, 0.33333334), (0.020833334, 0.33333334), (0.020833334, 0.29166666), (0.041666668, 0.29166666), (0.041666668, 0.33333334), (0.041666668, 0.33333334), (0.041666668, 0.29166666), (0.0625, 0.29166666), (0.0625, 0.33333334), (0.0625, 0.33333334), (0.0625, 0.29166666), (0.083333336, 0.29166666), (0.083333336, 0.33333334), (0.083333336, 0.33333334), (0.083333336, 0.29166666), (0.104166664, 0.29166666), (0.104166664, 0.33333334), (0.104166664, 0.33333334), (0.104166664, 0.29166666), (0.125, 0.29166666), (0.125, 0.33333334), (0.125, 0.33333334), (0.125, 0.29166666), (0.14583333, 0.29166666), (0.14583333, 0.33333334), (0.14583333, 0.33333334), (0.14583333, 0.29166666), (0.16666667, 0.29166666), (0.16666667, 0.33333334), (0.16666667, 0.33333334), (0.16666667, 0.29166666), (0.1875, 0.29166666), (0.1875, 0.33333334), (0.1875, 0.33333334), (0.1875, 0.29166666), (0.20833333, 0.29166666), (0.20833333, 0.33333334), (0.20833333, 0.33333334), (0.20833333, 0.29166666), (0.22916667, 0.29166666), (0.22916667, 0.33333334), (0.22916667, 0.33333334), (0.22916667, 0.29166666), (0.25, 0.29166666), (0.25, 0.33333334), (0.25, 0.33333334), (0.25, 0.29166666), (0.27083334, 0.29166666), (0.27083334, 0.33333334), (0.27083334, 0.33333334), (0.27083334, 0.29166666), (0.29166666, 0.29166666), (0.29166666, 0.33333334), (0.29166666, 0.33333334), (0.29166666, 0.29166666), (0.3125, 0.29166666), (0.3125, 0.33333334), (0.3125, 0.33333334), (0.3125, 0.29166666), (0.33333334, 0.29166666), (0.33333334, 0.33333334), (0.33333334, 0.33333334), (0.33333334, 0.29166666), (0.35416666, 0.29166666), (0.35416666, 0.33333334), (0.35416666, 0.33333334), (0.35416666, 0.29166666), (0.375, 0.29166666), (0.375, 0.33333334), (0.375, 0.33333334), (0.375, 0.29166666), (0.39583334, 0.29166666), (0.39583334, 0.33333334), (0.39583334, 0.33333334), (0.39583334, 0.29166666), (0.41666666, 0.29166666), (0.41666666, 0.33333334), (0.41666666, 0.33333334), (0.41666666, 0.29166666), (0.4375, 0.29166666), (0.4375, 0.33333334), (0.4375, 0.33333334), (0.4375, 0.29166666), (0.45833334, 0.29166666), (0.45833334, 0.33333334), (0.45833334, 0.33333334), (0.45833334, 0.29166666), (0.47916666, 0.29166666), (0.47916666, 0.33333334), (0.47916666, 0.33333334), (0.47916666, 0.29166666), (0.5, 0.29166666), (0.5, 0.33333334), (0.5, 0.33333334), (0.5, 0.29166666), (0.5208333, 0.29166666), (0.5208333, 0.33333334), (0.5208333, 0.33333334), (0.5208333, 0.29166666), (0.5416667, 0.29166666), (0.5416667, 0.33333334), (0.5416667, 0.33333334), (0.5416667, 0.29166666), (0.5625, 0.29166666), (0.5625, 0.33333334), (0.5625, 0.33333334), (0.5625, 0.29166666), (0.5833333, 0.29166666), (0.5833333, 0.33333334), (0.5833333, 0.33333334), (0.5833333, 0.29166666), (0.6041667, 0.29166666), (0.6041667, 0.33333334), (0.6041667, 0.33333334), (0.6041667, 0.29166666), (0.625, 0.29166666), (0.625, 0.33333334), (0.625, 0.33333334), (0.625, 0.29166666), (0.6458333, 0.29166666), (0.6458333, 0.33333334), (0.6458333, 0.33333334), (0.6458333, 0.29166666), (0.6666667, 0.29166666), (0.6666667, 0.33333334), (0.6666667, 0.33333334), (0.6666667, 0.29166666), (0.6875, 0.29166666), (0.6875, 0.33333334), (0.6875, 0.33333334), (0.6875, 0.29166666), (0.7083333, 0.29166666), (0.7083333, 0.33333334), (0.7083333, 0.33333334), (0.7083333, 0.29166666), (0.7291667, 0.29166666), (0.7291667, 0.33333334), (0.7291667, 0.33333334), (0.7291667, 0.29166666), (0.75, 0.29166666), (0.75, 0.33333334), (0.75, 0.33333334), (0.75, 0.29166666), (0.7708333, 0.29166666), (0.7708333, 0.33333334), (0.7708333, 0.33333334), (0.7708333, 0.29166666), (0.7916667, 0.29166666), (0.7916667, 0.33333334), (0.7916667, 0.33333334), (0.7916667, 0.29166666), (0.8125, 0.29166666), (0.8125, 0.33333334), (0.8125, 0.33333334), (0.8125, 0.29166666), (0.8333333, 0.29166666), (0.8333333, 0.33333334), (0.8333333, 0.33333334), (0.8333333, 0.29166666), (0.8541667, 0.29166666), (0.8541667, 0.33333334), (0.8541667, 0.33333334), (0.8541667, 0.29166666), (0.875, 0.29166666), (0.875, 0.33333334), (0.875, 0.33333334), (0.875, 0.29166666), (0.8958333, 0.29166666), (0.8958333, 0.33333334), (0.8958333, 0.33333334), (0.8958333, 0.29166666), (0.9166667, 0.29166666), (0.9166667, 0.33333334), (0.9166667, 0.33333334), (0.9166667, 0.29166666), (0.9375, 0.29166666), (0.9375, 0.33333334), (0.9375, 0.33333334), (0.9375, 0.29166666), (0.9583333, 0.29166666), (0.9583333, 0.33333334), (0.9583333, 0.33333334), (0.9583333, 0.29166666), (0.9791667, 0.29166666), (0.9791667, 0.33333334), (0.9791667, 0.33333334), (0.9791667, 0.29166666), (1, 0.29166666), (1, 0.33333334), (0, 0.29166666), (0, 0.25), (0.020833334, 0.25), (0.020833334, 0.29166666), (0.020833334, 0.29166666), (0.020833334, 0.25), (0.041666668, 0.25), (0.041666668, 0.29166666), (0.041666668, 0.29166666), (0.041666668, 0.25), (0.0625, 0.25), (0.0625, 0.29166666), (0.0625, 0.29166666), (0.0625, 0.25), (0.083333336, 0.25), (0.083333336, 0.29166666), (0.083333336, 0.29166666), (0.083333336, 0.25), (0.104166664, 0.25), (0.104166664, 0.29166666), (0.104166664, 0.29166666), (0.104166664, 0.25), (0.125, 0.25), (0.125, 0.29166666), (0.125, 0.29166666), (0.125, 0.25), (0.14583333, 0.25), (0.14583333, 0.29166666), (0.14583333, 0.29166666), (0.14583333, 0.25), (0.16666667, 0.25), (0.16666667, 0.29166666), (0.16666667, 0.29166666), (0.16666667, 0.25), (0.1875, 0.25), (0.1875, 0.29166666), (0.1875, 0.29166666), (0.1875, 0.25), (0.20833333, 0.25), (0.20833333, 0.29166666), (0.20833333, 0.29166666), (0.20833333, 0.25), (0.22916667, 0.25), (0.22916667, 0.29166666), (0.22916667, 0.29166666), (0.22916667, 0.25), (0.25, 0.25), (0.25, 0.29166666), (0.25, 0.29166666), (0.25, 0.25), (0.27083334, 0.25), (0.27083334, 0.29166666), (0.27083334, 0.29166666), (0.27083334, 0.25), (0.29166666, 0.25), (0.29166666, 0.29166666), (0.29166666, 0.29166666), (0.29166666, 0.25), (0.3125, 0.25), (0.3125, 0.29166666), (0.3125, 0.29166666), (0.3125, 0.25), (0.33333334, 0.25), (0.33333334, 0.29166666), (0.33333334, 0.29166666), (0.33333334, 0.25), (0.35416666, 0.25), (0.35416666, 0.29166666), (0.35416666, 0.29166666), (0.35416666, 0.25), (0.375, 0.25), (0.375, 0.29166666), (0.375, 0.29166666), (0.375, 0.25), (0.39583334, 0.25), (0.39583334, 0.29166666), (0.39583334, 0.29166666), (0.39583334, 0.25), (0.41666666, 0.25), (0.41666666, 0.29166666), (0.41666666, 0.29166666), (0.41666666, 0.25), (0.4375, 0.25), (0.4375, 0.29166666), (0.4375, 0.29166666), (0.4375, 0.25), (0.45833334, 0.25), (0.45833334, 0.29166666), (0.45833334, 0.29166666), (0.45833334, 0.25), (0.47916666, 0.25), (0.47916666, 0.29166666), (0.47916666, 0.29166666), (0.47916666, 0.25), (0.5, 0.25), (0.5, 0.29166666), (0.5, 0.29166666), (0.5, 0.25), (0.5208333, 0.25), (0.5208333, 0.29166666), (0.5208333, 0.29166666), (0.5208333, 0.25), (0.5416667, 0.25), (0.5416667, 0.29166666), (0.5416667, 0.29166666), (0.5416667, 0.25), (0.5625, 0.25), (0.5625, 0.29166666), (0.5625, 0.29166666), (0.5625, 0.25), (0.5833333, 0.25), (0.5833333, 0.29166666), (0.5833333, 0.29166666), (0.5833333, 0.25), (0.6041667, 0.25), (0.6041667, 0.29166666), (0.6041667, 0.29166666), (0.6041667, 0.25), (0.625, 0.25), (0.625, 0.29166666), (0.625, 0.29166666), (0.625, 0.25), (0.6458333, 0.25), (0.6458333, 0.29166666), (0.6458333, 0.29166666), (0.6458333, 0.25), (0.6666667, 0.25), (0.6666667, 0.29166666), (0.6666667, 0.29166666), (0.6666667, 0.25), (0.6875, 0.25), (0.6875, 0.29166666), (0.6875, 0.29166666), (0.6875, 0.25), (0.7083333, 0.25), (0.7083333, 0.29166666), (0.7083333, 0.29166666), (0.7083333, 0.25), (0.7291667, 0.25), (0.7291667, 0.29166666), (0.7291667, 0.29166666), (0.7291667, 0.25), (0.75, 0.25), (0.75, 0.29166666), (0.75, 0.29166666), (0.75, 0.25), (0.7708333, 0.25), (0.7708333, 0.29166666), (0.7708333, 0.29166666), (0.7708333, 0.25), (0.7916667, 0.25), (0.7916667, 0.29166666), (0.7916667, 0.29166666), (0.7916667, 0.25), (0.8125, 0.25), (0.8125, 0.29166666), (0.8125, 0.29166666), (0.8125, 0.25), (0.8333333, 0.25), (0.8333333, 0.29166666), (0.8333333, 0.29166666), (0.8333333, 0.25), (0.8541667, 0.25), (0.8541667, 0.29166666), (0.8541667, 0.29166666), (0.8541667, 0.25), (0.875, 0.25), (0.875, 0.29166666), (0.875, 0.29166666), (0.875, 0.25), (0.8958333, 0.25), (0.8958333, 0.29166666), (0.8958333, 0.29166666), (0.8958333, 0.25), (0.9166667, 0.25), (0.9166667, 0.29166666), (0.9166667, 0.29166666), (0.9166667, 0.25), (0.9375, 0.25), (0.9375, 0.29166666), (0.9375, 0.29166666), (0.9375, 0.25), (0.9583333, 0.25), (0.9583333, 0.29166666), (0.9583333, 0.29166666), (0.9583333, 0.25), (0.9791667, 0.25), (0.9791667, 0.29166666), (0.9791667, 0.29166666), (0.9791667, 0.25), (1, 0.25), (1, 0.29166666), (0, 0.25), (0, 0.20833333), (0.020833334, 0.20833333), (0.020833334, 0.25), (0.020833334, 0.25), (0.020833334, 0.20833333), (0.041666668, 0.20833333), (0.041666668, 0.25), (0.041666668, 0.25), (0.041666668, 0.20833333), (0.0625, 0.20833333), (0.0625, 0.25), (0.0625, 0.25), (0.0625, 0.20833333), (0.083333336, 0.20833333), (0.083333336, 0.25), (0.083333336, 0.25), (0.083333336, 0.20833333), (0.104166664, 0.20833333), (0.104166664, 0.25), (0.104166664, 0.25), (0.104166664, 0.20833333), (0.125, 0.20833333), (0.125, 0.25), (0.125, 0.25), (0.125, 0.20833333), (0.14583333, 0.20833333), (0.14583333, 0.25), (0.14583333, 0.25), (0.14583333, 0.20833333), (0.16666667, 0.20833333), (0.16666667, 0.25), (0.16666667, 0.25), (0.16666667, 0.20833333), (0.1875, 0.20833333), (0.1875, 0.25), (0.1875, 0.25), (0.1875, 0.20833333), (0.20833333, 0.20833333), (0.20833333, 0.25), (0.20833333, 0.25), (0.20833333, 0.20833333), (0.22916667, 0.20833333), (0.22916667, 0.25), (0.22916667, 0.25), (0.22916667, 0.20833333), (0.25, 0.20833333), (0.25, 0.25), (0.25, 0.25), (0.25, 0.20833333), (0.27083334, 0.20833333), (0.27083334, 0.25), (0.27083334, 0.25), (0.27083334, 0.20833333), (0.29166666, 0.20833333), (0.29166666, 0.25), (0.29166666, 0.25), (0.29166666, 0.20833333), (0.3125, 0.20833333), (0.3125, 0.25), (0.3125, 0.25), (0.3125, 0.20833333), (0.33333334, 0.20833333), (0.33333334, 0.25), (0.33333334, 0.25), (0.33333334, 0.20833333), (0.35416666, 0.20833333), (0.35416666, 0.25), (0.35416666, 0.25), (0.35416666, 0.20833333), (0.375, 0.20833333), (0.375, 0.25), (0.375, 0.25), (0.375, 0.20833333), (0.39583334, 0.20833333), (0.39583334, 0.25), (0.39583334, 0.25), (0.39583334, 0.20833333), (0.41666666, 0.20833333), (0.41666666, 0.25), (0.41666666, 0.25), (0.41666666, 0.20833333), (0.4375, 0.20833333), (0.4375, 0.25), (0.4375, 0.25), (0.4375, 0.20833333), (0.45833334, 0.20833333), (0.45833334, 0.25), (0.45833334, 0.25), (0.45833334, 0.20833333), (0.47916666, 0.20833333), (0.47916666, 0.25), (0.47916666, 0.25), (0.47916666, 0.20833333), (0.5, 0.20833333), (0.5, 0.25), (0.5, 0.25), (0.5, 0.20833333), (0.5208333, 0.20833333), (0.5208333, 0.25), (0.5208333, 0.25), (0.5208333, 0.20833333), (0.5416667, 0.20833333), (0.5416667, 0.25), (0.5416667, 0.25), (0.5416667, 0.20833333), (0.5625, 0.20833333), (0.5625, 0.25), (0.5625, 0.25), (0.5625, 0.20833333), (0.5833333, 0.20833333), (0.5833333, 0.25), (0.5833333, 0.25), (0.5833333, 0.20833333), (0.6041667, 0.20833333), (0.6041667, 0.25), (0.6041667, 0.25), (0.6041667, 0.20833333), (0.625, 0.20833333), (0.625, 0.25), (0.625, 0.25), (0.625, 0.20833333), (0.6458333, 0.20833333), (0.6458333, 0.25), (0.6458333, 0.25), (0.6458333, 0.20833333), (0.6666667, 0.20833333), (0.6666667, 0.25), (0.6666667, 0.25), (0.6666667, 0.20833333), (0.6875, 0.20833333), (0.6875, 0.25), (0.6875, 0.25), (0.6875, 0.20833333), (0.7083333, 0.20833333), (0.7083333, 0.25), (0.7083333, 0.25), (0.7083333, 0.20833333), (0.7291667, 0.20833333), (0.7291667, 0.25), (0.7291667, 0.25), (0.7291667, 0.20833333), (0.75, 0.20833333), (0.75, 0.25), (0.75, 0.25), (0.75, 0.20833333), (0.7708333, 0.20833333), (0.7708333, 0.25), (0.7708333, 0.25), (0.7708333, 0.20833333), (0.7916667, 0.20833333), (0.7916667, 0.25), (0.7916667, 0.25), (0.7916667, 0.20833333), (0.8125, 0.20833333), (0.8125, 0.25), (0.8125, 0.25), (0.8125, 0.20833333), (0.8333333, 0.20833333), (0.8333333, 0.25), (0.8333333, 0.25), (0.8333333, 0.20833333), (0.8541667, 0.20833333), (0.8541667, 0.25), (0.8541667, 0.25), (0.8541667, 0.20833333), (0.875, 0.20833333), (0.875, 0.25), (0.875, 0.25), (0.875, 0.20833333), (0.8958333, 0.20833333), (0.8958333, 0.25), (0.8958333, 0.25), (0.8958333, 0.20833333), (0.9166667, 0.20833333), (0.9166667, 0.25), (0.9166667, 0.25), (0.9166667, 0.20833333), (0.9375, 0.20833333), (0.9375, 0.25), (0.9375, 0.25), (0.9375, 0.20833333), (0.9583333, 0.20833333), (0.9583333, 0.25), (0.9583333, 0.25), (0.9583333, 0.20833333), (0.9791667, 0.20833333), (0.9791667, 0.25), (0.9791667, 0.25), (0.9791667, 0.20833333), (1, 0.20833333), (1, 0.25), (0, 0.20833333), (0, 0.16666667), (0.020833334, 0.16666667), (0.020833334, 0.20833333), (0.020833334, 0.20833333), (0.020833334, 0.16666667), (0.041666668, 0.16666667), (0.041666668, 0.20833333), (0.041666668, 0.20833333), (0.041666668, 0.16666667), (0.0625, 0.16666667), (0.0625, 0.20833333), (0.0625, 0.20833333), (0.0625, 0.16666667), (0.083333336, 0.16666667), (0.083333336, 0.20833333), (0.083333336, 0.20833333), (0.083333336, 0.16666667), (0.104166664, 0.16666667), (0.104166664, 0.20833333), (0.104166664, 0.20833333), (0.104166664, 0.16666667), (0.125, 0.16666667), (0.125, 0.20833333), (0.125, 0.20833333), (0.125, 0.16666667), (0.14583333, 0.16666667), (0.14583333, 0.20833333), (0.14583333, 0.20833333), (0.14583333, 0.16666667), (0.16666667, 0.16666667), (0.16666667, 0.20833333), (0.16666667, 0.20833333), (0.16666667, 0.16666667), (0.1875, 0.16666667), (0.1875, 0.20833333), (0.1875, 0.20833333), (0.1875, 0.16666667), (0.20833333, 0.16666667), (0.20833333, 0.20833333), (0.20833333, 0.20833333), (0.20833333, 0.16666667), (0.22916667, 0.16666667), (0.22916667, 0.20833333), (0.22916667, 0.20833333), (0.22916667, 0.16666667), (0.25, 0.16666667), (0.25, 0.20833333), (0.25, 0.20833333), (0.25, 0.16666667), (0.27083334, 0.16666667), (0.27083334, 0.20833333), (0.27083334, 0.20833333), (0.27083334, 0.16666667), (0.29166666, 0.16666667), (0.29166666, 0.20833333), (0.29166666, 0.20833333), (0.29166666, 0.16666667), (0.3125, 0.16666667), (0.3125, 0.20833333), (0.3125, 0.20833333), (0.3125, 0.16666667), (0.33333334, 0.16666667), (0.33333334, 0.20833333), (0.33333334, 0.20833333), (0.33333334, 0.16666667), (0.35416666, 0.16666667), (0.35416666, 0.20833333), (0.35416666, 0.20833333), (0.35416666, 0.16666667), (0.375, 0.16666667), (0.375, 0.20833333), (0.375, 0.20833333), (0.375, 0.16666667), (0.39583334, 0.16666667), (0.39583334, 0.20833333), (0.39583334, 0.20833333), (0.39583334, 0.16666667), (0.41666666, 0.16666667), (0.41666666, 0.20833333), (0.41666666, 0.20833333), (0.41666666, 0.16666667), (0.4375, 0.16666667), (0.4375, 0.20833333), (0.4375, 0.20833333), (0.4375, 0.16666667), (0.45833334, 0.16666667), (0.45833334, 0.20833333), (0.45833334, 0.20833333), (0.45833334, 0.16666667), (0.47916666, 0.16666667), (0.47916666, 0.20833333), (0.47916666, 0.20833333), (0.47916666, 0.16666667), (0.5, 0.16666667), (0.5, 0.20833333), (0.5, 0.20833333), (0.5, 0.16666667), (0.5208333, 0.16666667), (0.5208333, 0.20833333), (0.5208333, 0.20833333), (0.5208333, 0.16666667), (0.5416667, 0.16666667), (0.5416667, 0.20833333), (0.5416667, 0.20833333), (0.5416667, 0.16666667), (0.5625, 0.16666667), (0.5625, 0.20833333), (0.5625, 0.20833333), (0.5625, 0.16666667), (0.5833333, 0.16666667), (0.5833333, 0.20833333), (0.5833333, 0.20833333), (0.5833333, 0.16666667), (0.6041667, 0.16666667), (0.6041667, 0.20833333), (0.6041667, 0.20833333), (0.6041667, 0.16666667), (0.625, 0.16666667), (0.625, 0.20833333), (0.625, 0.20833333), (0.625, 0.16666667), (0.6458333, 0.16666667), (0.6458333, 0.20833333), (0.6458333, 0.20833333), (0.6458333, 0.16666667), (0.6666667, 0.16666667), (0.6666667, 0.20833333), (0.6666667, 0.20833333), (0.6666667, 0.16666667), (0.6875, 0.16666667), (0.6875, 0.20833333), (0.6875, 0.20833333), (0.6875, 0.16666667), (0.7083333, 0.16666667), (0.7083333, 0.20833333), (0.7083333, 0.20833333), (0.7083333, 0.16666667), (0.7291667, 0.16666667), (0.7291667, 0.20833333), (0.7291667, 0.20833333), (0.7291667, 0.16666667), (0.75, 0.16666667), (0.75, 0.20833333), (0.75, 0.20833333), (0.75, 0.16666667), (0.7708333, 0.16666667), (0.7708333, 0.20833333), (0.7708333, 0.20833333), (0.7708333, 0.16666667), (0.7916667, 0.16666667), (0.7916667, 0.20833333), (0.7916667, 0.20833333), (0.7916667, 0.16666667), (0.8125, 0.16666667), (0.8125, 0.20833333), (0.8125, 0.20833333), (0.8125, 0.16666667), (0.8333333, 0.16666667), (0.8333333, 0.20833333), (0.8333333, 0.20833333), (0.8333333, 0.16666667), (0.8541667, 0.16666667), (0.8541667, 0.20833333), (0.8541667, 0.20833333), (0.8541667, 0.16666667), (0.875, 0.16666667), (0.875, 0.20833333), (0.875, 0.20833333), (0.875, 0.16666667), (0.8958333, 0.16666667), (0.8958333, 0.20833333), (0.8958333, 0.20833333), (0.8958333, 0.16666667), (0.9166667, 0.16666667), (0.9166667, 0.20833333), (0.9166667, 0.20833333), (0.9166667, 0.16666667), (0.9375, 0.16666667), (0.9375, 0.20833333), (0.9375, 0.20833333), (0.9375, 0.16666667), (0.9583333, 0.16666667), (0.9583333, 0.20833333), (0.9583333, 0.20833333), (0.9583333, 0.16666667), (0.9791667, 0.16666667), (0.9791667, 0.20833333), (0.9791667, 0.20833333), (0.9791667, 0.16666667), (1, 0.16666667), (1, 0.20833333), (0, 0.16666667), (0, 0.125), (0.020833334, 0.125), (0.020833334, 0.16666667), (0.020833334, 0.16666667), (0.020833334, 0.125), (0.041666668, 0.125), (0.041666668, 0.16666667), (0.041666668, 0.16666667), (0.041666668, 0.125), (0.0625, 0.125), (0.0625, 0.16666667), (0.0625, 0.16666667), (0.0625, 0.125), (0.083333336, 0.125), (0.083333336, 0.16666667), (0.083333336, 0.16666667), (0.083333336, 0.125), (0.104166664, 0.125), (0.104166664, 0.16666667), (0.104166664, 0.16666667), (0.104166664, 0.125), (0.125, 0.125), (0.125, 0.16666667), (0.125, 0.16666667), (0.125, 0.125), (0.14583333, 0.125), (0.14583333, 0.16666667), (0.14583333, 0.16666667), (0.14583333, 0.125), (0.16666667, 0.125), (0.16666667, 0.16666667), (0.16666667, 0.16666667), (0.16666667, 0.125), (0.1875, 0.125), (0.1875, 0.16666667), (0.1875, 0.16666667), (0.1875, 0.125), (0.20833333, 0.125), (0.20833333, 0.16666667), (0.20833333, 0.16666667), (0.20833333, 0.125), (0.22916667, 0.125), (0.22916667, 0.16666667), (0.22916667, 0.16666667), (0.22916667, 0.125), (0.25, 0.125), (0.25, 0.16666667), (0.25, 0.16666667), (0.25, 0.125), (0.27083334, 0.125), (0.27083334, 0.16666667), (0.27083334, 0.16666667), (0.27083334, 0.125), (0.29166666, 0.125), (0.29166666, 0.16666667), (0.29166666, 0.16666667), (0.29166666, 0.125), (0.3125, 0.125), (0.3125, 0.16666667), (0.3125, 0.16666667), (0.3125, 0.125), (0.33333334, 0.125), (0.33333334, 0.16666667), (0.33333334, 0.16666667), (0.33333334, 0.125), (0.35416666, 0.125), (0.35416666, 0.16666667), (0.35416666, 0.16666667), (0.35416666, 0.125), (0.375, 0.125), (0.375, 0.16666667), (0.375, 0.16666667), (0.375, 0.125), (0.39583334, 0.125), (0.39583334, 0.16666667), (0.39583334, 0.16666667), (0.39583334, 0.125), (0.41666666, 0.125), (0.41666666, 0.16666667), (0.41666666, 0.16666667), (0.41666666, 0.125), (0.4375, 0.125), (0.4375, 0.16666667), (0.4375, 0.16666667), (0.4375, 0.125), (0.45833334, 0.125), (0.45833334, 0.16666667), (0.45833334, 0.16666667), (0.45833334, 0.125), (0.47916666, 0.125), (0.47916666, 0.16666667), (0.47916666, 0.16666667), (0.47916666, 0.125), (0.5, 0.125), (0.5, 0.16666667), (0.5, 0.16666667), (0.5, 0.125), (0.5208333, 0.125), (0.5208333, 0.16666667), (0.5208333, 0.16666667), (0.5208333, 0.125), (0.5416667, 0.125), (0.5416667, 0.16666667), (0.5416667, 0.16666667), (0.5416667, 0.125), (0.5625, 0.125), (0.5625, 0.16666667), (0.5625, 0.16666667), (0.5625, 0.125), (0.5833333, 0.125), (0.5833333, 0.16666667), (0.5833333, 0.16666667), (0.5833333, 0.125), (0.6041667, 0.125), (0.6041667, 0.16666667), (0.6041667, 0.16666667), (0.6041667, 0.125), (0.625, 0.125), (0.625, 0.16666667), (0.625, 0.16666667), (0.625, 0.125), (0.6458333, 0.125), (0.6458333, 0.16666667), (0.6458333, 0.16666667), (0.6458333, 0.125), (0.6666667, 0.125), (0.6666667, 0.16666667), (0.6666667, 0.16666667), (0.6666667, 0.125), (0.6875, 0.125), (0.6875, 0.16666667), (0.6875, 0.16666667), (0.6875, 0.125), (0.7083333, 0.125), (0.7083333, 0.16666667), (0.7083333, 0.16666667), (0.7083333, 0.125), (0.7291667, 0.125), (0.7291667, 0.16666667), (0.7291667, 0.16666667), (0.7291667, 0.125), (0.75, 0.125), (0.75, 0.16666667), (0.75, 0.16666667), (0.75, 0.125), (0.7708333, 0.125), (0.7708333, 0.16666667), (0.7708333, 0.16666667), (0.7708333, 0.125), (0.7916667, 0.125), (0.7916667, 0.16666667), (0.7916667, 0.16666667), (0.7916667, 0.125), (0.8125, 0.125), (0.8125, 0.16666667), (0.8125, 0.16666667), (0.8125, 0.125), (0.8333333, 0.125), (0.8333333, 0.16666667), (0.8333333, 0.16666667), (0.8333333, 0.125), (0.8541667, 0.125), (0.8541667, 0.16666667), (0.8541667, 0.16666667), (0.8541667, 0.125), (0.875, 0.125), (0.875, 0.16666667), (0.875, 0.16666667), (0.875, 0.125), (0.8958333, 0.125), (0.8958333, 0.16666667), (0.8958333, 0.16666667), (0.8958333, 0.125), (0.9166667, 0.125), (0.9166667, 0.16666667), (0.9166667, 0.16666667), (0.9166667, 0.125), (0.9375, 0.125), (0.9375, 0.16666667), (0.9375, 0.16666667), (0.9375, 0.125), (0.9583333, 0.125), (0.9583333, 0.16666667), (0.9583333, 0.16666667), (0.9583333, 0.125), (0.9791667, 0.125), (0.9791667, 0.16666667), (0.9791667, 0.16666667), (0.9791667, 0.125), (1, 0.125), (1, 0.16666667), (0, 0.125), (0, 0.083333336), (0.020833334, 0.083333336), (0.020833334, 0.125), (0.020833334, 0.125), (0.020833334, 0.083333336), (0.041666668, 0.083333336), (0.041666668, 0.125), (0.041666668, 0.125), (0.041666668, 0.083333336), (0.0625, 0.083333336), (0.0625, 0.125), (0.0625, 0.125), (0.0625, 0.083333336), (0.083333336, 0.083333336), (0.083333336, 0.125), (0.083333336, 0.125), (0.083333336, 0.083333336), (0.104166664, 0.083333336), (0.104166664, 0.125), (0.104166664, 0.125), (0.104166664, 0.083333336), (0.125, 0.083333336), (0.125, 0.125), (0.125, 0.125), (0.125, 0.083333336), (0.14583333, 0.083333336), (0.14583333, 0.125), (0.14583333, 0.125), (0.14583333, 0.083333336), (0.16666667, 0.083333336), (0.16666667, 0.125), (0.16666667, 0.125), (0.16666667, 0.083333336), (0.1875, 0.083333336), (0.1875, 0.125), (0.1875, 0.125), (0.1875, 0.083333336), (0.20833333, 0.083333336), (0.20833333, 0.125), (0.20833333, 0.125), (0.20833333, 0.083333336), (0.22916667, 0.083333336), (0.22916667, 0.125), (0.22916667, 0.125), (0.22916667, 0.083333336), (0.25, 0.083333336), (0.25, 0.125), (0.25, 0.125), (0.25, 0.083333336), (0.27083334, 0.083333336), (0.27083334, 0.125), (0.27083334, 0.125), (0.27083334, 0.083333336), (0.29166666, 0.083333336), (0.29166666, 0.125), (0.29166666, 0.125), (0.29166666, 0.083333336), (0.3125, 0.083333336), (0.3125, 0.125), (0.3125, 0.125), (0.3125, 0.083333336), (0.33333334, 0.083333336), (0.33333334, 0.125), (0.33333334, 0.125), (0.33333334, 0.083333336), (0.35416666, 0.083333336), (0.35416666, 0.125), (0.35416666, 0.125), (0.35416666, 0.083333336), (0.375, 0.083333336), (0.375, 0.125), (0.375, 0.125), (0.375, 0.083333336), (0.39583334, 0.083333336), (0.39583334, 0.125), (0.39583334, 0.125), (0.39583334, 0.083333336), (0.41666666, 0.083333336), (0.41666666, 0.125), (0.41666666, 0.125), (0.41666666, 0.083333336), (0.4375, 0.083333336), (0.4375, 0.125), (0.4375, 0.125), (0.4375, 0.083333336), (0.45833334, 0.083333336), (0.45833334, 0.125), (0.45833334, 0.125), (0.45833334, 0.083333336), (0.47916666, 0.083333336), (0.47916666, 0.125), (0.47916666, 0.125), (0.47916666, 0.083333336), (0.5, 0.083333336), (0.5, 0.125), (0.5, 0.125), (0.5, 0.083333336), (0.5208333, 0.083333336), (0.5208333, 0.125), (0.5208333, 0.125), (0.5208333, 0.083333336), (0.5416667, 0.083333336), (0.5416667, 0.125), (0.5416667, 0.125), (0.5416667, 0.083333336), (0.5625, 0.083333336), (0.5625, 0.125), (0.5625, 0.125), (0.5625, 0.083333336), (0.5833333, 0.083333336), (0.5833333, 0.125), (0.5833333, 0.125), (0.5833333, 0.083333336), (0.6041667, 0.083333336), (0.6041667, 0.125), (0.6041667, 0.125), (0.6041667, 0.083333336), (0.625, 0.083333336), (0.625, 0.125), (0.625, 0.125), (0.625, 0.083333336), (0.6458333, 0.083333336), (0.6458333, 0.125), (0.6458333, 0.125), (0.6458333, 0.083333336), (0.6666667, 0.083333336), (0.6666667, 0.125), (0.6666667, 0.125), (0.6666667, 0.083333336), (0.6875, 0.083333336), (0.6875, 0.125), (0.6875, 0.125), (0.6875, 0.083333336), (0.7083333, 0.083333336), (0.7083333, 0.125), (0.7083333, 0.125), (0.7083333, 0.083333336), (0.7291667, 0.083333336), (0.7291667, 0.125), (0.7291667, 0.125), (0.7291667, 0.083333336), (0.75, 0.083333336), (0.75, 0.125), (0.75, 0.125), (0.75, 0.083333336), (0.7708333, 0.083333336), (0.7708333, 0.125), (0.7708333, 0.125), (0.7708333, 0.083333336), (0.7916667, 0.083333336), (0.7916667, 0.125), (0.7916667, 0.125), (0.7916667, 0.083333336), (0.8125, 0.083333336), (0.8125, 0.125), (0.8125, 0.125), (0.8125, 0.083333336), (0.8333333, 0.083333336), (0.8333333, 0.125), (0.8333333, 0.125), (0.8333333, 0.083333336), (0.8541667, 0.083333336), (0.8541667, 0.125), (0.8541667, 0.125), (0.8541667, 0.083333336), (0.875, 0.083333336), (0.875, 0.125), (0.875, 0.125), (0.875, 0.083333336), (0.8958333, 0.083333336), (0.8958333, 0.125), (0.8958333, 0.125), (0.8958333, 0.083333336), (0.9166667, 0.083333336), (0.9166667, 0.125), (0.9166667, 0.125), (0.9166667, 0.083333336), (0.9375, 0.083333336), (0.9375, 0.125), (0.9375, 0.125), (0.9375, 0.083333336), (0.9583333, 0.083333336), (0.9583333, 0.125), (0.9583333, 0.125), (0.9583333, 0.083333336), (0.9791667, 0.083333336), (0.9791667, 0.125), (0.9791667, 0.125), (0.9791667, 0.083333336), (1, 0.083333336), (1, 0.125), (0, 0.083333336), (0, 0.041666668), (0.020833334, 0.041666668), (0.020833334, 0.083333336), (0.020833334, 0.083333336), (0.020833334, 0.041666668), (0.041666668, 0.041666668), (0.041666668, 0.083333336), (0.041666668, 0.083333336), (0.041666668, 0.041666668), (0.0625, 0.041666668), (0.0625, 0.083333336), (0.0625, 0.083333336), (0.0625, 0.041666668), (0.083333336, 0.041666668), (0.083333336, 0.083333336), (0.083333336, 0.083333336), (0.083333336, 0.041666668), (0.104166664, 0.041666668), (0.104166664, 0.083333336), (0.104166664, 0.083333336), (0.104166664, 0.041666668), (0.125, 0.041666668), (0.125, 0.083333336), (0.125, 0.083333336), (0.125, 0.041666668), (0.14583333, 0.041666668), (0.14583333, 0.083333336), (0.14583333, 0.083333336), (0.14583333, 0.041666668), (0.16666667, 0.041666668), (0.16666667, 0.083333336), (0.16666667, 0.083333336), (0.16666667, 0.041666668), (0.1875, 0.041666668), (0.1875, 0.083333336), (0.1875, 0.083333336), (0.1875, 0.041666668), (0.20833333, 0.041666668), (0.20833333, 0.083333336), (0.20833333, 0.083333336), (0.20833333, 0.041666668), (0.22916667, 0.041666668), (0.22916667, 0.083333336), (0.22916667, 0.083333336), (0.22916667, 0.041666668), (0.25, 0.041666668), (0.25, 0.083333336), (0.25, 0.083333336), (0.25, 0.041666668), (0.27083334, 0.041666668), (0.27083334, 0.083333336), (0.27083334, 0.083333336), (0.27083334, 0.041666668), (0.29166666, 0.041666668), (0.29166666, 0.083333336), (0.29166666, 0.083333336), (0.29166666, 0.041666668), (0.3125, 0.041666668), (0.3125, 0.083333336), (0.3125, 0.083333336), (0.3125, 0.041666668), (0.33333334, 0.041666668), (0.33333334, 0.083333336), (0.33333334, 0.083333336), (0.33333334, 0.041666668), (0.35416666, 0.041666668), (0.35416666, 0.083333336), (0.35416666, 0.083333336), (0.35416666, 0.041666668), (0.375, 0.041666668), (0.375, 0.083333336), (0.375, 0.083333336), (0.375, 0.041666668), (0.39583334, 0.041666668), (0.39583334, 0.083333336), (0.39583334, 0.083333336), (0.39583334, 0.041666668), (0.41666666, 0.041666668), (0.41666666, 0.083333336), (0.41666666, 0.083333336), (0.41666666, 0.041666668), (0.4375, 0.041666668), (0.4375, 0.083333336), (0.4375, 0.083333336), (0.4375, 0.041666668), (0.45833334, 0.041666668), (0.45833334, 0.083333336), (0.45833334, 0.083333336), (0.45833334, 0.041666668), (0.47916666, 0.041666668), (0.47916666, 0.083333336), (0.47916666, 0.083333336), (0.47916666, 0.041666668), (0.5, 0.041666668), (0.5, 0.083333336), (0.5, 0.083333336), (0.5, 0.041666668), (0.5208333, 0.041666668), (0.5208333, 0.083333336), (0.5208333, 0.083333336), (0.5208333, 0.041666668), (0.5416667, 0.041666668), (0.5416667, 0.083333336), (0.5416667, 0.083333336), (0.5416667, 0.041666668), (0.5625, 0.041666668), (0.5625, 0.083333336), (0.5625, 0.083333336), (0.5625, 0.041666668), (0.5833333, 0.041666668), (0.5833333, 0.083333336), (0.5833333, 0.083333336), (0.5833333, 0.041666668), (0.6041667, 0.041666668), (0.6041667, 0.083333336), (0.6041667, 0.083333336), (0.6041667, 0.041666668), (0.625, 0.041666668), (0.625, 0.083333336), (0.625, 0.083333336), (0.625, 0.041666668), (0.6458333, 0.041666668), (0.6458333, 0.083333336), (0.6458333, 0.083333336), (0.6458333, 0.041666668), (0.6666667, 0.041666668), (0.6666667, 0.083333336), (0.6666667, 0.083333336), (0.6666667, 0.041666668), (0.6875, 0.041666668), (0.6875, 0.083333336), (0.6875, 0.083333336), (0.6875, 0.041666668), (0.7083333, 0.041666668), (0.7083333, 0.083333336), (0.7083333, 0.083333336), (0.7083333, 0.041666668), (0.7291667, 0.041666668), (0.7291667, 0.083333336), (0.7291667, 0.083333336), (0.7291667, 0.041666668), (0.75, 0.041666668), (0.75, 0.083333336), (0.75, 0.083333336), (0.75, 0.041666668), (0.7708333, 0.041666668), (0.7708333, 0.083333336), (0.7708333, 0.083333336), (0.7708333, 0.041666668), (0.7916667, 0.041666668), (0.7916667, 0.083333336), (0.7916667, 0.083333336), (0.7916667, 0.041666668), (0.8125, 0.041666668), (0.8125, 0.083333336), (0.8125, 0.083333336), (0.8125, 0.041666668), (0.8333333, 0.041666668), (0.8333333, 0.083333336), (0.8333333, 0.083333336), (0.8333333, 0.041666668), (0.8541667, 0.041666668), (0.8541667, 0.083333336), (0.8541667, 0.083333336), (0.8541667, 0.041666668), (0.875, 0.041666668), (0.875, 0.083333336), (0.875, 0.083333336), (0.875, 0.041666668), (0.8958333, 0.041666668), (0.8958333, 0.083333336), (0.8958333, 0.083333336), (0.8958333, 0.041666668), (0.9166667, 0.041666668), (0.9166667, 0.083333336), (0.9166667, 0.083333336), (0.9166667, 0.041666668), (0.9375, 0.041666668), (0.9375, 0.083333336), (0.9375, 0.083333336), (0.9375, 0.041666668), (0.9583333, 0.041666668), (0.9583333, 0.083333336), (0.9583333, 0.083333336), (0.9583333, 0.041666668), (0.9791667, 0.041666668), (0.9791667, 0.083333336), (0.9791667, 0.083333336), (0.9791667, 0.041666668), (1, 0.041666668), (1, 0.083333336), (0, 0.041666668), (0, 0), (0.020833334, 0.041666668), (0.020833334, 0.041666668), (0.020833334, 0), (0.041666668, 0.041666668), (0.041666668, 0.041666668), (0.041666668, 0), (0.0625, 0.041666668), (0.0625, 0.041666668), (0.0625, 0), (0.083333336, 0.041666668), (0.083333336, 0.041666668), (0.083333336, 0), (0.104166664, 0.041666668), (0.104166664, 0.041666668), (0.104166664, 0), (0.125, 0.041666668), (0.125, 0.041666668), (0.125, 0), (0.14583333, 0.041666668), (0.14583333, 0.041666668), (0.14583333, 0), (0.16666667, 0.041666668), (0.16666667, 0.041666668), (0.16666667, 0), (0.1875, 0.041666668), (0.1875, 0.041666668), (0.1875, 0), (0.20833333, 0.041666668), (0.20833333, 0.041666668), (0.20833333, 0), (0.22916667, 0.041666668), (0.22916667, 0.041666668), (0.22916667, 0), (0.25, 0.041666668), (0.25, 0.041666668), (0.25, 0), (0.27083334, 0.041666668), (0.27083334, 0.041666668), (0.27083334, 0), (0.29166666, 0.041666668), (0.29166666, 0.041666668), (0.29166666, 0), (0.3125, 0.041666668), (0.3125, 0.041666668), (0.3125, 0), (0.33333334, 0.041666668), (0.33333334, 0.041666668), (0.33333334, 0), (0.35416666, 0.041666668), (0.35416666, 0.041666668), (0.35416666, 0), (0.375, 0.041666668), (0.375, 0.041666668), (0.375, 0), (0.39583334, 0.041666668), (0.39583334, 0.041666668), (0.39583334, 0), (0.41666666, 0.041666668), (0.41666666, 0.041666668), (0.41666666, 0), (0.4375, 0.041666668), (0.4375, 0.041666668), (0.4375, 0), (0.45833334, 0.041666668), (0.45833334, 0.041666668), (0.45833334, 0), (0.47916666, 0.041666668), (0.47916666, 0.041666668), (0.47916666, 0), (0.5, 0.041666668), (0.5, 0.041666668), (0.5, 0), (0.5208333, 0.041666668), (0.5208333, 0.041666668), (0.5208333, 0), (0.5416667, 0.041666668), (0.5416667, 0.041666668), (0.5416667, 0), (0.5625, 0.041666668), (0.5625, 0.041666668), (0.5625, 0), (0.5833333, 0.041666668), (0.5833333, 0.041666668), (0.5833333, 0), (0.6041667, 0.041666668), (0.6041667, 0.041666668), (0.6041667, 0), (0.625, 0.041666668), (0.625, 0.041666668), (0.625, 0), (0.6458333, 0.041666668), (0.6458333, 0.041666668), (0.6458333, 0), (0.6666667, 0.041666668), (0.6666667, 0.041666668), (0.6666667, 0), (0.6875, 0.041666668), (0.6875, 0.041666668), (0.6875, 0), (0.7083333, 0.041666668), (0.7083333, 0.041666668), (0.7083333, 0), (0.7291667, 0.041666668), (0.7291667, 0.041666668), (0.7291667, 0), (0.75, 0.041666668), (0.75, 0.041666668), (0.75, 0), (0.7708333, 0.041666668), (0.7708333, 0.041666668), (0.7708333, 0), (0.7916667, 0.041666668), (0.7916667, 0.041666668), (0.7916667, 0), (0.8125, 0.041666668), (0.8125, 0.041666668), (0.8125, 0), (0.8333333, 0.041666668), (0.8333333, 0.041666668), (0.8333333, 0), (0.8541667, 0.041666668), (0.8541667, 0.041666668), (0.8541667, 0), (0.875, 0.041666668), (0.875, 0.041666668), (0.875, 0), (0.8958333, 0.041666668), (0.8958333, 0.041666668), (0.8958333, 0), (0.9166667, 0.041666668), (0.9166667, 0.041666668), (0.9166667, 0), (0.9375, 0.041666668), (0.9375, 0.041666668), (0.9375, 0), (0.9583333, 0.041666668), (0.9583333, 0.041666668), (0.9583333, 0), (0.9791667, 0.041666668), (0.9791667, 0.041666668), (0.9791667, 0), (1, 0.041666668)] (
                    interpolation = "faceVarying"
                )
                uniform token subdivisionScheme = "none"
            }
        }
    }

    def Camera "Camera"
    {
        float2 clippingRange = (0.01, 1000)
        float focalLength = 18
        float horizontalAperture = 36
        float verticalAperture = 27
        matrix4d xformOp:transform = ( (-0.6715194247388594, -0.7409869514359827, 0, 0), (0.10196960857367314, -0.09240995776989129, 0.9904860416140648, 0), (-0.7339372324154998, 0.6651306168765467, 0.13761323107790618, 0), (0.3, 3.7, 1.7, 1) )
        uniform token[] xformOpOrder = ["xformOp:transform"]
    }
}

