#usda 1.0
(
    "RFC 0016 K11 lighting fixture mirror-corridor; generated by tools/quality/lighting_fixtures.py, do not edit"
    defaultPrim = "GalleryMirrorCorridor"
    metersPerUnit = 1
    upAxis = "Z"
)

def Xform "GalleryMirrorCorridor"
{
    def Scope "Looks"
    {
        def Material "Mirror"
        {
            token outputs:surface.connect = </GalleryMirrorCorridor/Looks/Mirror/Surface.outputs:surface>

            def Shader "Surface"
            {
                uniform token info:id = "UsdPreviewSurface"
                float inputs:clearcoat = 0
                float inputs:clearcoatRoughness = 0.03
                color3f inputs:diffuseColor = (0.95, 0.95, 0.95)
                color3f inputs:emissiveColor = (0, 0, 0)
                float inputs:ior = 1.5
                float inputs:metallic = 1
                float inputs:roughness = 0.02
                token outputs:surface
            }
        }

        def Material "Gloss10"
        {
            token outputs:surface.connect = </GalleryMirrorCorridor/Looks/Gloss10/Surface.outputs:surface>

            def Shader "Surface"
            {
                uniform token info:id = "UsdPreviewSurface"
                float inputs:clearcoat = 0
                float inputs:clearcoatRoughness = 0.03
                color3f inputs:diffuseColor = (0.08, 0.08, 0.08)
                color3f inputs:emissiveColor = (0, 0, 0)
                float inputs:ior = 1.5
                float inputs:metallic = 0
                float inputs:roughness = 0.1
                token outputs:surface
            }
        }

        def Material "Gloss25"
        {
            token outputs:surface.connect = </GalleryMirrorCorridor/Looks/Gloss25/Surface.outputs:surface>

            def Shader "Surface"
            {
                uniform token info:id = "UsdPreviewSurface"
                float inputs:clearcoat = 0
                float inputs:clearcoatRoughness = 0.03
                color3f inputs:diffuseColor = (0.08, 0.08, 0.08)
                color3f inputs:emissiveColor = (0, 0, 0)
                float inputs:ior = 1.5
                float inputs:metallic = 0
                float inputs:roughness = 0.25
                token outputs:surface
            }
        }

        def Material "Rough50"
        {
            token outputs:surface.connect = </GalleryMirrorCorridor/Looks/Rough50/Surface.outputs:surface>

            def Shader "Surface"
            {
                uniform token info:id = "UsdPreviewSurface"
                float inputs:clearcoat = 0
                float inputs:clearcoatRoughness = 0.03
                color3f inputs:diffuseColor = (0.3, 0.3, 0.3)
                color3f inputs:emissiveColor = (0, 0, 0)
                float inputs:ior = 1.5
                float inputs:metallic = 0
                float inputs:roughness = 0.5
                token outputs:surface
            }
        }

        def Material "Wall"
        {
            token outputs:surface.connect = </GalleryMirrorCorridor/Looks/Wall/Surface.outputs:surface>

            def Shader "Surface"
            {
                uniform token info:id = "UsdPreviewSurface"
                float inputs:clearcoat = 0
                float inputs:clearcoatRoughness = 0.03
                color3f inputs:diffuseColor = (0.65, 0.65, 0.65)
                color3f inputs:emissiveColor = (0, 0, 0)
                float inputs:ior = 1.5
                float inputs:metallic = 0
                float inputs:roughness = 0.8
                token outputs:surface
            }
        }

        def Material "PanelRed"
        {
            token outputs:surface.connect = </GalleryMirrorCorridor/Looks/PanelRed/Surface.outputs:surface>

            def Shader "Surface"
            {
                uniform token info:id = "UsdPreviewSurface"
                float inputs:clearcoat = 0
                float inputs:clearcoatRoughness = 0.03
                color3f inputs:diffuseColor = (0.7, 0.08, 0.06)
                color3f inputs:emissiveColor = (0, 0, 0)
                float inputs:ior = 1.5
                float inputs:metallic = 0
                float inputs:roughness = 0.7
                token outputs:surface
            }
        }

        def Material "PanelTeal"
        {
            token outputs:surface.connect = </GalleryMirrorCorridor/Looks/PanelTeal/Surface.outputs:surface>

            def Shader "Surface"
            {
                uniform token info:id = "UsdPreviewSurface"
                float inputs:clearcoat = 0
                float inputs:clearcoatRoughness = 0.03
                color3f inputs:diffuseColor = (0.05, 0.5, 0.5)
                color3f inputs:emissiveColor = (0, 0, 0)
                float inputs:ior = 1.5
                float inputs:metallic = 0
                float inputs:roughness = 0.7
                token outputs:surface
            }
        }

        def Material "PanelYellow"
        {
            token outputs:surface.connect = </GalleryMirrorCorridor/Looks/PanelYellow/Surface.outputs:surface>

            def Shader "Surface"
            {
                uniform token info:id = "UsdPreviewSurface"
                float inputs:clearcoat = 0
                float inputs:clearcoatRoughness = 0.03
                color3f inputs:diffuseColor = (0.75, 0.6, 0.05)
                color3f inputs:emissiveColor = (0, 0, 0)
                float inputs:ior = 1.5
                float inputs:metallic = 0
                float inputs:roughness = 0.7
                token outputs:surface
            }
        }

        def Material "Block"
        {
            token outputs:surface.connect = </GalleryMirrorCorridor/Looks/Block/Surface.outputs:surface>

            def Shader "Surface"
            {
                uniform token info:id = "UsdPreviewSurface"
                float inputs:clearcoat = 0
                float inputs:clearcoatRoughness = 0.03
                color3f inputs:diffuseColor = (0.15, 0.3, 0.7)
                color3f inputs:emissiveColor = (0, 0, 0)
                float inputs:ior = 1.5
                float inputs:metallic = 0
                float inputs:roughness = 0.4
                token outputs:surface
            }
        }
    }

    def Xform "World"
    {
        def Mesh "Floor0" (
            prepend apiSchemas = ["MaterialBindingAPI"]
        )
        {
            float3[] extent = [(0, 0, 0), (4.5, 3, 0)]
            int[] faceVertexCounts = [4]
            int[] faceVertexIndices = [0, 1, 2, 3]
            rel material:binding = </GalleryMirrorCorridor/Looks/Mirror>
            normal3f[] normals = [(0, 0, 1), (0, 0, 1), (0, 0, 1), (0, 0, 1)] (
                interpolation = "faceVarying"
            )
            point3f[] points = [(0, 0, 0), (4.5, 0, 0), (4.5, 3, 0), (0, 3, 0)]
            texCoord2f[] primvars:st = [(0, 0), (4.5, 0), (4.5, 3), (0, 3)] (
                interpolation = "faceVarying"
            )
            uniform token subdivisionScheme = "none"
        }

        def Mesh "Floor1" (
            prepend apiSchemas = ["MaterialBindingAPI"]
        )
        {
            float3[] extent = [(4.5, 0, 0), (9, 3, 0)]
            int[] faceVertexCounts = [4]
            int[] faceVertexIndices = [0, 1, 2, 3]
            rel material:binding = </GalleryMirrorCorridor/Looks/Gloss10>
            normal3f[] normals = [(0, 0, 1), (0, 0, 1), (0, 0, 1), (0, 0, 1)] (
                interpolation = "faceVarying"
            )
            point3f[] points = [(4.5, 0, 0), (9, 0, 0), (9, 3, 0), (4.5, 3, 0)]
            texCoord2f[] primvars:st = [(4.5, 0), (9, 0), (9, 3), (4.5, 3)] (
                interpolation = "faceVarying"
            )
            uniform token subdivisionScheme = "none"
        }

        def Mesh "Floor2" (
            prepend apiSchemas = ["MaterialBindingAPI"]
        )
        {
            float3[] extent = [(9, 0, 0), (13.5, 3, 0)]
            int[] faceVertexCounts = [4]
            int[] faceVertexIndices = [0, 1, 2, 3]
            rel material:binding = </GalleryMirrorCorridor/Looks/Gloss25>
            normal3f[] normals = [(0, 0, 1), (0, 0, 1), (0, 0, 1), (0, 0, 1)] (
                interpolation = "faceVarying"
            )
            point3f[] points = [(9, 0, 0), (13.5, 0, 0), (13.5, 3, 0), (9, 3, 0)]
            texCoord2f[] primvars:st = [(9, 0), (13.5, 0), (13.5, 3), (9, 3)] (
                interpolation = "faceVarying"
            )
            uniform token subdivisionScheme = "none"
        }

        def Mesh "Floor3" (
            prepend apiSchemas = ["MaterialBindingAPI"]
        )
        {
            float3[] extent = [(13.5, 0, 0), (18, 3, 0)]
            int[] faceVertexCounts = [4]
            int[] faceVertexIndices = [0, 1, 2, 3]
            rel material:binding = </GalleryMirrorCorridor/Looks/Rough50>
            normal3f[] normals = [(0, 0, 1), (0, 0, 1), (0, 0, 1), (0, 0, 1)] (
                interpolation = "faceVarying"
            )
            point3f[] points = [(13.5, 0, 0), (18, 0, 0), (18, 3, 0), (13.5, 3, 0)]
            texCoord2f[] primvars:st = [(13.5, 0), (18, 0), (18, 3), (13.5, 3)] (
                interpolation = "faceVarying"
            )
            uniform token subdivisionScheme = "none"
        }

        def Mesh "K_Xn" (
            prepend apiSchemas = ["MaterialBindingAPI"]
        )
        {
            float3[] extent = [(0, 0, 0), (0, 3, 3.2)]
            int[] faceVertexCounts = [4]
            int[] faceVertexIndices = [0, 1, 2, 3]
            rel material:binding = </GalleryMirrorCorridor/Looks/Wall>
            normal3f[] normals = [(1, 0, 0), (1, 0, 0), (1, 0, 0), (1, 0, 0)] (
                interpolation = "faceVarying"
            )
            point3f[] points = [(0, 0, 0), (0, 3, 0), (0, 3, 3.2), (0, 0, 3.2)]
            texCoord2f[] primvars:st = [(0, 0), (3, 0), (3, 3.2), (0, 3.2)] (
                interpolation = "faceVarying"
            )
            uniform token subdivisionScheme = "none"
        }

        def Mesh "K_Xp" (
            prepend apiSchemas = ["MaterialBindingAPI"]
        )
        {
            float3[] extent = [(18, 0, 0), (18, 3, 3.2)]
            int[] faceVertexCounts = [4]
            int[] faceVertexIndices = [0, 1, 2, 3]
            rel material:binding = </GalleryMirrorCorridor/Looks/Wall>
            normal3f[] normals = [(-1, 0, 0), (-1, 0, 0), (-1, 0, 0), (-1, 0, 0)] (
                interpolation = "faceVarying"
            )
            point3f[] points = [(18, 0, 3.2), (18, 3, 3.2), (18, 3, 0), (18, 0, 0)]
            texCoord2f[] primvars:st = [(0, 3.2), (3, 3.2), (3, 0), (0, 0)] (
                interpolation = "faceVarying"
            )
            uniform token subdivisionScheme = "none"
        }

        def Mesh "K_Yn" (
            prepend apiSchemas = ["MaterialBindingAPI"]
        )
        {
            float3[] extent = [(0, 0, 0), (18, 0, 3.2)]
            int[] faceVertexCounts = [4]
            int[] faceVertexIndices = [0, 1, 2, 3]
            rel material:binding = </GalleryMirrorCorridor/Looks/Wall>
            normal3f[] normals = [(0, 1, 0), (0, 1, 0), (0, 1, 0), (0, 1, 0)] (
                interpolation = "faceVarying"
            )
            point3f[] points = [(0, 0, 3.2), (18, 0, 3.2), (18, 0, 0), (0, 0, 0)]
            texCoord2f[] primvars:st = [(0, 3.2), (18, 3.2), (18, 0), (0, 0)] (
                interpolation = "faceVarying"
            )
            uniform token subdivisionScheme = "none"
        }

        def Mesh "K_Yp" (
            prepend apiSchemas = ["MaterialBindingAPI"]
        )
        {
            float3[] extent = [(0, 3, 0), (18, 3, 3.2)]
            int[] faceVertexCounts = [4]
            int[] faceVertexIndices = [0, 1, 2, 3]
            rel material:binding = </GalleryMirrorCorridor/Looks/Wall>
            normal3f[] normals = [(0, -1, 0), (0, -1, 0), (0, -1, 0), (0, -1, 0)] (
                interpolation = "faceVarying"
            )
            point3f[] points = [(0, 3, 0), (18, 3, 0), (18, 3, 3.2), (0, 3, 3.2)]
            texCoord2f[] primvars:st = [(0, 0), (18, 0), (18, 3.2), (0, 3.2)] (
                interpolation = "faceVarying"
            )
            uniform token subdivisionScheme = "none"
        }

        def Mesh "K_Zp" (
            prepend apiSchemas = ["MaterialBindingAPI"]
        )
        {
            float3[] extent = [(0, 0, 3.2), (18, 3, 3.2)]
            int[] faceVertexCounts = [4]
            int[] faceVertexIndices = [0, 1, 2, 3]
            rel material:binding = </GalleryMirrorCorridor/Looks/Wall>
            normal3f[] normals = [(0, 0, -1), (0, 0, -1), (0, 0, -1), (0, 0, -1)] (
                interpolation = "faceVarying"
            )
            point3f[] points = [(0, 3, 3.2), (18, 3, 3.2), (18, 0, 3.2), (0, 0, 3.2)]
            texCoord2f[] primvars:st = [(0, 3), (18, 3), (18, 0), (0, 0)] (
                interpolation = "faceVarying"
            )
            uniform token subdivisionScheme = "none"
        }

        def Mesh "PanelS0" (
            prepend apiSchemas = ["MaterialBindingAPI"]
        )
        {
            float3[] extent = [(1, 0.01, 0.5), (2.6, 0.01, 2.4)]
            int[] faceVertexCounts = [4]
            int[] faceVertexIndices = [0, 1, 2, 3]
            rel material:binding = </GalleryMirrorCorridor/Looks/PanelRed>
            normal3f[] normals = [(0, 1, 0), (0, 1, 0), (0, 1, 0), (0, 1, 0)] (
                interpolation = "faceVarying"
            )
            point3f[] points = [(1, 0.01, 2.4), (2.6, 0.01, 2.4), (2.6, 0.01, 0.5), (1, 0.01, 0.5)]
            texCoord2f[] primvars:st = [(1, 2.4), (2.6, 2.4), (2.6, 0.5), (1, 0.5)] (
                interpolation = "faceVarying"
            )
            uniform token subdivisionScheme = "none"
        }

        def Mesh "PanelN0" (
            prepend apiSchemas = ["MaterialBindingAPI"]
        )
        {
            float3[] extent = [(1.8, 2.99, 0.5), (3.4, 2.99, 2.4)]
            int[] faceVertexCounts = [4]
            int[] faceVertexIndices = [0, 1, 2, 3]
            rel material:binding = </GalleryMirrorCorridor/Looks/PanelTeal>
            normal3f[] normals = [(0, -1, 0), (0, -1, 0), (0, -1, 0), (0, -1, 0)] (
                interpolation = "faceVarying"
            )
            point3f[] points = [(1.8, 2.99, 0.5), (3.4, 2.99, 0.5), (3.4, 2.99, 2.4), (1.8, 2.99, 2.4)]
            texCoord2f[] primvars:st = [(1.8, 0.5), (3.4, 0.5), (3.4, 2.4), (1.8, 2.4)] (
                interpolation = "faceVarying"
            )
            uniform token subdivisionScheme = "none"
        }

        def Mesh "PanelS1" (
            prepend apiSchemas = ["MaterialBindingAPI"]
        )
        {
            float3[] extent = [(4, 0.01, 0.5), (5.6, 0.01, 2.4)]
            int[] faceVertexCounts = [4]
            int[] faceVertexIndices = [0, 1, 2, 3]
            rel material:binding = </GalleryMirrorCorridor/Looks/PanelTeal>
            normal3f[] normals = [(0, 1, 0), (0, 1, 0), (0, 1, 0), (0, 1, 0)] (
                interpolation = "faceVarying"
            )
            point3f[] points = [(4, 0.01, 2.4), (5.6, 0.01, 2.4), (5.6, 0.01, 0.5), (4, 0.01, 0.5)]
            texCoord2f[] primvars:st = [(4, 2.4), (5.6, 2.4), (5.6, 0.5), (4, 0.5)] (
                interpolation = "faceVarying"
            )
            uniform token subdivisionScheme = "none"
        }

        def Mesh "PanelN1" (
            prepend apiSchemas = ["MaterialBindingAPI"]
        )
        {
            float3[] extent = [(4.8, 2.99, 0.5), (6.4, 2.99, 2.4)]
            int[] faceVertexCounts = [4]
            int[] faceVertexIndices = [0, 1, 2, 3]
            rel material:binding = </GalleryMirrorCorridor/Looks/PanelYellow>
            normal3f[] normals = [(0, -1, 0), (0, -1, 0), (0, -1, 0), (0, -1, 0)] (
                interpolation = "faceVarying"
            )
            point3f[] points = [(4.8, 2.99, 0.5), (6.4, 2.99, 0.5), (6.4, 2.99, 2.4), (4.8, 2.99, 2.4)]
            texCoord2f[] primvars:st = [(4.8, 0.5), (6.4, 0.5), (6.4, 2.4), (4.8, 2.4)] (
                interpolation = "faceVarying"
            )
            uniform token subdivisionScheme = "none"
        }

        def Mesh "PanelS2" (
            prepend apiSchemas = ["MaterialBindingAPI"]
        )
        {
            float3[] extent = [(7, 0.01, 0.5), (8.6, 0.01, 2.4)]
            int[] faceVertexCounts = [4]
            int[] faceVertexIndices = [0, 1, 2, 3]
            rel material:binding = </GalleryMirrorCorridor/Looks/PanelYellow>
            normal3f[] normals = [(0, 1, 0), (0, 1, 0), (0, 1, 0), (0, 1, 0)] (
                interpolation = "faceVarying"
            )
            point3f[] points = [(7, 0.01, 2.4), (8.6, 0.01, 2.4), (8.6, 0.01, 0.5), (7, 0.01, 0.5)]
            texCoord2f[] primvars:st = [(7, 2.4), (8.6, 2.4), (8.6, 0.5), (7, 0.5)] (
                interpolation = "faceVarying"
            )
            uniform token subdivisionScheme = "none"
        }

        def Mesh "PanelN2" (
            prepend apiSchemas = ["MaterialBindingAPI"]
        )
        {
            float3[] extent = [(7.8, 2.99, 0.5), (9.4, 2.99, 2.4)]
            int[] faceVertexCounts = [4]
            int[] faceVertexIndices = [0, 1, 2, 3]
            rel material:binding = </GalleryMirrorCorridor/Looks/PanelRed>
            normal3f[] normals = [(0, -1, 0), (0, -1, 0), (0, -1, 0), (0, -1, 0)] (
                interpolation = "faceVarying"
            )
            point3f[] points = [(7.8, 2.99, 0.5), (9.4, 2.99, 0.5), (9.4, 2.99, 2.4), (7.8, 2.99, 2.4)]
            texCoord2f[] primvars:st = [(7.8, 0.5), (9.4, 0.5), (9.4, 2.4), (7.8, 2.4)] (
                interpolation = "faceVarying"
            )
            uniform token subdivisionScheme = "none"
        }

        def Mesh "PanelS3" (
            prepend apiSchemas = ["MaterialBindingAPI"]
        )
        {
            float3[] extent = [(10, 0.01, 0.5), (11.6, 0.01, 2.4)]
            int[] faceVertexCounts = [4]
            int[] faceVertexIndices = [0, 1, 2, 3]
            rel material:binding = </GalleryMirrorCorridor/Looks/PanelRed>
            normal3f[] normals = [(0, 1, 0), (0, 1, 0), (0, 1, 0), (0, 1, 0)] (
                interpolation = "faceVarying"
            )
            point3f[] points = [(10, 0.01, 2.4), (11.6, 0.01, 2.4), (11.6, 0.01, 0.5), (10, 0.01, 0.5)]
            texCoord2f[] primvars:st = [(10, 2.4), (11.6, 2.4), (11.6, 0.5), (10, 0.5)] (
                interpolation = "faceVarying"
            )
            uniform token subdivisionScheme = "none"
        }

        def Mesh "PanelN3" (
            prepend apiSchemas = ["MaterialBindingAPI"]
        )
        {
            float3[] extent = [(10.8, 2.99, 0.5), (12.4, 2.99, 2.4)]
            int[] faceVertexCounts = [4]
            int[] faceVertexIndices = [0, 1, 2, 3]
            rel material:binding = </GalleryMirrorCorridor/Looks/PanelTeal>
            normal3f[] normals = [(0, -1, 0), (0, -1, 0), (0, -1, 0), (0, -1, 0)] (
                interpolation = "faceVarying"
            )
            point3f[] points = [(10.8, 2.99, 0.5), (12.4, 2.99, 0.5), (12.4, 2.99, 2.4), (10.8, 2.99, 2.4)]
            texCoord2f[] primvars:st = [(10.8, 0.5), (12.4, 0.5), (12.4, 2.4), (10.8, 2.4)] (
                interpolation = "faceVarying"
            )
            uniform token subdivisionScheme = "none"
        }

        def Mesh "PanelS4" (
            prepend apiSchemas = ["MaterialBindingAPI"]
        )
        {
            float3[] extent = [(13, 0.01, 0.5), (14.6, 0.01, 2.4)]
            int[] faceVertexCounts = [4]
            int[] faceVertexIndices = [0, 1, 2, 3]
            rel material:binding = </GalleryMirrorCorridor/Looks/PanelTeal>
            normal3f[] normals = [(0, 1, 0), (0, 1, 0), (0, 1, 0), (0, 1, 0)] (
                interpolation = "faceVarying"
            )
            point3f[] points = [(13, 0.01, 2.4), (14.6, 0.01, 2.4), (14.6, 0.01, 0.5), (13, 0.01, 0.5)]
            texCoord2f[] primvars:st = [(13, 2.4), (14.6, 2.4), (14.6, 0.5), (13, 0.5)] (
                interpolation = "faceVarying"
            )
            uniform token subdivisionScheme = "none"
        }

        def Mesh "PanelN4" (
            prepend apiSchemas = ["MaterialBindingAPI"]
        )
        {
            float3[] extent = [(13.8, 2.99, 0.5), (15.4, 2.99, 2.4)]
            int[] faceVertexCounts = [4]
            int[] faceVertexIndices = [0, 1, 2, 3]
            rel material:binding = </GalleryMirrorCorridor/Looks/PanelYellow>
            normal3f[] normals = [(0, -1, 0), (0, -1, 0), (0, -1, 0), (0, -1, 0)] (
                interpolation = "faceVarying"
            )
            point3f[] points = [(13.8, 2.99, 0.5), (15.4, 2.99, 0.5), (15.4, 2.99, 2.4), (13.8, 2.99, 2.4)]
            texCoord2f[] primvars:st = [(13.8, 0.5), (15.4, 0.5), (15.4, 2.4), (13.8, 2.4)] (
                interpolation = "faceVarying"
            )
            uniform token subdivisionScheme = "none"
        }

        def Mesh "PanelS5" (
            prepend apiSchemas = ["MaterialBindingAPI"]
        )
        {
            float3[] extent = [(16, 0.01, 0.5), (17.6, 0.01, 2.4)]
            int[] faceVertexCounts = [4]
            int[] faceVertexIndices = [0, 1, 2, 3]
            rel material:binding = </GalleryMirrorCorridor/Looks/PanelYellow>
            normal3f[] normals = [(0, 1, 0), (0, 1, 0), (0, 1, 0), (0, 1, 0)] (
                interpolation = "faceVarying"
            )
            point3f[] points = [(16, 0.01, 2.4), (17.6, 0.01, 2.4), (17.6, 0.01, 0.5), (16, 0.01, 0.5)]
            texCoord2f[] primvars:st = [(16, 2.4), (17.6, 2.4), (17.6, 0.5), (16, 0.5)] (
                interpolation = "faceVarying"
            )
            uniform token subdivisionScheme = "none"
        }

        def Mesh "PanelN5" (
            prepend apiSchemas = ["MaterialBindingAPI"]
        )
        {
            float3[] extent = [(16.8, 2.99, 0.5), (18.4, 2.99, 2.4)]
            int[] faceVertexCounts = [4]
            int[] faceVertexIndices = [0, 1, 2, 3]
            rel material:binding = </GalleryMirrorCorridor/Looks/PanelRed>
            normal3f[] normals = [(0, -1, 0), (0, -1, 0), (0, -1, 0), (0, -1, 0)] (
                interpolation = "faceVarying"
            )
            point3f[] points = [(16.8, 2.99, 0.5), (18.4, 2.99, 0.5), (18.4, 2.99, 2.4), (16.8, 2.99, 2.4)]
            texCoord2f[] primvars:st = [(16.8, 0.5), (18.4, 0.5), (18.4, 2.4), (16.8, 2.4)] (
                interpolation = "faceVarying"
            )
            uniform token subdivisionScheme = "none"
        }

        def Mesh "Block_Xn" (
            prepend apiSchemas = ["MaterialBindingAPI"]
        )
        {
            float3[] extent = [(1.2, 0.2, 0), (1.2, 0.8, 1.2)]
            int[] faceVertexCounts = [4]
            int[] faceVertexIndices = [0, 1, 2, 3]
            rel material:binding = </GalleryMirrorCorridor/Looks/Block>
            normal3f[] normals = [(-1, 0, 0), (-1, 0, 0), (-1, 0, 0), (-1, 0, 0)] (
                interpolation = "faceVarying"
            )
            point3f[] points = [(1.2, 0.2, 1.2), (1.2, 0.8, 1.2), (1.2, 0.8, 0), (1.2, 0.2, 0)]
            texCoord2f[] primvars:st = [(0.2, 1.2), (0.8, 1.2), (0.8, 0), (0.2, 0)] (
                interpolation = "faceVarying"
            )
            uniform token subdivisionScheme = "none"
        }

        def Mesh "Block_Xp" (
            prepend apiSchemas = ["MaterialBindingAPI"]
        )
        {
            float3[] extent = [(1.8, 0.2, 0), (1.8, 0.8, 1.2)]
            int[] faceVertexCounts = [4]
            int[] faceVertexIndices = [0, 1, 2, 3]
            rel material:binding = </GalleryMirrorCorridor/Looks/Block>
            normal3f[] normals = [(1, 0, 0), (1, 0, 0), (1, 0, 0), (1, 0, 0)] (
                interpolation = "faceVarying"
            )
            point3f[] points = [(1.8, 0.2, 0), (1.8, 0.8, 0), (1.8, 0.8, 1.2), (1.8, 0.2, 1.2)]
            texCoord2f[] primvars:st = [(0.2, 0), (0.8, 0), (0.8, 1.2), (0.2, 1.2)] (
                interpolation = "faceVarying"
            )
            uniform token subdivisionScheme = "none"
        }

        def Mesh "Block_Yn" (
            prepend apiSchemas = ["MaterialBindingAPI"]
        )
        {
            float3[] extent = [(1.2, 0.2, 0), (1.8, 0.2, 1.2)]
            int[] faceVertexCounts = [4]
            int[] faceVertexIndices = [0, 1, 2, 3]
            rel material:binding = </GalleryMirrorCorridor/Looks/Block>
            normal3f[] normals = [(0, -1, 0), (0, -1, 0), (0, -1, 0), (0, -1, 0)] (
                interpolation = "faceVarying"
            )
            point3f[] points = [(1.2, 0.2, 0), (1.8, 0.2, 0), (1.8, 0.2, 1.2), (1.2, 0.2, 1.2)]
            texCoord2f[] primvars:st = [(1.2, 0), (1.8, 0), (1.8, 1.2), (1.2, 1.2)] (
                interpolation = "faceVarying"
            )
            uniform token subdivisionScheme = "none"
        }

        def Mesh "Block_Yp" (
            prepend apiSchemas = ["MaterialBindingAPI"]
        )
        {
            float3[] extent = [(1.2, 0.8, 0), (1.8, 0.8, 1.2)]
            int[] faceVertexCounts = [4]
            int[] faceVertexIndices = [0, 1, 2, 3]
            rel material:binding = </GalleryMirrorCorridor/Looks/Block>
            normal3f[] normals = [(0, 1, 0), (0, 1, 0), (0, 1, 0), (0, 1, 0)] (
                interpolation = "faceVarying"
            )
            point3f[] points = [(1.2, 0.8, 1.2), (1.8, 0.8, 1.2), (1.8, 0.8, 0), (1.2, 0.8, 0)]
            texCoord2f[] primvars:st = [(1.2, 1.2), (1.8, 1.2), (1.8, 0), (1.2, 0)] (
                interpolation = "faceVarying"
            )
            uniform token subdivisionScheme = "none"
        }

        def Mesh "Block_Zp" (
            prepend apiSchemas = ["MaterialBindingAPI"]
        )
        {
            float3[] extent = [(1.2, 0.2, 1.2), (1.8, 0.8, 1.2)]
            int[] faceVertexCounts = [4]
            int[] faceVertexIndices = [0, 1, 2, 3]
            rel material:binding = </GalleryMirrorCorridor/Looks/Block>
            normal3f[] normals = [(0, 0, 1), (0, 0, 1), (0, 0, 1), (0, 0, 1)] (
                interpolation = "faceVarying"
            )
            point3f[] points = [(1.2, 0.2, 1.2), (1.8, 0.2, 1.2), (1.8, 0.8, 1.2), (1.2, 0.8, 1.2)]
            texCoord2f[] primvars:st = [(1.2, 0.2), (1.8, 0.2), (1.8, 0.8), (1.2, 0.8)] (
                interpolation = "faceVarying"
            )
            uniform token subdivisionScheme = "none"
        }

        def Mesh "Ball" (
            prepend apiSchemas = ["MaterialBindingAPI"]
            prepend references = </GalleryMirrorCorridor/Prototypes/Sphere450mm>
        )
        {
            rel material:binding = </GalleryMirrorCorridor/Looks/PanelYellow>
            double3 xformOp:translate = (10.5, 1.9, 0.45)
            uniform token[] xformOpOrder = ["xformOp:translate"]
        }
    }

    def Xform "Lights"
    {
        def RectLight "Strip0"
        {
            color3f inputs:color = (1, 1, 0.9444444)
            float inputs:height = 1.6
            float inputs:intensity = 9
            bool inputs:normalize = 0
            float inputs:width = 0.3
            matrix4d xformOp:transform = ( (0, -1, 0, 0), (1, 0, 0, 0), (-0, -0, 1, 0), (1.5, 1.5, 3.19, 1) )
            uniform token[] xformOpOrder = ["xformOp:transform"]
        }

        def RectLight "Strip1"
        {
            color3f inputs:color = (1, 1, 0.9444444)
            float inputs:height = 1.6
            float inputs:intensity = 9
            bool inputs:normalize = 0
            float inputs:width = 0.3
            matrix4d xformOp:transform = ( (0, -1, 0, 0), (1, 0, 0, 0), (-0, -0, 1, 0), (4.5, 1.5, 3.19, 1) )
            uniform token[] xformOpOrder = ["xformOp:transform"]
        }

        def RectLight "Strip2"
        {
            color3f inputs:color = (1, 1, 0.9444444)
            float inputs:height = 1.6
            float inputs:intensity = 9
            bool inputs:normalize = 0
            float inputs:width = 0.3
            matrix4d xformOp:transform = ( (0, -1, 0, 0), (1, 0, 0, 0), (-0, -0, 1, 0), (7.5, 1.5, 3.19, 1) )
            uniform token[] xformOpOrder = ["xformOp:transform"]
        }

        def RectLight "Strip3"
        {
            color3f inputs:color = (1, 1, 0.9444444)
            float inputs:height = 1.6
            float inputs:intensity = 9
            bool inputs:normalize = 0
            float inputs:width = 0.3
            matrix4d xformOp:transform = ( (0, -1, 0, 0), (1, 0, 0, 0), (-0, -0, 1, 0), (10.5, 1.5, 3.19, 1) )
            uniform token[] xformOpOrder = ["xformOp:transform"]
        }

        def RectLight "Strip4"
        {
            color3f inputs:color = (1, 1, 0.9444444)
            float inputs:height = 1.6
            float inputs:intensity = 9
            bool inputs:normalize = 0
            float inputs:width = 0.3
            matrix4d xformOp:transform = ( (0, -1, 0, 0), (1, 0, 0, 0), (-0, -0, 1, 0), (13.5, 1.5, 3.19, 1) )
            uniform token[] xformOpOrder = ["xformOp:transform"]
        }

        def RectLight "Strip5"
        {
            color3f inputs:color = (1, 1, 0.9444444)
            float inputs:height = 1.6
            float inputs:intensity = 9
            bool inputs:normalize = 0
            float inputs:width = 0.3
            matrix4d xformOp:transform = ( (0, -1, 0, 0), (1, 0, 0, 0), (-0, -0, 1, 0), (16.5, 1.5, 3.19, 1) )
            uniform token[] xformOpOrder = ["xformOp:transform"]
        }
    }

    class "Prototypes"
    {
        class Mesh "Sphere450mm"
        {
            float3[] extent = [(-0.45, -0.45, -0.45), (0.45, 0.45, 0.45)]
            int[] faceVertexCounts = [3, 3, 3, 3, 3, 3, 3, 3, 3, 3, 3, 3, 3, 3, 3, 3, 3, 3, 3, 3, 3, 3, 3, 3, 3, 3, 3, 3, 3, 3, 3, 3, 3, 3, 3, 3, 3, 3, 3, 3, 3, 3, 3, 3, 3, 3, 3, 3, 3, 3, 3, 3, 3, 3, 3, 3, 3, 3, 3, 3, 3, 3, 3, 3, 3, 3, 3, 3, 3, 3, 3, 3, 3, 3, 3, 3, 3, 3, 3, 3, 3, 3, 3, 3, 3, 3, 3, 3, 3, 3, 3, 3, 3, 3, 3, 3, 3, 3, 3, 3, 3, 3, 3, 3, 3, 3, 3, 3, 3, 3, 3, 3, 3, 3, 3, 3, 3, 3, 3, 3, 3, 3, 3, 3, 3, 3, 3, 3, 3, 3, 3, 3, 3, 3, 3, 3, 3, 3, 3, 3, 3, 3, 3, 3, 3, 3, 3, 3, 3, 3, 3, 3, 3, 3, 3, 3, 3, 3, 3, 3, 3, 3, 3, 3, 3, 3, 3, 3, 3, 3, 3, 3, 3, 3, 3, 3, 3, 3, 3, 3, 3, 3, 3, 3, 3, 3, 3, 3, 3, 3, 3, 3, 3, 3, 3, 3, 3, 3, 3, 3, 3, 3, 3, 3, 3, 3, 3, 3, 3, 3, 3, 3, 3, 3, 3, 3, 3, 3, 3, 3, 3, 3, 3, 3, 3, 3, 3, 3, 3, 3, 3, 3, 3, 3, 3, 3, 3, 3, 3, 3, 3, 3, 3, 3, 3, 3, 3, 3, 3, 3, 3, 3, 3, 3, 3, 3, 3, 3, 3, 3, 3, 3, 3, 3, 3, 3, 3, 3, 3, 3, 3, 3, 3, 3, 3, 3, 3, 3, 3, 3, 3, 3, 3, 3, 3, 3, 3, 3, 3, 3, 3, 3, 3, 3, 3, 3, 3, 3, 3, 3, 3, 3, 3, 3, 3, 3, 3, 3, 3, 3, 3, 3, 3, 3, 3, 3, 3, 3, 3, 3, 3, 3, 3, 3, 3, 3, 3, 3, 3, 3, 3, 3, 3, 3, 3, 3, 3, 3, 3, 3, 3, 3, 3, 3, 3, 3, 3, 3, 3, 3, 3, 3, 3, 3, 3, 3, 3, 3, 3, 3, 3, 3, 3, 3, 3, 3, 3, 3, 3, 3, 3, 3, 3, 3, 3, 3, 3, 3, 3, 3, 3, 3, 3, 3, 3, 3, 3, 3, 3, 3, 3, 3, 3, 3, 3, 3, 3, 3, 3, 3, 3, 3, 3, 3, 3, 3, 3, 3, 3, 3, 3, 3, 3, 3, 3, 3, 3, 3, 3, 3, 3, 3, 3, 3, 3, 3, 3, 3, 3, 3, 3, 3, 3, 3, 3, 3, 3, 3, 3, 3, 3, 3, 3, 3, 3, 3, 3, 3, 3, 3, 3, 3, 3, 3, 3, 3, 3, 3, 3, 3, 3, 3, 3, 3, 3, 3, 3, 3, 3, 3, 3, 3, 3, 3, 3, 3, 3, 3, 3, 3, 3, 3, 3, 3, 3, 3, 3, 3, 3, 3, 3, 3, 3, 3, 3, 3, 3, 3, 3, 3, 3, 3, 3, 3, 3, 3, 3, 3, 3, 3, 3, 3, 3, 3, 3, 3, 3, 3, 3, 3, 3, 3, 3, 3, 3, 3, 3, 3, 3, 3, 3, 3, 3, 3, 3, 3, 3, 3, 3, 3, 3, 3, 3, 3, 3, 3, 3, 3, 3, 3, 3, 3, 3, 3, 3, 3, 3, 3, 3, 3, 3, 3, 3, 3, 3, 3, 3, 3, 3, 3, 3, 3, 3, 3, 3, 3, 3, 3, 3, 3, 3, 3, 3, 3, 3, 3, 3, 3, 3, 3, 3, 3, 3, 3, 3, 3, 3, 3, 3, 3, 3, 3, 3, 3, 3, 3, 3, 3, 3, 3, 3, 3, 3, 3, 3, 3, 3, 3, 3, 3, 3, 3, 3, 3, 3, 3, 3, 3, 3, 3, 3, 3, 3, 3, 3, 3, 3, 3, 3, 3, 3, 3, 3, 3, 3, 3, 3, 3, 3, 3, 3, 3, 3, 3, 3, 3, 3, 3, 3, 3, 3, 3, 3, 3, 3, 3, 3, 3, 3, 3, 3, 3, 3, 3, 3, 3, 3, 3, 3, 3, 3, 3, 3, 3, 3, 3, 3, 3, 3, 3, 3, 3, 3, 3, 3, 3, 3, 3, 3, 3, 3, 3, 3, 3, 3, 3, 3, 3, 3, 3, 3, 3, 3, 3, 3, 3, 3, 3, 3, 3, 3, 3, 3, 3, 3, 3, 3, 3, 3, 3, 3, 3, 3, 3, 3, 3, 3, 3, 3, 3, 3, 3, 3, 3, 3, 3, 3, 3, 3, 3, 3, 3, 3, 3, 3, 3, 3, 3, 3, 3, 3, 3, 3, 3, 3, 3, 3, 3, 3, 3, 3, 3, 3, 3, 3, 3, 3, 3, 3, 3, 3, 3, 3, 3, 3, 3, 3, 3, 3, 3, 3, 3, 3, 3, 3, 3, 3, 3, 3, 3, 3, 3, 3, 3, 3, 3, 3, 3, 3, 3, 3, 3, 3, 3, 3, 3, 3, 3, 3, 3, 3, 3, 3, 3, 3, 3, 3, 3, 3, 3, 3, 3, 3, 3, 3, 3, 3, 3, 3, 3, 3, 3, 3, 3, 3, 3, 3, 3, 3, 3, 3, 3, 3, 3, 3, 3, 3, 3, 3, 3, 3, 3, 3, 3, 3, 3, 3, 3, 3, 3, 3, 3, 3, 3, 3, 3, 3, 3, 3, 3, 3, 3, 3, 3, 3, 3, 3, 3, 3, 3, 3, 3, 3, 3, 3, 3, 3, 3, 3, 3, 3, 3, 3, 3, 3, 3, 3, 3, 3, 3, 3, 3, 3, 3, 3, 3, 3, 3, 3, 3, 3, 3, 3, 3, 3, 3, 3, 3, 3, 3, 3, 3, 3, 3, 3, 3, 3, 3, 3, 3, 3, 3, 3, 3, 3, 3, 3, 3, 3, 3, 3, 3, 3, 3, 3, 3, 3, 3, 3, 3, 3, 3, 3, 3, 3, 3, 3, 3, 3, 3, 3, 3, 3, 3, 3, 3, 3, 3, 3, 3, 3, 3, 3, 3, 3, 3, 3, 3, 3, 3, 3, 3, 3, 3, 3, 3, 3, 3, 3, 3, 3, 3, 3, 3, 3, 3, 3, 3, 3, 3, 3, 3, 3, 3, 3, 3, 3, 3, 3, 3, 3, 3, 3, 3, 3, 3, 3, 3, 3, 3, 3, 3, 3, 3, 3, 3, 3, 3, 3, 3, 3, 3, 3, 3, 3, 3, 3, 3, 3, 3, 3, 3, 3, 3, 3, 3, 3, 3, 3, 3, 3, 3, 3, 3, 3, 3, 3, 3, 3, 3, 3, 3, 3, 3, 3, 3, 3, 3, 3, 3, 3, 3, 3, 3, 3, 3, 3, 3, 3, 3, 3, 3, 3, 3, 3, 3, 3, 3, 3, 3, 3, 3, 3, 3, 3, 3, 3, 3, 3, 3, 3, 3, 3, 3, 3, 3, 3, 3, 3, 3, 3, 3, 3, 3, 3, 3, 3, 3, 3, 3, 3, 3, 3, 3, 3, 3, 3, 3, 3, 3, 3, 3, 3, 3, 3, 3, 3, 3, 3, 3, 3, 3, 3, 3, 3, 3, 3, 3, 3, 3, 3, 3, 3, 3, 3, 3, 3, 3, 3, 3, 3, 3, 3, 3, 3, 3, 3, 3, 3, 3, 3, 3, 3, 3, 3, 3, 3, 3, 3, 3, 3, 3, 3, 3, 3, 3, 3, 3, 3, 3, 3, 3, 3, 3, 3, 3, 3, 3, 3, 3, 3, 3, 3, 3, 3, 3, 3, 3, 3, 3, 3, 3, 3, 3, 3, 3, 3, 3, 3, 3, 3, 3, 3, 3, 3, 3, 3, 3, 3, 3, 3, 3, 3, 3, 3, 3, 3, 3, 3, 3, 3, 3, 3, 3, 3, 3, 3, 3, 3, 3, 3, 3, 3, 3, 3, 3, 3, 3, 3, 3, 3, 3, 3, 3, 3, 3, 3, 3, 3, 3]
            int[] faceVertexIndices = [0, 162, 163, 42, 164, 162, 43, 163, 164, 162, 164, 163, 12, 165, 166, 44, 167, 165, 42, 166, 167, 165, 167, 166, 13, 168, 169, 43, 170, 168, 44, 169, 170, 168, 170, 169, 42, 167, 164, 44, 170, 167, 43, 164, 170, 167, 170, 164, 11, 171, 172, 45, 173, 171, 46, 172, 173, 171, 173, 172, 14, 174, 175, 47, 176, 174, 45, 175, 176, 174, 176, 175, 12, 177, 178, 46, 179, 177, 47, 178, 179, 177, 179, 178, 45, 176, 173, 47, 179, 176, 46, 173, 179, 176, 179, 173, 5, 180, 181, 48, 182, 180, 49, 181, 182, 180, 182, 181, 13, 183, 184, 50, 185, 183, 48, 184, 185, 183, 185, 184, 14, 186, 187, 49, 188, 186, 50, 187, 188, 186, 188, 187, 48, 185, 182, 50, 188, 185, 49, 182, 188, 185, 188, 182, 12, 178, 165, 47, 189, 178, 44, 165, 189, 178, 189, 165, 14, 187, 174, 50, 190, 187, 47, 174, 190, 187, 190, 174, 13, 169, 183, 44, 191, 169, 50, 183, 191, 169, 191, 183, 47, 190, 189, 50, 191, 190, 44, 189, 191, 190, 191, 189, 0, 163, 192, 43, 193, 163, 51, 192, 193, 163, 193, 192, 13, 194, 168, 52, 195, 194, 43, 168, 195, 194, 195, 168, 15, 196, 197, 51, 198, 196, 52, 197, 198, 196, 198, 197, 43, 195, 193, 52, 198, 195, 51, 193, 198, 195, 198, 193, 5, 199, 180, 53, 200, 199, 48, 180, 200, 199, 200, 180, 16, 201, 202, 54, 203, 201, 53, 202, 203, 201, 203, 202, 13, 184, 204, 48, 205, 184, 54, 204, 205, 184, 205, 204, 53, 203, 200, 54, 205, 203, 48, 200, 205, 203, 205, 200, 1, 206, 207, 55, 208, 206, 56, 207, 208, 206, 208, 207, 15, 209, 210, 57, 211, 209, 55, 210, 211, 209, 211, 210, 16, 212, 213, 56, 214, 212, 57, 213, 214, 212, 214, 213, 55, 211, 208, 57, 214, 211, 56, 208, 214, 211, 214, 208, 13, 204, 194, 54, 215, 204, 52, 194, 215, 204, 215, 194, 16, 213, 201, 57, 216, 213, 54, 201, 216, 213, 216, 201, 15, 197, 209, 52, 217, 197, 57, 209, 217, 197, 217, 209, 54, 216, 215, 57, 217, 216, 52, 215, 217, 216, 217, 215, 0, 192, 218, 51, 219, 192, 58, 218, 219, 192, 219, 218, 15, 220, 196, 59, 221, 220, 51, 196, 221, 220, 221, 196, 17, 222, 223, 58, 224, 222, 59, 223, 224, 222, 224, 223, 51, 221, 219, 59, 224, 221, 58, 219, 224, 221, 224, 219, 1, 225, 206, 60, 226, 225, 55, 206, 226, 225, 226, 206, 18, 227, 228, 61, 229, 227, 60, 228, 229, 227, 229, 228, 15, 210, 230, 55, 231, 210, 61, 230, 231, 210, 231, 230, 60, 229, 226, 61, 231, 229, 55, 226, 231, 229, 231, 226, 7, 232, 233, 62, 234, 232, 63, 233, 234, 232, 234, 233, 17, 235, 236, 64, 237, 235, 62, 236, 237, 235, 237, 236, 18, 238, 239, 63, 240, 238, 64, 239, 240, 238, 240, 239, 62, 237, 234, 64, 240, 237, 63, 234, 240, 237, 240, 234, 15, 230, 220, 61, 241, 230, 59, 220, 241, 230, 241, 220, 18, 239, 227, 64, 242, 239, 61, 227, 242, 239, 242, 227, 17, 223, 235, 59, 243, 223, 64, 235, 243, 223, 243, 235, 61, 242, 241, 64, 243, 242, 59, 241, 243, 242, 243, 241, 0, 218, 244, 58, 245, 218, 65, 244, 245, 218, 245, 244, 17, 246, 222, 66, 247, 246, 58, 222, 247, 246, 247, 222, 19, 248, 249, 65, 250, 248, 66, 249, 250, 248, 250, 249, 58, 247, 245, 66, 250, 247, 65, 245, 250, 247, 250, 245, 7, 251, 232, 67, 252, 251, 62, 232, 252, 251, 252, 232, 20, 253, 254, 68, 255, 253, 67, 254, 255, 253, 255, 254, 17, 236, 256, 62, 257, 236, 68, 256, 257, 236, 257, 256, 67, 255, 252, 68, 257, 255, 62, 252, 257, 255, 257, 252, 10, 258, 259, 69, 260, 258, 70, 259, 260, 258, 260, 259, 19, 261, 262, 71, 263, 261, 69, 262, 263, 261, 263, 262, 20, 264, 265, 70, 266, 264, 71, 265, 266, 264, 266, 265, 69, 263, 260, 71, 266, 263, 70, 260, 266, 263, 266, 260, 17, 256, 246, 68, 267, 256, 66, 246, 267, 256, 267, 246, 20, 265, 253, 71, 268, 265, 68, 253, 268, 265, 268, 253, 19, 249, 261, 66, 269, 249, 71, 261, 269, 249, 269, 261, 68, 268, 267, 71, 269, 268, 66, 267, 269, 268, 269, 267, 0, 244, 162, 65, 270, 244, 42, 162, 270, 244, 270, 162, 19, 271, 248, 72, 272, 271, 65, 248, 272, 271, 272, 248, 12, 166, 273, 42, 274, 166, 72, 273, 274, 166, 274, 273, 65, 272, 270, 72, 274, 272, 42, 270, 274, 272, 274, 270, 10, 275, 258, 73, 276, 275, 69, 258, 276, 275, 276, 258, 21, 277, 278, 74, 279, 277, 73, 278, 279, 277, 279, 278, 19, 262, 280, 69, 281, 262, 74, 280, 281, 262, 281, 280, 73, 279, 276, 74, 281, 279, 69, 276, 281, 279, 281, 276, 11, 172, 282, 46, 283, 172, 75, 282, 283, 172, 283, 282, 12, 284, 177, 76, 285, 284, 46, 177, 285, 284, 285, 177, 21, 286, 287, 75, 288, 286, 76, 287, 288, 286, 288, 287, 46, 285, 283, 76, 288, 285, 75, 283, 288, 285, 288, 283, 19, 280, 271, 74, 289, 280, 72, 271, 289, 280, 289, 271, 21, 287, 277, 76, 290, 287, 74, 277, 290, 287, 290, 277, 12, 273, 284, 72, 291, 273, 76, 284, 291, 273, 291, 284, 74, 290, 289, 76, 291, 290, 72, 289, 291, 290, 291, 289, 1, 207, 292, 56, 293, 207, 77, 292, 293, 207, 293, 292, 16, 294, 212, 78, 295, 294, 56, 212, 295, 294, 295, 212, 22, 296, 297, 77, 298, 296, 78, 297, 298, 296, 298, 297, 56, 295, 293, 78, 298, 295, 77, 293, 298, 295, 298, 293, 5, 299, 199, 79, 300, 299, 53, 199, 300, 299, 300, 199, 23, 301, 302, 80, 303, 301, 79, 302, 303, 301, 303, 302, 16, 202, 304, 53, 305, 202, 80, 304, 305, 202, 305, 304, 79, 303, 300, 80, 305, 303, 53, 300, 305, 303, 305, 300, 9, 306, 307, 81, 308, 306, 82, 307, 308, 306, 308, 307, 22, 309, 310, 83, 311, 309, 81, 310, 311, 309, 311, 310, 23, 312, 313, 82, 314, 312, 83, 313, 314, 312, 314, 313, 81, 311, 308, 83, 314, 311, 82, 308, 314, 311, 314, 308, 16, 304, 294, 80, 315, 304, 78, 294, 315, 304, 315, 294, 23, 313, 301, 83, 316, 313, 80, 301, 316, 313, 316, 301, 22, 297, 309, 78, 317, 297, 83, 309, 317, 297, 317, 309, 80, 316, 315, 83, 317, 316, 78, 315, 317, 316, 317, 315, 5, 181, 318, 49, 319, 181, 84, 318, 319, 181, 319, 318, 14, 320, 186, 85, 321, 320, 49, 186, 321, 320, 321, 186, 24, 322, 323, 84, 324, 322, 85, 323, 324, 322, 324, 323, 49, 321, 319, 85, 324, 321, 84, 319, 324, 321, 324, 319, 11, 325, 171, 86, 326, 325, 45, 171, 326, 325, 326, 171, 25, 327, 328, 87, 329, 327, 86, 328, 329, 327, 329, 328, 14, 175, 330, 45, 331, 175, 87, 330, 331, 175, 331, 330, 86, 329, 326, 87, 331, 329, 45, 326, 331, 329, 331, 326, 4, 332, 333, 88, 334, 332, 89, 333, 334, 332, 334, 333, 24, 335, 336, 90, 337, 335, 88, 336, 337, 335, 337, 336, 25, 338, 339, 89, 340, 338, 90, 339, 340, 338, 340, 339, 88, 337, 334, 90, 340, 337, 89, 334, 340, 337, 340, 334, 14, 330, 320, 87, 341, 330, 85, 320, 341, 330, 341, 320, 25, 339, 327, 90, 342, 339, 87, 327, 342, 339, 342, 327, 24, 323, 335, 85, 343, 323, 90, 335, 343, 323, 343, 335, 87, 342, 341, 90, 343, 342, 85, 341, 343, 342, 343, 341, 11, 282, 344, 75, 345, 282, 91, 344, 345, 282, 345, 344, 21, 346, 286, 92, 347, 346, 75, 286, 347, 346, 347, 286, 26, 348, 349, 91, 350, 348, 92, 349, 350, 348, 350, 349, 75, 347, 345, 92, 350, 347, 91, 345, 350, 347, 350, 345, 10, 351, 275, 93, 352, 351, 73, 275, 352, 351, 352, 275, 27, 353, 354, 94, 355, 353, 93, 354, 355, 353, 355, 354, 21, 278, 356, 73, 357, 278, 94, 356, 357, 278, 357, 356, 93, 355, 352, 94, 357, 355, 73, 352, 357, 355, 357, 352, 2, 358, 359, 95, 360, 358, 96, 359, 360, 358, 360, 359, 26, 361, 362, 97, 363, 361, 95, 362, 363, 361, 363, 362, 27, 364, 365, 96, 366, 364, 97, 365, 366, 364, 366, 365, 95, 363, 360, 97, 366, 363, 96, 360, 366, 363, 366, 360, 21, 356, 346, 94, 367, 356, 92, 346, 367, 356, 367, 346, 27, 365, 353, 97, 368, 365, 94, 353, 368, 365, 368, 353, 26, 349, 361, 92, 369, 349, 97, 361, 369, 349, 369, 361, 94, 368, 367, 97, 369, 368, 92, 367, 369, 368, 369, 367, 10, 259, 370, 70, 371, 259, 98, 370, 371, 259, 371, 370, 20, 372, 264, 99, 373, 372, 70, 264, 373, 372, 373, 264, 28, 374, 375, 98, 376, 374, 99, 375, 376, 374, 376, 375, 70, 373, 371, 99, 376, 373, 98, 371, 376, 373, 376, 371, 7, 377, 251, 100, 378, 377, 67, 251, 378, 377, 378, 251, 29, 379, 380, 101, 381, 379, 100, 380, 381, 379, 381, 380, 20, 254, 382, 67, 383, 254, 101, 382, 383, 254, 383, 382, 100, 381, 378, 101, 383, 381, 67, 378, 383, 381, 383, 378, 6, 384, 385, 102, 386, 384, 103, 385, 386, 384, 386, 385, 28, 387, 388, 104, 389, 387, 102, 388, 389, 387, 389, 388, 29, 390, 391, 103, 392, 390, 104, 391, 392, 390, 392, 391, 102, 389, 386, 104, 392, 389, 103, 386, 392, 389, 392, 386, 20, 382, 372, 101, 393, 382, 99, 372, 393, 382, 393, 372, 29, 391, 379, 104, 394, 391, 101, 379, 394, 391, 394, 379, 28, 375, 387, 99, 395, 375, 104, 387, 395, 375, 395, 387, 101, 394, 393, 104, 395, 394, 99, 393, 395, 394, 395, 393, 7, 233, 396, 63, 397, 233, 105, 396, 397, 233, 397, 396, 18, 398, 238, 106, 399, 398, 63, 238, 399, 398, 399, 238, 30, 400, 401, 105, 402, 400, 106, 401, 402, 400, 402, 401, 63, 399, 397, 106, 402, 399, 105, 397, 402, 399, 402, 397, 1, 403, 225, 107, 404, 403, 60, 225, 404, 403, 404, 225, 31, 405, 406, 108, 407, 405, 107, 406, 407, 405, 407, 406, 18, 228, 408, 60, 409, 228, 108, 408, 409, 228, 409, 408, 107, 407, 404, 108, 409, 407, 60, 404, 409, 407, 409, 404, 8, 410, 411, 109, 412, 410, 110, 411, 412, 410, 412, 411, 30, 413, 414, 111, 415, 413, 109, 414, 415, 413, 415, 414, 31, 416, 417, 110, 418, 416, 111, 417, 418, 416, 418, 417, 109, 415, 412, 111, 418, 415, 110, 412, 418, 415, 418, 412, 18, 408, 398, 108, 419, 408, 106, 398, 419, 408, 419, 398, 31, 417, 405, 111, 420, 417, 108, 405, 420, 417, 420, 405, 30, 401, 413, 106, 421, 401, 111, 413, 421, 401, 421, 413, 108, 420, 419, 111, 421, 420, 106, 419, 421, 420, 421, 419, 3, 422, 423, 112, 424, 422, 113, 423, 424, 422, 424, 423, 32, 425, 426, 114, 427, 425, 112, 426, 427, 425, 427, 426, 33, 428, 429, 113, 430, 428, 114, 429, 430, 428, 430, 429, 112, 427, 424, 114, 430, 427, 113, 424, 430, 427, 430, 424, 9, 431, 432, 115, 433, 431, 116, 432, 433, 431, 433, 432, 34, 434, 435, 117, 436, 434, 115, 435, 436, 434, 436, 435, 32, 437, 438, 116, 439, 437, 117, 438, 439, 437, 439, 438, 115, 436, 433, 117, 439, 436, 116, 433, 439, 436, 439, 433, 4, 440, 441, 118, 442, 440, 119, 441, 442, 440, 442, 441, 33, 443, 444, 120, 445, 443, 118, 444, 445, 443, 445, 444, 34, 446, 447, 119, 448, 446, 120, 447, 448, 446, 448, 447, 118, 445, 442, 120, 448, 445, 119, 442, 448, 445, 448, 442, 32, 438, 425, 117, 449, 438, 114, 425, 449, 438, 449, 425, 34, 447, 434, 120, 450, 447, 117, 434, 450, 447, 450, 434, 33, 429, 443, 114, 451, 429, 120, 443, 451, 429, 451, 443, 117, 450, 449, 120, 451, 450, 114, 449, 451, 450, 451, 449, 3, 423, 452, 113, 453, 423, 121, 452, 453, 423, 453, 452, 33, 454, 428, 122, 455, 454, 113, 428, 455, 454, 455, 428, 35, 456, 457, 121, 458, 456, 122, 457, 458, 456, 458, 457, 113, 455, 453, 122, 458, 455, 121, 453, 458, 455, 458, 453, 4, 459, 440, 123, 460, 459, 118, 440, 460, 459, 460, 440, 36, 461, 462, 124, 463, 461, 123, 462, 463, 461, 463, 462, 33, 444, 464, 118, 465, 444, 124, 464, 465, 444, 465, 464, 123, 463, 460, 124, 465, 463, 118, 460, 465, 463, 465, 460, 2, 466, 467, 125, 468, 466, 126, 467, 468, 466, 468, 467, 35, 469, 470, 127, 471, 469, 125, 470, 471, 469, 471, 470, 36, 472, 473, 126, 474, 472, 127, 473, 474, 472, 474, 473, 125, 471, 468, 127, 474, 471, 126, 468, 474, 471, 474, 468, 33, 464, 454, 124, 475, 464, 122, 454, 475, 464, 475, 454, 36, 473, 461, 127, 476, 473, 124, 461, 476, 473, 476, 461, 35, 457, 469, 122, 477, 457, 127, 469, 477, 457, 477, 469, 124, 476, 475, 127, 477, 476, 122, 475, 477, 476, 477, 475, 3, 452, 478, 121, 479, 452, 128, 478, 479, 452, 479, 478, 35, 480, 456, 129, 481, 480, 121, 456, 481, 480, 481, 456, 37, 482, 483, 128, 484, 482, 129, 483, 484, 482, 484, 483, 121, 481, 479, 129, 484, 481, 128, 479, 484, 481, 484, 479, 2, 485, 466, 130, 486, 485, 125, 466, 486, 485, 486, 466, 38, 487, 488, 131, 489, 487, 130, 488, 489, 487, 489, 488, 35, 470, 490, 125, 491, 470, 131, 490, 491, 470, 491, 490, 130, 489, 486, 131, 491, 489, 125, 486, 491, 489, 491, 486, 6, 492, 493, 132, 494, 492, 133, 493, 494, 492, 494, 493, 37, 495, 496, 134, 497, 495, 132, 496, 497, 495, 497, 496, 38, 498, 499, 133, 500, 498, 134, 499, 500, 498, 500, 499, 132, 497, 494, 134, 500, 497, 133, 494, 500, 497, 500, 494, 35, 490, 480, 131, 501, 490, 129, 480, 501, 490, 501, 480, 38, 499, 487, 134, 502, 499, 131, 487, 502, 499, 502, 487, 37, 483, 495, 129, 503, 483, 134, 495, 503, 483, 503, 495, 131, 502, 501, 134, 503, 502, 129, 501, 503, 502, 503, 501, 3, 478, 504, 128, 505, 478, 135, 504, 505, 478, 505, 504, 37, 506, 482, 136, 507, 506, 128, 482, 507, 506, 507, 482, 39, 508, 509, 135, 510, 508, 136, 509, 510, 508, 510, 509, 128, 507, 505, 136, 510, 507, 135, 505, 510, 507, 510, 505, 6, 511, 492, 137, 512, 511, 132, 492, 512, 511, 512, 492, 40, 513, 514, 138, 515, 513, 137, 514, 515, 513, 515, 514, 37, 496, 516, 132, 517, 496, 138, 516, 517, 496, 517, 516, 137, 515, 512, 138, 517, 515, 132, 512, 517, 515, 517, 512, 8, 518, 519, 139, 520, 518, 140, 519, 520, 518, 520, 519, 39, 521, 522, 141, 523, 521, 139, 522, 523, 521, 523, 522, 40, 524, 525, 140, 526, 524, 141, 525, 526, 524, 526, 525, 139, 523, 520, 141, 526, 523, 140, 520, 526, 523, 526, 520, 37, 516, 506, 138, 527, 516, 136, 506, 527, 516, 527, 506, 40, 525, 513, 141, 528, 525, 138, 513, 528, 525, 528, 513, 39, 509, 521, 136, 529, 509, 141, 521, 529, 509, 529, 521, 138, 528, 527, 141, 529, 528, 136, 527, 529, 528, 529, 527, 3, 504, 422, 135, 530, 504, 112, 422, 530, 504, 530, 422, 39, 531, 508, 142, 532, 531, 135, 508, 532, 531, 532, 508, 32, 426, 533, 112, 534, 426, 142, 533, 534, 426, 534, 533, 135, 532, 530, 142, 534, 532, 112, 530, 534, 532, 534, 530, 8, 535, 518, 143, 536, 535, 139, 518, 536, 535, 536, 518, 41, 537, 538, 144, 539, 537, 143, 538, 539, 537, 539, 538, 39, 522, 540, 139, 541, 522, 144, 540, 541, 522, 541, 540, 143, 539, 536, 144, 541, 539, 139, 536, 541, 539, 541, 536, 9, 432, 542, 116, 543, 432, 145, 542, 543, 432, 543, 542, 32, 544, 437, 146, 545, 544, 116, 437, 545, 544, 545, 437, 41, 546, 547, 145, 548, 546, 146, 547, 548, 546, 548, 547, 116, 545, 543, 146, 548, 545, 145, 543, 548, 545, 548, 543, 39, 540, 531, 144, 549, 540, 142, 531, 549, 540, 549, 531, 41, 547, 537, 146, 550, 547, 144, 537, 550, 547, 550, 537, 32, 533, 544, 142, 551, 533, 146, 544, 551, 533, 551, 544, 144, 550, 549, 146, 551, 550, 142, 549, 551, 550, 551, 549, 4, 441, 332, 119, 552, 441, 88, 332, 552, 441, 552, 332, 34, 553, 446, 147, 554, 553, 119, 446, 554, 553, 554, 446, 24, 336, 555, 88, 556, 336, 147, 555, 556, 336, 556, 555, 119, 554, 552, 147, 556, 554, 88, 552, 556, 554, 556, 552, 9, 307, 431, 82, 557, 307, 115, 431, 557, 307, 557, 431, 23, 558, 312, 148, 559, 558, 82, 312, 559, 558, 559, 312, 34, 435, 560, 115, 561, 435, 148, 560, 561, 435, 561, 560, 82, 559, 557, 148, 561, 559, 115, 557, 561, 559, 561, 557, 5, 318, 299, 84, 562, 318, 79, 299, 562, 318, 562, 299, 24, 563, 322, 149, 564, 563, 84, 322, 564, 563, 564, 322, 23, 302, 565, 79, 566, 302, 149, 565, 566, 302, 566, 565, 84, 564, 562, 149, 566, 564, 79, 562, 566, 564, 566, 562, 34, 560, 553, 148, 567, 560, 147, 553, 567, 560, 567, 553, 23, 565, 558, 149, 568, 565, 148, 558, 568, 565, 568, 558, 24, 555, 563, 147, 569, 555, 149, 563, 569, 555, 569, 563, 148, 568, 567, 149, 569, 568, 147, 567, 569, 568, 569, 567, 2, 467, 358, 126, 570, 467, 95, 358, 570, 467, 570, 358, 36, 571, 472, 150, 572, 571, 126, 472, 572, 571, 572, 472, 26, 362, 573, 95, 574, 362, 150, 573, 574, 362, 574, 573, 126, 572, 570, 150, 574, 572, 95, 570, 574, 572, 574, 570, 4, 333, 459, 89, 575, 333, 123, 459, 575, 333, 575, 459, 25, 576, 338, 151, 577, 576, 89, 338, 577, 576, 577, 338, 36, 462, 578, 123, 579, 462, 151, 578, 579, 462, 579, 578, 89, 577, 575, 151, 579, 577, 123, 575, 579, 577, 579, 575, 11, 344, 325, 91, 580, 344, 86, 325, 580, 344, 580, 325, 26, 581, 348, 152, 582, 581, 91, 348, 582, 581, 582, 348, 25, 328, 583, 86, 584, 328, 152, 583, 584, 328, 584, 583, 91, 582, 580, 152, 584, 582, 86, 580, 584, 582, 584, 580, 36, 578, 571, 151, 585, 578, 150, 571, 585, 578, 585, 571, 25, 583, 576, 152, 586, 583, 151, 576, 586, 583, 586, 576, 26, 573, 581, 150, 587, 573, 152, 581, 587, 573, 587, 581, 151, 586, 585, 152, 587, 586, 150, 585, 587, 586, 587, 585, 6, 493, 384, 133, 588, 493, 102, 384, 588, 493, 588, 384, 38, 589, 498, 153, 590, 589, 133, 498, 590, 589, 590, 498, 28, 388, 591, 102, 592, 388, 153, 591, 592, 388, 592, 591, 133, 590, 588, 153, 592, 590, 102, 588, 592, 590, 592, 588, 2, 359, 485, 96, 593, 359, 130, 485, 593, 359, 593, 485, 27, 594, 364, 154, 595, 594, 96, 364, 595, 594, 595, 364, 38, 488, 596, 130, 597, 488, 154, 596, 597, 488, 597, 596, 96, 595, 593, 154, 597, 595, 130, 593, 597, 595, 597, 593, 10, 370, 351, 98, 598, 370, 93, 351, 598, 370, 598, 351, 28, 599, 374, 155, 600, 599, 98, 374, 600, 599, 600, 374, 27, 354, 601, 93, 602, 354, 155, 601, 602, 354, 602, 601, 98, 600, 598, 155, 602, 600, 93, 598, 602, 600, 602, 598, 38, 596, 589, 154, 603, 596, 153, 589, 603, 596, 603, 589, 27, 601, 594, 155, 604, 601, 154, 594, 604, 601, 604, 594, 28, 591, 599, 153, 605, 591, 155, 599, 605, 591, 605, 599, 154, 604, 603, 155, 605, 604, 153, 603, 605, 604, 605, 603, 8, 519, 410, 140, 606, 519, 109, 410, 606, 519, 606, 410, 40, 607, 524, 156, 608, 607, 140, 524, 608, 607, 608, 524, 30, 414, 609, 109, 610, 414, 156, 609, 610, 414, 610, 609, 140, 608, 606, 156, 610, 608, 109, 606, 610, 608, 610, 606, 6, 385, 511, 103, 611, 385, 137, 511, 611, 385, 611, 511, 29, 612, 390, 157, 613, 612, 103, 390, 613, 612, 613, 390, 40, 514, 614, 137, 615, 514, 157, 614, 615, 514, 615, 614, 103, 613, 611, 157, 615, 613, 137, 611, 615, 613, 615, 611, 7, 396, 377, 105, 616, 396, 100, 377, 616, 396, 616, 377, 30, 617, 400, 158, 618, 617, 105, 400, 618, 617, 618, 400, 29, 380, 619, 100, 620, 380, 158, 619, 620, 380, 620, 619, 105, 618, 616, 158, 620, 618, 100, 616, 620, 618, 620, 616, 40, 614, 607, 157, 621, 614, 156, 607, 621, 614, 621, 607, 29, 619, 612, 158, 622, 619, 157, 612, 622, 619, 622, 612, 30, 609, 617, 156, 623, 609, 158, 617, 623, 609, 623, 617, 157, 622, 621, 158, 623, 622, 156, 621, 623, 622, 623, 621, 9, 542, 306, 145, 624, 542, 81, 306, 624, 542, 624, 306, 41, 625, 546, 159, 626, 625, 145, 546, 626, 625, 626, 546, 22, 310, 627, 81, 628, 310, 159, 627, 628, 310, 628, 627, 145, 626, 624, 159, 628, 626, 81, 624, 628, 626, 628, 624, 8, 411, 535, 110, 629, 411, 143, 535, 629, 411, 629, 535, 31, 630, 416, 160, 631, 630, 110, 416, 631, 630, 631, 416, 41, 538, 632, 143, 633, 538, 160, 632, 633, 538, 633, 632, 110, 631, 629, 160, 633, 631, 143, 629, 633, 631, 633, 629, 1, 292, 403, 77, 634, 292, 107, 403, 634, 292, 634, 403, 22, 635, 296, 161, 636, 635, 77, 296, 636, 635, 636, 296, 31, 406, 637, 107, 638, 406, 161, 637, 638, 406, 638, 637, 77, 636, 634, 161, 638, 636, 107, 634, 638, 636, 638, 634, 41, 632, 625, 160, 639, 632, 159, 625, 639, 632, 639, 625, 31, 637, 630, 161, 640, 637, 160, 630, 640, 637, 640, 630, 22, 627, 635, 159, 641, 627, 161, 635, 641, 627, 641, 635, 160, 640, 639, 161, 641, 640, 159, 639, 641, 640, 641, 639]
            normal3f[] normals = [(-0.5257311, 0.8506508, 0), (-0.615642, 0.78384304, 0.08108629), (-0.48444164, 0.8649293, 0.13120037), (-0.6937805, 0.70204645, 0.16062203), (-0.57125163, 0.7926492, 0.21302287), (-0.615642, 0.78384304, 0.08108629), (-0.43388855, 0.86266845, 0.25989193), (-0.48444164, 0.8649293, 0.13120037), (-0.57125163, 0.7926492, 0.21302287), (-0.615642, 0.78384304, 0.08108629), (-0.57125163, 0.7926492, 0.21302287), (-0.48444164, 0.8649293, 0.13120037), (-0.809017, 0.5, 0.309017), (-0.70710677, 0.6015009, 0.37174803), (-0.7586523, 0.6068252, 0.23708633), (-0.58778524, 0.68819094, 0.4253254), (-0.6474119, 0.70230985, 0.2960046), (-0.70710677, 0.6015009, 0.37174803), (-0.6937805, 0.70204645, 0.16062203), (-0.7586523, 0.6068252, 0.23708633), (-0.6474119, 0.70230985, 0.2960046), (-0.70710677, 0.6015009, 0.37174803), (-0.6474119, 0.70230985, 0.2960046), (-0.7586523, 0.6068252, 0.23708633), (-0.309017, 0.809017, 0.5), (-0.37503856, 0.84391147, 0.38361374), (-0.4539905, 0.7579354, 0.46842986), (-0.43388855, 0.86266845, 0.25989193), (-0.5161216, 0.7834517, 0.34615302), (-0.37503856, 0.84391147, 0.38361374), (-0.58778524, 0.68819094, 0.4253254), (-0.4539905, 0.7579354, 0.46842986), (-0.5161216, 0.7834517, 0.34615302), (-0.37503856, 0.84391147, 0.38361374), (-0.5161216, 0.7834517, 0.34615302), (-0.4539905, 0.7579354, 0.46842986), (-0.6937805, 0.70204645, 0.16062203), (-0.6474119, 0.70230985, 0.2960046), (-0.57125163, 0.7926492, 0.21302287), (-0.58778524, 0.68819094, 0.4253254), (-0.5161216, 0.7834517, 0.34615302), (-0.6474119, 0.70230985, 0.2960046), (-0.43388855, 0.86266845, 0.25989193), (-0.57125163, 0.7926492, 0.21302287), (-0.5161216, 0.7834517, 0.34615302), (-0.6474119, 0.70230985, 0.2960046), (-0.5161216, 0.7834517, 0.34615302), (-0.57125163, 0.7926492, 0.21302287), (-0.8506508, 0, 0.5257311), (-0.78384304, 0.08108629, 0.615642), (-0.8649293, 0.13120037, 0.48444164), (-0.70204645, 0.16062203, 0.6937805), (-0.7926492, 0.21302287, 0.57125163), (-0.78384304, 0.08108629, 0.615642), (-0.86266845, 0.25989193, 0.43388855), (-0.8649293, 0.13120037, 0.48444164), (-0.7926492, 0.21302287, 0.57125163), (-0.78384304, 0.08108629, 0.615642), (-0.7926492, 0.21302287, 0.57125163), (-0.8649293, 0.13120037, 0.48444164), (-0.5, 0.309017, 0.809017), (-0.6015009, 0.37174803, 0.70710677), (-0.6068252, 0.23708633, 0.7586523), (-0.68819094, 0.4253254, 0.58778524), (-0.70230985, 0.2960046, 0.6474119), (-0.6015009, 0.37174803, 0.70710677), (-0.70204645, 0.16062203, 0.6937805), (-0.6068252, 0.23708633, 0.7586523), (-0.70230985, 0.2960046, 0.6474119), (-0.6015009, 0.37174803, 0.70710677), (-0.70230985, 0.2960046, 0.6474119), (-0.6068252, 0.23708633, 0.7586523), (-0.809017, 0.5, 0.309017), (-0.84391147, 0.38361374, 0.37503856), (-0.7579354, 0.46842986, 0.4539905), (-0.86266845, 0.25989193, 0.43388855), (-0.7834517, 0.34615302, 0.5161216), (-0.84391147, 0.38361374, 0.37503856), (-0.68819094, 0.4253254, 0.58778524), (-0.7579354, 0.46842986, 0.4539905), (-0.7834517, 0.34615302, 0.5161216), (-0.84391147, 0.38361374, 0.37503856), (-0.7834517, 0.34615302, 0.5161216), (-0.7579354, 0.46842986, 0.4539905), (-0.70204645, 0.16062203, 0.6937805), (-0.70230985, 0.2960046, 0.6474119), (-0.7926492, 0.21302287, 0.57125163), (-0.68819094, 0.4253254, 0.58778524), (-0.7834517, 0.34615302, 0.5161216), (-0.70230985, 0.2960046, 0.6474119), (-0.86266845, 0.25989193, 0.43388855), (-0.7926492, 0.21302287, 0.57125163), (-0.7834517, 0.34615302, 0.5161216), (-0.70230985, 0.2960046, 0.6474119), (-0.7834517, 0.34615302, 0.5161216), (-0.7926492, 0.21302287, 0.57125163), (0, 0.5257311, 0.8506508), (-0.08108629, 0.615642, 0.78384304), (-0.13120037, 0.48444164, 0.8649293), (-0.16062203, 0.6937805, 0.70204645), (-0.21302287, 0.57125163, 0.7926492), (-0.08108629, 0.615642, 0.78384304), (-0.25989193, 0.43388855, 0.86266845), (-0.13120037, 0.48444164, 0.8649293), (-0.21302287, 0.57125163, 0.7926492), (-0.08108629, 0.615642, 0.78384304), (-0.21302287, 0.57125163, 0.7926492), (-0.13120037, 0.48444164, 0.8649293), (-0.309017, 0.809017, 0.5), (-0.37174803, 0.70710677, 0.6015009), (-0.23708633, 0.7586523, 0.6068252), (-0.4253254, 0.58778524, 0.68819094), (-0.2960046, 0.6474119, 0.70230985), (-0.37174803, 0.70710677, 0.6015009), (-0.16062203, 0.6937805, 0.70204645), (-0.23708633, 0.7586523, 0.6068252), (-0.2960046, 0.6474119, 0.70230985), (-0.37174803, 0.70710677, 0.6015009), (-0.2960046, 0.6474119, 0.70230985), (-0.23708633, 0.7586523, 0.6068252), (-0.5, 0.309017, 0.809017), (-0.38361374, 0.37503856, 0.84391147), (-0.46842986, 0.4539905, 0.7579354), (-0.25989193, 0.43388855, 0.86266845), (-0.34615302, 0.5161216, 0.7834517), (-0.38361374, 0.37503856, 0.84391147), (-0.4253254, 0.58778524, 0.68819094), (-0.46842986, 0.4539905, 0.7579354), (-0.34615302, 0.5161216, 0.7834517), (-0.38361374, 0.37503856, 0.84391147), (-0.34615302, 0.5161216, 0.7834517), (-0.46842986, 0.4539905, 0.7579354), (-0.16062203, 0.6937805, 0.70204645), (-0.2960046, 0.6474119, 0.70230985), (-0.21302287, 0.57125163, 0.7926492), (-0.4253254, 0.58778524, 0.68819094), (-0.34615302, 0.5161216, 0.7834517), (-0.2960046, 0.6474119, 0.70230985), (-0.25989193, 0.43388855, 0.86266845), (-0.21302287, 0.57125163, 0.7926492), (-0.34615302, 0.5161216, 0.7834517), (-0.2960046, 0.6474119, 0.70230985), (-0.34615302, 0.5161216, 0.7834517), (-0.21302287, 0.57125163, 0.7926492), (-0.809017, 0.5, 0.309017), (-0.7579354, 0.46842986, 0.4539905), (-0.70710677, 0.6015009, 0.37174803), (-0.68819094, 0.4253254, 0.58778524), (-0.6465778, 0.5642542, 0.51337546), (-0.7579354, 0.46842986, 0.4539905), (-0.58778524, 0.68819094, 0.4253254), (-0.70710677, 0.6015009, 0.37174803), (-0.6465778, 0.5642542, 0.51337546), (-0.7579354, 0.46842986, 0.4539905), (-0.6465778, 0.5642542, 0.51337546), (-0.70710677, 0.6015009, 0.37174803), (-0.5, 0.309017, 0.809017), (-0.46842986, 0.4539905, 0.7579354), (-0.6015009, 0.37174803, 0.70710677), (-0.4253254, 0.58778524, 0.68819094), (-0.5642542, 0.51337546, 0.6465778), (-0.46842986, 0.4539905, 0.7579354), (-0.68819094, 0.4253254, 0.58778524), (-0.6015009, 0.37174803, 0.70710677), (-0.5642542, 0.51337546, 0.6465778), (-0.46842986, 0.4539905, 0.7579354), (-0.5642542, 0.51337546, 0.6465778), (-0.6015009, 0.37174803, 0.70710677), (-0.309017, 0.809017, 0.5), (-0.4539905, 0.7579354, 0.46842986), (-0.37174803, 0.70710677, 0.6015009), (-0.58778524, 0.68819094, 0.4253254), (-0.51337546, 0.6465778, 0.5642542), (-0.4539905, 0.7579354, 0.46842986), (-0.4253254, 0.58778524, 0.68819094), (-0.37174803, 0.70710677, 0.6015009), (-0.51337546, 0.6465778, 0.5642542), (-0.4539905, 0.7579354, 0.46842986), (-0.51337546, 0.6465778, 0.5642542), (-0.37174803, 0.70710677, 0.6015009), (-0.68819094, 0.4253254, 0.58778524), (-0.5642542, 0.51337546, 0.6465778), (-0.6465778, 0.5642542, 0.51337546), (-0.4253254, 0.58778524, 0.68819094), (-0.51337546, 0.6465778, 0.5642542), (-0.5642542, 0.51337546, 0.6465778), (-0.58778524, 0.68819094, 0.4253254), (-0.6465778, 0.5642542, 0.51337546), (-0.51337546, 0.6465778, 0.5642542), (-0.5642542, 0.51337546, 0.6465778), (-0.51337546, 0.6465778, 0.5642542), (-0.6465778, 0.5642542, 0.51337546), (-0.5257311, 0.8506508, 0), (-0.48444164, 0.8649293, 0.13120037), (-0.40335536, 0.9150434, 0), (-0.43388855, 0.86266845, 0.25989193), (-0.3582288, 0.9243046, 0.13165537), (-0.48444164, 0.8649293, 0.13120037), (-0.27326652, 0.9619384, 0), (-0.40335536, 0.9150434, 0), (-0.3582288, 0.9243046, 0.13165537), (-0.48444164, 0.8649293, 0.13120037), (-0.3582288, 0.9243046, 0.13165537), (-0.40335536, 0.9150434, 0), (-0.309017, 0.809017, 0.5), (-0.23867694, 0.8910065, 0.38618737), (-0.37503856, 0.84391147, 0.38361374), (-0.16245985, 0.95105654, 0.26286554), (-0.3012589, 0.91624415, 0.26408276), (-0.23867694, 0.8910065, 0.38618737), (-0.43388855, 0.86266845, 0.25989193), (-0.37503856, 0.84391147, 0.38361374), (-0.3012589, 0.91624415, 0.26408276), (-0.23867694, 0.8910065, 0.38618737), (-0.3012589, 0.91624415, 0.26408276), (-0.37503856, 0.84391147, 0.38361374), (0, 1, 0), (-0.13795224, 0.9904389, 0), (-0.08224247, 0.98768836, 0.13307111), (-0.27326652, 0.9619384, 0), (-0.22011703, 0.9663926, 0.13279247), (-0.13795224, 0.9904389, 0), (-0.16245985, 0.95105654, 0.26286554), (-0.08224247, 0.98768836, 0.13307111), (-0.22011703, 0.9663926, 0.13279247), (-0.13795224, 0.9904389, 0), (-0.22011703, 0.9663926, 0.13279247), (-0.08224247, 0.98768836, 0.13307111), (-0.43388855, 0.86266845, 0.25989193), (-0.3012589, 0.91624415, 0.26408276), (-0.3582288, 0.9243046, 0.13165537), (-0.16245985, 0.95105654, 0.26286554), (-0.22011703, 0.9663926, 0.13279247), (-0.3012589, 0.91624415, 0.26408276), (-0.27326652, 0.9619384, 0), (-0.3582288, 0.9243046, 0.13165537), (-0.22011703, 0.9663926, 0.13279247), (-0.3012589, 0.91624415, 0.26408276), (-0.22011703, 0.9663926, 0.13279247), (-0.3582288, 0.9243046, 0.13165537), (0, 0.5257311, 0.8506508), (0.08108629, 0.615642, 0.78384304), (-0.08108629, 0.615642, 0.78384304), (0.16062203, 0.6937805, 0.70204645), (0, 0.702907, 0.7112817), (0.08108629, 0.615642, 0.78384304), (-0.16062203, 0.6937805, 0.70204645), (-0.08108629, 0.615642, 0.78384304), (0, 0.702907, 0.7112817), (0.08108629, 0.615642, 0.78384304), (0, 0.702907, 0.7112817), (-0.08108629, 0.615642, 0.78384304), (0.309017, 0.809017, 0.5), (0.15643446, 0.8401779, 0.5192585), (0.23708633, 0.7586523, 0.6068252), (0, 0.8506508, 0.5257311), (0.08114185, 0.78020436, 0.62023956), (0.15643446, 0.8401779, 0.5192585), (0.16062203, 0.6937805, 0.70204645), (0.23708633, 0.7586523, 0.6068252), (0.08114185, 0.78020436, 0.62023956), (0.15643446, 0.8401779, 0.5192585), (0.08114185, 0.78020436, 0.62023956), (0.23708633, 0.7586523, 0.6068252), (-0.309017, 0.809017, 0.5), (-0.23708633, 0.7586523, 0.6068252), (-0.15643446, 0.8401779, 0.5192585), (-0.16062203, 0.6937805, 0.70204645), (-0.08114185, 0.78020436, 0.62023956), (-0.23708633, 0.7586523, 0.6068252), (0, 0.8506508, 0.5257311), (-0.15643446, 0.8401779, 0.5192585), (-0.08114185, 0.78020436, 0.62023956), (-0.23708633, 0.7586523, 0.6068252), (-0.08114185, 0.78020436, 0.62023956), (-0.15643446, 0.8401779, 0.5192585), (0.16062203, 0.6937805, 0.70204645), (0.08114185, 0.78020436, 0.62023956), (0, 0.702907, 0.7112817), (0, 0.8506508, 0.5257311), (-0.08114185, 0.78020436, 0.62023956), (0.08114185, 0.78020436, 0.62023956), (-0.16062203, 0.6937805, 0.70204645), (0, 0.702907, 0.7112817), (-0.08114185, 0.78020436, 0.62023956), (0.08114185, 0.78020436, 0.62023956), (-0.08114185, 0.78020436, 0.62023956), (0, 0.702907, 0.7112817), (0.5257311, 0.8506508, 0), (0.40335536, 0.9150434, 0), (0.48444164, 0.8649293, 0.13120037), (0.27326652, 0.9619384, 0), (0.3582288, 0.9243046, 0.13165537), (0.40335536, 0.9150434, 0), (0.43388855, 0.86266845, 0.25989193), (0.48444164, 0.8649293, 0.13120037), (0.3582288, 0.9243046, 0.13165537), (0.40335536, 0.9150434, 0), (0.3582288, 0.9243046, 0.13165537), (0.48444164, 0.8649293, 0.13120037), (0, 1, 0), (0.08224247, 0.98768836, 0.13307111), (0.13795224, 0.9904389, 0), (0.16245985, 0.95105654, 0.26286554), (0.22011703, 0.9663926, 0.13279247), (0.08224247, 0.98768836, 0.13307111), (0.27326652, 0.9619384, 0), (0.13795224, 0.9904389, 0), (0.22011703, 0.9663926, 0.13279247), (0.08224247, 0.98768836, 0.13307111), (0.22011703, 0.9663926, 0.13279247), (0.13795224, 0.9904389, 0), (0.309017, 0.809017, 0.5), (0.37503856, 0.84391147, 0.38361374), (0.23867694, 0.8910065, 0.38618737), (0.43388855, 0.86266845, 0.25989193), (0.3012589, 0.91624415, 0.26408276), (0.37503856, 0.84391147, 0.38361374), (0.16245985, 0.95105654, 0.26286554), (0.23867694, 0.8910065, 0.38618737), (0.3012589, 0.91624415, 0.26408276), (0.37503856, 0.84391147, 0.38361374), (0.3012589, 0.91624415, 0.26408276), (0.23867694, 0.8910065, 0.38618737), (0.27326652, 0.9619384, 0), (0.22011703, 0.9663926, 0.13279247), (0.3582288, 0.9243046, 0.13165537), (0.16245985, 0.95105654, 0.26286554), (0.3012589, 0.91624415, 0.26408276), (0.22011703, 0.9663926, 0.13279247), (0.43388855, 0.86266845, 0.25989193), (0.3582288, 0.9243046, 0.13165537), (0.3012589, 0.91624415, 0.26408276), (0.22011703, 0.9663926, 0.13279247), (0.3012589, 0.91624415, 0.26408276), (0.3582288, 0.9243046, 0.13165537), (-0.309017, 0.809017, 0.5), (-0.15643446, 0.8401779, 0.5192585), (-0.23867694, 0.8910065, 0.38618737), (0, 0.8506508, 0.5257311), (-0.08232358, 0.91298246, 0.39960706), (-0.15643446, 0.8401779, 0.5192585), (-0.16245985, 0.95105654, 0.26286554), (-0.23867694, 0.8910065, 0.38618737), (-0.08232358, 0.91298246, 0.39960706), (-0.15643446, 0.8401779, 0.5192585), (-0.08232358, 0.91298246, 0.39960706), (-0.23867694, 0.8910065, 0.38618737), (0.309017, 0.809017, 0.5), (0.23867694, 0.8910065, 0.38618737), (0.15643446, 0.8401779, 0.5192585), (0.16245985, 0.95105654, 0.26286554), (0.08232358, 0.91298246, 0.39960706), (0.23867694, 0.8910065, 0.38618737), (0, 0.8506508, 0.5257311), (0.15643446, 0.8401779, 0.5192585), (0.08232358, 0.91298246, 0.39960706), (0.23867694, 0.8910065, 0.38618737), (0.08232358, 0.91298246, 0.39960706), (0.15643446, 0.8401779, 0.5192585), (0, 1, 0), (-0.08224247, 0.98768836, 0.13307111), (0.08224247, 0.98768836, 0.13307111), (-0.16245985, 0.95105654, 0.26286554), (0, 0.9638613, 0.2664047), (-0.08224247, 0.98768836, 0.13307111), (0.16245985, 0.95105654, 0.26286554), (0.08224247, 0.98768836, 0.13307111), (0, 0.9638613, 0.2664047), (-0.08224247, 0.98768836, 0.13307111), (0, 0.9638613, 0.2664047), (0.08224247, 0.98768836, 0.13307111), (0, 0.8506508, 0.5257311), (0.08232358, 0.91298246, 0.39960706), (-0.08232358, 0.91298246, 0.39960706), (0.16245985, 0.95105654, 0.26286554), (0, 0.9638613, 0.2664047), (0.08232358, 0.91298246, 0.39960706), (-0.16245985, 0.95105654, 0.26286554), (-0.08232358, 0.91298246, 0.39960706), (0, 0.9638613, 0.2664047), (0.08232358, 0.91298246, 0.39960706), (0, 0.9638613, 0.2664047), (-0.08232358, 0.91298246, 0.39960706), (-0.5257311, 0.8506508, 0), (-0.40335536, 0.9150434, 0), (-0.48444164, 0.8649293, -0.13120037), (-0.27326652, 0.9619384, 0), (-0.3582288, 0.9243046, -0.13165537), (-0.40335536, 0.9150434, 0), (-0.43388855, 0.86266845, -0.25989193), (-0.48444164, 0.8649293, -0.13120037), (-0.3582288, 0.9243046, -0.13165537), (-0.40335536, 0.9150434, 0), (-0.3582288, 0.9243046, -0.13165537), (-0.48444164, 0.8649293, -0.13120037), (0, 1, 0), (-0.08224247, 0.98768836, -0.13307111), (-0.13795224, 0.9904389, 0), (-0.16245985, 0.95105654, -0.26286554), (-0.22011703, 0.9663926, -0.13279247), (-0.08224247, 0.98768836, -0.13307111), (-0.27326652, 0.9619384, 0), (-0.13795224, 0.9904389, 0), (-0.22011703, 0.9663926, -0.13279247), (-0.08224247, 0.98768836, -0.13307111), (-0.22011703, 0.9663926, -0.13279247), (-0.13795224, 0.9904389, 0), (-0.309017, 0.809017, -0.5), (-0.37503856, 0.84391147, -0.38361374), (-0.23867694, 0.8910065, -0.38618737), (-0.43388855, 0.86266845, -0.25989193), (-0.3012589, 0.91624415, -0.26408276), (-0.37503856, 0.84391147, -0.38361374), (-0.16245985, 0.95105654, -0.26286554), (-0.23867694, 0.8910065, -0.38618737), (-0.3012589, 0.91624415, -0.26408276), (-0.37503856, 0.84391147, -0.38361374), (-0.3012589, 0.91624415, -0.26408276), (-0.23867694, 0.8910065, -0.38618737), (-0.27326652, 0.9619384, 0), (-0.22011703, 0.9663926, -0.13279247), (-0.3582288, 0.9243046, -0.13165537), (-0.16245985, 0.95105654, -0.26286554), (-0.3012589, 0.91624415, -0.26408276), (-0.22011703, 0.9663926, -0.13279247), (-0.43388855, 0.86266845, -0.25989193), (-0.3582288, 0.9243046, -0.13165537), (-0.3012589, 0.91624415, -0.26408276), (-0.22011703, 0.9663926, -0.13279247), (-0.3012589, 0.91624415, -0.26408276), (-0.3582288, 0.9243046, -0.13165537), (0.5257311, 0.8506508, 0), (0.48444164, 0.8649293, -0.13120037), (0.40335536, 0.9150434, 0), (0.43388855, 0.86266845, -0.25989193), (0.3582288, 0.9243046, -0.13165537), (0.48444164, 0.8649293, -0.13120037), (0.27326652, 0.9619384, 0), (0.40335536, 0.9150434, 0), (0.3582288, 0.9243046, -0.13165537), (0.48444164, 0.8649293, -0.13120037), (0.3582288, 0.9243046, -0.13165537), (0.40335536, 0.9150434, 0), (0.309017, 0.809017, -0.5), (0.23867694, 0.8910065, -0.38618737), (0.37503856, 0.84391147, -0.38361374), (0.16245985, 0.95105654, -0.26286554), (0.3012589, 0.91624415, -0.26408276), (0.23867694, 0.8910065, -0.38618737), (0.43388855, 0.86266845, -0.25989193), (0.37503856, 0.84391147, -0.38361374), (0.3012589, 0.91624415, -0.26408276), (0.23867694, 0.8910065, -0.38618737), (0.3012589, 0.91624415, -0.26408276), (0.37503856, 0.84391147, -0.38361374), (0, 1, 0), (0.13795224, 0.9904389, 0), (0.08224247, 0.98768836, -0.13307111), (0.27326652, 0.9619384, 0), (0.22011703, 0.9663926, -0.13279247), (0.13795224, 0.9904389, 0), (0.16245985, 0.95105654, -0.26286554), (0.08224247, 0.98768836, -0.13307111), (0.22011703, 0.9663926, -0.13279247), (0.13795224, 0.9904389, 0), (0.22011703, 0.9663926, -0.13279247), (0.08224247, 0.98768836, -0.13307111), (0.43388855, 0.86266845, -0.25989193), (0.3012589, 0.91624415, -0.26408276), (0.3582288, 0.9243046, -0.13165537), (0.16245985, 0.95105654, -0.26286554), (0.22011703, 0.9663926, -0.13279247), (0.3012589, 0.91624415, -0.26408276), (0.27326652, 0.9619384, 0), (0.3582288, 0.9243046, -0.13165537), (0.22011703, 0.9663926, -0.13279247), (0.3012589, 0.91624415, -0.26408276), (0.22011703, 0.9663926, -0.13279247), (0.3582288, 0.9243046, -0.13165537), (0, 0.5257311, -0.8506508), (-0.08108629, 0.615642, -0.78384304), (0.08108629, 0.615642, -0.78384304), (-0.16062203, 0.6937805, -0.70204645), (0, 0.702907, -0.7112817), (-0.08108629, 0.615642, -0.78384304), (0.16062203, 0.6937805, -0.70204645), (0.08108629, 0.615642, -0.78384304), (0, 0.702907, -0.7112817), (-0.08108629, 0.615642, -0.78384304), (0, 0.702907, -0.7112817), (0.08108629, 0.615642, -0.78384304), (-0.309017, 0.809017, -0.5), (-0.15643446, 0.8401779, -0.5192585), (-0.23708633, 0.7586523, -0.6068252), (0, 0.8506508, -0.5257311), (-0.08114185, 0.78020436, -0.62023956), (-0.15643446, 0.8401779, -0.5192585), (-0.16062203, 0.6937805, -0.70204645), (-0.23708633, 0.7586523, -0.6068252), (-0.08114185, 0.78020436, -0.62023956), (-0.15643446, 0.8401779, -0.5192585), (-0.08114185, 0.78020436, -0.62023956), (-0.23708633, 0.7586523, -0.6068252), (0.309017, 0.809017, -0.5), (0.23708633, 0.7586523, -0.6068252), (0.15643446, 0.8401779, -0.5192585), (0.16062203, 0.6937805, -0.70204645), (0.08114185, 0.78020436, -0.62023956), (0.23708633, 0.7586523, -0.6068252), (0, 0.8506508, -0.5257311), (0.15643446, 0.8401779, -0.5192585), (0.08114185, 0.78020436, -0.62023956), (0.23708633, 0.7586523, -0.6068252), (0.08114185, 0.78020436, -0.62023956), (0.15643446, 0.8401779, -0.5192585), (-0.16062203, 0.6937805, -0.70204645), (-0.08114185, 0.78020436, -0.62023956), (0, 0.702907, -0.7112817), (0, 0.8506508, -0.5257311), (0.08114185, 0.78020436, -0.62023956), (-0.08114185, 0.78020436, -0.62023956), (0.16062203, 0.6937805, -0.70204645), (0, 0.702907, -0.7112817), (0.08114185, 0.78020436, -0.62023956), (-0.08114185, 0.78020436, -0.62023956), (0.08114185, 0.78020436, -0.62023956), (0, 0.702907, -0.7112817), (0, 1, 0), (0.08224247, 0.98768836, -0.13307111), (-0.08224247, 0.98768836, -0.13307111), (0.16245985, 0.95105654, -0.26286554), (0, 0.9638613, -0.2664047), (0.08224247, 0.98768836, -0.13307111), (-0.16245985, 0.95105654, -0.26286554), (-0.08224247, 0.98768836, -0.13307111), (0, 0.9638613, -0.2664047), (0.08224247, 0.98768836, -0.13307111), (0, 0.9638613, -0.2664047), (-0.08224247, 0.98768836, -0.13307111), (0.309017, 0.809017, -0.5), (0.15643446, 0.8401779, -0.5192585), (0.23867694, 0.8910065, -0.38618737), (0, 0.8506508, -0.5257311), (0.08232358, 0.91298246, -0.39960706), (0.15643446, 0.8401779, -0.5192585), (0.16245985, 0.95105654, -0.26286554), (0.23867694, 0.8910065, -0.38618737), (0.08232358, 0.91298246, -0.39960706), (0.15643446, 0.8401779, -0.5192585), (0.08232358, 0.91298246, -0.39960706), (0.23867694, 0.8910065, -0.38618737), (-0.309017, 0.809017, -0.5), (-0.23867694, 0.8910065, -0.38618737), (-0.15643446, 0.8401779, -0.5192585), (-0.16245985, 0.95105654, -0.26286554), (-0.08232358, 0.91298246, -0.39960706), (-0.23867694, 0.8910065, -0.38618737), (0, 0.8506508, -0.5257311), (-0.15643446, 0.8401779, -0.5192585), (-0.08232358, 0.91298246, -0.39960706), (-0.23867694, 0.8910065, -0.38618737), (-0.08232358, 0.91298246, -0.39960706), (-0.15643446, 0.8401779, -0.5192585), (0.16245985, 0.95105654, -0.26286554), (0.08232358, 0.91298246, -0.39960706), (0, 0.9638613, -0.2664047), (0, 0.8506508, -0.5257311), (-0.08232358, 0.91298246, -0.39960706), (0.08232358, 0.91298246, -0.39960706), (-0.16245985, 0.95105654, -0.26286554), (0, 0.9638613, -0.2664047), (-0.08232358, 0.91298246, -0.39960706), (0.08232358, 0.91298246, -0.39960706), (-0.08232358, 0.91298246, -0.39960706), (0, 0.9638613, -0.2664047), (-0.5257311, 0.8506508, 0), (-0.48444164, 0.8649293, -0.13120037), (-0.615642, 0.78384304, -0.08108629), (-0.43388855, 0.86266845, -0.25989193), (-0.57125163, 0.7926492, -0.21302287), (-0.48444164, 0.8649293, -0.13120037), (-0.6937805, 0.70204645, -0.16062203), (-0.615642, 0.78384304, -0.08108629), (-0.57125163, 0.7926492, -0.21302287), (-0.48444164, 0.8649293, -0.13120037), (-0.57125163, 0.7926492, -0.21302287), (-0.615642, 0.78384304, -0.08108629), (-0.309017, 0.809017, -0.5), (-0.4539905, 0.7579354, -0.46842986), (-0.37503856, 0.84391147, -0.38361374), (-0.58778524, 0.68819094, -0.4253254), (-0.5161216, 0.7834517, -0.34615302), (-0.4539905, 0.7579354, -0.46842986), (-0.43388855, 0.86266845, -0.25989193), (-0.37503856, 0.84391147, -0.38361374), (-0.5161216, 0.7834517, -0.34615302), (-0.4539905, 0.7579354, -0.46842986), (-0.5161216, 0.7834517, -0.34615302), (-0.37503856, 0.84391147, -0.38361374), (-0.809017, 0.5, -0.309017), (-0.7586523, 0.6068252, -0.23708633), (-0.70710677, 0.6015009, -0.37174803), (-0.6937805, 0.70204645, -0.16062203), (-0.6474119, 0.70230985, -0.2960046), (-0.7586523, 0.6068252, -0.23708633), (-0.58778524, 0.68819094, -0.4253254), (-0.70710677, 0.6015009, -0.37174803), (-0.6474119, 0.70230985, -0.2960046), (-0.7586523, 0.6068252, -0.23708633), (-0.6474119, 0.70230985, -0.2960046), (-0.70710677, 0.6015009, -0.37174803), (-0.43388855, 0.86266845, -0.25989193), (-0.5161216, 0.7834517, -0.34615302), (-0.57125163, 0.7926492, -0.21302287), (-0.58778524, 0.68819094, -0.4253254), (-0.6474119, 0.70230985, -0.2960046), (-0.5161216, 0.7834517, -0.34615302), (-0.6937805, 0.70204645, -0.16062203), (-0.57125163, 0.7926492, -0.21302287), (-0.6474119, 0.70230985, -0.2960046), (-0.5161216, 0.7834517, -0.34615302), (-0.6474119, 0.70230985, -0.2960046), (-0.57125163, 0.7926492, -0.21302287), (0, 0.5257311, -0.8506508), (-0.13120037, 0.48444164, -0.8649293), (-0.08108629, 0.615642, -0.78384304), (-0.25989193, 0.43388855, -0.86266845), (-0.21302287, 0.57125163, -0.7926492), (-0.13120037, 0.48444164, -0.8649293), (-0.16062203, 0.6937805, -0.70204645), (-0.08108629, 0.615642, -0.78384304), (-0.21302287, 0.57125163, -0.7926492), (-0.13120037, 0.48444164, -0.8649293), (-0.21302287, 0.57125163, -0.7926492), (-0.08108629, 0.615642, -0.78384304), (-0.5, 0.309017, -0.809017), (-0.46842986, 0.4539905, -0.7579354), (-0.38361374, 0.37503856, -0.84391147), (-0.4253254, 0.58778524, -0.68819094), (-0.34615302, 0.5161216, -0.7834517), (-0.46842986, 0.4539905, -0.7579354), (-0.25989193, 0.43388855, -0.86266845), (-0.38361374, 0.37503856, -0.84391147), (-0.34615302, 0.5161216, -0.7834517), (-0.46842986, 0.4539905, -0.7579354), (-0.34615302, 0.5161216, -0.7834517), (-0.38361374, 0.37503856, -0.84391147), (-0.309017, 0.809017, -0.5), (-0.23708633, 0.7586523, -0.6068252), (-0.37174803, 0.70710677, -0.6015009), (-0.16062203, 0.6937805, -0.70204645), (-0.2960046, 0.6474119, -0.70230985), (-0.23708633, 0.7586523, -0.6068252), (-0.4253254, 0.58778524, -0.68819094), (-0.37174803, 0.70710677, -0.6015009), (-0.2960046, 0.6474119, -0.70230985), (-0.23708633, 0.7586523, -0.6068252), (-0.2960046, 0.6474119, -0.70230985), (-0.37174803, 0.70710677, -0.6015009), (-0.25989193, 0.43388855, -0.86266845), (-0.34615302, 0.5161216, -0.7834517), (-0.21302287, 0.57125163, -0.7926492), (-0.4253254, 0.58778524, -0.68819094), (-0.2960046, 0.6474119, -0.70230985), (-0.34615302, 0.5161216, -0.7834517), (-0.16062203, 0.6937805, -0.70204645), (-0.21302287, 0.57125163, -0.7926492), (-0.2960046, 0.6474119, -0.70230985), (-0.34615302, 0.5161216, -0.7834517), (-0.2960046, 0.6474119, -0.70230985), (-0.21302287, 0.57125163, -0.7926492), (-0.8506508, 0, -0.5257311), (-0.8649293, 0.13120037, -0.48444164), (-0.78384304, 0.08108629, -0.615642), (-0.86266845, 0.25989193, -0.43388855), (-0.7926492, 0.21302287, -0.57125163), (-0.8649293, 0.13120037, -0.48444164), (-0.70204645, 0.16062203, -0.6937805), (-0.78384304, 0.08108629, -0.615642), (-0.7926492, 0.21302287, -0.57125163), (-0.8649293, 0.13120037, -0.48444164), (-0.7926492, 0.21302287, -0.57125163), (-0.78384304, 0.08108629, -0.615642), (-0.809017, 0.5, -0.309017), (-0.7579354, 0.46842986, -0.4539905), (-0.84391147, 0.38361374, -0.37503856), (-0.68819094, 0.4253254, -0.58778524), (-0.7834517, 0.34615302, -0.5161216), (-0.7579354, 0.46842986, -0.4539905), (-0.86266845, 0.25989193, -0.43388855), (-0.84391147, 0.38361374, -0.37503856), (-0.7834517, 0.34615302, -0.5161216), (-0.7579354, 0.46842986, -0.4539905), (-0.7834517, 0.34615302, -0.5161216), (-0.84391147, 0.38361374, -0.37503856), (-0.5, 0.309017, -0.809017), (-0.6068252, 0.23708633, -0.7586523), (-0.6015009, 0.37174803, -0.70710677), (-0.70204645, 0.16062203, -0.6937805), (-0.70230985, 0.2960046, -0.6474119), (-0.6068252, 0.23708633, -0.7586523), (-0.68819094, 0.4253254, -0.58778524), (-0.6015009, 0.37174803, -0.70710677), (-0.70230985, 0.2960046, -0.6474119), (-0.6068252, 0.23708633, -0.7586523), (-0.70230985, 0.2960046, -0.6474119), (-0.6015009, 0.37174803, -0.70710677), (-0.86266845, 0.25989193, -0.43388855), (-0.7834517, 0.34615302, -0.5161216), (-0.7926492, 0.21302287, -0.57125163), (-0.68819094, 0.4253254, -0.58778524), (-0.70230985, 0.2960046, -0.6474119), (-0.7834517, 0.34615302, -0.5161216), (-0.70204645, 0.16062203, -0.6937805), (-0.7926492, 0.21302287, -0.57125163), (-0.70230985, 0.2960046, -0.6474119), (-0.7834517, 0.34615302, -0.5161216), (-0.70230985, 0.2960046, -0.6474119), (-0.7926492, 0.21302287, -0.57125163), (-0.309017, 0.809017, -0.5), (-0.37174803, 0.70710677, -0.6015009), (-0.4539905, 0.7579354, -0.46842986), (-0.4253254, 0.58778524, -0.68819094), (-0.51337546, 0.6465778, -0.5642542), (-0.37174803, 0.70710677, -0.6015009), (-0.58778524, 0.68819094, -0.4253254), (-0.4539905, 0.7579354, -0.46842986), (-0.51337546, 0.6465778, -0.5642542), (-0.37174803, 0.70710677, -0.6015009), (-0.51337546, 0.6465778, -0.5642542), (-0.4539905, 0.7579354, -0.46842986), (-0.5, 0.309017, -0.809017), (-0.6015009, 0.37174803, -0.70710677), (-0.46842986, 0.4539905, -0.7579354), (-0.68819094, 0.4253254, -0.58778524), (-0.5642542, 0.51337546, -0.6465778), (-0.6015009, 0.37174803, -0.70710677), (-0.4253254, 0.58778524, -0.68819094), (-0.46842986, 0.4539905, -0.7579354), (-0.5642542, 0.51337546, -0.6465778), (-0.6015009, 0.37174803, -0.70710677), (-0.5642542, 0.51337546, -0.6465778), (-0.46842986, 0.4539905, -0.7579354), (-0.809017, 0.5, -0.309017), (-0.70710677, 0.6015009, -0.37174803), (-0.7579354, 0.46842986, -0.4539905), (-0.58778524, 0.68819094, -0.4253254), (-0.6465778, 0.5642542, -0.51337546), (-0.70710677, 0.6015009, -0.37174803), (-0.68819094, 0.4253254, -0.58778524), (-0.7579354, 0.46842986, -0.4539905), (-0.6465778, 0.5642542, -0.51337546), (-0.70710677, 0.6015009, -0.37174803), (-0.6465778, 0.5642542, -0.51337546), (-0.7579354, 0.46842986, -0.4539905), (-0.4253254, 0.58778524, -0.68819094), (-0.5642542, 0.51337546, -0.6465778), (-0.51337546, 0.6465778, -0.5642542), (-0.68819094, 0.4253254, -0.58778524), (-0.6465778, 0.5642542, -0.51337546), (-0.5642542, 0.51337546, -0.6465778), (-0.58778524, 0.68819094, -0.4253254), (-0.51337546, 0.6465778, -0.5642542), (-0.6465778, 0.5642542, -0.51337546), (-0.5642542, 0.51337546, -0.6465778), (-0.6465778, 0.5642542, -0.51337546), (-0.51337546, 0.6465778, -0.5642542), (-0.5257311, 0.8506508, 0), (-0.615642, 0.78384304, -0.08108629), (-0.615642, 0.78384304, 0.08108629), (-0.6937805, 0.70204645, -0.16062203), (-0.702907, 0.7112817, 0), (-0.615642, 0.78384304, -0.08108629), (-0.6937805, 0.70204645, 0.16062203), (-0.615642, 0.78384304, 0.08108629), (-0.702907, 0.7112817, 0), (-0.615642, 0.78384304, -0.08108629), (-0.702907, 0.7112817, 0), (-0.615642, 0.78384304, 0.08108629), (-0.809017, 0.5, -0.309017), (-0.8401779, 0.5192585, -0.15643446), (-0.7586523, 0.6068252, -0.23708633), (-0.8506508, 0.5257311, 0), (-0.78020436, 0.62023956, -0.08114185), (-0.8401779, 0.5192585, -0.15643446), (-0.6937805, 0.70204645, -0.16062203), (-0.7586523, 0.6068252, -0.23708633), (-0.78020436, 0.62023956, -0.08114185), (-0.8401779, 0.5192585, -0.15643446), (-0.78020436, 0.62023956, -0.08114185), (-0.7586523, 0.6068252, -0.23708633), (-0.809017, 0.5, 0.309017), (-0.7586523, 0.6068252, 0.23708633), (-0.8401779, 0.5192585, 0.15643446), (-0.6937805, 0.70204645, 0.16062203), (-0.78020436, 0.62023956, 0.08114185), (-0.7586523, 0.6068252, 0.23708633), (-0.8506508, 0.5257311, 0), (-0.8401779, 0.5192585, 0.15643446), (-0.78020436, 0.62023956, 0.08114185), (-0.7586523, 0.6068252, 0.23708633), (-0.78020436, 0.62023956, 0.08114185), (-0.8401779, 0.5192585, 0.15643446), (-0.6937805, 0.70204645, -0.16062203), (-0.78020436, 0.62023956, -0.08114185), (-0.702907, 0.7112817, 0), (-0.8506508, 0.5257311, 0), (-0.78020436, 0.62023956, 0.08114185), (-0.78020436, 0.62023956, -0.08114185), (-0.6937805, 0.70204645, 0.16062203), (-0.702907, 0.7112817, 0), (-0.78020436, 0.62023956, 0.08114185), (-0.78020436, 0.62023956, -0.08114185), (-0.78020436, 0.62023956, 0.08114185), (-0.702907, 0.7112817, 0), (-0.8506508, 0, -0.5257311), (-0.9150434, 0, -0.40335536), (-0.8649293, 0.13120037, -0.48444164), (-0.9619384, 0, -0.27326652), (-0.9243046, 0.13165537, -0.3582288), (-0.9150434, 0, -0.40335536), (-0.86266845, 0.25989193, -0.43388855), (-0.8649293, 0.13120037, -0.48444164), (-0.9243046, 0.13165537, -0.3582288), (-0.9150434, 0, -0.40335536), (-0.9243046, 0.13165537, -0.3582288), (-0.8649293, 0.13120037, -0.48444164), (-1, 0, 0), (-0.98768836, 0.13307111, -0.08224247), (-0.9904389, 0, -0.13795224), (-0.95105654, 0.26286554, -0.16245985), (-0.9663926, 0.13279247, -0.22011703), (-0.98768836, 0.13307111, -0.08224247), (-0.9619384, 0, -0.27326652), (-0.9904389, 0, -0.13795224), (-0.9663926, 0.13279247, -0.22011703), (-0.98768836, 0.13307111, -0.08224247), (-0.9663926, 0.13279247, -0.22011703), (-0.9904389, 0, -0.13795224), (-0.809017, 0.5, -0.309017), (-0.84391147, 0.38361374, -0.37503856), (-0.8910065, 0.38618737, -0.23867694), (-0.86266845, 0.25989193, -0.43388855), (-0.91624415, 0.26408276, -0.3012589), (-0.84391147, 0.38361374, -0.37503856), (-0.95105654, 0.26286554, -0.16245985), (-0.8910065, 0.38618737, -0.23867694), (-0.91624415, 0.26408276, -0.3012589), (-0.84391147, 0.38361374, -0.37503856), (-0.91624415, 0.26408276, -0.3012589), (-0.8910065, 0.38618737, -0.23867694), (-0.9619384, 0, -0.27326652), (-0.9663926, 0.13279247, -0.22011703), (-0.9243046, 0.13165537, -0.3582288), (-0.95105654, 0.26286554, -0.16245985), (-0.91624415, 0.26408276, -0.3012589), (-0.9663926, 0.13279247, -0.22011703), (-0.86266845, 0.25989193, -0.43388855), (-0.9243046, 0.13165537, -0.3582288), (-0.91624415, 0.26408276, -0.3012589), (-0.9663926, 0.13279247, -0.22011703), (-0.91624415, 0.26408276, -0.3012589), (-0.9243046, 0.13165537, -0.3582288), (-0.8506508, 0, 0.5257311), (-0.8649293, 0.13120037, 0.48444164), (-0.9150434, 0, 0.40335536), (-0.86266845, 0.25989193, 0.43388855), (-0.9243046, 0.13165537, 0.3582288), (-0.8649293, 0.13120037, 0.48444164), (-0.9619384, 0, 0.27326652), (-0.9150434, 0, 0.40335536), (-0.9243046, 0.13165537, 0.3582288), (-0.8649293, 0.13120037, 0.48444164), (-0.9243046, 0.13165537, 0.3582288), (-0.9150434, 0, 0.40335536), (-0.809017, 0.5, 0.309017), (-0.8910065, 0.38618737, 0.23867694), (-0.84391147, 0.38361374, 0.37503856), (-0.95105654, 0.26286554, 0.16245985), (-0.91624415, 0.26408276, 0.3012589), (-0.8910065, 0.38618737, 0.23867694), (-0.86266845, 0.25989193, 0.43388855), (-0.84391147, 0.38361374, 0.37503856), (-0.91624415, 0.26408276, 0.3012589), (-0.8910065, 0.38618737, 0.23867694), (-0.91624415, 0.26408276, 0.3012589), (-0.84391147, 0.38361374, 0.37503856), (-1, 0, 0), (-0.9904389, 0, 0.13795224), (-0.98768836, 0.13307111, 0.08224247), (-0.9619384, 0, 0.27326652), (-0.9663926, 0.13279247, 0.22011703), (-0.9904389, 0, 0.13795224), (-0.95105654, 0.26286554, 0.16245985), (-0.98768836, 0.13307111, 0.08224247), (-0.9663926, 0.13279247, 0.22011703), (-0.9904389, 0, 0.13795224), (-0.9663926, 0.13279247, 0.22011703), (-0.98768836, 0.13307111, 0.08224247), (-0.86266845, 0.25989193, 0.43388855), (-0.91624415, 0.26408276, 0.3012589), (-0.9243046, 0.13165537, 0.3582288), (-0.95105654, 0.26286554, 0.16245985), (-0.9663926, 0.13279247, 0.22011703), (-0.91624415, 0.26408276, 0.3012589), (-0.9619384, 0, 0.27326652), (-0.9243046, 0.13165537, 0.3582288), (-0.9663926, 0.13279247, 0.22011703), (-0.91624415, 0.26408276, 0.3012589), (-0.9663926, 0.13279247, 0.22011703), (-0.9243046, 0.13165537, 0.3582288), (-0.809017, 0.5, -0.309017), (-0.8910065, 0.38618737, -0.23867694), (-0.8401779, 0.5192585, -0.15643446), (-0.95105654, 0.26286554, -0.16245985), (-0.91298246, 0.39960706, -0.08232358), (-0.8910065, 0.38618737, -0.23867694), (-0.8506508, 0.5257311, 0), (-0.8401779, 0.5192585, -0.15643446), (-0.91298246, 0.39960706, -0.08232358), (-0.8910065, 0.38618737, -0.23867694), (-0.91298246, 0.39960706, -0.08232358), (-0.8401779, 0.5192585, -0.15643446), (-1, 0, 0), (-0.98768836, 0.13307111, 0.08224247), (-0.98768836, 0.13307111, -0.08224247), (-0.95105654, 0.26286554, 0.16245985), (-0.9638613, 0.2664047, 0), (-0.98768836, 0.13307111, 0.08224247), (-0.95105654, 0.26286554, -0.16245985), (-0.98768836, 0.13307111, -0.08224247), (-0.9638613, 0.2664047, 0), (-0.98768836, 0.13307111, 0.08224247), (-0.9638613, 0.2664047, 0), (-0.98768836, 0.13307111, -0.08224247), (-0.809017, 0.5, 0.309017), (-0.8401779, 0.5192585, 0.15643446), (-0.8910065, 0.38618737, 0.23867694), (-0.8506508, 0.5257311, 0), (-0.91298246, 0.39960706, 0.08232358), (-0.8401779, 0.5192585, 0.15643446), (-0.95105654, 0.26286554, 0.16245985), (-0.8910065, 0.38618737, 0.23867694), (-0.91298246, 0.39960706, 0.08232358), (-0.8401779, 0.5192585, 0.15643446), (-0.91298246, 0.39960706, 0.08232358), (-0.8910065, 0.38618737, 0.23867694), (-0.95105654, 0.26286554, -0.16245985), (-0.9638613, 0.2664047, 0), (-0.91298246, 0.39960706, -0.08232358), (-0.95105654, 0.26286554, 0.16245985), (-0.91298246, 0.39960706, 0.08232358), (-0.9638613, 0.2664047, 0), (-0.8506508, 0.5257311, 0), (-0.91298246, 0.39960706, -0.08232358), (-0.91298246, 0.39960706, 0.08232358), (-0.9638613, 0.2664047, 0), (-0.91298246, 0.39960706, 0.08232358), (-0.91298246, 0.39960706, -0.08232358), (0.5257311, 0.8506508, 0), (0.48444164, 0.8649293, 0.13120037), (0.615642, 0.78384304, 0.08108629), (0.43388855, 0.86266845, 0.25989193), (0.57125163, 0.7926492, 0.21302287), (0.48444164, 0.8649293, 0.13120037), (0.6937805, 0.70204645, 0.16062203), (0.615642, 0.78384304, 0.08108629), (0.57125163, 0.7926492, 0.21302287), (0.48444164, 0.8649293, 0.13120037), (0.57125163, 0.7926492, 0.21302287), (0.615642, 0.78384304, 0.08108629), (0.309017, 0.809017, 0.5), (0.4539905, 0.7579354, 0.46842986), (0.37503856, 0.84391147, 0.38361374), (0.58778524, 0.68819094, 0.4253254), (0.5161216, 0.7834517, 0.34615302), (0.4539905, 0.7579354, 0.46842986), (0.43388855, 0.86266845, 0.25989193), (0.37503856, 0.84391147, 0.38361374), (0.5161216, 0.7834517, 0.34615302), (0.4539905, 0.7579354, 0.46842986), (0.5161216, 0.7834517, 0.34615302), (0.37503856, 0.84391147, 0.38361374), (0.809017, 0.5, 0.309017), (0.7586523, 0.6068252, 0.23708633), (0.70710677, 0.6015009, 0.37174803), (0.6937805, 0.70204645, 0.16062203), (0.6474119, 0.70230985, 0.2960046), (0.7586523, 0.6068252, 0.23708633), (0.58778524, 0.68819094, 0.4253254), (0.70710677, 0.6015009, 0.37174803), (0.6474119, 0.70230985, 0.2960046), (0.7586523, 0.6068252, 0.23708633), (0.6474119, 0.70230985, 0.2960046), (0.70710677, 0.6015009, 0.37174803), (0.43388855, 0.86266845, 0.25989193), (0.5161216, 0.7834517, 0.34615302), (0.57125163, 0.7926492, 0.21302287), (0.58778524, 0.68819094, 0.4253254), (0.6474119, 0.70230985, 0.2960046), (0.5161216, 0.7834517, 0.34615302), (0.6937805, 0.70204645, 0.16062203), (0.57125163, 0.7926492, 0.21302287), (0.6474119, 0.70230985, 0.2960046), (0.5161216, 0.7834517, 0.34615302), (0.6474119, 0.70230985, 0.2960046), (0.57125163, 0.7926492, 0.21302287), (0, 0.5257311, 0.8506508), (0.13120037, 0.48444164, 0.8649293), (0.08108629, 0.615642, 0.78384304), (0.25989193, 0.43388855, 0.86266845), (0.21302287, 0.57125163, 0.7926492), (0.13120037, 0.48444164, 0.8649293), (0.16062203, 0.6937805, 0.70204645), (0.08108629, 0.615642, 0.78384304), (0.21302287, 0.57125163, 0.7926492), (0.13120037, 0.48444164, 0.8649293), (0.21302287, 0.57125163, 0.7926492), (0.08108629, 0.615642, 0.78384304), (0.5, 0.309017, 0.809017), (0.46842986, 0.4539905, 0.7579354), (0.38361374, 0.37503856, 0.84391147), (0.4253254, 0.58778524, 0.68819094), (0.34615302, 0.5161216, 0.7834517), (0.46842986, 0.4539905, 0.7579354), (0.25989193, 0.43388855, 0.86266845), (0.38361374, 0.37503856, 0.84391147), (0.34615302, 0.5161216, 0.7834517), (0.46842986, 0.4539905, 0.7579354), (0.34615302, 0.5161216, 0.7834517), (0.38361374, 0.37503856, 0.84391147), (0.309017, 0.809017, 0.5), (0.23708633, 0.7586523, 0.6068252), (0.37174803, 0.70710677, 0.6015009), (0.16062203, 0.6937805, 0.70204645), (0.2960046, 0.6474119, 0.70230985), (0.23708633, 0.7586523, 0.6068252), (0.4253254, 0.58778524, 0.68819094), (0.37174803, 0.70710677, 0.6015009), (0.2960046, 0.6474119, 0.70230985), (0.23708633, 0.7586523, 0.6068252), (0.2960046, 0.6474119, 0.70230985), (0.37174803, 0.70710677, 0.6015009), (0.25989193, 0.43388855, 0.86266845), (0.34615302, 0.5161216, 0.7834517), (0.21302287, 0.57125163, 0.7926492), (0.4253254, 0.58778524, 0.68819094), (0.2960046, 0.6474119, 0.70230985), (0.34615302, 0.5161216, 0.7834517), (0.16062203, 0.6937805, 0.70204645), (0.21302287, 0.57125163, 0.7926492), (0.2960046, 0.6474119, 0.70230985), (0.34615302, 0.5161216, 0.7834517), (0.2960046, 0.6474119, 0.70230985), (0.21302287, 0.57125163, 0.7926492), (0.8506508, 0, 0.5257311), (0.8649293, 0.13120037, 0.48444164), (0.78384304, 0.08108629, 0.615642), (0.86266845, 0.25989193, 0.43388855), (0.7926492, 0.21302287, 0.57125163), (0.8649293, 0.13120037, 0.48444164), (0.70204645, 0.16062203, 0.6937805), (0.78384304, 0.08108629, 0.615642), (0.7926492, 0.21302287, 0.57125163), (0.8649293, 0.13120037, 0.48444164), (0.7926492, 0.21302287, 0.57125163), (0.78384304, 0.08108629, 0.615642), (0.809017, 0.5, 0.309017), (0.7579354, 0.46842986, 0.4539905), (0.84391147, 0.38361374, 0.37503856), (0.68819094, 0.4253254, 0.58778524), (0.7834517, 0.34615302, 0.5161216), (0.7579354, 0.46842986, 0.4539905), (0.86266845, 0.25989193, 0.43388855), (0.84391147, 0.38361374, 0.37503856), (0.7834517, 0.34615302, 0.5161216), (0.7579354, 0.46842986, 0.4539905), (0.7834517, 0.34615302, 0.5161216), (0.84391147, 0.38361374, 0.37503856), (0.5, 0.309017, 0.809017), (0.6068252, 0.23708633, 0.7586523), (0.6015009, 0.37174803, 0.70710677), (0.70204645, 0.16062203, 0.6937805), (0.70230985, 0.2960046, 0.6474119), (0.6068252, 0.23708633, 0.7586523), (0.68819094, 0.4253254, 0.58778524), (0.6015009, 0.37174803, 0.70710677), (0.70230985, 0.2960046, 0.6474119), (0.6068252, 0.23708633, 0.7586523), (0.70230985, 0.2960046, 0.6474119), (0.6015009, 0.37174803, 0.70710677), (0.86266845, 0.25989193, 0.43388855), (0.7834517, 0.34615302, 0.5161216), (0.7926492, 0.21302287, 0.57125163), (0.68819094, 0.4253254, 0.58778524), (0.70230985, 0.2960046, 0.6474119), (0.7834517, 0.34615302, 0.5161216), (0.70204645, 0.16062203, 0.6937805), (0.7926492, 0.21302287, 0.57125163), (0.70230985, 0.2960046, 0.6474119), (0.7834517, 0.34615302, 0.5161216), (0.70230985, 0.2960046, 0.6474119), (0.7926492, 0.21302287, 0.57125163), (0.309017, 0.809017, 0.5), (0.37174803, 0.70710677, 0.6015009), (0.4539905, 0.7579354, 0.46842986), (0.4253254, 0.58778524, 0.68819094), (0.51337546, 0.6465778, 0.5642542), (0.37174803, 0.70710677, 0.6015009), (0.58778524, 0.68819094, 0.4253254), (0.4539905, 0.7579354, 0.46842986), (0.51337546, 0.6465778, 0.5642542), (0.37174803, 0.70710677, 0.6015009), (0.51337546, 0.6465778, 0.5642542), (0.4539905, 0.7579354, 0.46842986), (0.5, 0.309017, 0.809017), (0.6015009, 0.37174803, 0.70710677), (0.46842986, 0.4539905, 0.7579354), (0.68819094, 0.4253254, 0.58778524), (0.5642542, 0.51337546, 0.6465778), (0.6015009, 0.37174803, 0.70710677), (0.4253254, 0.58778524, 0.68819094), (0.46842986, 0.4539905, 0.7579354), (0.5642542, 0.51337546, 0.6465778), (0.6015009, 0.37174803, 0.70710677), (0.5642542, 0.51337546, 0.6465778), (0.46842986, 0.4539905, 0.7579354), (0.809017, 0.5, 0.309017), (0.70710677, 0.6015009, 0.37174803), (0.7579354, 0.46842986, 0.4539905), (0.58778524, 0.68819094, 0.4253254), (0.6465778, 0.5642542, 0.51337546), (0.70710677, 0.6015009, 0.37174803), (0.68819094, 0.4253254, 0.58778524), (0.7579354, 0.46842986, 0.4539905), (0.6465778, 0.5642542, 0.51337546), (0.70710677, 0.6015009, 0.37174803), (0.6465778, 0.5642542, 0.51337546), (0.7579354, 0.46842986, 0.4539905), (0.4253254, 0.58778524, 0.68819094), (0.5642542, 0.51337546, 0.6465778), (0.51337546, 0.6465778, 0.5642542), (0.68819094, 0.4253254, 0.58778524), (0.6465778, 0.5642542, 0.51337546), (0.5642542, 0.51337546, 0.6465778), (0.58778524, 0.68819094, 0.4253254), (0.51337546, 0.6465778, 0.5642542), (0.6465778, 0.5642542, 0.51337546), (0.5642542, 0.51337546, 0.6465778), (0.6465778, 0.5642542, 0.51337546), (0.51337546, 0.6465778, 0.5642542), (0, 0.5257311, 0.8506508), (-0.13120037, 0.48444164, 0.8649293), (0, 0.40335536, 0.9150434), (-0.25989193, 0.43388855, 0.86266845), (-0.13165537, 0.3582288, 0.9243046), (-0.13120037, 0.48444164, 0.8649293), (0, 0.27326652, 0.9619384), (0, 0.40335536, 0.9150434), (-0.13165537, 0.3582288, 0.9243046), (-0.13120037, 0.48444164, 0.8649293), (-0.13165537, 0.3582288, 0.9243046), (0, 0.40335536, 0.9150434), (-0.5, 0.309017, 0.809017), (-0.38618737, 0.23867694, 0.8910065), (-0.38361374, 0.37503856, 0.84391147), (-0.26286554, 0.16245985, 0.95105654), (-0.26408276, 0.3012589, 0.91624415), (-0.38618737, 0.23867694, 0.8910065), (-0.25989193, 0.43388855, 0.86266845), (-0.38361374, 0.37503856, 0.84391147), (-0.26408276, 0.3012589, 0.91624415), (-0.38618737, 0.23867694, 0.8910065), (-0.26408276, 0.3012589, 0.91624415), (-0.38361374, 0.37503856, 0.84391147), (0, 0, 1), (0, 0.13795224, 0.9904389), (-0.13307111, 0.08224247, 0.98768836), (0, 0.27326652, 0.9619384), (-0.13279247, 0.22011703, 0.9663926), (0, 0.13795224, 0.9904389), (-0.26286554, 0.16245985, 0.95105654), (-0.13307111, 0.08224247, 0.98768836), (-0.13279247, 0.22011703, 0.9663926), (0, 0.13795224, 0.9904389), (-0.13279247, 0.22011703, 0.9663926), (-0.13307111, 0.08224247, 0.98768836), (-0.25989193, 0.43388855, 0.86266845), (-0.26408276, 0.3012589, 0.91624415), (-0.13165537, 0.3582288, 0.9243046), (-0.26286554, 0.16245985, 0.95105654), (-0.13279247, 0.22011703, 0.9663926), (-0.26408276, 0.3012589, 0.91624415), (0, 0.27326652, 0.9619384), (-0.13165537, 0.3582288, 0.9243046), (-0.13279247, 0.22011703, 0.9663926), (-0.26408276, 0.3012589, 0.91624415), (-0.13279247, 0.22011703, 0.9663926), (-0.13165537, 0.3582288, 0.9243046), (-0.8506508, 0, 0.5257311), (-0.78384304, -0.08108629, 0.615642), (-0.78384304, 0.08108629, 0.615642), (-0.70204645, -0.16062203, 0.6937805), (-0.7112817, 0, 0.702907), (-0.78384304, -0.08108629, 0.615642), (-0.70204645, 0.16062203, 0.6937805), (-0.78384304, 0.08108629, 0.615642), (-0.7112817, 0, 0.702907), (-0.78384304, -0.08108629, 0.615642), (-0.7112817, 0, 0.702907), (-0.78384304, 0.08108629, 0.615642), (-0.5, -0.309017, 0.809017), (-0.5192585, -0.15643446, 0.8401779), (-0.6068252, -0.23708633, 0.7586523), (-0.5257311, 0, 0.8506508), (-0.62023956, -0.08114185, 0.78020436), (-0.5192585, -0.15643446, 0.8401779), (-0.70204645, -0.16062203, 0.6937805), (-0.6068252, -0.23708633, 0.7586523), (-0.62023956, -0.08114185, 0.78020436), (-0.5192585, -0.15643446, 0.8401779), (-0.62023956, -0.08114185, 0.78020436), (-0.6068252, -0.23708633, 0.7586523), (-0.5, 0.309017, 0.809017), (-0.6068252, 0.23708633, 0.7586523), (-0.5192585, 0.15643446, 0.8401779), (-0.70204645, 0.16062203, 0.6937805), (-0.62023956, 0.08114185, 0.78020436), (-0.6068252, 0.23708633, 0.7586523), (-0.5257311, 0, 0.8506508), (-0.5192585, 0.15643446, 0.8401779), (-0.62023956, 0.08114185, 0.78020436), (-0.6068252, 0.23708633, 0.7586523), (-0.62023956, 0.08114185, 0.78020436), (-0.5192585, 0.15643446, 0.8401779), (-0.70204645, -0.16062203, 0.6937805), (-0.62023956, -0.08114185, 0.78020436), (-0.7112817, 0, 0.702907), (-0.5257311, 0, 0.8506508), (-0.62023956, 0.08114185, 0.78020436), (-0.62023956, -0.08114185, 0.78020436), (-0.70204645, 0.16062203, 0.6937805), (-0.7112817, 0, 0.702907), (-0.62023956, 0.08114185, 0.78020436), (-0.62023956, -0.08114185, 0.78020436), (-0.62023956, 0.08114185, 0.78020436), (-0.7112817, 0, 0.702907), (0, -0.5257311, 0.8506508), (0, -0.40335536, 0.9150434), (-0.13120037, -0.48444164, 0.8649293), (0, -0.27326652, 0.9619384), (-0.13165537, -0.3582288, 0.9243046), (0, -0.40335536, 0.9150434), (-0.25989193, -0.43388855, 0.86266845), (-0.13120037, -0.48444164, 0.8649293), (-0.13165537, -0.3582288, 0.9243046), (0, -0.40335536, 0.9150434), (-0.13165537, -0.3582288, 0.9243046), (-0.13120037, -0.48444164, 0.8649293), (0, 0, 1), (-0.13307111, -0.08224247, 0.98768836), (0, -0.13795224, 0.9904389), (-0.26286554, -0.16245985, 0.95105654), (-0.13279247, -0.22011703, 0.9663926), (-0.13307111, -0.08224247, 0.98768836), (0, -0.27326652, 0.9619384), (0, -0.13795224, 0.9904389), (-0.13279247, -0.22011703, 0.9663926), (-0.13307111, -0.08224247, 0.98768836), (-0.13279247, -0.22011703, 0.9663926), (0, -0.13795224, 0.9904389), (-0.5, -0.309017, 0.809017), (-0.38361374, -0.37503856, 0.84391147), (-0.38618737, -0.23867694, 0.8910065), (-0.25989193, -0.43388855, 0.86266845), (-0.26408276, -0.3012589, 0.91624415), (-0.38361374, -0.37503856, 0.84391147), (-0.26286554, -0.16245985, 0.95105654), (-0.38618737, -0.23867694, 0.8910065), (-0.26408276, -0.3012589, 0.91624415), (-0.38361374, -0.37503856, 0.84391147), (-0.26408276, -0.3012589, 0.91624415), (-0.38618737, -0.23867694, 0.8910065), (0, -0.27326652, 0.9619384), (-0.13279247, -0.22011703, 0.9663926), (-0.13165537, -0.3582288, 0.9243046), (-0.26286554, -0.16245985, 0.95105654), (-0.26408276, -0.3012589, 0.91624415), (-0.13279247, -0.22011703, 0.9663926), (-0.25989193, -0.43388855, 0.86266845), (-0.13165537, -0.3582288, 0.9243046), (-0.26408276, -0.3012589, 0.91624415), (-0.13279247, -0.22011703, 0.9663926), (-0.26408276, -0.3012589, 0.91624415), (-0.13165537, -0.3582288, 0.9243046), (-0.5, 0.309017, 0.809017), (-0.5192585, 0.15643446, 0.8401779), (-0.38618737, 0.23867694, 0.8910065), (-0.5257311, 0, 0.8506508), (-0.39960706, 0.08232358, 0.91298246), (-0.5192585, 0.15643446, 0.8401779), (-0.26286554, 0.16245985, 0.95105654), (-0.38618737, 0.23867694, 0.8910065), (-0.39960706, 0.08232358, 0.91298246), (-0.5192585, 0.15643446, 0.8401779), (-0.39960706, 0.08232358, 0.91298246), (-0.38618737, 0.23867694, 0.8910065), (-0.5, -0.309017, 0.809017), (-0.38618737, -0.23867694, 0.8910065), (-0.5192585, -0.15643446, 0.8401779), (-0.26286554, -0.16245985, 0.95105654), (-0.39960706, -0.08232358, 0.91298246), (-0.38618737, -0.23867694, 0.8910065), (-0.5257311, 0, 0.8506508), (-0.5192585, -0.15643446, 0.8401779), (-0.39960706, -0.08232358, 0.91298246), (-0.38618737, -0.23867694, 0.8910065), (-0.39960706, -0.08232358, 0.91298246), (-0.5192585, -0.15643446, 0.8401779), (0, 0, 1), (-0.13307111, 0.08224247, 0.98768836), (-0.13307111, -0.08224247, 0.98768836), (-0.26286554, 0.16245985, 0.95105654), (-0.2664047, 0, 0.9638613), (-0.13307111, 0.08224247, 0.98768836), (-0.26286554, -0.16245985, 0.95105654), (-0.13307111, -0.08224247, 0.98768836), (-0.2664047, 0, 0.9638613), (-0.13307111, 0.08224247, 0.98768836), (-0.2664047, 0, 0.9638613), (-0.13307111, -0.08224247, 0.98768836), (-0.5257311, 0, 0.8506508), (-0.39960706, -0.08232358, 0.91298246), (-0.39960706, 0.08232358, 0.91298246), (-0.26286554, -0.16245985, 0.95105654), (-0.2664047, 0, 0.9638613), (-0.39960706, -0.08232358, 0.91298246), (-0.26286554, 0.16245985, 0.95105654), (-0.39960706, 0.08232358, 0.91298246), (-0.2664047, 0, 0.9638613), (-0.39960706, -0.08232358, 0.91298246), (-0.2664047, 0, 0.9638613), (-0.39960706, 0.08232358, 0.91298246), (-0.8506508, 0, 0.5257311), (-0.9150434, 0, 0.40335536), (-0.8649293, -0.13120037, 0.48444164), (-0.9619384, 0, 0.27326652), (-0.9243046, -0.13165537, 0.3582288), (-0.9150434, 0, 0.40335536), (-0.86266845, -0.25989193, 0.43388855), (-0.8649293, -0.13120037, 0.48444164), (-0.9243046, -0.13165537, 0.3582288), (-0.9150434, 0, 0.40335536), (-0.9243046, -0.13165537, 0.3582288), (-0.8649293, -0.13120037, 0.48444164), (-1, 0, 0), (-0.98768836, -0.13307111, 0.08224247), (-0.9904389, 0, 0.13795224), (-0.95105654, -0.26286554, 0.16245985), (-0.9663926, -0.13279247, 0.22011703), (-0.98768836, -0.13307111, 0.08224247), (-0.9619384, 0, 0.27326652), (-0.9904389, 0, 0.13795224), (-0.9663926, -0.13279247, 0.22011703), (-0.98768836, -0.13307111, 0.08224247), (-0.9663926, -0.13279247, 0.22011703), (-0.9904389, 0, 0.13795224), (-0.809017, -0.5, 0.309017), (-0.84391147, -0.38361374, 0.37503856), (-0.8910065, -0.38618737, 0.23867694), (-0.86266845, -0.25989193, 0.43388855), (-0.91624415, -0.26408276, 0.3012589), (-0.84391147, -0.38361374, 0.37503856), (-0.95105654, -0.26286554, 0.16245985), (-0.8910065, -0.38618737, 0.23867694), (-0.91624415, -0.26408276, 0.3012589), (-0.84391147, -0.38361374, 0.37503856), (-0.91624415, -0.26408276, 0.3012589), (-0.8910065, -0.38618737, 0.23867694), (-0.9619384, 0, 0.27326652), (-0.9663926, -0.13279247, 0.22011703), (-0.9243046, -0.13165537, 0.3582288), (-0.95105654, -0.26286554, 0.16245985), (-0.91624415, -0.26408276, 0.3012589), (-0.9663926, -0.13279247, 0.22011703), (-0.86266845, -0.25989193, 0.43388855), (-0.9243046, -0.13165537, 0.3582288), (-0.91624415, -0.26408276, 0.3012589), (-0.9663926, -0.13279247, 0.22011703), (-0.91624415, -0.26408276, 0.3012589), (-0.9243046, -0.13165537, 0.3582288), (-0.8506508, 0, -0.5257311), (-0.8649293, -0.13120037, -0.48444164), (-0.9150434, 0, -0.40335536), (-0.86266845, -0.25989193, -0.43388855), (-0.9243046, -0.13165537, -0.3582288), (-0.8649293, -0.13120037, -0.48444164), (-0.9619384, 0, -0.27326652), (-0.9150434, 0, -0.40335536), (-0.9243046, -0.13165537, -0.3582288), (-0.8649293, -0.13120037, -0.48444164), (-0.9243046, -0.13165537, -0.3582288), (-0.9150434, 0, -0.40335536), (-0.809017, -0.5, -0.309017), (-0.8910065, -0.38618737, -0.23867694), (-0.84391147, -0.38361374, -0.37503856), (-0.95105654, -0.26286554, -0.16245985), (-0.91624415, -0.26408276, -0.3012589), (-0.8910065, -0.38618737, -0.23867694), (-0.86266845, -0.25989193, -0.43388855), (-0.84391147, -0.38361374, -0.37503856), (-0.91624415, -0.26408276, -0.3012589), (-0.8910065, -0.38618737, -0.23867694), (-0.91624415, -0.26408276, -0.3012589), (-0.84391147, -0.38361374, -0.37503856), (-1, 0, 0), (-0.9904389, 0, -0.13795224), (-0.98768836, -0.13307111, -0.08224247), (-0.9619384, 0, -0.27326652), (-0.9663926, -0.13279247, -0.22011703), (-0.9904389, 0, -0.13795224), (-0.95105654, -0.26286554, -0.16245985), (-0.98768836, -0.13307111, -0.08224247), (-0.9663926, -0.13279247, -0.22011703), (-0.9904389, 0, -0.13795224), (-0.9663926, -0.13279247, -0.22011703), (-0.98768836, -0.13307111, -0.08224247), (-0.86266845, -0.25989193, -0.43388855), (-0.91624415, -0.26408276, -0.3012589), (-0.9243046, -0.13165537, -0.3582288), (-0.95105654, -0.26286554, -0.16245985), (-0.9663926, -0.13279247, -0.22011703), (-0.91624415, -0.26408276, -0.3012589), (-0.9619384, 0, -0.27326652), (-0.9243046, -0.13165537, -0.3582288), (-0.9663926, -0.13279247, -0.22011703), (-0.91624415, -0.26408276, -0.3012589), (-0.9663926, -0.13279247, -0.22011703), (-0.9243046, -0.13165537, -0.3582288), (-0.5257311, -0.8506508, 0), (-0.615642, -0.78384304, 0.08108629), (-0.615642, -0.78384304, -0.08108629), (-0.6937805, -0.70204645, 0.16062203), (-0.702907, -0.7112817, 0), (-0.615642, -0.78384304, 0.08108629), (-0.6937805, -0.70204645, -0.16062203), (-0.615642, -0.78384304, -0.08108629), (-0.702907, -0.7112817, 0), (-0.615642, -0.78384304, 0.08108629), (-0.702907, -0.7112817, 0), (-0.615642, -0.78384304, -0.08108629), (-0.809017, -0.5, 0.309017), (-0.8401779, -0.5192585, 0.15643446), (-0.7586523, -0.6068252, 0.23708633), (-0.8506508, -0.5257311, 0), (-0.78020436, -0.62023956, 0.08114185), (-0.8401779, -0.5192585, 0.15643446), (-0.6937805, -0.70204645, 0.16062203), (-0.7586523, -0.6068252, 0.23708633), (-0.78020436, -0.62023956, 0.08114185), (-0.8401779, -0.5192585, 0.15643446), (-0.78020436, -0.62023956, 0.08114185), (-0.7586523, -0.6068252, 0.23708633), (-0.809017, -0.5, -0.309017), (-0.7586523, -0.6068252, -0.23708633), (-0.8401779, -0.5192585, -0.15643446), (-0.6937805, -0.70204645, -0.16062203), (-0.78020436, -0.62023956, -0.08114185), (-0.7586523, -0.6068252, -0.23708633), (-0.8506508, -0.5257311, 0), (-0.8401779, -0.5192585, -0.15643446), (-0.78020436, -0.62023956, -0.08114185), (-0.7586523, -0.6068252, -0.23708633), (-0.78020436, -0.62023956, -0.08114185), (-0.8401779, -0.5192585, -0.15643446), (-0.6937805, -0.70204645, 0.16062203), (-0.78020436, -0.62023956, 0.08114185), (-0.702907, -0.7112817, 0), (-0.8506508, -0.5257311, 0), (-0.78020436, -0.62023956, -0.08114185), (-0.78020436, -0.62023956, 0.08114185), (-0.6937805, -0.70204645, -0.16062203), (-0.702907, -0.7112817, 0), (-0.78020436, -0.62023956, -0.08114185), (-0.78020436, -0.62023956, 0.08114185), (-0.78020436, -0.62023956, -0.08114185), (-0.702907, -0.7112817, 0), (-1, 0, 0), (-0.98768836, -0.13307111, -0.08224247), (-0.98768836, -0.13307111, 0.08224247), (-0.95105654, -0.26286554, -0.16245985), (-0.9638613, -0.2664047, 0), (-0.98768836, -0.13307111, -0.08224247), (-0.95105654, -0.26286554, 0.16245985), (-0.98768836, -0.13307111, 0.08224247), (-0.9638613, -0.2664047, 0), (-0.98768836, -0.13307111, -0.08224247), (-0.9638613, -0.2664047, 0), (-0.98768836, -0.13307111, 0.08224247), (-0.809017, -0.5, -0.309017), (-0.8401779, -0.5192585, -0.15643446), (-0.8910065, -0.38618737, -0.23867694), (-0.8506508, -0.5257311, 0), (-0.91298246, -0.39960706, -0.08232358), (-0.8401779, -0.5192585, -0.15643446), (-0.95105654, -0.26286554, -0.16245985), (-0.8910065, -0.38618737, -0.23867694), (-0.91298246, -0.39960706, -0.08232358), (-0.8401779, -0.5192585, -0.15643446), (-0.91298246, -0.39960706, -0.08232358), (-0.8910065, -0.38618737, -0.23867694), (-0.809017, -0.5, 0.309017), (-0.8910065, -0.38618737, 0.23867694), (-0.8401779, -0.5192585, 0.15643446), (-0.95105654, -0.26286554, 0.16245985), (-0.91298246, -0.39960706, 0.08232358), (-0.8910065, -0.38618737, 0.23867694), (-0.8506508, -0.5257311, 0), (-0.8401779, -0.5192585, 0.15643446), (-0.91298246, -0.39960706, 0.08232358), (-0.8910065, -0.38618737, 0.23867694), (-0.91298246, -0.39960706, 0.08232358), (-0.8401779, -0.5192585, 0.15643446), (-0.95105654, -0.26286554, -0.16245985), (-0.91298246, -0.39960706, -0.08232358), (-0.9638613, -0.2664047, 0), (-0.8506508, -0.5257311, 0), (-0.91298246, -0.39960706, 0.08232358), (-0.91298246, -0.39960706, -0.08232358), (-0.95105654, -0.26286554, 0.16245985), (-0.9638613, -0.2664047, 0), (-0.91298246, -0.39960706, 0.08232358), (-0.91298246, -0.39960706, -0.08232358), (-0.91298246, -0.39960706, 0.08232358), (-0.9638613, -0.2664047, 0), (-0.8506508, 0, -0.5257311), (-0.78384304, 0.08108629, -0.615642), (-0.78384304, -0.08108629, -0.615642), (-0.70204645, 0.16062203, -0.6937805), (-0.7112817, 0, -0.702907), (-0.78384304, 0.08108629, -0.615642), (-0.70204645, -0.16062203, -0.6937805), (-0.78384304, -0.08108629, -0.615642), (-0.7112817, 0, -0.702907), (-0.78384304, 0.08108629, -0.615642), (-0.7112817, 0, -0.702907), (-0.78384304, -0.08108629, -0.615642), (-0.5, 0.309017, -0.809017), (-0.5192585, 0.15643446, -0.8401779), (-0.6068252, 0.23708633, -0.7586523), (-0.5257311, 0, -0.8506508), (-0.62023956, 0.08114185, -0.78020436), (-0.5192585, 0.15643446, -0.8401779), (-0.70204645, 0.16062203, -0.6937805), (-0.6068252, 0.23708633, -0.7586523), (-0.62023956, 0.08114185, -0.78020436), (-0.5192585, 0.15643446, -0.8401779), (-0.62023956, 0.08114185, -0.78020436), (-0.6068252, 0.23708633, -0.7586523), (-0.5, -0.309017, -0.809017), (-0.6068252, -0.23708633, -0.7586523), (-0.5192585, -0.15643446, -0.8401779), (-0.70204645, -0.16062203, -0.6937805), (-0.62023956, -0.08114185, -0.78020436), (-0.6068252, -0.23708633, -0.7586523), (-0.5257311, 0, -0.8506508), (-0.5192585, -0.15643446, -0.8401779), (-0.62023956, -0.08114185, -0.78020436), (-0.6068252, -0.23708633, -0.7586523), (-0.62023956, -0.08114185, -0.78020436), (-0.5192585, -0.15643446, -0.8401779), (-0.70204645, 0.16062203, -0.6937805), (-0.62023956, 0.08114185, -0.78020436), (-0.7112817, 0, -0.702907), (-0.5257311, 0, -0.8506508), (-0.62023956, -0.08114185, -0.78020436), (-0.62023956, 0.08114185, -0.78020436), (-0.70204645, -0.16062203, -0.6937805), (-0.7112817, 0, -0.702907), (-0.62023956, -0.08114185, -0.78020436), (-0.62023956, 0.08114185, -0.78020436), (-0.62023956, -0.08114185, -0.78020436), (-0.7112817, 0, -0.702907), (0, 0.5257311, -0.8506508), (0, 0.40335536, -0.9150434), (-0.13120037, 0.48444164, -0.8649293), (0, 0.27326652, -0.9619384), (-0.13165537, 0.3582288, -0.9243046), (0, 0.40335536, -0.9150434), (-0.25989193, 0.43388855, -0.86266845), (-0.13120037, 0.48444164, -0.8649293), (-0.13165537, 0.3582288, -0.9243046), (0, 0.40335536, -0.9150434), (-0.13165537, 0.3582288, -0.9243046), (-0.13120037, 0.48444164, -0.8649293), (0, 0, -1), (-0.13307111, 0.08224247, -0.98768836), (0, 0.13795224, -0.9904389), (-0.26286554, 0.16245985, -0.95105654), (-0.13279247, 0.22011703, -0.9663926), (-0.13307111, 0.08224247, -0.98768836), (0, 0.27326652, -0.9619384), (0, 0.13795224, -0.9904389), (-0.13279247, 0.22011703, -0.9663926), (-0.13307111, 0.08224247, -0.98768836), (-0.13279247, 0.22011703, -0.9663926), (0, 0.13795224, -0.9904389), (-0.5, 0.309017, -0.809017), (-0.38361374, 0.37503856, -0.84391147), (-0.38618737, 0.23867694, -0.8910065), (-0.25989193, 0.43388855, -0.86266845), (-0.26408276, 0.3012589, -0.91624415), (-0.38361374, 0.37503856, -0.84391147), (-0.26286554, 0.16245985, -0.95105654), (-0.38618737, 0.23867694, -0.8910065), (-0.26408276, 0.3012589, -0.91624415), (-0.38361374, 0.37503856, -0.84391147), (-0.26408276, 0.3012589, -0.91624415), (-0.38618737, 0.23867694, -0.8910065), (0, 0.27326652, -0.9619384), (-0.13279247, 0.22011703, -0.9663926), (-0.13165537, 0.3582288, -0.9243046), (-0.26286554, 0.16245985, -0.95105654), (-0.26408276, 0.3012589, -0.91624415), (-0.13279247, 0.22011703, -0.9663926), (-0.25989193, 0.43388855, -0.86266845), (-0.13165537, 0.3582288, -0.9243046), (-0.26408276, 0.3012589, -0.91624415), (-0.13279247, 0.22011703, -0.9663926), (-0.26408276, 0.3012589, -0.91624415), (-0.13165537, 0.3582288, -0.9243046), (0, -0.5257311, -0.8506508), (-0.13120037, -0.48444164, -0.8649293), (0, -0.40335536, -0.9150434), (-0.25989193, -0.43388855, -0.86266845), (-0.13165537, -0.3582288, -0.9243046), (-0.13120037, -0.48444164, -0.8649293), (0, -0.27326652, -0.9619384), (0, -0.40335536, -0.9150434), (-0.13165537, -0.3582288, -0.9243046), (-0.13120037, -0.48444164, -0.8649293), (-0.13165537, -0.3582288, -0.9243046), (0, -0.40335536, -0.9150434), (-0.5, -0.309017, -0.809017), (-0.38618737, -0.23867694, -0.8910065), (-0.38361374, -0.37503856, -0.84391147), (-0.26286554, -0.16245985, -0.95105654), (-0.26408276, -0.3012589, -0.91624415), (-0.38618737, -0.23867694, -0.8910065), (-0.25989193, -0.43388855, -0.86266845), (-0.38361374, -0.37503856, -0.84391147), (-0.26408276, -0.3012589, -0.91624415), (-0.38618737, -0.23867694, -0.8910065), (-0.26408276, -0.3012589, -0.91624415), (-0.38361374, -0.37503856, -0.84391147), (0, 0, -1), (0, -0.13795224, -0.9904389), (-0.13307111, -0.08224247, -0.98768836), (0, -0.27326652, -0.9619384), (-0.13279247, -0.22011703, -0.9663926), (0, -0.13795224, -0.9904389), (-0.26286554, -0.16245985, -0.95105654), (-0.13307111, -0.08224247, -0.98768836), (-0.13279247, -0.22011703, -0.9663926), (0, -0.13795224, -0.9904389), (-0.13279247, -0.22011703, -0.9663926), (-0.13307111, -0.08224247, -0.98768836), (-0.25989193, -0.43388855, -0.86266845), (-0.26408276, -0.3012589, -0.91624415), (-0.13165537, -0.3582288, -0.9243046), (-0.26286554, -0.16245985, -0.95105654), (-0.13279247, -0.22011703, -0.9663926), (-0.26408276, -0.3012589, -0.91624415), (0, -0.27326652, -0.9619384), (-0.13165537, -0.3582288, -0.9243046), (-0.13279247, -0.22011703, -0.9663926), (-0.26408276, -0.3012589, -0.91624415), (-0.13279247, -0.22011703, -0.9663926), (-0.13165537, -0.3582288, -0.9243046), (-0.5, 0.309017, -0.809017), (-0.38618737, 0.23867694, -0.8910065), (-0.5192585, 0.15643446, -0.8401779), (-0.26286554, 0.16245985, -0.95105654), (-0.39960706, 0.08232358, -0.91298246), (-0.38618737, 0.23867694, -0.8910065), (-0.5257311, 0, -0.8506508), (-0.5192585, 0.15643446, -0.8401779), (-0.39960706, 0.08232358, -0.91298246), (-0.38618737, 0.23867694, -0.8910065), (-0.39960706, 0.08232358, -0.91298246), (-0.5192585, 0.15643446, -0.8401779), (0, 0, -1), (-0.13307111, -0.08224247, -0.98768836), (-0.13307111, 0.08224247, -0.98768836), (-0.26286554, -0.16245985, -0.95105654), (-0.2664047, 0, -0.9638613), (-0.13307111, -0.08224247, -0.98768836), (-0.26286554, 0.16245985, -0.95105654), (-0.13307111, 0.08224247, -0.98768836), (-0.2664047, 0, -0.9638613), (-0.13307111, -0.08224247, -0.98768836), (-0.2664047, 0, -0.9638613), (-0.13307111, 0.08224247, -0.98768836), (-0.5, -0.309017, -0.809017), (-0.5192585, -0.15643446, -0.8401779), (-0.38618737, -0.23867694, -0.8910065), (-0.5257311, 0, -0.8506508), (-0.39960706, -0.08232358, -0.91298246), (-0.5192585, -0.15643446, -0.8401779), (-0.26286554, -0.16245985, -0.95105654), (-0.38618737, -0.23867694, -0.8910065), (-0.39960706, -0.08232358, -0.91298246), (-0.5192585, -0.15643446, -0.8401779), (-0.39960706, -0.08232358, -0.91298246), (-0.38618737, -0.23867694, -0.8910065), (-0.26286554, 0.16245985, -0.95105654), (-0.2664047, 0, -0.9638613), (-0.39960706, 0.08232358, -0.91298246), (-0.26286554, -0.16245985, -0.95105654), (-0.39960706, -0.08232358, -0.91298246), (-0.2664047, 0, -0.9638613), (-0.5257311, 0, -0.8506508), (-0.39960706, 0.08232358, -0.91298246), (-0.39960706, -0.08232358, -0.91298246), (-0.2664047, 0, -0.9638613), (-0.39960706, -0.08232358, -0.91298246), (-0.39960706, 0.08232358, -0.91298246), (0, 0.5257311, -0.8506508), (0.08108629, 0.615642, -0.78384304), (0.13120037, 0.48444164, -0.8649293), (0.16062203, 0.6937805, -0.70204645), (0.21302287, 0.57125163, -0.7926492), (0.08108629, 0.615642, -0.78384304), (0.25989193, 0.43388855, -0.86266845), (0.13120037, 0.48444164, -0.8649293), (0.21302287, 0.57125163, -0.7926492), (0.08108629, 0.615642, -0.78384304), (0.21302287, 0.57125163, -0.7926492), (0.13120037, 0.48444164, -0.8649293), (0.309017, 0.809017, -0.5), (0.37174803, 0.70710677, -0.6015009), (0.23708633, 0.7586523, -0.6068252), (0.4253254, 0.58778524, -0.68819094), (0.2960046, 0.6474119, -0.70230985), (0.37174803, 0.70710677, -0.6015009), (0.16062203, 0.6937805, -0.70204645), (0.23708633, 0.7586523, -0.6068252), (0.2960046, 0.6474119, -0.70230985), (0.37174803, 0.70710677, -0.6015009), (0.2960046, 0.6474119, -0.70230985), (0.23708633, 0.7586523, -0.6068252), (0.5, 0.309017, -0.809017), (0.38361374, 0.37503856, -0.84391147), (0.46842986, 0.4539905, -0.7579354), (0.25989193, 0.43388855, -0.86266845), (0.34615302, 0.5161216, -0.7834517), (0.38361374, 0.37503856, -0.84391147), (0.4253254, 0.58778524, -0.68819094), (0.46842986, 0.4539905, -0.7579354), (0.34615302, 0.5161216, -0.7834517), (0.38361374, 0.37503856, -0.84391147), (0.34615302, 0.5161216, -0.7834517), (0.46842986, 0.4539905, -0.7579354), (0.16062203, 0.6937805, -0.70204645), (0.2960046, 0.6474119, -0.70230985), (0.21302287, 0.57125163, -0.7926492), (0.4253254, 0.58778524, -0.68819094), (0.34615302, 0.5161216, -0.7834517), (0.2960046, 0.6474119, -0.70230985), (0.25989193, 0.43388855, -0.86266845), (0.21302287, 0.57125163, -0.7926492), (0.34615302, 0.5161216, -0.7834517), (0.2960046, 0.6474119, -0.70230985), (0.34615302, 0.5161216, -0.7834517), (0.21302287, 0.57125163, -0.7926492), (0.5257311, 0.8506508, 0), (0.615642, 0.78384304, -0.08108629), (0.48444164, 0.8649293, -0.13120037), (0.6937805, 0.70204645, -0.16062203), (0.57125163, 0.7926492, -0.21302287), (0.615642, 0.78384304, -0.08108629), (0.43388855, 0.86266845, -0.25989193), (0.48444164, 0.8649293, -0.13120037), (0.57125163, 0.7926492, -0.21302287), (0.615642, 0.78384304, -0.08108629), (0.57125163, 0.7926492, -0.21302287), (0.48444164, 0.8649293, -0.13120037), (0.809017, 0.5, -0.309017), (0.70710677, 0.6015009, -0.37174803), (0.7586523, 0.6068252, -0.23708633), (0.58778524, 0.68819094, -0.4253254), (0.6474119, 0.70230985, -0.2960046), (0.70710677, 0.6015009, -0.37174803), (0.6937805, 0.70204645, -0.16062203), (0.7586523, 0.6068252, -0.23708633), (0.6474119, 0.70230985, -0.2960046), (0.70710677, 0.6015009, -0.37174803), (0.6474119, 0.70230985, -0.2960046), (0.7586523, 0.6068252, -0.23708633), (0.309017, 0.809017, -0.5), (0.37503856, 0.84391147, -0.38361374), (0.4539905, 0.7579354, -0.46842986), (0.43388855, 0.86266845, -0.25989193), (0.5161216, 0.7834517, -0.34615302), (0.37503856, 0.84391147, -0.38361374), (0.58778524, 0.68819094, -0.4253254), (0.4539905, 0.7579354, -0.46842986), (0.5161216, 0.7834517, -0.34615302), (0.37503856, 0.84391147, -0.38361374), (0.5161216, 0.7834517, -0.34615302), (0.4539905, 0.7579354, -0.46842986), (0.6937805, 0.70204645, -0.16062203), (0.6474119, 0.70230985, -0.2960046), (0.57125163, 0.7926492, -0.21302287), (0.58778524, 0.68819094, -0.4253254), (0.5161216, 0.7834517, -0.34615302), (0.6474119, 0.70230985, -0.2960046), (0.43388855, 0.86266845, -0.25989193), (0.57125163, 0.7926492, -0.21302287), (0.5161216, 0.7834517, -0.34615302), (0.6474119, 0.70230985, -0.2960046), (0.5161216, 0.7834517, -0.34615302), (0.57125163, 0.7926492, -0.21302287), (0.8506508, 0, -0.5257311), (0.78384304, 0.08108629, -0.615642), (0.8649293, 0.13120037, -0.48444164), (0.70204645, 0.16062203, -0.6937805), (0.7926492, 0.21302287, -0.57125163), (0.78384304, 0.08108629, -0.615642), (0.86266845, 0.25989193, -0.43388855), (0.8649293, 0.13120037, -0.48444164), (0.7926492, 0.21302287, -0.57125163), (0.78384304, 0.08108629, -0.615642), (0.7926492, 0.21302287, -0.57125163), (0.8649293, 0.13120037, -0.48444164), (0.5, 0.309017, -0.809017), (0.6015009, 0.37174803, -0.70710677), (0.6068252, 0.23708633, -0.7586523), (0.68819094, 0.4253254, -0.58778524), (0.70230985, 0.2960046, -0.6474119), (0.6015009, 0.37174803, -0.70710677), (0.70204645, 0.16062203, -0.6937805), (0.6068252, 0.23708633, -0.7586523), (0.70230985, 0.2960046, -0.6474119), (0.6015009, 0.37174803, -0.70710677), (0.70230985, 0.2960046, -0.6474119), (0.6068252, 0.23708633, -0.7586523), (0.809017, 0.5, -0.309017), (0.84391147, 0.38361374, -0.37503856), (0.7579354, 0.46842986, -0.4539905), (0.86266845, 0.25989193, -0.43388855), (0.7834517, 0.34615302, -0.5161216), (0.84391147, 0.38361374, -0.37503856), (0.68819094, 0.4253254, -0.58778524), (0.7579354, 0.46842986, -0.4539905), (0.7834517, 0.34615302, -0.5161216), (0.84391147, 0.38361374, -0.37503856), (0.7834517, 0.34615302, -0.5161216), (0.7579354, 0.46842986, -0.4539905), (0.70204645, 0.16062203, -0.6937805), (0.70230985, 0.2960046, -0.6474119), (0.7926492, 0.21302287, -0.57125163), (0.68819094, 0.4253254, -0.58778524), (0.7834517, 0.34615302, -0.5161216), (0.70230985, 0.2960046, -0.6474119), (0.86266845, 0.25989193, -0.43388855), (0.7926492, 0.21302287, -0.57125163), (0.7834517, 0.34615302, -0.5161216), (0.70230985, 0.2960046, -0.6474119), (0.7834517, 0.34615302, -0.5161216), (0.7926492, 0.21302287, -0.57125163), (0.309017, 0.809017, -0.5), (0.4539905, 0.7579354, -0.46842986), (0.37174803, 0.70710677, -0.6015009), (0.58778524, 0.68819094, -0.4253254), (0.51337546, 0.6465778, -0.5642542), (0.4539905, 0.7579354, -0.46842986), (0.4253254, 0.58778524, -0.68819094), (0.37174803, 0.70710677, -0.6015009), (0.51337546, 0.6465778, -0.5642542), (0.4539905, 0.7579354, -0.46842986), (0.51337546, 0.6465778, -0.5642542), (0.37174803, 0.70710677, -0.6015009), (0.809017, 0.5, -0.309017), (0.7579354, 0.46842986, -0.4539905), (0.70710677, 0.6015009, -0.37174803), (0.68819094, 0.4253254, -0.58778524), (0.6465778, 0.5642542, -0.51337546), (0.7579354, 0.46842986, -0.4539905), (0.58778524, 0.68819094, -0.4253254), (0.70710677, 0.6015009, -0.37174803), (0.6465778, 0.5642542, -0.51337546), (0.7579354, 0.46842986, -0.4539905), (0.6465778, 0.5642542, -0.51337546), (0.70710677, 0.6015009, -0.37174803), (0.5, 0.309017, -0.809017), (0.46842986, 0.4539905, -0.7579354), (0.6015009, 0.37174803, -0.70710677), (0.4253254, 0.58778524, -0.68819094), (0.5642542, 0.51337546, -0.6465778), (0.46842986, 0.4539905, -0.7579354), (0.68819094, 0.4253254, -0.58778524), (0.6015009, 0.37174803, -0.70710677), (0.5642542, 0.51337546, -0.6465778), (0.46842986, 0.4539905, -0.7579354), (0.5642542, 0.51337546, -0.6465778), (0.6015009, 0.37174803, -0.70710677), (0.58778524, 0.68819094, -0.4253254), (0.6465778, 0.5642542, -0.51337546), (0.51337546, 0.6465778, -0.5642542), (0.68819094, 0.4253254, -0.58778524), (0.5642542, 0.51337546, -0.6465778), (0.6465778, 0.5642542, -0.51337546), (0.4253254, 0.58778524, -0.68819094), (0.51337546, 0.6465778, -0.5642542), (0.5642542, 0.51337546, -0.6465778), (0.6465778, 0.5642542, -0.51337546), (0.5642542, 0.51337546, -0.6465778), (0.51337546, 0.6465778, -0.5642542), (0.5257311, -0.8506508, 0), (0.615642, -0.78384304, 0.08108629), (0.48444164, -0.8649293, 0.13120037), (0.6937805, -0.70204645, 0.16062203), (0.57125163, -0.7926492, 0.21302287), (0.615642, -0.78384304, 0.08108629), (0.43388855, -0.86266845, 0.25989193), (0.48444164, -0.8649293, 0.13120037), (0.57125163, -0.7926492, 0.21302287), (0.615642, -0.78384304, 0.08108629), (0.57125163, -0.7926492, 0.21302287), (0.48444164, -0.8649293, 0.13120037), (0.809017, -0.5, 0.309017), (0.70710677, -0.6015009, 0.37174803), (0.7586523, -0.6068252, 0.23708633), (0.58778524, -0.68819094, 0.4253254), (0.6474119, -0.70230985, 0.2960046), (0.70710677, -0.6015009, 0.37174803), (0.6937805, -0.70204645, 0.16062203), (0.7586523, -0.6068252, 0.23708633), (0.6474119, -0.70230985, 0.2960046), (0.70710677, -0.6015009, 0.37174803), (0.6474119, -0.70230985, 0.2960046), (0.7586523, -0.6068252, 0.23708633), (0.309017, -0.809017, 0.5), (0.37503856, -0.84391147, 0.38361374), (0.4539905, -0.7579354, 0.46842986), (0.43388855, -0.86266845, 0.25989193), (0.5161216, -0.7834517, 0.34615302), (0.37503856, -0.84391147, 0.38361374), (0.58778524, -0.68819094, 0.4253254), (0.4539905, -0.7579354, 0.46842986), (0.5161216, -0.7834517, 0.34615302), (0.37503856, -0.84391147, 0.38361374), (0.5161216, -0.7834517, 0.34615302), (0.4539905, -0.7579354, 0.46842986), (0.6937805, -0.70204645, 0.16062203), (0.6474119, -0.70230985, 0.2960046), (0.57125163, -0.7926492, 0.21302287), (0.58778524, -0.68819094, 0.4253254), (0.5161216, -0.7834517, 0.34615302), (0.6474119, -0.70230985, 0.2960046), (0.43388855, -0.86266845, 0.25989193), (0.57125163, -0.7926492, 0.21302287), (0.5161216, -0.7834517, 0.34615302), (0.6474119, -0.70230985, 0.2960046), (0.5161216, -0.7834517, 0.34615302), (0.57125163, -0.7926492, 0.21302287), (0.8506508, 0, 0.5257311), (0.78384304, -0.08108629, 0.615642), (0.8649293, -0.13120037, 0.48444164), (0.70204645, -0.16062203, 0.6937805), (0.7926492, -0.21302287, 0.57125163), (0.78384304, -0.08108629, 0.615642), (0.86266845, -0.25989193, 0.43388855), (0.8649293, -0.13120037, 0.48444164), (0.7926492, -0.21302287, 0.57125163), (0.78384304, -0.08108629, 0.615642), (0.7926492, -0.21302287, 0.57125163), (0.8649293, -0.13120037, 0.48444164), (0.5, -0.309017, 0.809017), (0.6015009, -0.37174803, 0.70710677), (0.6068252, -0.23708633, 0.7586523), (0.68819094, -0.4253254, 0.58778524), (0.70230985, -0.2960046, 0.6474119), (0.6015009, -0.37174803, 0.70710677), (0.70204645, -0.16062203, 0.6937805), (0.6068252, -0.23708633, 0.7586523), (0.70230985, -0.2960046, 0.6474119), (0.6015009, -0.37174803, 0.70710677), (0.70230985, -0.2960046, 0.6474119), (0.6068252, -0.23708633, 0.7586523), (0.809017, -0.5, 0.309017), (0.84391147, -0.38361374, 0.37503856), (0.7579354, -0.46842986, 0.4539905), (0.86266845, -0.25989193, 0.43388855), (0.7834517, -0.34615302, 0.5161216), (0.84391147, -0.38361374, 0.37503856), (0.68819094, -0.4253254, 0.58778524), (0.7579354, -0.46842986, 0.4539905), (0.7834517, -0.34615302, 0.5161216), (0.84391147, -0.38361374, 0.37503856), (0.7834517, -0.34615302, 0.5161216), (0.7579354, -0.46842986, 0.4539905), (0.70204645, -0.16062203, 0.6937805), (0.70230985, -0.2960046, 0.6474119), (0.7926492, -0.21302287, 0.57125163), (0.68819094, -0.4253254, 0.58778524), (0.7834517, -0.34615302, 0.5161216), (0.70230985, -0.2960046, 0.6474119), (0.86266845, -0.25989193, 0.43388855), (0.7926492, -0.21302287, 0.57125163), (0.7834517, -0.34615302, 0.5161216), (0.70230985, -0.2960046, 0.6474119), (0.7834517, -0.34615302, 0.5161216), (0.7926492, -0.21302287, 0.57125163), (0, -0.5257311, 0.8506508), (0.08108629, -0.615642, 0.78384304), (0.13120037, -0.48444164, 0.8649293), (0.16062203, -0.6937805, 0.70204645), (0.21302287, -0.57125163, 0.7926492), (0.08108629, -0.615642, 0.78384304), (0.25989193, -0.43388855, 0.86266845), (0.13120037, -0.48444164, 0.8649293), (0.21302287, -0.57125163, 0.7926492), (0.08108629, -0.615642, 0.78384304), (0.21302287, -0.57125163, 0.7926492), (0.13120037, -0.48444164, 0.8649293), (0.309017, -0.809017, 0.5), (0.37174803, -0.70710677, 0.6015009), (0.23708633, -0.7586523, 0.6068252), (0.4253254, -0.58778524, 0.68819094), (0.2960046, -0.6474119, 0.70230985), (0.37174803, -0.70710677, 0.6015009), (0.16062203, -0.6937805, 0.70204645), (0.23708633, -0.7586523, 0.6068252), (0.2960046, -0.6474119, 0.70230985), (0.37174803, -0.70710677, 0.6015009), (0.2960046, -0.6474119, 0.70230985), (0.23708633, -0.7586523, 0.6068252), (0.5, -0.309017, 0.809017), (0.38361374, -0.37503856, 0.84391147), (0.46842986, -0.4539905, 0.7579354), (0.25989193, -0.43388855, 0.86266845), (0.34615302, -0.5161216, 0.7834517), (0.38361374, -0.37503856, 0.84391147), (0.4253254, -0.58778524, 0.68819094), (0.46842986, -0.4539905, 0.7579354), (0.34615302, -0.5161216, 0.7834517), (0.38361374, -0.37503856, 0.84391147), (0.34615302, -0.5161216, 0.7834517), (0.46842986, -0.4539905, 0.7579354), (0.16062203, -0.6937805, 0.70204645), (0.2960046, -0.6474119, 0.70230985), (0.21302287, -0.57125163, 0.7926492), (0.4253254, -0.58778524, 0.68819094), (0.34615302, -0.5161216, 0.7834517), (0.2960046, -0.6474119, 0.70230985), (0.25989193, -0.43388855, 0.86266845), (0.21302287, -0.57125163, 0.7926492), (0.34615302, -0.5161216, 0.7834517), (0.2960046, -0.6474119, 0.70230985), (0.34615302, -0.5161216, 0.7834517), (0.21302287, -0.57125163, 0.7926492), (0.809017, -0.5, 0.309017), (0.7579354, -0.46842986, 0.4539905), (0.70710677, -0.6015009, 0.37174803), (0.68819094, -0.4253254, 0.58778524), (0.6465778, -0.5642542, 0.51337546), (0.7579354, -0.46842986, 0.4539905), (0.58778524, -0.68819094, 0.4253254), (0.70710677, -0.6015009, 0.37174803), (0.6465778, -0.5642542, 0.51337546), (0.7579354, -0.46842986, 0.4539905), (0.6465778, -0.5642542, 0.51337546), (0.70710677, -0.6015009, 0.37174803), (0.5, -0.309017, 0.809017), (0.46842986, -0.4539905, 0.7579354), (0.6015009, -0.37174803, 0.70710677), (0.4253254, -0.58778524, 0.68819094), (0.5642542, -0.51337546, 0.6465778), (0.46842986, -0.4539905, 0.7579354), (0.68819094, -0.4253254, 0.58778524), (0.6015009, -0.37174803, 0.70710677), (0.5642542, -0.51337546, 0.6465778), (0.46842986, -0.4539905, 0.7579354), (0.5642542, -0.51337546, 0.6465778), (0.6015009, -0.37174803, 0.70710677), (0.309017, -0.809017, 0.5), (0.4539905, -0.7579354, 0.46842986), (0.37174803, -0.70710677, 0.6015009), (0.58778524, -0.68819094, 0.4253254), (0.51337546, -0.6465778, 0.5642542), (0.4539905, -0.7579354, 0.46842986), (0.4253254, -0.58778524, 0.68819094), (0.37174803, -0.70710677, 0.6015009), (0.51337546, -0.6465778, 0.5642542), (0.4539905, -0.7579354, 0.46842986), (0.51337546, -0.6465778, 0.5642542), (0.37174803, -0.70710677, 0.6015009), (0.68819094, -0.4253254, 0.58778524), (0.5642542, -0.51337546, 0.6465778), (0.6465778, -0.5642542, 0.51337546), (0.4253254, -0.58778524, 0.68819094), (0.51337546, -0.6465778, 0.5642542), (0.5642542, -0.51337546, 0.6465778), (0.58778524, -0.68819094, 0.4253254), (0.6465778, -0.5642542, 0.51337546), (0.51337546, -0.6465778, 0.5642542), (0.5642542, -0.51337546, 0.6465778), (0.51337546, -0.6465778, 0.5642542), (0.6465778, -0.5642542, 0.51337546), (0.5257311, -0.8506508, 0), (0.48444164, -0.8649293, 0.13120037), (0.40335536, -0.9150434, 0), (0.43388855, -0.86266845, 0.25989193), (0.3582288, -0.9243046, 0.13165537), (0.48444164, -0.8649293, 0.13120037), (0.27326652, -0.9619384, 0), (0.40335536, -0.9150434, 0), (0.3582288, -0.9243046, 0.13165537), (0.48444164, -0.8649293, 0.13120037), (0.3582288, -0.9243046, 0.13165537), (0.40335536, -0.9150434, 0), (0.309017, -0.809017, 0.5), (0.23867694, -0.8910065, 0.38618737), (0.37503856, -0.84391147, 0.38361374), (0.16245985, -0.95105654, 0.26286554), (0.3012589, -0.91624415, 0.26408276), (0.23867694, -0.8910065, 0.38618737), (0.43388855, -0.86266845, 0.25989193), (0.37503856, -0.84391147, 0.38361374), (0.3012589, -0.91624415, 0.26408276), (0.23867694, -0.8910065, 0.38618737), (0.3012589, -0.91624415, 0.26408276), (0.37503856, -0.84391147, 0.38361374), (0, -1, 0), (0.13795224, -0.9904389, 0), (0.08224247, -0.98768836, 0.13307111), (0.27326652, -0.9619384, 0), (0.22011703, -0.9663926, 0.13279247), (0.13795224, -0.9904389, 0), (0.16245985, -0.95105654, 0.26286554), (0.08224247, -0.98768836, 0.13307111), (0.22011703, -0.9663926, 0.13279247), (0.13795224, -0.9904389, 0), (0.22011703, -0.9663926, 0.13279247), (0.08224247, -0.98768836, 0.13307111), (0.43388855, -0.86266845, 0.25989193), (0.3012589, -0.91624415, 0.26408276), (0.3582288, -0.9243046, 0.13165537), (0.16245985, -0.95105654, 0.26286554), (0.22011703, -0.9663926, 0.13279247), (0.3012589, -0.91624415, 0.26408276), (0.27326652, -0.9619384, 0), (0.3582288, -0.9243046, 0.13165537), (0.22011703, -0.9663926, 0.13279247), (0.3012589, -0.91624415, 0.26408276), (0.22011703, -0.9663926, 0.13279247), (0.3582288, -0.9243046, 0.13165537), (0, -0.5257311, 0.8506508), (-0.08108629, -0.615642, 0.78384304), (0.08108629, -0.615642, 0.78384304), (-0.16062203, -0.6937805, 0.70204645), (0, -0.702907, 0.7112817), (-0.08108629, -0.615642, 0.78384304), (0.16062203, -0.6937805, 0.70204645), (0.08108629, -0.615642, 0.78384304), (0, -0.702907, 0.7112817), (-0.08108629, -0.615642, 0.78384304), (0, -0.702907, 0.7112817), (0.08108629, -0.615642, 0.78384304), (-0.309017, -0.809017, 0.5), (-0.15643446, -0.8401779, 0.5192585), (-0.23708633, -0.7586523, 0.6068252), (0, -0.8506508, 0.5257311), (-0.08114185, -0.78020436, 0.62023956), (-0.15643446, -0.8401779, 0.5192585), (-0.16062203, -0.6937805, 0.70204645), (-0.23708633, -0.7586523, 0.6068252), (-0.08114185, -0.78020436, 0.62023956), (-0.15643446, -0.8401779, 0.5192585), (-0.08114185, -0.78020436, 0.62023956), (-0.23708633, -0.7586523, 0.6068252), (0.309017, -0.809017, 0.5), (0.23708633, -0.7586523, 0.6068252), (0.15643446, -0.8401779, 0.5192585), (0.16062203, -0.6937805, 0.70204645), (0.08114185, -0.78020436, 0.62023956), (0.23708633, -0.7586523, 0.6068252), (0, -0.8506508, 0.5257311), (0.15643446, -0.8401779, 0.5192585), (0.08114185, -0.78020436, 0.62023956), (0.23708633, -0.7586523, 0.6068252), (0.08114185, -0.78020436, 0.62023956), (0.15643446, -0.8401779, 0.5192585), (-0.16062203, -0.6937805, 0.70204645), (-0.08114185, -0.78020436, 0.62023956), (0, -0.702907, 0.7112817), (0, -0.8506508, 0.5257311), (0.08114185, -0.78020436, 0.62023956), (-0.08114185, -0.78020436, 0.62023956), (0.16062203, -0.6937805, 0.70204645), (0, -0.702907, 0.7112817), (0.08114185, -0.78020436, 0.62023956), (-0.08114185, -0.78020436, 0.62023956), (0.08114185, -0.78020436, 0.62023956), (0, -0.702907, 0.7112817), (-0.5257311, -0.8506508, 0), (-0.40335536, -0.9150434, 0), (-0.48444164, -0.8649293, 0.13120037), (-0.27326652, -0.9619384, 0), (-0.3582288, -0.9243046, 0.13165537), (-0.40335536, -0.9150434, 0), (-0.43388855, -0.86266845, 0.25989193), (-0.48444164, -0.8649293, 0.13120037), (-0.3582288, -0.9243046, 0.13165537), (-0.40335536, -0.9150434, 0), (-0.3582288, -0.9243046, 0.13165537), (-0.48444164, -0.8649293, 0.13120037), (0, -1, 0), (-0.08224247, -0.98768836, 0.13307111), (-0.13795224, -0.9904389, 0), (-0.16245985, -0.95105654, 0.26286554), (-0.22011703, -0.9663926, 0.13279247), (-0.08224247, -0.98768836, 0.13307111), (-0.27326652, -0.9619384, 0), (-0.13795224, -0.9904389, 0), (-0.22011703, -0.9663926, 0.13279247), (-0.08224247, -0.98768836, 0.13307111), (-0.22011703, -0.9663926, 0.13279247), (-0.13795224, -0.9904389, 0), (-0.309017, -0.809017, 0.5), (-0.37503856, -0.84391147, 0.38361374), (-0.23867694, -0.8910065, 0.38618737), (-0.43388855, -0.86266845, 0.25989193), (-0.3012589, -0.91624415, 0.26408276), (-0.37503856, -0.84391147, 0.38361374), (-0.16245985, -0.95105654, 0.26286554), (-0.23867694, -0.8910065, 0.38618737), (-0.3012589, -0.91624415, 0.26408276), (-0.37503856, -0.84391147, 0.38361374), (-0.3012589, -0.91624415, 0.26408276), (-0.23867694, -0.8910065, 0.38618737), (-0.27326652, -0.9619384, 0), (-0.22011703, -0.9663926, 0.13279247), (-0.3582288, -0.9243046, 0.13165537), (-0.16245985, -0.95105654, 0.26286554), (-0.3012589, -0.91624415, 0.26408276), (-0.22011703, -0.9663926, 0.13279247), (-0.43388855, -0.86266845, 0.25989193), (-0.3582288, -0.9243046, 0.13165537), (-0.3012589, -0.91624415, 0.26408276), (-0.22011703, -0.9663926, 0.13279247), (-0.3012589, -0.91624415, 0.26408276), (-0.3582288, -0.9243046, 0.13165537), (0.309017, -0.809017, 0.5), (0.15643446, -0.8401779, 0.5192585), (0.23867694, -0.8910065, 0.38618737), (0, -0.8506508, 0.5257311), (0.08232358, -0.91298246, 0.39960706), (0.15643446, -0.8401779, 0.5192585), (0.16245985, -0.95105654, 0.26286554), (0.23867694, -0.8910065, 0.38618737), (0.08232358, -0.91298246, 0.39960706), (0.15643446, -0.8401779, 0.5192585), (0.08232358, -0.91298246, 0.39960706), (0.23867694, -0.8910065, 0.38618737), (-0.309017, -0.809017, 0.5), (-0.23867694, -0.8910065, 0.38618737), (-0.15643446, -0.8401779, 0.5192585), (-0.16245985, -0.95105654, 0.26286554), (-0.08232358, -0.91298246, 0.39960706), (-0.23867694, -0.8910065, 0.38618737), (0, -0.8506508, 0.5257311), (-0.15643446, -0.8401779, 0.5192585), (-0.08232358, -0.91298246, 0.39960706), (-0.23867694, -0.8910065, 0.38618737), (-0.08232358, -0.91298246, 0.39960706), (-0.15643446, -0.8401779, 0.5192585), (0, -1, 0), (0.08224247, -0.98768836, 0.13307111), (-0.08224247, -0.98768836, 0.13307111), (0.16245985, -0.95105654, 0.26286554), (0, -0.9638613, 0.2664047), (0.08224247, -0.98768836, 0.13307111), (-0.16245985, -0.95105654, 0.26286554), (-0.08224247, -0.98768836, 0.13307111), (0, -0.9638613, 0.2664047), (0.08224247, -0.98768836, 0.13307111), (0, -0.9638613, 0.2664047), (-0.08224247, -0.98768836, 0.13307111), (0, -0.8506508, 0.5257311), (-0.08232358, -0.91298246, 0.39960706), (0.08232358, -0.91298246, 0.39960706), (-0.16245985, -0.95105654, 0.26286554), (0, -0.9638613, 0.2664047), (-0.08232358, -0.91298246, 0.39960706), (0.16245985, -0.95105654, 0.26286554), (0.08232358, -0.91298246, 0.39960706), (0, -0.9638613, 0.2664047), (-0.08232358, -0.91298246, 0.39960706), (0, -0.9638613, 0.2664047), (0.08232358, -0.91298246, 0.39960706), (0.5257311, -0.8506508, 0), (0.40335536, -0.9150434, 0), (0.48444164, -0.8649293, -0.13120037), (0.27326652, -0.9619384, 0), (0.3582288, -0.9243046, -0.13165537), (0.40335536, -0.9150434, 0), (0.43388855, -0.86266845, -0.25989193), (0.48444164, -0.8649293, -0.13120037), (0.3582288, -0.9243046, -0.13165537), (0.40335536, -0.9150434, 0), (0.3582288, -0.9243046, -0.13165537), (0.48444164, -0.8649293, -0.13120037), (0, -1, 0), (0.08224247, -0.98768836, -0.13307111), (0.13795224, -0.9904389, 0), (0.16245985, -0.95105654, -0.26286554), (0.22011703, -0.9663926, -0.13279247), (0.08224247, -0.98768836, -0.13307111), (0.27326652, -0.9619384, 0), (0.13795224, -0.9904389, 0), (0.22011703, -0.9663926, -0.13279247), (0.08224247, -0.98768836, -0.13307111), (0.22011703, -0.9663926, -0.13279247), (0.13795224, -0.9904389, 0), (0.309017, -0.809017, -0.5), (0.37503856, -0.84391147, -0.38361374), (0.23867694, -0.8910065, -0.38618737), (0.43388855, -0.86266845, -0.25989193), (0.3012589, -0.91624415, -0.26408276), (0.37503856, -0.84391147, -0.38361374), (0.16245985, -0.95105654, -0.26286554), (0.23867694, -0.8910065, -0.38618737), (0.3012589, -0.91624415, -0.26408276), (0.37503856, -0.84391147, -0.38361374), (0.3012589, -0.91624415, -0.26408276), (0.23867694, -0.8910065, -0.38618737), (0.27326652, -0.9619384, 0), (0.22011703, -0.9663926, -0.13279247), (0.3582288, -0.9243046, -0.13165537), (0.16245985, -0.95105654, -0.26286554), (0.3012589, -0.91624415, -0.26408276), (0.22011703, -0.9663926, -0.13279247), (0.43388855, -0.86266845, -0.25989193), (0.3582288, -0.9243046, -0.13165537), (0.3012589, -0.91624415, -0.26408276), (0.22011703, -0.9663926, -0.13279247), (0.3012589, -0.91624415, -0.26408276), (0.3582288, -0.9243046, -0.13165537), (-0.5257311, -0.8506508, 0), (-0.48444164, -0.8649293, -0.13120037), (-0.40335536, -0.9150434, 0), (-0.43388855, -0.86266845, -0.25989193), (-0.3582288, -0.9243046, -0.13165537), (-0.48444164, -0.8649293, -0.13120037), (-0.27326652, -0.9619384, 0), (-0.40335536, -0.9150434, 0), (-0.3582288, -0.9243046, -0.13165537), (-0.48444164, -0.8649293, -0.13120037), (-0.3582288, -0.9243046, -0.13165537), (-0.40335536, -0.9150434, 0), (-0.309017, -0.809017, -0.5), (-0.23867694, -0.8910065, -0.38618737), (-0.37503856, -0.84391147, -0.38361374), (-0.16245985, -0.95105654, -0.26286554), (-0.3012589, -0.91624415, -0.26408276), (-0.23867694, -0.8910065, -0.38618737), (-0.43388855, -0.86266845, -0.25989193), (-0.37503856, -0.84391147, -0.38361374), (-0.3012589, -0.91624415, -0.26408276), (-0.23867694, -0.8910065, -0.38618737), (-0.3012589, -0.91624415, -0.26408276), (-0.37503856, -0.84391147, -0.38361374), (0, -1, 0), (-0.13795224, -0.9904389, 0), (-0.08224247, -0.98768836, -0.13307111), (-0.27326652, -0.9619384, 0), (-0.22011703, -0.9663926, -0.13279247), (-0.13795224, -0.9904389, 0), (-0.16245985, -0.95105654, -0.26286554), (-0.08224247, -0.98768836, -0.13307111), (-0.22011703, -0.9663926, -0.13279247), (-0.13795224, -0.9904389, 0), (-0.22011703, -0.9663926, -0.13279247), (-0.08224247, -0.98768836, -0.13307111), (-0.43388855, -0.86266845, -0.25989193), (-0.3012589, -0.91624415, -0.26408276), (-0.3582288, -0.9243046, -0.13165537), (-0.16245985, -0.95105654, -0.26286554), (-0.22011703, -0.9663926, -0.13279247), (-0.3012589, -0.91624415, -0.26408276), (-0.27326652, -0.9619384, 0), (-0.3582288, -0.9243046, -0.13165537), (-0.22011703, -0.9663926, -0.13279247), (-0.3012589, -0.91624415, -0.26408276), (-0.22011703, -0.9663926, -0.13279247), (-0.3582288, -0.9243046, -0.13165537), (0, -0.5257311, -0.8506508), (0.08108629, -0.615642, -0.78384304), (-0.08108629, -0.615642, -0.78384304), (0.16062203, -0.6937805, -0.70204645), (0, -0.702907, -0.7112817), (0.08108629, -0.615642, -0.78384304), (-0.16062203, -0.6937805, -0.70204645), (-0.08108629, -0.615642, -0.78384304), (0, -0.702907, -0.7112817), (0.08108629, -0.615642, -0.78384304), (0, -0.702907, -0.7112817), (-0.08108629, -0.615642, -0.78384304), (0.309017, -0.809017, -0.5), (0.15643446, -0.8401779, -0.5192585), (0.23708633, -0.7586523, -0.6068252), (0, -0.8506508, -0.5257311), (0.08114185, -0.78020436, -0.62023956), (0.15643446, -0.8401779, -0.5192585), (0.16062203, -0.6937805, -0.70204645), (0.23708633, -0.7586523, -0.6068252), (0.08114185, -0.78020436, -0.62023956), (0.15643446, -0.8401779, -0.5192585), (0.08114185, -0.78020436, -0.62023956), (0.23708633, -0.7586523, -0.6068252), (-0.309017, -0.809017, -0.5), (-0.23708633, -0.7586523, -0.6068252), (-0.15643446, -0.8401779, -0.5192585), (-0.16062203, -0.6937805, -0.70204645), (-0.08114185, -0.78020436, -0.62023956), (-0.23708633, -0.7586523, -0.6068252), (0, -0.8506508, -0.5257311), (-0.15643446, -0.8401779, -0.5192585), (-0.08114185, -0.78020436, -0.62023956), (-0.23708633, -0.7586523, -0.6068252), (-0.08114185, -0.78020436, -0.62023956), (-0.15643446, -0.8401779, -0.5192585), (0.16062203, -0.6937805, -0.70204645), (0.08114185, -0.78020436, -0.62023956), (0, -0.702907, -0.7112817), (0, -0.8506508, -0.5257311), (-0.08114185, -0.78020436, -0.62023956), (0.08114185, -0.78020436, -0.62023956), (-0.16062203, -0.6937805, -0.70204645), (0, -0.702907, -0.7112817), (-0.08114185, -0.78020436, -0.62023956), (0.08114185, -0.78020436, -0.62023956), (-0.08114185, -0.78020436, -0.62023956), (0, -0.702907, -0.7112817), (0, -1, 0), (-0.08224247, -0.98768836, -0.13307111), (0.08224247, -0.98768836, -0.13307111), (-0.16245985, -0.95105654, -0.26286554), (0, -0.9638613, -0.2664047), (-0.08224247, -0.98768836, -0.13307111), (0.16245985, -0.95105654, -0.26286554), (0.08224247, -0.98768836, -0.13307111), (0, -0.9638613, -0.2664047), (-0.08224247, -0.98768836, -0.13307111), (0, -0.9638613, -0.2664047), (0.08224247, -0.98768836, -0.13307111), (-0.309017, -0.809017, -0.5), (-0.15643446, -0.8401779, -0.5192585), (-0.23867694, -0.8910065, -0.38618737), (0, -0.8506508, -0.5257311), (-0.08232358, -0.91298246, -0.39960706), (-0.15643446, -0.8401779, -0.5192585), (-0.16245985, -0.95105654, -0.26286554), (-0.23867694, -0.8910065, -0.38618737), (-0.08232358, -0.91298246, -0.39960706), (-0.15643446, -0.8401779, -0.5192585), (-0.08232358, -0.91298246, -0.39960706), (-0.23867694, -0.8910065, -0.38618737), (0.309017, -0.809017, -0.5), (0.23867694, -0.8910065, -0.38618737), (0.15643446, -0.8401779, -0.5192585), (0.16245985, -0.95105654, -0.26286554), (0.08232358, -0.91298246, -0.39960706), (0.23867694, -0.8910065, -0.38618737), (0, -0.8506508, -0.5257311), (0.15643446, -0.8401779, -0.5192585), (0.08232358, -0.91298246, -0.39960706), (0.23867694, -0.8910065, -0.38618737), (0.08232358, -0.91298246, -0.39960706), (0.15643446, -0.8401779, -0.5192585), (-0.16245985, -0.95105654, -0.26286554), (-0.08232358, -0.91298246, -0.39960706), (0, -0.9638613, -0.2664047), (0, -0.8506508, -0.5257311), (0.08232358, -0.91298246, -0.39960706), (-0.08232358, -0.91298246, -0.39960706), (0.16245985, -0.95105654, -0.26286554), (0, -0.9638613, -0.2664047), (0.08232358, -0.91298246, -0.39960706), (-0.08232358, -0.91298246, -0.39960706), (0.08232358, -0.91298246, -0.39960706), (0, -0.9638613, -0.2664047), (0.5257311, -0.8506508, 0), (0.48444164, -0.8649293, -0.13120037), (0.615642, -0.78384304, -0.08108629), (0.43388855, -0.86266845, -0.25989193), (0.57125163, -0.7926492, -0.21302287), (0.48444164, -0.8649293, -0.13120037), (0.6937805, -0.70204645, -0.16062203), (0.615642, -0.78384304, -0.08108629), (0.57125163, -0.7926492, -0.21302287), (0.48444164, -0.8649293, -0.13120037), (0.57125163, -0.7926492, -0.21302287), (0.615642, -0.78384304, -0.08108629), (0.309017, -0.809017, -0.5), (0.4539905, -0.7579354, -0.46842986), (0.37503856, -0.84391147, -0.38361374), (0.58778524, -0.68819094, -0.4253254), (0.5161216, -0.7834517, -0.34615302), (0.4539905, -0.7579354, -0.46842986), (0.43388855, -0.86266845, -0.25989193), (0.37503856, -0.84391147, -0.38361374), (0.5161216, -0.7834517, -0.34615302), (0.4539905, -0.7579354, -0.46842986), (0.5161216, -0.7834517, -0.34615302), (0.37503856, -0.84391147, -0.38361374), (0.809017, -0.5, -0.309017), (0.7586523, -0.6068252, -0.23708633), (0.70710677, -0.6015009, -0.37174803), (0.6937805, -0.70204645, -0.16062203), (0.6474119, -0.70230985, -0.2960046), (0.7586523, -0.6068252, -0.23708633), (0.58778524, -0.68819094, -0.4253254), (0.70710677, -0.6015009, -0.37174803), (0.6474119, -0.70230985, -0.2960046), (0.7586523, -0.6068252, -0.23708633), (0.6474119, -0.70230985, -0.2960046), (0.70710677, -0.6015009, -0.37174803), (0.43388855, -0.86266845, -0.25989193), (0.5161216, -0.7834517, -0.34615302), (0.57125163, -0.7926492, -0.21302287), (0.58778524, -0.68819094, -0.4253254), (0.6474119, -0.70230985, -0.2960046), (0.5161216, -0.7834517, -0.34615302), (0.6937805, -0.70204645, -0.16062203), (0.57125163, -0.7926492, -0.21302287), (0.6474119, -0.70230985, -0.2960046), (0.5161216, -0.7834517, -0.34615302), (0.6474119, -0.70230985, -0.2960046), (0.57125163, -0.7926492, -0.21302287), (0, -0.5257311, -0.8506508), (0.13120037, -0.48444164, -0.8649293), (0.08108629, -0.615642, -0.78384304), (0.25989193, -0.43388855, -0.86266845), (0.21302287, -0.57125163, -0.7926492), (0.13120037, -0.48444164, -0.8649293), (0.16062203, -0.6937805, -0.70204645), (0.08108629, -0.615642, -0.78384304), (0.21302287, -0.57125163, -0.7926492), (0.13120037, -0.48444164, -0.8649293), (0.21302287, -0.57125163, -0.7926492), (0.08108629, -0.615642, -0.78384304), (0.5, -0.309017, -0.809017), (0.46842986, -0.4539905, -0.7579354), (0.38361374, -0.37503856, -0.84391147), (0.4253254, -0.58778524, -0.68819094), (0.34615302, -0.5161216, -0.7834517), (0.46842986, -0.4539905, -0.7579354), (0.25989193, -0.43388855, -0.86266845), (0.38361374, -0.37503856, -0.84391147), (0.34615302, -0.5161216, -0.7834517), (0.46842986, -0.4539905, -0.7579354), (0.34615302, -0.5161216, -0.7834517), (0.38361374, -0.37503856, -0.84391147), (0.309017, -0.809017, -0.5), (0.23708633, -0.7586523, -0.6068252), (0.37174803, -0.70710677, -0.6015009), (0.16062203, -0.6937805, -0.70204645), (0.2960046, -0.6474119, -0.70230985), (0.23708633, -0.7586523, -0.6068252), (0.4253254, -0.58778524, -0.68819094), (0.37174803, -0.70710677, -0.6015009), (0.2960046, -0.6474119, -0.70230985), (0.23708633, -0.7586523, -0.6068252), (0.2960046, -0.6474119, -0.70230985), (0.37174803, -0.70710677, -0.6015009), (0.25989193, -0.43388855, -0.86266845), (0.34615302, -0.5161216, -0.7834517), (0.21302287, -0.57125163, -0.7926492), (0.4253254, -0.58778524, -0.68819094), (0.2960046, -0.6474119, -0.70230985), (0.34615302, -0.5161216, -0.7834517), (0.16062203, -0.6937805, -0.70204645), (0.21302287, -0.57125163, -0.7926492), (0.2960046, -0.6474119, -0.70230985), (0.34615302, -0.5161216, -0.7834517), (0.2960046, -0.6474119, -0.70230985), (0.21302287, -0.57125163, -0.7926492), (0.8506508, 0, -0.5257311), (0.8649293, -0.13120037, -0.48444164), (0.78384304, -0.08108629, -0.615642), (0.86266845, -0.25989193, -0.43388855), (0.7926492, -0.21302287, -0.57125163), (0.8649293, -0.13120037, -0.48444164), (0.70204645, -0.16062203, -0.6937805), (0.78384304, -0.08108629, -0.615642), (0.7926492, -0.21302287, -0.57125163), (0.8649293, -0.13120037, -0.48444164), (0.7926492, -0.21302287, -0.57125163), (0.78384304, -0.08108629, -0.615642), (0.809017, -0.5, -0.309017), (0.7579354, -0.46842986, -0.4539905), (0.84391147, -0.38361374, -0.37503856), (0.68819094, -0.4253254, -0.58778524), (0.7834517, -0.34615302, -0.5161216), (0.7579354, -0.46842986, -0.4539905), (0.86266845, -0.25989193, -0.43388855), (0.84391147, -0.38361374, -0.37503856), (0.7834517, -0.34615302, -0.5161216), (0.7579354, -0.46842986, -0.4539905), (0.7834517, -0.34615302, -0.5161216), (0.84391147, -0.38361374, -0.37503856), (0.5, -0.309017, -0.809017), (0.6068252, -0.23708633, -0.7586523), (0.6015009, -0.37174803, -0.70710677), (0.70204645, -0.16062203, -0.6937805), (0.70230985, -0.2960046, -0.6474119), (0.6068252, -0.23708633, -0.7586523), (0.68819094, -0.4253254, -0.58778524), (0.6015009, -0.37174803, -0.70710677), (0.70230985, -0.2960046, -0.6474119), (0.6068252, -0.23708633, -0.7586523), (0.70230985, -0.2960046, -0.6474119), (0.6015009, -0.37174803, -0.70710677), (0.86266845, -0.25989193, -0.43388855), (0.7834517, -0.34615302, -0.5161216), (0.7926492, -0.21302287, -0.57125163), (0.68819094, -0.4253254, -0.58778524), (0.70230985, -0.2960046, -0.6474119), (0.7834517, -0.34615302, -0.5161216), (0.70204645, -0.16062203, -0.6937805), (0.7926492, -0.21302287, -0.57125163), (0.70230985, -0.2960046, -0.6474119), (0.7834517, -0.34615302, -0.5161216), (0.70230985, -0.2960046, -0.6474119), (0.7926492, -0.21302287, -0.57125163), (0.309017, -0.809017, -0.5), (0.37174803, -0.70710677, -0.6015009), (0.4539905, -0.7579354, -0.46842986), (0.4253254, -0.58778524, -0.68819094), (0.51337546, -0.6465778, -0.5642542), (0.37174803, -0.70710677, -0.6015009), (0.58778524, -0.68819094, -0.4253254), (0.4539905, -0.7579354, -0.46842986), (0.51337546, -0.6465778, -0.5642542), (0.37174803, -0.70710677, -0.6015009), (0.51337546, -0.6465778, -0.5642542), (0.4539905, -0.7579354, -0.46842986), (0.5, -0.309017, -0.809017), (0.6015009, -0.37174803, -0.70710677), (0.46842986, -0.4539905, -0.7579354), (0.68819094, -0.4253254, -0.58778524), (0.5642542, -0.51337546, -0.6465778), (0.6015009, -0.37174803, -0.70710677), (0.4253254, -0.58778524, -0.68819094), (0.46842986, -0.4539905, -0.7579354), (0.5642542, -0.51337546, -0.6465778), (0.6015009, -0.37174803, -0.70710677), (0.5642542, -0.51337546, -0.6465778), (0.46842986, -0.4539905, -0.7579354), (0.809017, -0.5, -0.309017), (0.70710677, -0.6015009, -0.37174803), (0.7579354, -0.46842986, -0.4539905), (0.58778524, -0.68819094, -0.4253254), (0.6465778, -0.5642542, -0.51337546), (0.70710677, -0.6015009, -0.37174803), (0.68819094, -0.4253254, -0.58778524), (0.7579354, -0.46842986, -0.4539905), (0.6465778, -0.5642542, -0.51337546), (0.70710677, -0.6015009, -0.37174803), (0.6465778, -0.5642542, -0.51337546), (0.7579354, -0.46842986, -0.4539905), (0.4253254, -0.58778524, -0.68819094), (0.5642542, -0.51337546, -0.6465778), (0.51337546, -0.6465778, -0.5642542), (0.68819094, -0.4253254, -0.58778524), (0.6465778, -0.5642542, -0.51337546), (0.5642542, -0.51337546, -0.6465778), (0.58778524, -0.68819094, -0.4253254), (0.51337546, -0.6465778, -0.5642542), (0.6465778, -0.5642542, -0.51337546), (0.5642542, -0.51337546, -0.6465778), (0.6465778, -0.5642542, -0.51337546), (0.51337546, -0.6465778, -0.5642542), (0.5257311, -0.8506508, 0), (0.615642, -0.78384304, -0.08108629), (0.615642, -0.78384304, 0.08108629), (0.6937805, -0.70204645, -0.16062203), (0.702907, -0.7112817, 0), (0.615642, -0.78384304, -0.08108629), (0.6937805, -0.70204645, 0.16062203), (0.615642, -0.78384304, 0.08108629), (0.702907, -0.7112817, 0), (0.615642, -0.78384304, -0.08108629), (0.702907, -0.7112817, 0), (0.615642, -0.78384304, 0.08108629), (0.809017, -0.5, -0.309017), (0.8401779, -0.5192585, -0.15643446), (0.7586523, -0.6068252, -0.23708633), (0.8506508, -0.5257311, 0), (0.78020436, -0.62023956, -0.08114185), (0.8401779, -0.5192585, -0.15643446), (0.6937805, -0.70204645, -0.16062203), (0.7586523, -0.6068252, -0.23708633), (0.78020436, -0.62023956, -0.08114185), (0.8401779, -0.5192585, -0.15643446), (0.78020436, -0.62023956, -0.08114185), (0.7586523, -0.6068252, -0.23708633), (0.809017, -0.5, 0.309017), (0.7586523, -0.6068252, 0.23708633), (0.8401779, -0.5192585, 0.15643446), (0.6937805, -0.70204645, 0.16062203), (0.78020436, -0.62023956, 0.08114185), (0.7586523, -0.6068252, 0.23708633), (0.8506508, -0.5257311, 0), (0.8401779, -0.5192585, 0.15643446), (0.78020436, -0.62023956, 0.08114185), (0.7586523, -0.6068252, 0.23708633), (0.78020436, -0.62023956, 0.08114185), (0.8401779, -0.5192585, 0.15643446), (0.6937805, -0.70204645, -0.16062203), (0.78020436, -0.62023956, -0.08114185), (0.702907, -0.7112817, 0), (0.8506508, -0.5257311, 0), (0.78020436, -0.62023956, 0.08114185), (0.78020436, -0.62023956, -0.08114185), (0.6937805, -0.70204645, 0.16062203), (0.702907, -0.7112817, 0), (0.78020436, -0.62023956, 0.08114185), (0.78020436, -0.62023956, -0.08114185), (0.78020436, -0.62023956, 0.08114185), (0.702907, -0.7112817, 0), (0.8506508, 0, -0.5257311), (0.9150434, 0, -0.40335536), (0.8649293, -0.13120037, -0.48444164), (0.9619384, 0, -0.27326652), (0.9243046, -0.13165537, -0.3582288), (0.9150434, 0, -0.40335536), (0.86266845, -0.25989193, -0.43388855), (0.8649293, -0.13120037, -0.48444164), (0.9243046, -0.13165537, -0.3582288), (0.9150434, 0, -0.40335536), (0.9243046, -0.13165537, -0.3582288), (0.8649293, -0.13120037, -0.48444164), (1, 0, 0), (0.98768836, -0.13307111, -0.08224247), (0.9904389, 0, -0.13795224), (0.95105654, -0.26286554, -0.16245985), (0.9663926, -0.13279247, -0.22011703), (0.98768836, -0.13307111, -0.08224247), (0.9619384, 0, -0.27326652), (0.9904389, 0, -0.13795224), (0.9663926, -0.13279247, -0.22011703), (0.98768836, -0.13307111, -0.08224247), (0.9663926, -0.13279247, -0.22011703), (0.9904389, 0, -0.13795224), (0.809017, -0.5, -0.309017), (0.84391147, -0.38361374, -0.37503856), (0.8910065, -0.38618737, -0.23867694), (0.86266845, -0.25989193, -0.43388855), (0.91624415, -0.26408276, -0.3012589), (0.84391147, -0.38361374, -0.37503856), (0.95105654, -0.26286554, -0.16245985), (0.8910065, -0.38618737, -0.23867694), (0.91624415, -0.26408276, -0.3012589), (0.84391147, -0.38361374, -0.37503856), (0.91624415, -0.26408276, -0.3012589), (0.8910065, -0.38618737, -0.23867694), (0.9619384, 0, -0.27326652), (0.9663926, -0.13279247, -0.22011703), (0.9243046, -0.13165537, -0.3582288), (0.95105654, -0.26286554, -0.16245985), (0.91624415, -0.26408276, -0.3012589), (0.9663926, -0.13279247, -0.22011703), (0.86266845, -0.25989193, -0.43388855), (0.9243046, -0.13165537, -0.3582288), (0.91624415, -0.26408276, -0.3012589), (0.9663926, -0.13279247, -0.22011703), (0.91624415, -0.26408276, -0.3012589), (0.9243046, -0.13165537, -0.3582288), (0.8506508, 0, 0.5257311), (0.8649293, -0.13120037, 0.48444164), (0.9150434, 0, 0.40335536), (0.86266845, -0.25989193, 0.43388855), (0.9243046, -0.13165537, 0.3582288), (0.8649293, -0.13120037, 0.48444164), (0.9619384, 0, 0.27326652), (0.9150434, 0, 0.40335536), (0.9243046, -0.13165537, 0.3582288), (0.8649293, -0.13120037, 0.48444164), (0.9243046, -0.13165537, 0.3582288), (0.9150434, 0, 0.40335536), (0.809017, -0.5, 0.309017), (0.8910065, -0.38618737, 0.23867694), (0.84391147, -0.38361374, 0.37503856), (0.95105654, -0.26286554, 0.16245985), (0.91624415, -0.26408276, 0.3012589), (0.8910065, -0.38618737, 0.23867694), (0.86266845, -0.25989193, 0.43388855), (0.84391147, -0.38361374, 0.37503856), (0.91624415, -0.26408276, 0.3012589), (0.8910065, -0.38618737, 0.23867694), (0.91624415, -0.26408276, 0.3012589), (0.84391147, -0.38361374, 0.37503856), (1, 0, 0), (0.9904389, 0, 0.13795224), (0.98768836, -0.13307111, 0.08224247), (0.9619384, 0, 0.27326652), (0.9663926, -0.13279247, 0.22011703), (0.9904389, 0, 0.13795224), (0.95105654, -0.26286554, 0.16245985), (0.98768836, -0.13307111, 0.08224247), (0.9663926, -0.13279247, 0.22011703), (0.9904389, 0, 0.13795224), (0.9663926, -0.13279247, 0.22011703), (0.98768836, -0.13307111, 0.08224247), (0.86266845, -0.25989193, 0.43388855), (0.91624415, -0.26408276, 0.3012589), (0.9243046, -0.13165537, 0.3582288), (0.95105654, -0.26286554, 0.16245985), (0.9663926, -0.13279247, 0.22011703), (0.91624415, -0.26408276, 0.3012589), (0.9619384, 0, 0.27326652), (0.9243046, -0.13165537, 0.3582288), (0.9663926, -0.13279247, 0.22011703), (0.91624415, -0.26408276, 0.3012589), (0.9663926, -0.13279247, 0.22011703), (0.9243046, -0.13165537, 0.3582288), (0.809017, -0.5, -0.309017), (0.8910065, -0.38618737, -0.23867694), (0.8401779, -0.5192585, -0.15643446), (0.95105654, -0.26286554, -0.16245985), (0.91298246, -0.39960706, -0.08232358), (0.8910065, -0.38618737, -0.23867694), (0.8506508, -0.5257311, 0), (0.8401779, -0.5192585, -0.15643446), (0.91298246, -0.39960706, -0.08232358), (0.8910065, -0.38618737, -0.23867694), (0.91298246, -0.39960706, -0.08232358), (0.8401779, -0.5192585, -0.15643446), (1, 0, 0), (0.98768836, -0.13307111, 0.08224247), (0.98768836, -0.13307111, -0.08224247), (0.95105654, -0.26286554, 0.16245985), (0.9638613, -0.2664047, 0), (0.98768836, -0.13307111, 0.08224247), (0.95105654, -0.26286554, -0.16245985), (0.98768836, -0.13307111, -0.08224247), (0.9638613, -0.2664047, 0), (0.98768836, -0.13307111, 0.08224247), (0.9638613, -0.2664047, 0), (0.98768836, -0.13307111, -0.08224247), (0.809017, -0.5, 0.309017), (0.8401779, -0.5192585, 0.15643446), (0.8910065, -0.38618737, 0.23867694), (0.8506508, -0.5257311, 0), (0.91298246, -0.39960706, 0.08232358), (0.8401779, -0.5192585, 0.15643446), (0.95105654, -0.26286554, 0.16245985), (0.8910065, -0.38618737, 0.23867694), (0.91298246, -0.39960706, 0.08232358), (0.8401779, -0.5192585, 0.15643446), (0.91298246, -0.39960706, 0.08232358), (0.8910065, -0.38618737, 0.23867694), (0.95105654, -0.26286554, -0.16245985), (0.9638613, -0.2664047, 0), (0.91298246, -0.39960706, -0.08232358), (0.95105654, -0.26286554, 0.16245985), (0.91298246, -0.39960706, 0.08232358), (0.9638613, -0.2664047, 0), (0.8506508, -0.5257311, 0), (0.91298246, -0.39960706, -0.08232358), (0.91298246, -0.39960706, 0.08232358), (0.9638613, -0.2664047, 0), (0.91298246, -0.39960706, 0.08232358), (0.91298246, -0.39960706, -0.08232358), (0, -0.5257311, 0.8506508), (0.13120037, -0.48444164, 0.8649293), (0, -0.40335536, 0.9150434), (0.25989193, -0.43388855, 0.86266845), (0.13165537, -0.3582288, 0.9243046), (0.13120037, -0.48444164, 0.8649293), (0, -0.27326652, 0.9619384), (0, -0.40335536, 0.9150434), (0.13165537, -0.3582288, 0.9243046), (0.13120037, -0.48444164, 0.8649293), (0.13165537, -0.3582288, 0.9243046), (0, -0.40335536, 0.9150434), (0.5, -0.309017, 0.809017), (0.38618737, -0.23867694, 0.8910065), (0.38361374, -0.37503856, 0.84391147), (0.26286554, -0.16245985, 0.95105654), (0.26408276, -0.3012589, 0.91624415), (0.38618737, -0.23867694, 0.8910065), (0.25989193, -0.43388855, 0.86266845), (0.38361374, -0.37503856, 0.84391147), (0.26408276, -0.3012589, 0.91624415), (0.38618737, -0.23867694, 0.8910065), (0.26408276, -0.3012589, 0.91624415), (0.38361374, -0.37503856, 0.84391147), (0, 0, 1), (0, -0.13795224, 0.9904389), (0.13307111, -0.08224247, 0.98768836), (0, -0.27326652, 0.9619384), (0.13279247, -0.22011703, 0.9663926), (0, -0.13795224, 0.9904389), (0.26286554, -0.16245985, 0.95105654), (0.13307111, -0.08224247, 0.98768836), (0.13279247, -0.22011703, 0.9663926), (0, -0.13795224, 0.9904389), (0.13279247, -0.22011703, 0.9663926), (0.13307111, -0.08224247, 0.98768836), (0.25989193, -0.43388855, 0.86266845), (0.26408276, -0.3012589, 0.91624415), (0.13165537, -0.3582288, 0.9243046), (0.26286554, -0.16245985, 0.95105654), (0.13279247, -0.22011703, 0.9663926), (0.26408276, -0.3012589, 0.91624415), (0, -0.27326652, 0.9619384), (0.13165537, -0.3582288, 0.9243046), (0.13279247, -0.22011703, 0.9663926), (0.26408276, -0.3012589, 0.91624415), (0.13279247, -0.22011703, 0.9663926), (0.13165537, -0.3582288, 0.9243046), (0.8506508, 0, 0.5257311), (0.78384304, 0.08108629, 0.615642), (0.78384304, -0.08108629, 0.615642), (0.70204645, 0.16062203, 0.6937805), (0.7112817, 0, 0.702907), (0.78384304, 0.08108629, 0.615642), (0.70204645, -0.16062203, 0.6937805), (0.78384304, -0.08108629, 0.615642), (0.7112817, 0, 0.702907), (0.78384304, 0.08108629, 0.615642), (0.7112817, 0, 0.702907), (0.78384304, -0.08108629, 0.615642), (0.5, 0.309017, 0.809017), (0.5192585, 0.15643446, 0.8401779), (0.6068252, 0.23708633, 0.7586523), (0.5257311, 0, 0.8506508), (0.62023956, 0.08114185, 0.78020436), (0.5192585, 0.15643446, 0.8401779), (0.70204645, 0.16062203, 0.6937805), (0.6068252, 0.23708633, 0.7586523), (0.62023956, 0.08114185, 0.78020436), (0.5192585, 0.15643446, 0.8401779), (0.62023956, 0.08114185, 0.78020436), (0.6068252, 0.23708633, 0.7586523), (0.5, -0.309017, 0.809017), (0.6068252, -0.23708633, 0.7586523), (0.5192585, -0.15643446, 0.8401779), (0.70204645, -0.16062203, 0.6937805), (0.62023956, -0.08114185, 0.78020436), (0.6068252, -0.23708633, 0.7586523), (0.5257311, 0, 0.8506508), (0.5192585, -0.15643446, 0.8401779), (0.62023956, -0.08114185, 0.78020436), (0.6068252, -0.23708633, 0.7586523), (0.62023956, -0.08114185, 0.78020436), (0.5192585, -0.15643446, 0.8401779), (0.70204645, 0.16062203, 0.6937805), (0.62023956, 0.08114185, 0.78020436), (0.7112817, 0, 0.702907), (0.5257311, 0, 0.8506508), (0.62023956, -0.08114185, 0.78020436), (0.62023956, 0.08114185, 0.78020436), (0.70204645, -0.16062203, 0.6937805), (0.7112817, 0, 0.702907), (0.62023956, -0.08114185, 0.78020436), (0.62023956, 0.08114185, 0.78020436), (0.62023956, -0.08114185, 0.78020436), (0.7112817, 0, 0.702907), (0, 0.5257311, 0.8506508), (0, 0.40335536, 0.9150434), (0.13120037, 0.48444164, 0.8649293), (0, 0.27326652, 0.9619384), (0.13165537, 0.3582288, 0.9243046), (0, 0.40335536, 0.9150434), (0.25989193, 0.43388855, 0.86266845), (0.13120037, 0.48444164, 0.8649293), (0.13165537, 0.3582288, 0.9243046), (0, 0.40335536, 0.9150434), (0.13165537, 0.3582288, 0.9243046), (0.13120037, 0.48444164, 0.8649293), (0, 0, 1), (0.13307111, 0.08224247, 0.98768836), (0, 0.13795224, 0.9904389), (0.26286554, 0.16245985, 0.95105654), (0.13279247, 0.22011703, 0.9663926), (0.13307111, 0.08224247, 0.98768836), (0, 0.27326652, 0.9619384), (0, 0.13795224, 0.9904389), (0.13279247, 0.22011703, 0.9663926), (0.13307111, 0.08224247, 0.98768836), (0.13279247, 0.22011703, 0.9663926), (0, 0.13795224, 0.9904389), (0.5, 0.309017, 0.809017), (0.38361374, 0.37503856, 0.84391147), (0.38618737, 0.23867694, 0.8910065), (0.25989193, 0.43388855, 0.86266845), (0.26408276, 0.3012589, 0.91624415), (0.38361374, 0.37503856, 0.84391147), (0.26286554, 0.16245985, 0.95105654), (0.38618737, 0.23867694, 0.8910065), (0.26408276, 0.3012589, 0.91624415), (0.38361374, 0.37503856, 0.84391147), (0.26408276, 0.3012589, 0.91624415), (0.38618737, 0.23867694, 0.8910065), (0, 0.27326652, 0.9619384), (0.13279247, 0.22011703, 0.9663926), (0.13165537, 0.3582288, 0.9243046), (0.26286554, 0.16245985, 0.95105654), (0.26408276, 0.3012589, 0.91624415), (0.13279247, 0.22011703, 0.9663926), (0.25989193, 0.43388855, 0.86266845), (0.13165537, 0.3582288, 0.9243046), (0.26408276, 0.3012589, 0.91624415), (0.13279247, 0.22011703, 0.9663926), (0.26408276, 0.3012589, 0.91624415), (0.13165537, 0.3582288, 0.9243046), (0.5, -0.309017, 0.809017), (0.5192585, -0.15643446, 0.8401779), (0.38618737, -0.23867694, 0.8910065), (0.5257311, 0, 0.8506508), (0.39960706, -0.08232358, 0.91298246), (0.5192585, -0.15643446, 0.8401779), (0.26286554, -0.16245985, 0.95105654), (0.38618737, -0.23867694, 0.8910065), (0.39960706, -0.08232358, 0.91298246), (0.5192585, -0.15643446, 0.8401779), (0.39960706, -0.08232358, 0.91298246), (0.38618737, -0.23867694, 0.8910065), (0.5, 0.309017, 0.809017), (0.38618737, 0.23867694, 0.8910065), (0.5192585, 0.15643446, 0.8401779), (0.26286554, 0.16245985, 0.95105654), (0.39960706, 0.08232358, 0.91298246), (0.38618737, 0.23867694, 0.8910065), (0.5257311, 0, 0.8506508), (0.5192585, 0.15643446, 0.8401779), (0.39960706, 0.08232358, 0.91298246), (0.38618737, 0.23867694, 0.8910065), (0.39960706, 0.08232358, 0.91298246), (0.5192585, 0.15643446, 0.8401779), (0, 0, 1), (0.13307111, -0.08224247, 0.98768836), (0.13307111, 0.08224247, 0.98768836), (0.26286554, -0.16245985, 0.95105654), (0.2664047, 0, 0.9638613), (0.13307111, -0.08224247, 0.98768836), (0.26286554, 0.16245985, 0.95105654), (0.13307111, 0.08224247, 0.98768836), (0.2664047, 0, 0.9638613), (0.13307111, -0.08224247, 0.98768836), (0.2664047, 0, 0.9638613), (0.13307111, 0.08224247, 0.98768836), (0.5257311, 0, 0.8506508), (0.39960706, 0.08232358, 0.91298246), (0.39960706, -0.08232358, 0.91298246), (0.26286554, 0.16245985, 0.95105654), (0.2664047, 0, 0.9638613), (0.39960706, 0.08232358, 0.91298246), (0.26286554, -0.16245985, 0.95105654), (0.39960706, -0.08232358, 0.91298246), (0.2664047, 0, 0.9638613), (0.39960706, 0.08232358, 0.91298246), (0.2664047, 0, 0.9638613), (0.39960706, -0.08232358, 0.91298246), (-0.5257311, -0.8506508, 0), (-0.48444164, -0.8649293, 0.13120037), (-0.615642, -0.78384304, 0.08108629), (-0.43388855, -0.86266845, 0.25989193), (-0.57125163, -0.7926492, 0.21302287), (-0.48444164, -0.8649293, 0.13120037), (-0.6937805, -0.70204645, 0.16062203), (-0.615642, -0.78384304, 0.08108629), (-0.57125163, -0.7926492, 0.21302287), (-0.48444164, -0.8649293, 0.13120037), (-0.57125163, -0.7926492, 0.21302287), (-0.615642, -0.78384304, 0.08108629), (-0.309017, -0.809017, 0.5), (-0.4539905, -0.7579354, 0.46842986), (-0.37503856, -0.84391147, 0.38361374), (-0.58778524, -0.68819094, 0.4253254), (-0.5161216, -0.7834517, 0.34615302), (-0.4539905, -0.7579354, 0.46842986), (-0.43388855, -0.86266845, 0.25989193), (-0.37503856, -0.84391147, 0.38361374), (-0.5161216, -0.7834517, 0.34615302), (-0.4539905, -0.7579354, 0.46842986), (-0.5161216, -0.7834517, 0.34615302), (-0.37503856, -0.84391147, 0.38361374), (-0.809017, -0.5, 0.309017), (-0.7586523, -0.6068252, 0.23708633), (-0.70710677, -0.6015009, 0.37174803), (-0.6937805, -0.70204645, 0.16062203), (-0.6474119, -0.70230985, 0.2960046), (-0.7586523, -0.6068252, 0.23708633), (-0.58778524, -0.68819094, 0.4253254), (-0.70710677, -0.6015009, 0.37174803), (-0.6474119, -0.70230985, 0.2960046), (-0.7586523, -0.6068252, 0.23708633), (-0.6474119, -0.70230985, 0.2960046), (-0.70710677, -0.6015009, 0.37174803), (-0.43388855, -0.86266845, 0.25989193), (-0.5161216, -0.7834517, 0.34615302), (-0.57125163, -0.7926492, 0.21302287), (-0.58778524, -0.68819094, 0.4253254), (-0.6474119, -0.70230985, 0.2960046), (-0.5161216, -0.7834517, 0.34615302), (-0.6937805, -0.70204645, 0.16062203), (-0.57125163, -0.7926492, 0.21302287), (-0.6474119, -0.70230985, 0.2960046), (-0.5161216, -0.7834517, 0.34615302), (-0.6474119, -0.70230985, 0.2960046), (-0.57125163, -0.7926492, 0.21302287), (0, -0.5257311, 0.8506508), (-0.13120037, -0.48444164, 0.8649293), (-0.08108629, -0.615642, 0.78384304), (-0.25989193, -0.43388855, 0.86266845), (-0.21302287, -0.57125163, 0.7926492), (-0.13120037, -0.48444164, 0.8649293), (-0.16062203, -0.6937805, 0.70204645), (-0.08108629, -0.615642, 0.78384304), (-0.21302287, -0.57125163, 0.7926492), (-0.13120037, -0.48444164, 0.8649293), (-0.21302287, -0.57125163, 0.7926492), (-0.08108629, -0.615642, 0.78384304), (-0.5, -0.309017, 0.809017), (-0.46842986, -0.4539905, 0.7579354), (-0.38361374, -0.37503856, 0.84391147), (-0.4253254, -0.58778524, 0.68819094), (-0.34615302, -0.5161216, 0.7834517), (-0.46842986, -0.4539905, 0.7579354), (-0.25989193, -0.43388855, 0.86266845), (-0.38361374, -0.37503856, 0.84391147), (-0.34615302, -0.5161216, 0.7834517), (-0.46842986, -0.4539905, 0.7579354), (-0.34615302, -0.5161216, 0.7834517), (-0.38361374, -0.37503856, 0.84391147), (-0.309017, -0.809017, 0.5), (-0.23708633, -0.7586523, 0.6068252), (-0.37174803, -0.70710677, 0.6015009), (-0.16062203, -0.6937805, 0.70204645), (-0.2960046, -0.6474119, 0.70230985), (-0.23708633, -0.7586523, 0.6068252), (-0.4253254, -0.58778524, 0.68819094), (-0.37174803, -0.70710677, 0.6015009), (-0.2960046, -0.6474119, 0.70230985), (-0.23708633, -0.7586523, 0.6068252), (-0.2960046, -0.6474119, 0.70230985), (-0.37174803, -0.70710677, 0.6015009), (-0.25989193, -0.43388855, 0.86266845), (-0.34615302, -0.5161216, 0.7834517), (-0.21302287, -0.57125163, 0.7926492), (-0.4253254, -0.58778524, 0.68819094), (-0.2960046, -0.6474119, 0.70230985), (-0.34615302, -0.5161216, 0.7834517), (-0.16062203, -0.6937805, 0.70204645), (-0.21302287, -0.57125163, 0.7926492), (-0.2960046, -0.6474119, 0.70230985), (-0.34615302, -0.5161216, 0.7834517), (-0.2960046, -0.6474119, 0.70230985), (-0.21302287, -0.57125163, 0.7926492), (-0.8506508, 0, 0.5257311), (-0.8649293, -0.13120037, 0.48444164), (-0.78384304, -0.08108629, 0.615642), (-0.86266845, -0.25989193, 0.43388855), (-0.7926492, -0.21302287, 0.57125163), (-0.8649293, -0.13120037, 0.48444164), (-0.70204645, -0.16062203, 0.6937805), (-0.78384304, -0.08108629, 0.615642), (-0.7926492, -0.21302287, 0.57125163), (-0.8649293, -0.13120037, 0.48444164), (-0.7926492, -0.21302287, 0.57125163), (-0.78384304, -0.08108629, 0.615642), (-0.809017, -0.5, 0.309017), (-0.7579354, -0.46842986, 0.4539905), (-0.84391147, -0.38361374, 0.37503856), (-0.68819094, -0.4253254, 0.58778524), (-0.7834517, -0.34615302, 0.5161216), (-0.7579354, -0.46842986, 0.4539905), (-0.86266845, -0.25989193, 0.43388855), (-0.84391147, -0.38361374, 0.37503856), (-0.7834517, -0.34615302, 0.5161216), (-0.7579354, -0.46842986, 0.4539905), (-0.7834517, -0.34615302, 0.5161216), (-0.84391147, -0.38361374, 0.37503856), (-0.5, -0.309017, 0.809017), (-0.6068252, -0.23708633, 0.7586523), (-0.6015009, -0.37174803, 0.70710677), (-0.70204645, -0.16062203, 0.6937805), (-0.70230985, -0.2960046, 0.6474119), (-0.6068252, -0.23708633, 0.7586523), (-0.68819094, -0.4253254, 0.58778524), (-0.6015009, -0.37174803, 0.70710677), (-0.70230985, -0.2960046, 0.6474119), (-0.6068252, -0.23708633, 0.7586523), (-0.70230985, -0.2960046, 0.6474119), (-0.6015009, -0.37174803, 0.70710677), (-0.86266845, -0.25989193, 0.43388855), (-0.7834517, -0.34615302, 0.5161216), (-0.7926492, -0.21302287, 0.57125163), (-0.68819094, -0.4253254, 0.58778524), (-0.70230985, -0.2960046, 0.6474119), (-0.7834517, -0.34615302, 0.5161216), (-0.70204645, -0.16062203, 0.6937805), (-0.7926492, -0.21302287, 0.57125163), (-0.70230985, -0.2960046, 0.6474119), (-0.7834517, -0.34615302, 0.5161216), (-0.70230985, -0.2960046, 0.6474119), (-0.7926492, -0.21302287, 0.57125163), (-0.309017, -0.809017, 0.5), (-0.37174803, -0.70710677, 0.6015009), (-0.4539905, -0.7579354, 0.46842986), (-0.4253254, -0.58778524, 0.68819094), (-0.51337546, -0.6465778, 0.5642542), (-0.37174803, -0.70710677, 0.6015009), (-0.58778524, -0.68819094, 0.4253254), (-0.4539905, -0.7579354, 0.46842986), (-0.51337546, -0.6465778, 0.5642542), (-0.37174803, -0.70710677, 0.6015009), (-0.51337546, -0.6465778, 0.5642542), (-0.4539905, -0.7579354, 0.46842986), (-0.5, -0.309017, 0.809017), (-0.6015009, -0.37174803, 0.70710677), (-0.46842986, -0.4539905, 0.7579354), (-0.68819094, -0.4253254, 0.58778524), (-0.5642542, -0.51337546, 0.6465778), (-0.6015009, -0.37174803, 0.70710677), (-0.4253254, -0.58778524, 0.68819094), (-0.46842986, -0.4539905, 0.7579354), (-0.5642542, -0.51337546, 0.6465778), (-0.6015009, -0.37174803, 0.70710677), (-0.5642542, -0.51337546, 0.6465778), (-0.46842986, -0.4539905, 0.7579354), (-0.809017, -0.5, 0.309017), (-0.70710677, -0.6015009, 0.37174803), (-0.7579354, -0.46842986, 0.4539905), (-0.58778524, -0.68819094, 0.4253254), (-0.6465778, -0.5642542, 0.51337546), (-0.70710677, -0.6015009, 0.37174803), (-0.68819094, -0.4253254, 0.58778524), (-0.7579354, -0.46842986, 0.4539905), (-0.6465778, -0.5642542, 0.51337546), (-0.70710677, -0.6015009, 0.37174803), (-0.6465778, -0.5642542, 0.51337546), (-0.7579354, -0.46842986, 0.4539905), (-0.4253254, -0.58778524, 0.68819094), (-0.5642542, -0.51337546, 0.6465778), (-0.51337546, -0.6465778, 0.5642542), (-0.68819094, -0.4253254, 0.58778524), (-0.6465778, -0.5642542, 0.51337546), (-0.5642542, -0.51337546, 0.6465778), (-0.58778524, -0.68819094, 0.4253254), (-0.51337546, -0.6465778, 0.5642542), (-0.6465778, -0.5642542, 0.51337546), (-0.5642542, -0.51337546, 0.6465778), (-0.6465778, -0.5642542, 0.51337546), (-0.51337546, -0.6465778, 0.5642542), (0, -0.5257311, -0.8506508), (-0.08108629, -0.615642, -0.78384304), (-0.13120037, -0.48444164, -0.8649293), (-0.16062203, -0.6937805, -0.70204645), (-0.21302287, -0.57125163, -0.7926492), (-0.08108629, -0.615642, -0.78384304), (-0.25989193, -0.43388855, -0.86266845), (-0.13120037, -0.48444164, -0.8649293), (-0.21302287, -0.57125163, -0.7926492), (-0.08108629, -0.615642, -0.78384304), (-0.21302287, -0.57125163, -0.7926492), (-0.13120037, -0.48444164, -0.8649293), (-0.309017, -0.809017, -0.5), (-0.37174803, -0.70710677, -0.6015009), (-0.23708633, -0.7586523, -0.6068252), (-0.4253254, -0.58778524, -0.68819094), (-0.2960046, -0.6474119, -0.70230985), (-0.37174803, -0.70710677, -0.6015009), (-0.16062203, -0.6937805, -0.70204645), (-0.23708633, -0.7586523, -0.6068252), (-0.2960046, -0.6474119, -0.70230985), (-0.37174803, -0.70710677, -0.6015009), (-0.2960046, -0.6474119, -0.70230985), (-0.23708633, -0.7586523, -0.6068252), (-0.5, -0.309017, -0.809017), (-0.38361374, -0.37503856, -0.84391147), (-0.46842986, -0.4539905, -0.7579354), (-0.25989193, -0.43388855, -0.86266845), (-0.34615302, -0.5161216, -0.7834517), (-0.38361374, -0.37503856, -0.84391147), (-0.4253254, -0.58778524, -0.68819094), (-0.46842986, -0.4539905, -0.7579354), (-0.34615302, -0.5161216, -0.7834517), (-0.38361374, -0.37503856, -0.84391147), (-0.34615302, -0.5161216, -0.7834517), (-0.46842986, -0.4539905, -0.7579354), (-0.16062203, -0.6937805, -0.70204645), (-0.2960046, -0.6474119, -0.70230985), (-0.21302287, -0.57125163, -0.7926492), (-0.4253254, -0.58778524, -0.68819094), (-0.34615302, -0.5161216, -0.7834517), (-0.2960046, -0.6474119, -0.70230985), (-0.25989193, -0.43388855, -0.86266845), (-0.21302287, -0.57125163, -0.7926492), (-0.34615302, -0.5161216, -0.7834517), (-0.2960046, -0.6474119, -0.70230985), (-0.34615302, -0.5161216, -0.7834517), (-0.21302287, -0.57125163, -0.7926492), (-0.5257311, -0.8506508, 0), (-0.615642, -0.78384304, -0.08108629), (-0.48444164, -0.8649293, -0.13120037), (-0.6937805, -0.70204645, -0.16062203), (-0.57125163, -0.7926492, -0.21302287), (-0.615642, -0.78384304, -0.08108629), (-0.43388855, -0.86266845, -0.25989193), (-0.48444164, -0.8649293, -0.13120037), (-0.57125163, -0.7926492, -0.21302287), (-0.615642, -0.78384304, -0.08108629), (-0.57125163, -0.7926492, -0.21302287), (-0.48444164, -0.8649293, -0.13120037), (-0.809017, -0.5, -0.309017), (-0.70710677, -0.6015009, -0.37174803), (-0.7586523, -0.6068252, -0.23708633), (-0.58778524, -0.68819094, -0.4253254), (-0.6474119, -0.70230985, -0.2960046), (-0.70710677, -0.6015009, -0.37174803), (-0.6937805, -0.70204645, -0.16062203), (-0.7586523, -0.6068252, -0.23708633), (-0.6474119, -0.70230985, -0.2960046), (-0.70710677, -0.6015009, -0.37174803), (-0.6474119, -0.70230985, -0.2960046), (-0.7586523, -0.6068252, -0.23708633), (-0.309017, -0.809017, -0.5), (-0.37503856, -0.84391147, -0.38361374), (-0.4539905, -0.7579354, -0.46842986), (-0.43388855, -0.86266845, -0.25989193), (-0.5161216, -0.7834517, -0.34615302), (-0.37503856, -0.84391147, -0.38361374), (-0.58778524, -0.68819094, -0.4253254), (-0.4539905, -0.7579354, -0.46842986), (-0.5161216, -0.7834517, -0.34615302), (-0.37503856, -0.84391147, -0.38361374), (-0.5161216, -0.7834517, -0.34615302), (-0.4539905, -0.7579354, -0.46842986), (-0.6937805, -0.70204645, -0.16062203), (-0.6474119, -0.70230985, -0.2960046), (-0.57125163, -0.7926492, -0.21302287), (-0.58778524, -0.68819094, -0.4253254), (-0.5161216, -0.7834517, -0.34615302), (-0.6474119, -0.70230985, -0.2960046), (-0.43388855, -0.86266845, -0.25989193), (-0.57125163, -0.7926492, -0.21302287), (-0.5161216, -0.7834517, -0.34615302), (-0.6474119, -0.70230985, -0.2960046), (-0.5161216, -0.7834517, -0.34615302), (-0.57125163, -0.7926492, -0.21302287), (-0.8506508, 0, -0.5257311), (-0.78384304, -0.08108629, -0.615642), (-0.8649293, -0.13120037, -0.48444164), (-0.70204645, -0.16062203, -0.6937805), (-0.7926492, -0.21302287, -0.57125163), (-0.78384304, -0.08108629, -0.615642), (-0.86266845, -0.25989193, -0.43388855), (-0.8649293, -0.13120037, -0.48444164), (-0.7926492, -0.21302287, -0.57125163), (-0.78384304, -0.08108629, -0.615642), (-0.7926492, -0.21302287, -0.57125163), (-0.8649293, -0.13120037, -0.48444164), (-0.5, -0.309017, -0.809017), (-0.6015009, -0.37174803, -0.70710677), (-0.6068252, -0.23708633, -0.7586523), (-0.68819094, -0.4253254, -0.58778524), (-0.70230985, -0.2960046, -0.6474119), (-0.6015009, -0.37174803, -0.70710677), (-0.70204645, -0.16062203, -0.6937805), (-0.6068252, -0.23708633, -0.7586523), (-0.70230985, -0.2960046, -0.6474119), (-0.6015009, -0.37174803, -0.70710677), (-0.70230985, -0.2960046, -0.6474119), (-0.6068252, -0.23708633, -0.7586523), (-0.809017, -0.5, -0.309017), (-0.84391147, -0.38361374, -0.37503856), (-0.7579354, -0.46842986, -0.4539905), (-0.86266845, -0.25989193, -0.43388855), (-0.7834517, -0.34615302, -0.5161216), (-0.84391147, -0.38361374, -0.37503856), (-0.68819094, -0.4253254, -0.58778524), (-0.7579354, -0.46842986, -0.4539905), (-0.7834517, -0.34615302, -0.5161216), (-0.84391147, -0.38361374, -0.37503856), (-0.7834517, -0.34615302, -0.5161216), (-0.7579354, -0.46842986, -0.4539905), (-0.70204645, -0.16062203, -0.6937805), (-0.70230985, -0.2960046, -0.6474119), (-0.7926492, -0.21302287, -0.57125163), (-0.68819094, -0.4253254, -0.58778524), (-0.7834517, -0.34615302, -0.5161216), (-0.70230985, -0.2960046, -0.6474119), (-0.86266845, -0.25989193, -0.43388855), (-0.7926492, -0.21302287, -0.57125163), (-0.7834517, -0.34615302, -0.5161216), (-0.70230985, -0.2960046, -0.6474119), (-0.7834517, -0.34615302, -0.5161216), (-0.7926492, -0.21302287, -0.57125163), (-0.309017, -0.809017, -0.5), (-0.4539905, -0.7579354, -0.46842986), (-0.37174803, -0.70710677, -0.6015009), (-0.58778524, -0.68819094, -0.4253254), (-0.51337546, -0.6465778, -0.5642542), (-0.4539905, -0.7579354, -0.46842986), (-0.4253254, -0.58778524, -0.68819094), (-0.37174803, -0.70710677, -0.6015009), (-0.51337546, -0.6465778, -0.5642542), (-0.4539905, -0.7579354, -0.46842986), (-0.51337546, -0.6465778, -0.5642542), (-0.37174803, -0.70710677, -0.6015009), (-0.809017, -0.5, -0.309017), (-0.7579354, -0.46842986, -0.4539905), (-0.70710677, -0.6015009, -0.37174803), (-0.68819094, -0.4253254, -0.58778524), (-0.6465778, -0.5642542, -0.51337546), (-0.7579354, -0.46842986, -0.4539905), (-0.58778524, -0.68819094, -0.4253254), (-0.70710677, -0.6015009, -0.37174803), (-0.6465778, -0.5642542, -0.51337546), (-0.7579354, -0.46842986, -0.4539905), (-0.6465778, -0.5642542, -0.51337546), (-0.70710677, -0.6015009, -0.37174803), (-0.5, -0.309017, -0.809017), (-0.46842986, -0.4539905, -0.7579354), (-0.6015009, -0.37174803, -0.70710677), (-0.4253254, -0.58778524, -0.68819094), (-0.5642542, -0.51337546, -0.6465778), (-0.46842986, -0.4539905, -0.7579354), (-0.68819094, -0.4253254, -0.58778524), (-0.6015009, -0.37174803, -0.70710677), (-0.5642542, -0.51337546, -0.6465778), (-0.46842986, -0.4539905, -0.7579354), (-0.5642542, -0.51337546, -0.6465778), (-0.6015009, -0.37174803, -0.70710677), (-0.58778524, -0.68819094, -0.4253254), (-0.6465778, -0.5642542, -0.51337546), (-0.51337546, -0.6465778, -0.5642542), (-0.68819094, -0.4253254, -0.58778524), (-0.5642542, -0.51337546, -0.6465778), (-0.6465778, -0.5642542, -0.51337546), (-0.4253254, -0.58778524, -0.68819094), (-0.51337546, -0.6465778, -0.5642542), (-0.5642542, -0.51337546, -0.6465778), (-0.6465778, -0.5642542, -0.51337546), (-0.5642542, -0.51337546, -0.6465778), (-0.51337546, -0.6465778, -0.5642542), (0.8506508, 0, -0.5257311), (0.78384304, -0.08108629, -0.615642), (0.78384304, 0.08108629, -0.615642), (0.70204645, -0.16062203, -0.6937805), (0.7112817, 0, -0.702907), (0.78384304, -0.08108629, -0.615642), (0.70204645, 0.16062203, -0.6937805), (0.78384304, 0.08108629, -0.615642), (0.7112817, 0, -0.702907), (0.78384304, -0.08108629, -0.615642), (0.7112817, 0, -0.702907), (0.78384304, 0.08108629, -0.615642), (0.5, -0.309017, -0.809017), (0.5192585, -0.15643446, -0.8401779), (0.6068252, -0.23708633, -0.7586523), (0.5257311, 0, -0.8506508), (0.62023956, -0.08114185, -0.78020436), (0.5192585, -0.15643446, -0.8401779), (0.70204645, -0.16062203, -0.6937805), (0.6068252, -0.23708633, -0.7586523), (0.62023956, -0.08114185, -0.78020436), (0.5192585, -0.15643446, -0.8401779), (0.62023956, -0.08114185, -0.78020436), (0.6068252, -0.23708633, -0.7586523), (0.5, 0.309017, -0.809017), (0.6068252, 0.23708633, -0.7586523), (0.5192585, 0.15643446, -0.8401779), (0.70204645, 0.16062203, -0.6937805), (0.62023956, 0.08114185, -0.78020436), (0.6068252, 0.23708633, -0.7586523), (0.5257311, 0, -0.8506508), (0.5192585, 0.15643446, -0.8401779), (0.62023956, 0.08114185, -0.78020436), (0.6068252, 0.23708633, -0.7586523), (0.62023956, 0.08114185, -0.78020436), (0.5192585, 0.15643446, -0.8401779), (0.70204645, -0.16062203, -0.6937805), (0.62023956, -0.08114185, -0.78020436), (0.7112817, 0, -0.702907), (0.5257311, 0, -0.8506508), (0.62023956, 0.08114185, -0.78020436), (0.62023956, -0.08114185, -0.78020436), (0.70204645, 0.16062203, -0.6937805), (0.7112817, 0, -0.702907), (0.62023956, 0.08114185, -0.78020436), (0.62023956, -0.08114185, -0.78020436), (0.62023956, 0.08114185, -0.78020436), (0.7112817, 0, -0.702907), (0, -0.5257311, -0.8506508), (0, -0.40335536, -0.9150434), (0.13120037, -0.48444164, -0.8649293), (0, -0.27326652, -0.9619384), (0.13165537, -0.3582288, -0.9243046), (0, -0.40335536, -0.9150434), (0.25989193, -0.43388855, -0.86266845), (0.13120037, -0.48444164, -0.8649293), (0.13165537, -0.3582288, -0.9243046), (0, -0.40335536, -0.9150434), (0.13165537, -0.3582288, -0.9243046), (0.13120037, -0.48444164, -0.8649293), (0, 0, -1), (0.13307111, -0.08224247, -0.98768836), (0, -0.13795224, -0.9904389), (0.26286554, -0.16245985, -0.95105654), (0.13279247, -0.22011703, -0.9663926), (0.13307111, -0.08224247, -0.98768836), (0, -0.27326652, -0.9619384), (0, -0.13795224, -0.9904389), (0.13279247, -0.22011703, -0.9663926), (0.13307111, -0.08224247, -0.98768836), (0.13279247, -0.22011703, -0.9663926), (0, -0.13795224, -0.9904389), (0.5, -0.309017, -0.809017), (0.38361374, -0.37503856, -0.84391147), (0.38618737, -0.23867694, -0.8910065), (0.25989193, -0.43388855, -0.86266845), (0.26408276, -0.3012589, -0.91624415), (0.38361374, -0.37503856, -0.84391147), (0.26286554, -0.16245985, -0.95105654), (0.38618737, -0.23867694, -0.8910065), (0.26408276, -0.3012589, -0.91624415), (0.38361374, -0.37503856, -0.84391147), (0.26408276, -0.3012589, -0.91624415), (0.38618737, -0.23867694, -0.8910065), (0, -0.27326652, -0.9619384), (0.13279247, -0.22011703, -0.9663926), (0.13165537, -0.3582288, -0.9243046), (0.26286554, -0.16245985, -0.95105654), (0.26408276, -0.3012589, -0.91624415), (0.13279247, -0.22011703, -0.9663926), (0.25989193, -0.43388855, -0.86266845), (0.13165537, -0.3582288, -0.9243046), (0.26408276, -0.3012589, -0.91624415), (0.13279247, -0.22011703, -0.9663926), (0.26408276, -0.3012589, -0.91624415), (0.13165537, -0.3582288, -0.9243046), (0, 0.5257311, -0.8506508), (0.13120037, 0.48444164, -0.8649293), (0, 0.40335536, -0.9150434), (0.25989193, 0.43388855, -0.86266845), (0.13165537, 0.3582288, -0.9243046), (0.13120037, 0.48444164, -0.8649293), (0, 0.27326652, -0.9619384), (0, 0.40335536, -0.9150434), (0.13165537, 0.3582288, -0.9243046), (0.13120037, 0.48444164, -0.8649293), (0.13165537, 0.3582288, -0.9243046), (0, 0.40335536, -0.9150434), (0.5, 0.309017, -0.809017), (0.38618737, 0.23867694, -0.8910065), (0.38361374, 0.37503856, -0.84391147), (0.26286554, 0.16245985, -0.95105654), (0.26408276, 0.3012589, -0.91624415), (0.38618737, 0.23867694, -0.8910065), (0.25989193, 0.43388855, -0.86266845), (0.38361374, 0.37503856, -0.84391147), (0.26408276, 0.3012589, -0.91624415), (0.38618737, 0.23867694, -0.8910065), (0.26408276, 0.3012589, -0.91624415), (0.38361374, 0.37503856, -0.84391147), (0, 0, -1), (0, 0.13795224, -0.9904389), (0.13307111, 0.08224247, -0.98768836), (0, 0.27326652, -0.9619384), (0.13279247, 0.22011703, -0.9663926), (0, 0.13795224, -0.9904389), (0.26286554, 0.16245985, -0.95105654), (0.13307111, 0.08224247, -0.98768836), (0.13279247, 0.22011703, -0.9663926), (0, 0.13795224, -0.9904389), (0.13279247, 0.22011703, -0.9663926), (0.13307111, 0.08224247, -0.98768836), (0.25989193, 0.43388855, -0.86266845), (0.26408276, 0.3012589, -0.91624415), (0.13165537, 0.3582288, -0.9243046), (0.26286554, 0.16245985, -0.95105654), (0.13279247, 0.22011703, -0.9663926), (0.26408276, 0.3012589, -0.91624415), (0, 0.27326652, -0.9619384), (0.13165537, 0.3582288, -0.9243046), (0.13279247, 0.22011703, -0.9663926), (0.26408276, 0.3012589, -0.91624415), (0.13279247, 0.22011703, -0.9663926), (0.13165537, 0.3582288, -0.9243046), (0.5, -0.309017, -0.809017), (0.38618737, -0.23867694, -0.8910065), (0.5192585, -0.15643446, -0.8401779), (0.26286554, -0.16245985, -0.95105654), (0.39960706, -0.08232358, -0.91298246), (0.38618737, -0.23867694, -0.8910065), (0.5257311, 0, -0.8506508), (0.5192585, -0.15643446, -0.8401779), (0.39960706, -0.08232358, -0.91298246), (0.38618737, -0.23867694, -0.8910065), (0.39960706, -0.08232358, -0.91298246), (0.5192585, -0.15643446, -0.8401779), (0, 0, -1), (0.13307111, 0.08224247, -0.98768836), (0.13307111, -0.08224247, -0.98768836), (0.26286554, 0.16245985, -0.95105654), (0.2664047, 0, -0.9638613), (0.13307111, 0.08224247, -0.98768836), (0.26286554, -0.16245985, -0.95105654), (0.13307111, -0.08224247, -0.98768836), (0.2664047, 0, -0.9638613), (0.13307111, 0.08224247, -0.98768836), (0.2664047, 0, -0.9638613), (0.13307111, -0.08224247, -0.98768836), (0.5, 0.309017, -0.809017), (0.5192585, 0.15643446, -0.8401779), (0.38618737, 0.23867694, -0.8910065), (0.5257311, 0, -0.8506508), (0.39960706, 0.08232358, -0.91298246), (0.5192585, 0.15643446, -0.8401779), (0.26286554, 0.16245985, -0.95105654), (0.38618737, 0.23867694, -0.8910065), (0.39960706, 0.08232358, -0.91298246), (0.5192585, 0.15643446, -0.8401779), (0.39960706, 0.08232358, -0.91298246), (0.38618737, 0.23867694, -0.8910065), (0.26286554, -0.16245985, -0.95105654), (0.2664047, 0, -0.9638613), (0.39960706, -0.08232358, -0.91298246), (0.26286554, 0.16245985, -0.95105654), (0.39960706, 0.08232358, -0.91298246), (0.2664047, 0, -0.9638613), (0.5257311, 0, -0.8506508), (0.39960706, -0.08232358, -0.91298246), (0.39960706, 0.08232358, -0.91298246), (0.2664047, 0, -0.9638613), (0.39960706, 0.08232358, -0.91298246), (0.39960706, -0.08232358, -0.91298246), (0.8506508, 0, 0.5257311), (0.9150434, 0, 0.40335536), (0.8649293, 0.13120037, 0.48444164), (0.9619384, 0, 0.27326652), (0.9243046, 0.13165537, 0.3582288), (0.9150434, 0, 0.40335536), (0.86266845, 0.25989193, 0.43388855), (0.8649293, 0.13120037, 0.48444164), (0.9243046, 0.13165537, 0.3582288), (0.9150434, 0, 0.40335536), (0.9243046, 0.13165537, 0.3582288), (0.8649293, 0.13120037, 0.48444164), (1, 0, 0), (0.98768836, 0.13307111, 0.08224247), (0.9904389, 0, 0.13795224), (0.95105654, 0.26286554, 0.16245985), (0.9663926, 0.13279247, 0.22011703), (0.98768836, 0.13307111, 0.08224247), (0.9619384, 0, 0.27326652), (0.9904389, 0, 0.13795224), (0.9663926, 0.13279247, 0.22011703), (0.98768836, 0.13307111, 0.08224247), (0.9663926, 0.13279247, 0.22011703), (0.9904389, 0, 0.13795224), (0.809017, 0.5, 0.309017), (0.84391147, 0.38361374, 0.37503856), (0.8910065, 0.38618737, 0.23867694), (0.86266845, 0.25989193, 0.43388855), (0.91624415, 0.26408276, 0.3012589), (0.84391147, 0.38361374, 0.37503856), (0.95105654, 0.26286554, 0.16245985), (0.8910065, 0.38618737, 0.23867694), (0.91624415, 0.26408276, 0.3012589), (0.84391147, 0.38361374, 0.37503856), (0.91624415, 0.26408276, 0.3012589), (0.8910065, 0.38618737, 0.23867694), (0.9619384, 0, 0.27326652), (0.9663926, 0.13279247, 0.22011703), (0.9243046, 0.13165537, 0.3582288), (0.95105654, 0.26286554, 0.16245985), (0.91624415, 0.26408276, 0.3012589), (0.9663926, 0.13279247, 0.22011703), (0.86266845, 0.25989193, 0.43388855), (0.9243046, 0.13165537, 0.3582288), (0.91624415, 0.26408276, 0.3012589), (0.9663926, 0.13279247, 0.22011703), (0.91624415, 0.26408276, 0.3012589), (0.9243046, 0.13165537, 0.3582288), (0.8506508, 0, -0.5257311), (0.8649293, 0.13120037, -0.48444164), (0.9150434, 0, -0.40335536), (0.86266845, 0.25989193, -0.43388855), (0.9243046, 0.13165537, -0.3582288), (0.8649293, 0.13120037, -0.48444164), (0.9619384, 0, -0.27326652), (0.9150434, 0, -0.40335536), (0.9243046, 0.13165537, -0.3582288), (0.8649293, 0.13120037, -0.48444164), (0.9243046, 0.13165537, -0.3582288), (0.9150434, 0, -0.40335536), (0.809017, 0.5, -0.309017), (0.8910065, 0.38618737, -0.23867694), (0.84391147, 0.38361374, -0.37503856), (0.95105654, 0.26286554, -0.16245985), (0.91624415, 0.26408276, -0.3012589), (0.8910065, 0.38618737, -0.23867694), (0.86266845, 0.25989193, -0.43388855), (0.84391147, 0.38361374, -0.37503856), (0.91624415, 0.26408276, -0.3012589), (0.8910065, 0.38618737, -0.23867694), (0.91624415, 0.26408276, -0.3012589), (0.84391147, 0.38361374, -0.37503856), (1, 0, 0), (0.9904389, 0, -0.13795224), (0.98768836, 0.13307111, -0.08224247), (0.9619384, 0, -0.27326652), (0.9663926, 0.13279247, -0.22011703), (0.9904389, 0, -0.13795224), (0.95105654, 0.26286554, -0.16245985), (0.98768836, 0.13307111, -0.08224247), (0.9663926, 0.13279247, -0.22011703), (0.9904389, 0, -0.13795224), (0.9663926, 0.13279247, -0.22011703), (0.98768836, 0.13307111, -0.08224247), (0.86266845, 0.25989193, -0.43388855), (0.91624415, 0.26408276, -0.3012589), (0.9243046, 0.13165537, -0.3582288), (0.95105654, 0.26286554, -0.16245985), (0.9663926, 0.13279247, -0.22011703), (0.91624415, 0.26408276, -0.3012589), (0.9619384, 0, -0.27326652), (0.9243046, 0.13165537, -0.3582288), (0.9663926, 0.13279247, -0.22011703), (0.91624415, 0.26408276, -0.3012589), (0.9663926, 0.13279247, -0.22011703), (0.9243046, 0.13165537, -0.3582288), (0.5257311, 0.8506508, 0), (0.615642, 0.78384304, 0.08108629), (0.615642, 0.78384304, -0.08108629), (0.6937805, 0.70204645, 0.16062203), (0.702907, 0.7112817, 0), (0.615642, 0.78384304, 0.08108629), (0.6937805, 0.70204645, -0.16062203), (0.615642, 0.78384304, -0.08108629), (0.702907, 0.7112817, 0), (0.615642, 0.78384304, 0.08108629), (0.702907, 0.7112817, 0), (0.615642, 0.78384304, -0.08108629), (0.809017, 0.5, 0.309017), (0.8401779, 0.5192585, 0.15643446), (0.7586523, 0.6068252, 0.23708633), (0.8506508, 0.5257311, 0), (0.78020436, 0.62023956, 0.08114185), (0.8401779, 0.5192585, 0.15643446), (0.6937805, 0.70204645, 0.16062203), (0.7586523, 0.6068252, 0.23708633), (0.78020436, 0.62023956, 0.08114185), (0.8401779, 0.5192585, 0.15643446), (0.78020436, 0.62023956, 0.08114185), (0.7586523, 0.6068252, 0.23708633), (0.809017, 0.5, -0.309017), (0.7586523, 0.6068252, -0.23708633), (0.8401779, 0.5192585, -0.15643446), (0.6937805, 0.70204645, -0.16062203), (0.78020436, 0.62023956, -0.08114185), (0.7586523, 0.6068252, -0.23708633), (0.8506508, 0.5257311, 0), (0.8401779, 0.5192585, -0.15643446), (0.78020436, 0.62023956, -0.08114185), (0.7586523, 0.6068252, -0.23708633), (0.78020436, 0.62023956, -0.08114185), (0.8401779, 0.5192585, -0.15643446), (0.6937805, 0.70204645, 0.16062203), (0.78020436, 0.62023956, 0.08114185), (0.702907, 0.7112817, 0), (0.8506508, 0.5257311, 0), (0.78020436, 0.62023956, -0.08114185), (0.78020436, 0.62023956, 0.08114185), (0.6937805, 0.70204645, -0.16062203), (0.702907, 0.7112817, 0), (0.78020436, 0.62023956, -0.08114185), (0.78020436, 0.62023956, 0.08114185), (0.78020436, 0.62023956, -0.08114185), (0.702907, 0.7112817, 0), (1, 0, 0), (0.98768836, 0.13307111, -0.08224247), (0.98768836, 0.13307111, 0.08224247), (0.95105654, 0.26286554, -0.16245985), (0.9638613, 0.2664047, 0), (0.98768836, 0.13307111, -0.08224247), (0.95105654, 0.26286554, 0.16245985), (0.98768836, 0.13307111, 0.08224247), (0.9638613, 0.2664047, 0), (0.98768836, 0.13307111, -0.08224247), (0.9638613, 0.2664047, 0), (0.98768836, 0.13307111, 0.08224247), (0.809017, 0.5, -0.309017), (0.8401779, 0.5192585, -0.15643446), (0.8910065, 0.38618737, -0.23867694), (0.8506508, 0.5257311, 0), (0.91298246, 0.39960706, -0.08232358), (0.8401779, 0.5192585, -0.15643446), (0.95105654, 0.26286554, -0.16245985), (0.8910065, 0.38618737, -0.23867694), (0.91298246, 0.39960706, -0.08232358), (0.8401779, 0.5192585, -0.15643446), (0.91298246, 0.39960706, -0.08232358), (0.8910065, 0.38618737, -0.23867694), (0.809017, 0.5, 0.309017), (0.8910065, 0.38618737, 0.23867694), (0.8401779, 0.5192585, 0.15643446), (0.95105654, 0.26286554, 0.16245985), (0.91298246, 0.39960706, 0.08232358), (0.8910065, 0.38618737, 0.23867694), (0.8506508, 0.5257311, 0), (0.8401779, 0.5192585, 0.15643446), (0.91298246, 0.39960706, 0.08232358), (0.8910065, 0.38618737, 0.23867694), (0.91298246, 0.39960706, 0.08232358), (0.8401779, 0.5192585, 0.15643446), (0.95105654, 0.26286554, -0.16245985), (0.91298246, 0.39960706, -0.08232358), (0.9638613, 0.2664047, 0), (0.8506508, 0.5257311, 0), (0.91298246, 0.39960706, 0.08232358), (0.91298246, 0.39960706, -0.08232358), (0.95105654, 0.26286554, 0.16245985), (0.9638613, 0.2664047, 0), (0.91298246, 0.39960706, 0.08232358), (0.91298246, 0.39960706, -0.08232358), (0.91298246, 0.39960706, 0.08232358), (0.9638613, 0.2664047, 0)] (
                interpolation = "faceVarying"
            )
            point3f[] points = [(-0.236579, 0.38279286, 0), (0.236579, 0.38279286, 0), (-0.236579, -0.38279286, 0), (0.236579, -0.38279286, 0), (0, -0.236579, 0.38279286), (0, 0.236579, 0.38279286), (0, -0.236579, -0.38279286), (0, 0.236579, -0.38279286), (0.38279286, 0, -0.236579), (0.38279286, 0, 0.236579), (-0.38279286, 0, -0.236579), (-0.38279286, 0, 0.236579), (-0.36405766, 0.225, 0.13905765), (-0.13905765, 0.36405766, 0.225), (-0.225, 0.13905765, 0.36405766), (0, 0.45, 0), (0.13905765, 0.36405766, 0.225), (-0.13905765, 0.36405766, -0.225), (0.13905765, 0.36405766, -0.225), (-0.36405766, 0.225, -0.13905765), (-0.225, 0.13905765, -0.36405766), (-0.45, 0, 0), (0.36405766, 0.225, 0.13905765), (0.225, 0.13905765, 0.36405766), (0, 0, 0.45), (-0.225, -0.13905765, 0.36405766), (-0.36405766, -0.225, 0.13905765), (-0.36405766, -0.225, -0.13905765), (-0.225, -0.13905765, -0.36405766), (0, 0, -0.45), (0.225, 0.13905765, -0.36405766), (0.36405766, 0.225, -0.13905765), (0.36405766, -0.225, 0.13905765), (0.13905765, -0.36405766, 0.225), (0.225, -0.13905765, 0.36405766), (0, -0.45, 0), (-0.13905765, -0.36405766, 0.225), (0.13905765, -0.36405766, -0.225), (-0.13905765, -0.36405766, -0.225), (0.36405766, -0.225, -0.13905765), (0.225, -0.13905765, -0.36405766), (0.45, 0, 0), (-0.3122012, 0.3159209, 0.072279915), (-0.19524986, 0.38820082, 0.11695136), (-0.26450336, 0.30968595, 0.19139643), (-0.3159209, 0.072279915, 0.3122012), (-0.38820082, 0.11695136, 0.19524986), (-0.30968595, 0.19139643, 0.26450336), (-0.072279915, 0.3122012, 0.3159209), (-0.11695136, 0.19524986, 0.38820082), (-0.19139643, 0.26450336, 0.30968595), (-0.12296994, 0.43287227, 0), (-0.07310693, 0.42797545, 0.1182895), (0.072279915, 0.3122012, 0.3159209), (0, 0.38279286, 0.236579), (0.12296994, 0.43287227, 0), (0.19524986, 0.38820082, 0.11695136), (0.07310693, 0.42797545, 0.1182895), (-0.19524986, 0.38820082, -0.11695136), (-0.07310693, 0.42797545, -0.1182895), (0.19524986, 0.38820082, -0.11695136), (0.07310693, 0.42797545, -0.1182895), (-0.072279915, 0.3122012, -0.3159209), (0.072279915, 0.3122012, -0.3159209), (0, 0.38279286, -0.236579), (-0.3122012, 0.3159209, -0.072279915), (-0.26450336, 0.30968595, -0.19139643), (-0.11695136, 0.19524986, -0.38820082), (-0.19139643, 0.26450336, -0.30968595), (-0.38820082, 0.11695136, -0.19524986), (-0.3159209, 0.072279915, -0.3122012), (-0.30968595, 0.19139643, -0.26450336), (-0.38279286, 0.236579, 0), (-0.43287227, 0, -0.12296994), (-0.42797545, 0.1182895, -0.07310693), (-0.43287227, 0, 0.12296994), (-0.42797545, 0.1182895, 0.07310693), (0.3122012, 0.3159209, 0.072279915), (0.26450336, 0.30968595, 0.19139643), (0.11695136, 0.19524986, 0.38820082), (0.19139643, 0.26450336, 0.30968595), (0.38820082, 0.11695136, 0.19524986), (0.3159209, 0.072279915, 0.3122012), (0.30968595, 0.19139643, 0.26450336), (0, 0.12296994, 0.43287227), (-0.1182895, 0.07310693, 0.42797545), (-0.3159209, -0.072279915, 0.3122012), (-0.236579, 0, 0.38279286), (0, -0.12296994, 0.43287227), (-0.11695136, -0.19524986, 0.38820082), (-0.1182895, -0.07310693, 0.42797545), (-0.38820082, -0.11695136, 0.19524986), (-0.42797545, -0.1182895, 0.07310693), (-0.38820082, -0.11695136, -0.19524986), (-0.42797545, -0.1182895, -0.07310693), (-0.3122012, -0.3159209, 0.072279915), (-0.3122012, -0.3159209, -0.072279915), (-0.38279286, -0.236579, 0), (-0.3159209, -0.072279915, -0.3122012), (-0.236579, 0, -0.38279286), (0, 0.12296994, -0.43287227), (-0.1182895, 0.07310693, -0.42797545), (-0.11695136, -0.19524986, -0.38820082), (0, -0.12296994, -0.43287227), (-0.1182895, -0.07310693, -0.42797545), (0.11695136, 0.19524986, -0.38820082), (0.19139643, 0.26450336, -0.30968595), (0.3122012, 0.3159209, -0.072279915), (0.26450336, 0.30968595, -0.19139643), (0.3159209, 0.072279915, -0.3122012), (0.38820082, 0.11695136, -0.19524986), (0.30968595, 0.19139643, -0.26450336), (0.3122012, -0.3159209, 0.072279915), (0.19524986, -0.38820082, 0.11695136), (0.26450336, -0.30968595, 0.19139643), (0.3159209, -0.072279915, 0.3122012), (0.38820082, -0.11695136, 0.19524986), (0.30968595, -0.19139643, 0.26450336), (0.072279915, -0.3122012, 0.3159209), (0.11695136, -0.19524986, 0.38820082), (0.19139643, -0.26450336, 0.30968595), (0.12296994, -0.43287227, 0), (0.07310693, -0.42797545, 0.1182895), (-0.072279915, -0.3122012, 0.3159209), (0, -0.38279286, 0.236579), (-0.12296994, -0.43287227, 0), (-0.19524986, -0.38820082, 0.11695136), (-0.07310693, -0.42797545, 0.1182895), (0.19524986, -0.38820082, -0.11695136), (0.07310693, -0.42797545, -0.1182895), (-0.19524986, -0.38820082, -0.11695136), (-0.07310693, -0.42797545, -0.1182895), (0.072279915, -0.3122012, -0.3159209), (-0.072279915, -0.3122012, -0.3159209), (0, -0.38279286, -0.236579), (0.3122012, -0.3159209, -0.072279915), (0.26450336, -0.30968595, -0.19139643), (0.11695136, -0.19524986, -0.38820082), (0.19139643, -0.26450336, -0.30968595), (0.38820082, -0.11695136, -0.19524986), (0.3159209, -0.072279915, -0.3122012), (0.30968595, -0.19139643, -0.26450336), (0.38279286, -0.236579, 0), (0.43287227, 0, -0.12296994), (0.42797545, -0.1182895, -0.07310693), (0.43287227, 0, 0.12296994), (0.42797545, -0.1182895, 0.07310693), (0.1182895, -0.07310693, 0.42797545), (0.236579, 0, 0.38279286), (0.1182895, 0.07310693, 0.42797545), (-0.26450336, -0.30968595, 0.19139643), (-0.19139643, -0.26450336, 0.30968595), (-0.30968595, -0.19139643, 0.26450336), (-0.19139643, -0.26450336, -0.30968595), (-0.26450336, -0.30968595, -0.19139643), (-0.30968595, -0.19139643, -0.26450336), (0.236579, 0, -0.38279286), (0.1182895, -0.07310693, -0.42797545), (0.1182895, 0.07310693, -0.42797545), (0.42797545, 0.1182895, 0.07310693), (0.42797545, 0.1182895, -0.07310693), (0.38279286, 0.236579, 0), (-0.2770389, 0.35272938, 0.03648883), (-0.21799874, 0.3892182, 0.05904017), (-0.25706324, 0.35669217, 0.09586029), (-0.31819806, 0.27067542, 0.16728662), (-0.34139353, 0.27307132, 0.10668885), (-0.29133534, 0.31603944, 0.13320206), (-0.16876735, 0.37976018, 0.17262618), (-0.20429572, 0.34107095, 0.21079344), (-0.23225473, 0.35255328, 0.15576886), (-0.35272938, 0.03648883, 0.2770389), (-0.3892182, 0.05904017, 0.21799874), (-0.35669217, 0.09586029, 0.25706324), (-0.27067542, 0.16728662, 0.31819806), (-0.27307132, 0.10668885, 0.34139353), (-0.31603944, 0.13320206, 0.29133534), (-0.37976018, 0.17262618, 0.16876735), (-0.34107095, 0.21079344, 0.20429572), (-0.35255328, 0.15576886, 0.23225473), (-0.03648883, 0.2770389, 0.35272938), (-0.05904017, 0.21799874, 0.3892182), (-0.09586029, 0.25706324, 0.35669217), (-0.16728662, 0.31819806, 0.27067542), (-0.10668885, 0.34139353, 0.27307132), (-0.13320206, 0.29133534, 0.31603944), (-0.17262618, 0.16876735, 0.37976018), (-0.21079344, 0.20429572, 0.34107095), (-0.15576886, 0.23225473, 0.35255328), (-0.29096, 0.2539144, 0.23101895), (-0.2539144, 0.23101895, 0.29096), (-0.23101895, 0.29096, 0.2539144), (-0.18150991, 0.41176954, 0), (-0.16120295, 0.41593707, 0.059244916), (-0.10740462, 0.40095294, 0.17378433), (-0.1355665, 0.41230989, 0.11883724), (-0.06207851, 0.4456975, 0), (-0.03700911, 0.44445977, 0.059881996), (-0.09905266, 0.43487668, 0.059756614), (0.03648883, 0.2770389, 0.35272938), (0, 0.31630817, 0.3200768), (0.07039551, 0.37808004, 0.23366632), (0.10668885, 0.34139353, 0.27307132), (0.03651383, 0.35109198, 0.2791078), (-0.07039551, 0.37808004, 0.23366632), (-0.03651383, 0.35109198, 0.2791078), (0.18150991, 0.41176954, 0), (0.21799874, 0.3892182, 0.05904017), (0.16120295, 0.41593707, 0.059244916), (0.03700911, 0.44445977, 0.059881996), (0.06207851, 0.4456975, 0), (0.09905266, 0.43487668, 0.059756614), (0.16876735, 0.37976018, 0.17262618), (0.10740462, 0.40095294, 0.17378433), (0.1355665, 0.41230989, 0.11883724), (-0.03704561, 0.41084212, 0.17982318), (0.03704561, 0.41084212, 0.17982318), (0, 0.43373758, 0.119882114), (-0.21799874, 0.3892182, -0.05904017), (-0.16120295, 0.41593707, -0.059244916), (-0.03700911, 0.44445977, -0.059881996), (-0.09905266, 0.43487668, -0.059756614), (-0.16876735, 0.37976018, -0.17262618), (-0.10740462, 0.40095294, -0.17378433), (-0.1355665, 0.41230989, -0.11883724), (0.21799874, 0.3892182, -0.05904017), (0.16120295, 0.41593707, -0.059244916), (0.10740462, 0.40095294, -0.17378433), (0.16876735, 0.37976018, -0.17262618), (0.1355665, 0.41230989, -0.11883724), (0.03700911, 0.44445977, -0.059881996), (0.09905266, 0.43487668, -0.059756614), (-0.03648883, 0.2770389, -0.35272938), (0.03648883, 0.2770389, -0.35272938), (0, 0.31630817, -0.3200768), (-0.07039551, 0.37808004, -0.23366632), (-0.10668885, 0.34139353, -0.27307132), (-0.03651383, 0.35109198, -0.2791078), (0.10668885, 0.34139353, -0.27307132), (0.07039551, 0.37808004, -0.23366632), (0.03651383, 0.35109198, -0.2791078), (0, 0.43373758, -0.119882114), (0.03704561, 0.41084212, -0.17982318), (-0.03704561, 0.41084212, -0.17982318), (-0.2770389, 0.35272938, -0.03648883), (-0.25706324, 0.35669217, -0.09586029), (-0.20429572, 0.34107095, -0.21079344), (-0.23225473, 0.35255328, -0.15576886), (-0.34139353, 0.27307132, -0.10668885), (-0.31819806, 0.27067542, -0.16728662), (-0.29133534, 0.31603944, -0.13320206), (-0.05904017, 0.21799874, -0.3892182), (-0.09586029, 0.25706324, -0.35669217), (-0.21079344, 0.20429572, -0.34107095), (-0.17262618, 0.16876735, -0.37976018), (-0.15576886, 0.23225473, -0.35255328), (-0.16728662, 0.31819806, -0.27067542), (-0.13320206, 0.29133534, -0.31603944), (-0.3892182, 0.05904017, -0.21799874), (-0.35272938, 0.03648883, -0.2770389), (-0.35669217, 0.09586029, -0.25706324), (-0.34107095, 0.21079344, -0.20429572), (-0.37976018, 0.17262618, -0.16876735), (-0.35255328, 0.15576886, -0.23225473), (-0.27307132, 0.10668885, -0.34139353), (-0.27067542, 0.16728662, -0.31819806), (-0.31603944, 0.13320206, -0.29133534), (-0.23101895, 0.29096, -0.2539144), (-0.2539144, 0.23101895, -0.29096), (-0.29096, 0.2539144, -0.23101895), (-0.31630817, 0.3200768, 0), (-0.37808004, 0.23366632, -0.07039551), (-0.35109198, 0.2791078, -0.03651383), (-0.37808004, 0.23366632, 0.07039551), (-0.35109198, 0.2791078, 0.03651383), (-0.41176954, 0, -0.18150991), (-0.41593707, 0.059244916, -0.16120295), (-0.44445977, 0.059881996, -0.03700911), (-0.4456975, 0, -0.06207851), (-0.43487668, 0.059756614, -0.09905266), (-0.40095294, 0.17378433, -0.10740462), (-0.41230989, 0.11883724, -0.1355665), (-0.41176954, 0, 0.18150991), (-0.41593707, 0.059244916, 0.16120295), (-0.40095294, 0.17378433, 0.10740462), (-0.41230989, 0.11883724, 0.1355665), (-0.4456975, 0, 0.06207851), (-0.44445977, 0.059881996, 0.03700911), (-0.43487668, 0.059756614, 0.09905266), (-0.41084212, 0.17982318, -0.03704561), (-0.43373758, 0.119882114, 0), (-0.41084212, 0.17982318, 0.03704561), (0.2770389, 0.35272938, 0.03648883), (0.25706324, 0.35669217, 0.09586029), (0.20429572, 0.34107095, 0.21079344), (0.23225473, 0.35255328, 0.15576886), (0.34139353, 0.27307132, 0.10668885), (0.31819806, 0.27067542, 0.16728662), (0.29133534, 0.31603944, 0.13320206), (0.05904017, 0.21799874, 0.3892182), (0.09586029, 0.25706324, 0.35669217), (0.21079344, 0.20429572, 0.34107095), (0.17262618, 0.16876735, 0.37976018), (0.15576886, 0.23225473, 0.35255328), (0.16728662, 0.31819806, 0.27067542), (0.13320206, 0.29133534, 0.31603944), (0.3892182, 0.05904017, 0.21799874), (0.35272938, 0.03648883, 0.2770389), (0.35669217, 0.09586029, 0.25706324), (0.34107095, 0.21079344, 0.20429572), (0.37976018, 0.17262618, 0.16876735), (0.35255328, 0.15576886, 0.23225473), (0.27307132, 0.10668885, 0.34139353), (0.27067542, 0.16728662, 0.31819806), (0.31603944, 0.13320206, 0.29133534), (0.23101895, 0.29096, 0.2539144), (0.2539144, 0.23101895, 0.29096), (0.29096, 0.2539144, 0.23101895), (0, 0.18150991, 0.41176954), (-0.059244916, 0.16120295, 0.41593707), (-0.17378433, 0.10740462, 0.40095294), (-0.11883724, 0.1355665, 0.41230989), (0, 0.06207851, 0.4456975), (-0.059881996, 0.03700911, 0.44445977), (-0.059756614, 0.09905266, 0.43487668), (-0.35272938, -0.03648883, 0.2770389), (-0.3200768, 0, 0.31630817), (-0.23366632, -0.07039551, 0.37808004), (-0.27307132, -0.10668885, 0.34139353), (-0.2791078, -0.03651383, 0.35109198), (-0.23366632, 0.07039551, 0.37808004), (-0.2791078, 0.03651383, 0.35109198), (0, -0.18150991, 0.41176954), (-0.05904017, -0.21799874, 0.3892182), (-0.059244916, -0.16120295, 0.41593707), (-0.059881996, -0.03700911, 0.44445977), (0, -0.06207851, 0.4456975), (-0.059756614, -0.09905266, 0.43487668), (-0.17262618, -0.16876735, 0.37976018), (-0.17378433, -0.10740462, 0.40095294), (-0.11883724, -0.1355665, 0.41230989), (-0.17982318, 0.03704561, 0.41084212), (-0.17982318, -0.03704561, 0.41084212), (-0.119882114, 0, 0.43373758), (-0.3892182, -0.05904017, 0.21799874), (-0.41593707, -0.059244916, 0.16120295), (-0.44445977, -0.059881996, 0.03700911), (-0.43487668, -0.059756614, 0.09905266), (-0.37976018, -0.17262618, 0.16876735), (-0.40095294, -0.17378433, 0.10740462), (-0.41230989, -0.11883724, 0.1355665), (-0.3892182, -0.05904017, -0.21799874), (-0.41593707, -0.059244916, -0.16120295), (-0.40095294, -0.17378433, -0.10740462), (-0.37976018, -0.17262618, -0.16876735), (-0.41230989, -0.11883724, -0.1355665), (-0.44445977, -0.059881996, -0.03700911), (-0.43487668, -0.059756614, -0.09905266), (-0.2770389, -0.35272938, 0.03648883), (-0.2770389, -0.35272938, -0.03648883), (-0.31630817, -0.3200768, 0), (-0.37808004, -0.23366632, 0.07039551), (-0.34139353, -0.27307132, 0.10668885), (-0.35109198, -0.2791078, 0.03651383), (-0.34139353, -0.27307132, -0.10668885), (-0.37808004, -0.23366632, -0.07039551), (-0.35109198, -0.2791078, -0.03651383), (-0.43373758, -0.119882114, 0), (-0.41084212, -0.17982318, -0.03704561), (-0.41084212, -0.17982318, 0.03704561), (-0.35272938, -0.03648883, -0.2770389), (-0.3200768, 0, -0.31630817), (-0.23366632, 0.07039551, -0.37808004), (-0.2791078, 0.03651383, -0.35109198), (-0.27307132, -0.10668885, -0.34139353), (-0.23366632, -0.07039551, -0.37808004), (-0.2791078, -0.03651383, -0.35109198), (0, 0.18150991, -0.41176954), (-0.059244916, 0.16120295, -0.41593707), (-0.059881996, 0.03700911, -0.44445977), (0, 0.06207851, -0.4456975), (-0.059756614, 0.09905266, -0.43487668), (-0.17378433, 0.10740462, -0.40095294), (-0.11883724, 0.1355665, -0.41230989), (-0.05904017, -0.21799874, -0.3892182), (0, -0.18150991, -0.41176954), (-0.059244916, -0.16120295, -0.41593707), (-0.17378433, -0.10740462, -0.40095294), (-0.17262618, -0.16876735, -0.37976018), (-0.11883724, -0.1355665, -0.41230989), (0, -0.06207851, -0.4456975), (-0.059881996, -0.03700911, -0.44445977), (-0.059756614, -0.09905266, -0.43487668), (-0.17982318, 0.03704561, -0.41084212), (-0.119882114, 0, -0.43373758), (-0.17982318, -0.03704561, -0.41084212), (0.05904017, 0.21799874, -0.3892182), (0.09586029, 0.25706324, -0.35669217), (0.16728662, 0.31819806, -0.27067542), (0.13320206, 0.29133534, -0.31603944), (0.17262618, 0.16876735, -0.37976018), (0.21079344, 0.20429572, -0.34107095), (0.15576886, 0.23225473, -0.35255328), (0.2770389, 0.35272938, -0.03648883), (0.25706324, 0.35669217, -0.09586029), (0.31819806, 0.27067542, -0.16728662), (0.34139353, 0.27307132, -0.10668885), (0.29133534, 0.31603944, -0.13320206), (0.20429572, 0.34107095, -0.21079344), (0.23225473, 0.35255328, -0.15576886), (0.35272938, 0.03648883, -0.2770389), (0.3892182, 0.05904017, -0.21799874), (0.35669217, 0.09586029, -0.25706324), (0.27067542, 0.16728662, -0.31819806), (0.27307132, 0.10668885, -0.34139353), (0.31603944, 0.13320206, -0.29133534), (0.37976018, 0.17262618, -0.16876735), (0.34107095, 0.21079344, -0.20429572), (0.35255328, 0.15576886, -0.23225473), (0.23101895, 0.29096, -0.2539144), (0.29096, 0.2539144, -0.23101895), (0.2539144, 0.23101895, -0.29096), (0.2770389, -0.35272938, 0.03648883), (0.21799874, -0.3892182, 0.05904017), (0.25706324, -0.35669217, 0.09586029), (0.31819806, -0.27067542, 0.16728662), (0.34139353, -0.27307132, 0.10668885), (0.29133534, -0.31603944, 0.13320206), (0.16876735, -0.37976018, 0.17262618), (0.20429572, -0.34107095, 0.21079344), (0.23225473, -0.35255328, 0.15576886), (0.35272938, -0.03648883, 0.2770389), (0.3892182, -0.05904017, 0.21799874), (0.35669217, -0.09586029, 0.25706324), (0.27067542, -0.16728662, 0.31819806), (0.27307132, -0.10668885, 0.34139353), (0.31603944, -0.13320206, 0.29133534), (0.37976018, -0.17262618, 0.16876735), (0.34107095, -0.21079344, 0.20429572), (0.35255328, -0.15576886, 0.23225473), (0.03648883, -0.2770389, 0.35272938), (0.05904017, -0.21799874, 0.3892182), (0.09586029, -0.25706324, 0.35669217), (0.16728662, -0.31819806, 0.27067542), (0.10668885, -0.34139353, 0.27307132), (0.13320206, -0.29133534, 0.31603944), (0.17262618, -0.16876735, 0.37976018), (0.21079344, -0.20429572, 0.34107095), (0.15576886, -0.23225473, 0.35255328), (0.29096, -0.2539144, 0.23101895), (0.2539144, -0.23101895, 0.29096), (0.23101895, -0.29096, 0.2539144), (0.18150991, -0.41176954, 0), (0.16120295, -0.41593707, 0.059244916), (0.10740462, -0.40095294, 0.17378433), (0.1355665, -0.41230989, 0.11883724), (0.06207851, -0.4456975, 0), (0.03700911, -0.44445977, 0.059881996), (0.09905266, -0.43487668, 0.059756614), (-0.03648883, -0.2770389, 0.35272938), (0, -0.31630817, 0.3200768), (-0.07039551, -0.37808004, 0.23366632), (-0.10668885, -0.34139353, 0.27307132), (-0.03651383, -0.35109198, 0.2791078), (0.07039551, -0.37808004, 0.23366632), (0.03651383, -0.35109198, 0.2791078), (-0.18150991, -0.41176954, 0), (-0.21799874, -0.3892182, 0.05904017), (-0.16120295, -0.41593707, 0.059244916), (-0.03700911, -0.44445977, 0.059881996), (-0.06207851, -0.4456975, 0), (-0.09905266, -0.43487668, 0.059756614), (-0.16876735, -0.37976018, 0.17262618), (-0.10740462, -0.40095294, 0.17378433), (-0.1355665, -0.41230989, 0.11883724), (0.03704561, -0.41084212, 0.17982318), (-0.03704561, -0.41084212, 0.17982318), (0, -0.43373758, 0.119882114), (0.21799874, -0.3892182, -0.05904017), (0.16120295, -0.41593707, -0.059244916), (0.03700911, -0.44445977, -0.059881996), (0.09905266, -0.43487668, -0.059756614), (0.16876735, -0.37976018, -0.17262618), (0.10740462, -0.40095294, -0.17378433), (0.1355665, -0.41230989, -0.11883724), (-0.21799874, -0.3892182, -0.05904017), (-0.16120295, -0.41593707, -0.059244916), (-0.10740462, -0.40095294, -0.17378433), (-0.16876735, -0.37976018, -0.17262618), (-0.1355665, -0.41230989, -0.11883724), (-0.03700911, -0.44445977, -0.059881996), (-0.09905266, -0.43487668, -0.059756614), (0.03648883, -0.2770389, -0.35272938), (-0.03648883, -0.2770389, -0.35272938), (0, -0.31630817, -0.3200768), (0.07039551, -0.37808004, -0.23366632), (0.10668885, -0.34139353, -0.27307132), (0.03651383, -0.35109198, -0.2791078), (-0.10668885, -0.34139353, -0.27307132), (-0.07039551, -0.37808004, -0.23366632), (-0.03651383, -0.35109198, -0.2791078), (0, -0.43373758, -0.119882114), (-0.03704561, -0.41084212, -0.17982318), (0.03704561, -0.41084212, -0.17982318), (0.2770389, -0.35272938, -0.03648883), (0.25706324, -0.35669217, -0.09586029), (0.20429572, -0.34107095, -0.21079344), (0.23225473, -0.35255328, -0.15576886), (0.34139353, -0.27307132, -0.10668885), (0.31819806, -0.27067542, -0.16728662), (0.29133534, -0.31603944, -0.13320206), (0.05904017, -0.21799874, -0.3892182), (0.09586029, -0.25706324, -0.35669217), (0.21079344, -0.20429572, -0.34107095), (0.17262618, -0.16876735, -0.37976018), (0.15576886, -0.23225473, -0.35255328), (0.16728662, -0.31819806, -0.27067542), (0.13320206, -0.29133534, -0.31603944), (0.3892182, -0.05904017, -0.21799874), (0.35272938, -0.03648883, -0.2770389), (0.35669217, -0.09586029, -0.25706324), (0.34107095, -0.21079344, -0.20429572), (0.37976018, -0.17262618, -0.16876735), (0.35255328, -0.15576886, -0.23225473), (0.27307132, -0.10668885, -0.34139353), (0.27067542, -0.16728662, -0.31819806), (0.31603944, -0.13320206, -0.29133534), (0.23101895, -0.29096, -0.2539144), (0.2539144, -0.23101895, -0.29096), (0.29096, -0.2539144, -0.23101895), (0.31630817, -0.3200768, 0), (0.37808004, -0.23366632, -0.07039551), (0.35109198, -0.2791078, -0.03651383), (0.37808004, -0.23366632, 0.07039551), (0.35109198, -0.2791078, 0.03651383), (0.41176954, 0, -0.18150991), (0.41593707, -0.059244916, -0.16120295), (0.44445977, -0.059881996, -0.03700911), (0.4456975, 0, -0.06207851), (0.43487668, -0.059756614, -0.09905266), (0.40095294, -0.17378433, -0.10740462), (0.41230989, -0.11883724, -0.1355665), (0.41176954, 0, 0.18150991), (0.41593707, -0.059244916, 0.16120295), (0.40095294, -0.17378433, 0.10740462), (0.41230989, -0.11883724, 0.1355665), (0.4456975, 0, 0.06207851), (0.44445977, -0.059881996, 0.03700911), (0.43487668, -0.059756614, 0.09905266), (0.41084212, -0.17982318, -0.03704561), (0.43373758, -0.119882114, 0), (0.41084212, -0.17982318, 0.03704561), (0.059244916, -0.16120295, 0.41593707), (0.17378433, -0.10740462, 0.40095294), (0.11883724, -0.1355665, 0.41230989), (0.059881996, -0.03700911, 0.44445977), (0.059756614, -0.09905266, 0.43487668), (0.3200768, 0, 0.31630817), (0.23366632, 0.07039551, 0.37808004), (0.2791078, 0.03651383, 0.35109198), (0.23366632, -0.07039551, 0.37808004), (0.2791078, -0.03651383, 0.35109198), (0.059244916, 0.16120295, 0.41593707), (0.059881996, 0.03700911, 0.44445977), (0.059756614, 0.09905266, 0.43487668), (0.17378433, 0.10740462, 0.40095294), (0.11883724, 0.1355665, 0.41230989), (0.17982318, -0.03704561, 0.41084212), (0.17982318, 0.03704561, 0.41084212), (0.119882114, 0, 0.43373758), (-0.25706324, -0.35669217, 0.09586029), (-0.20429572, -0.34107095, 0.21079344), (-0.23225473, -0.35255328, 0.15576886), (-0.31819806, -0.27067542, 0.16728662), (-0.29133534, -0.31603944, 0.13320206), (-0.09586029, -0.25706324, 0.35669217), (-0.21079344, -0.20429572, 0.34107095), (-0.15576886, -0.23225473, 0.35255328), (-0.16728662, -0.31819806, 0.27067542), (-0.13320206, -0.29133534, 0.31603944), (-0.35669217, -0.09586029, 0.25706324), (-0.34107095, -0.21079344, 0.20429572), (-0.35255328, -0.15576886, 0.23225473), (-0.27067542, -0.16728662, 0.31819806), (-0.31603944, -0.13320206, 0.29133534), (-0.23101895, -0.29096, 0.2539144), (-0.2539144, -0.23101895, 0.29096), (-0.29096, -0.2539144, 0.23101895), (-0.09586029, -0.25706324, -0.35669217), (-0.16728662, -0.31819806, -0.27067542), (-0.13320206, -0.29133534, -0.31603944), (-0.21079344, -0.20429572, -0.34107095), (-0.15576886, -0.23225473, -0.35255328), (-0.25706324, -0.35669217, -0.09586029), (-0.31819806, -0.27067542, -0.16728662), (-0.29133534, -0.31603944, -0.13320206), (-0.20429572, -0.34107095, -0.21079344), (-0.23225473, -0.35255328, -0.15576886), (-0.35669217, -0.09586029, -0.25706324), (-0.27067542, -0.16728662, -0.31819806), (-0.31603944, -0.13320206, -0.29133534), (-0.34107095, -0.21079344, -0.20429572), (-0.35255328, -0.15576886, -0.23225473), (-0.23101895, -0.29096, -0.2539144), (-0.29096, -0.2539144, -0.23101895), (-0.2539144, -0.23101895, -0.29096), (0.3200768, 0, -0.31630817), (0.23366632, -0.07039551, -0.37808004), (0.2791078, -0.03651383, -0.35109198), (0.23366632, 0.07039551, -0.37808004), (0.2791078, 0.03651383, -0.35109198), (0.059244916, -0.16120295, -0.41593707), (0.059881996, -0.03700911, -0.44445977), (0.059756614, -0.09905266, -0.43487668), (0.17378433, -0.10740462, -0.40095294), (0.11883724, -0.1355665, -0.41230989), (0.059244916, 0.16120295, -0.41593707), (0.17378433, 0.10740462, -0.40095294), (0.11883724, 0.1355665, -0.41230989), (0.059881996, 0.03700911, -0.44445977), (0.059756614, 0.09905266, -0.43487668), (0.17982318, -0.03704561, -0.41084212), (0.119882114, 0, -0.43373758), (0.17982318, 0.03704561, -0.41084212), (0.41593707, 0.059244916, 0.16120295), (0.44445977, 0.059881996, 0.03700911), (0.43487668, 0.059756614, 0.09905266), (0.40095294, 0.17378433, 0.10740462), (0.41230989, 0.11883724, 0.1355665), (0.41593707, 0.059244916, -0.16120295), (0.40095294, 0.17378433, -0.10740462), (0.41230989, 0.11883724, -0.1355665), (0.44445977, 0.059881996, -0.03700911), (0.43487668, 0.059756614, -0.09905266), (0.31630817, 0.3200768, 0), (0.37808004, 0.23366632, 0.07039551), (0.35109198, 0.2791078, 0.03651383), (0.37808004, 0.23366632, -0.07039551), (0.35109198, 0.2791078, -0.03651383), (0.43373758, 0.119882114, 0), (0.41084212, 0.17982318, -0.03704561), (0.41084212, 0.17982318, 0.03704561)]
            texCoord2f[] primvars:st = [(0.83810407, 0.5), (0.8559628, 0.5258389), (0.8312581, 0.5418831), (0.87405753, 0.55135), (0.8493883, 0.5683309), (0.8559628, 0.5258389), (0.8241684, 0.58368695), (0.8312581, 0.5418831), (0.8493883, 0.5683309), (0.8559628, 0.5258389), (0.8493883, 0.5683309), (0.8312581, 0.5418831), (0.91189593, 0.6), (0.8878162, 0.62124145), (0.892624, 0.57619244), (0.862502, 0.63984036), (0.86853015, 0.59565437), (0.8878162, 0.62124145), (0.87405753, 0.55135), (0.892624, 0.57619244), (0.86853015, 0.59565437), (0.8878162, 0.62124145), (0.86853015, 0.59565437), (0.892624, 0.57619244), (0.8080699, 0.6666667), (0.8165572, 0.6253206), (0.83589137, 0.65518016), (0.8241684, 0.58368695), (0.84271127, 0.6125122), (0.8165572, 0.6253206), (0.862502, 0.63984036), (0.83589137, 0.65518016), (0.84271127, 0.6125122), (0.8165572, 0.6253206), (0.84271127, 0.6125122), (0.83589137, 0.65518016), (0.87405753, 0.55135), (0.86853015, 0.59565437), (0.8493883, 0.5683309), (0.862502, 0.63984036), (0.84271127, 0.6125122), (0.86853015, 0.59565437), (0.8241684, 0.58368695), (0.8493883, 0.5683309), (0.84271127, 0.6125122), (0.86853015, 0.59565437), (0.84271127, 0.6125122), (0.8493883, 0.5683309), (1, 0.6762082), (0.98359424, 0.71110326), (0.9760406, 0.6609772), (0.9642029, 0.7440562), (0.95821476, 0.69354194), (0.98359424, 0.71110326), (0.95342857, 0.64285886), (0.9760406, 0.6609772), (0.95821476, 0.69354194), (0.98359424, 0.71110326), (0.95821476, 0.69354194), (0.9760406, 0.6609772), (0.91189593, 0.8), (0.91189593, 0.75), (0.9407207, 0.77414185), (0.91189593, 0.7), (0.93651634, 0.72414863), (0.91189593, 0.75), (0.9642029, 0.7440562), (0.9407207, 0.77414185), (0.93651634, 0.72414863), (0.91189593, 0.75), (0.93651634, 0.72414863), (0.9407207, 0.77414185), (0.91189593, 0.6), (0.9320974, 0.62237054), (0.91189593, 0.65), (0.95342857, 0.64285886), (0.93378526, 0.67262477), (0.9320974, 0.62237054), (0.91189593, 0.7), (0.91189593, 0.65), (0.93378526, 0.67262477), (0.9320974, 0.62237054), (0.93378526, 0.67262477), (0.91189593, 0.65), (0.9642029, 0.7440562), (0.93651634, 0.72414863), (0.95821476, 0.69354194), (0.91189593, 0.7), (0.93378526, 0.67262477), (0.93651634, 0.72414863), (0.95342857, 0.64285886), (0.95821476, 0.69354194), (0.93378526, 0.67262477), (0.93651634, 0.72414863), (0.93378526, 0.67262477), (0.95821476, 0.69354194), (0.75, 0.8237918), (0.7708424, 0.78674334), (0.7920939, 0.8326369), (0.78620917, 0.74773014), (0.8068077, 0.7912988), (0.7708424, 0.78674334), (0.83589137, 0.8312085), (0.7920939, 0.8326369), (0.8068077, 0.7912988), (0.7708424, 0.78674334), (0.8068077, 0.7912988), (0.7920939, 0.8326369), (0.8080699, 0.6666667), (0.8270342, 0.7054304), (0.79820704, 0.7075572), (0.8496938, 0.74159485), (0.81825125, 0.74784786), (0.8270342, 0.7054304), (0.78620917, 0.74773014), (0.79820704, 0.7075572), (0.81825125, 0.74784786), (0.8270342, 0.7054304), (0.81825125, 0.74784786), (0.79820704, 0.7075572), (0.91189593, 0.8), (0.87679887, 0.81975275), (0.8774912, 0.7737918), (0.83589137, 0.8312085), (0.844025, 0.78654283), (0.87679887, 0.81975275), (0.8496938, 0.74159485), (0.8774912, 0.7737918), (0.844025, 0.78654283), (0.87679887, 0.81975275), (0.844025, 0.78654283), (0.8774912, 0.7737918), (0.78620917, 0.74773014), (0.81825125, 0.74784786), (0.8068077, 0.7912988), (0.8496938, 0.74159485), (0.844025, 0.78654283), (0.81825125, 0.74784786), (0.83589137, 0.8312085), (0.8068077, 0.7912988), (0.844025, 0.78654283), (0.81825125, 0.74784786), (0.844025, 0.78654283), (0.8068077, 0.7912988), (0.91189593, 0.6), (0.91189593, 0.65), (0.8878162, 0.62124145), (0.91189593, 0.7), (0.8858042, 0.67160517), (0.91189593, 0.65), (0.862502, 0.63984036), (0.8878162, 0.62124145), (0.8858042, 0.67160517), (0.91189593, 0.65), (0.8858042, 0.67160517), (0.8878162, 0.62124145), (0.91189593, 0.8), (0.8774912, 0.7737918), (0.91189593, 0.75), (0.8496938, 0.74159485), (0.8825087, 0.7238004), (0.8774912, 0.7737918), (0.91189593, 0.7), (0.91189593, 0.75), (0.8825087, 0.7238004), (0.8774912, 0.7737918), (0.8825087, 0.7238004), (0.91189593, 0.75), (0.8080699, 0.6666667), (0.83589137, 0.65518016), (0.8270342, 0.7054304), (0.862502, 0.63984036), (0.8568033, 0.6908362), (0.83589137, 0.65518016), (0.8496938, 0.74159485), (0.8270342, 0.7054304), (0.8568033, 0.6908362), (0.83589137, 0.65518016), (0.8568033, 0.6908362), (0.8270342, 0.7054304), (0.91189593, 0.7), (0.8825087, 0.7238004), (0.8858042, 0.67160517), (0.8496938, 0.74159485), (0.8568033, 0.6908362), (0.8825087, 0.7238004), (0.862502, 0.63984036), (0.8858042, 0.67160517), (0.8568033, 0.6908362), (0.8825087, 0.7238004), (0.8568033, 0.6908362), (0.8858042, 0.67160517), (0.83810407, 0.5), (0.8312581, 0.5418831), (0.81607807, 0.5), (0.8241684, 0.58368695), (0.8088462, 0.5420292), (0.8312581, 0.5418831), (0.79405206, 0.5), (0.81607807, 0.5), (0.8088462, 0.5420292), (0.8312581, 0.5418831), (0.8088462, 0.5420292), (0.81607807, 0.5), (0.8080699, 0.6666667), (0.7916554, 0.6262082), (0.8165572, 0.6253206), (0.776927, 0.58466756), (0.8005576, 0.5850692), (0.7916554, 0.6262082), (0.8241684, 0.58368695), (0.8165572, 0.6253206), (0.8005576, 0.5850692), (0.7916554, 0.6262082), (0.8005576, 0.5850692), (0.8165572, 0.6253206), (0.75, 0.5), (0.772026, 0.5), (0.763222, 0.54248387), (0.79405206, 0.5), (0.7856429, 0.5423944), (0.772026, 0.5), (0.776927, 0.58466756), (0.763222, 0.54248387), (0.7856429, 0.5423944), (0.772026, 0.5), (0.7856429, 0.5423944), (0.763222, 0.54248387), (0.8241684, 0.58368695), (0.8005576, 0.5850692), (0.8088462, 0.5420292), (0.776927, 0.58466756), (0.7856429, 0.5423944), (0.8005576, 0.5850692), (0.79405206, 0.5), (0.8088462, 0.5420292), (0.7856429, 0.5423944), (0.8005576, 0.5850692), (0.7856429, 0.5423944), (0.8088462, 0.5420292), (0.75, 0.8237918), (0.7291576, 0.78674334), (0.7708424, 0.78674334), (0.71379083, 0.74773014), (0.75, 0.751885), (0.7291576, 0.78674334), (0.78620917, 0.74773014), (0.7708424, 0.78674334), (0.75, 0.751885), (0.7291576, 0.78674334), (0.75, 0.751885), (0.7708424, 0.78674334), (0.6919301, 0.6666667), (0.7207021, 0.6737918), (0.70179296, 0.7075572), (0.75, 0.6762082), (0.73350704, 0.7129646), (0.7207021, 0.6737918), (0.71379083, 0.74773014), (0.70179296, 0.7075572), (0.73350704, 0.7129646), (0.7207021, 0.6737918), (0.73350704, 0.7129646), (0.70179296, 0.7075572), (0.8080699, 0.6666667), (0.79820704, 0.7075572), (0.7792979, 0.6737918), (0.78620917, 0.74773014), (0.76649296, 0.7129646), (0.79820704, 0.7075572), (0.75, 0.6762082), (0.7792979, 0.6737918), (0.76649296, 0.7129646), (0.79820704, 0.7075572), (0.76649296, 0.7129646), (0.7792979, 0.6737918), (0.71379083, 0.74773014), (0.73350704, 0.7129646), (0.75, 0.751885), (0.75, 0.6762082), (0.76649296, 0.7129646), (0.73350704, 0.7129646), (0.78620917, 0.74773014), (0.75, 0.751885), (0.76649296, 0.7129646), (0.73350704, 0.7129646), (0.76649296, 0.7129646), (0.75, 0.751885), (0.66189593, 0.5), (0.68392193, 0.5), (0.6687419, 0.5418831), (0.70594794, 0.5), (0.6911538, 0.5420292), (0.68392193, 0.5), (0.6758316, 0.58368695), (0.6687419, 0.5418831), (0.6911538, 0.5420292), (0.68392193, 0.5), (0.6911538, 0.5420292), (0.6687419, 0.5418831), (0.75, 0.5), (0.736778, 0.54248387), (0.727974, 0.5), (0.723073, 0.58466756), (0.7143571, 0.5423944), (0.736778, 0.54248387), (0.70594794, 0.5), (0.727974, 0.5), (0.7143571, 0.5423944), (0.736778, 0.54248387), (0.7143571, 0.5423944), (0.727974, 0.5), (0.6919301, 0.6666667), (0.6834428, 0.6253206), (0.7083446, 0.6262082), (0.6758316, 0.58368695), (0.6994424, 0.5850692), (0.6834428, 0.6253206), (0.723073, 0.58466756), (0.7083446, 0.6262082), (0.6994424, 0.5850692), (0.6834428, 0.6253206), (0.6994424, 0.5850692), (0.7083446, 0.6262082), (0.70594794, 0.5), (0.7143571, 0.5423944), (0.6911538, 0.5420292), (0.723073, 0.58466756), (0.6994424, 0.5850692), (0.7143571, 0.5423944), (0.6758316, 0.58368695), (0.6911538, 0.5420292), (0.6994424, 0.5850692), (0.7143571, 0.5423944), (0.6994424, 0.5850692), (0.6911538, 0.5420292), (0.8080699, 0.6666667), (0.7792979, 0.6737918), (0.7916554, 0.6262082), (0.75, 0.6762082), (0.76431227, 0.6308534), (0.7792979, 0.6737918), (0.776927, 0.58466756), (0.7916554, 0.6262082), (0.76431227, 0.6308534), (0.7792979, 0.6737918), (0.76431227, 0.6308534), (0.7916554, 0.6262082), (0.6919301, 0.6666667), (0.7083446, 0.6262082), (0.7207021, 0.6737918), (0.723073, 0.58466756), (0.73568773, 0.6308534), (0.7083446, 0.6262082), (0.75, 0.6762082), (0.7207021, 0.6737918), (0.73568773, 0.6308534), (0.7083446, 0.6262082), (0.73568773, 0.6308534), (0.7207021, 0.6737918), (0.75, 0.5), (0.763222, 0.54248387), (0.736778, 0.54248387), (0.776927, 0.58466756), (0.75, 0.58583575), (0.763222, 0.54248387), (0.723073, 0.58466756), (0.736778, 0.54248387), (0.75, 0.58583575), (0.763222, 0.54248387), (0.75, 0.58583575), (0.736778, 0.54248387), (0.75, 0.6762082), (0.73568773, 0.6308534), (0.76431227, 0.6308534), (0.723073, 0.58466756), (0.75, 0.58583575), (0.73568773, 0.6308534), (0.776927, 0.58466756), (0.76431227, 0.6308534), (0.75, 0.58583575), (0.73568773, 0.6308534), (0.75, 0.58583575), (0.76431227, 0.6308534), (0.83810407, 0.5), (0.81607807, 0.5), (0.8312581, 0.45811686), (0.79405206, 0.5), (0.8088462, 0.45797077), (0.81607807, 0.5), (0.8241684, 0.41631305), (0.8312581, 0.45811686), (0.8088462, 0.45797077), (0.81607807, 0.5), (0.8088462, 0.45797077), (0.8312581, 0.45811686), (0.75, 0.5), (0.763222, 0.45751613), (0.772026, 0.5), (0.776927, 0.41533244), (0.7856429, 0.45760563), (0.763222, 0.45751613), (0.79405206, 0.5), (0.772026, 0.5), (0.7856429, 0.45760563), (0.763222, 0.45751613), (0.7856429, 0.45760563), (0.772026, 0.5), (0.8080699, 0.33333334), (0.8165572, 0.37467942), (0.7916554, 0.3737918), (0.8241684, 0.41631305), (0.8005576, 0.4149308), (0.8165572, 0.37467942), (0.776927, 0.41533244), (0.7916554, 0.3737918), (0.8005576, 0.4149308), (0.8165572, 0.37467942), (0.8005576, 0.4149308), (0.7916554, 0.3737918), (0.79405206, 0.5), (0.7856429, 0.45760563), (0.8088462, 0.45797077), (0.776927, 0.41533244), (0.8005576, 0.4149308), (0.7856429, 0.45760563), (0.8241684, 0.41631305), (0.8088462, 0.45797077), (0.8005576, 0.4149308), (0.7856429, 0.45760563), (0.8005576, 0.4149308), (0.8088462, 0.45797077), (0.66189593, 0.5), (0.6687419, 0.45811686), (0.68392193, 0.5), (0.6758316, 0.41631305), (0.6911538, 0.45797077), (0.6687419, 0.45811686), (0.70594794, 0.5), (0.68392193, 0.5), (0.6911538, 0.45797077), (0.6687419, 0.45811686), (0.6911538, 0.45797077), (0.68392193, 0.5), (0.6919301, 0.33333334), (0.7083446, 0.3737918), (0.6834428, 0.37467942), (0.723073, 0.41533244), (0.6994424, 0.4149308), (0.7083446, 0.3737918), (0.6758316, 0.41631305), (0.6834428, 0.37467942), (0.6994424, 0.4149308), (0.7083446, 0.3737918), (0.6994424, 0.4149308), (0.6834428, 0.37467942), (0.75, 0.5), (0.727974, 0.5), (0.736778, 0.45751613), (0.70594794, 0.5), (0.7143571, 0.45760563), (0.727974, 0.5), (0.723073, 0.41533244), (0.736778, 0.45751613), (0.7143571, 0.45760563), (0.727974, 0.5), (0.7143571, 0.45760563), (0.736778, 0.45751613), (0.6758316, 0.41631305), (0.6994424, 0.4149308), (0.6911538, 0.45797077), (0.723073, 0.41533244), (0.7143571, 0.45760563), (0.6994424, 0.4149308), (0.70594794, 0.5), (0.6911538, 0.45797077), (0.7143571, 0.45760563), (0.6994424, 0.4149308), (0.7143571, 0.45760563), (0.6911538, 0.45797077), (0.75, 0.1762082), (0.7708424, 0.21325667), (0.7291576, 0.21325667), (0.78620917, 0.25226986), (0.75, 0.24811502), (0.7708424, 0.21325667), (0.71379083, 0.25226986), (0.7291576, 0.21325667), (0.75, 0.24811502), (0.7708424, 0.21325667), (0.75, 0.24811502), (0.7291576, 0.21325667), (0.8080699, 0.33333334), (0.7792979, 0.3262082), (0.79820704, 0.29244283), (0.75, 0.3237918), (0.76649296, 0.28703538), (0.7792979, 0.3262082), (0.78620917, 0.25226986), (0.79820704, 0.29244283), (0.76649296, 0.28703538), (0.7792979, 0.3262082), (0.76649296, 0.28703538), (0.79820704, 0.29244283), (0.6919301, 0.33333334), (0.70179296, 0.29244283), (0.7207021, 0.3262082), (0.71379083, 0.25226986), (0.73350704, 0.28703538), (0.70179296, 0.29244283), (0.75, 0.3237918), (0.7207021, 0.3262082), (0.73350704, 0.28703538), (0.70179296, 0.29244283), (0.73350704, 0.28703538), (0.7207021, 0.3262082), (0.78620917, 0.25226986), (0.76649296, 0.28703538), (0.75, 0.24811502), (0.75, 0.3237918), (0.73350704, 0.28703538), (0.76649296, 0.28703538), (0.71379083, 0.25226986), (0.75, 0.24811502), (0.73350704, 0.28703538), (0.76649296, 0.28703538), (0.73350704, 0.28703538), (0.75, 0.24811502), (0.75, 0.5), (0.736778, 0.45751613), (0.763222, 0.45751613), (0.723073, 0.41533244), (0.75, 0.41416425), (0.736778, 0.45751613), (0.776927, 0.41533244), (0.763222, 0.45751613), (0.75, 0.41416425), (0.736778, 0.45751613), (0.75, 0.41416425), (0.763222, 0.45751613), (0.6919301, 0.33333334), (0.7207021, 0.3262082), (0.7083446, 0.3737918), (0.75, 0.3237918), (0.73568773, 0.3691466), (0.7207021, 0.3262082), (0.723073, 0.41533244), (0.7083446, 0.3737918), (0.73568773, 0.3691466), (0.7207021, 0.3262082), (0.73568773, 0.3691466), (0.7083446, 0.3737918), (0.8080699, 0.33333334), (0.7916554, 0.3737918), (0.7792979, 0.3262082), (0.776927, 0.41533244), (0.76431227, 0.3691466), (0.7916554, 0.3737918), (0.75, 0.3237918), (0.7792979, 0.3262082), (0.76431227, 0.3691466), (0.7916554, 0.3737918), (0.76431227, 0.3691466), (0.7792979, 0.3262082), (0.723073, 0.41533244), (0.73568773, 0.3691466), (0.75, 0.41416425), (0.75, 0.3237918), (0.76431227, 0.3691466), (0.73568773, 0.3691466), (0.776927, 0.41533244), (0.75, 0.41416425), (0.76431227, 0.3691466), (0.73568773, 0.3691466), (0.76431227, 0.3691466), (0.75, 0.41416425), (0.83810407, 0.5), (0.8312581, 0.45811686), (0.8559628, 0.47416106), (0.8241684, 0.41631305), (0.8493883, 0.43166912), (0.8312581, 0.45811686), (0.87405753, 0.44864997), (0.8559628, 0.47416106), (0.8493883, 0.43166912), (0.8312581, 0.45811686), (0.8493883, 0.43166912), (0.8559628, 0.47416106), (0.8080699, 0.33333334), (0.83589137, 0.34481987), (0.8165572, 0.37467942), (0.862502, 0.36015967), (0.84271127, 0.3874878), (0.83589137, 0.34481987), (0.8241684, 0.41631305), (0.8165572, 0.37467942), (0.84271127, 0.3874878), (0.83589137, 0.34481987), (0.84271127, 0.3874878), (0.8165572, 0.37467942), (0.91189593, 0.4), (0.892624, 0.42380756), (0.8878162, 0.37875855), (0.87405753, 0.44864997), (0.86853015, 0.40434563), (0.892624, 0.42380756), (0.862502, 0.36015967), (0.8878162, 0.37875855), (0.86853015, 0.40434563), (0.892624, 0.42380756), (0.86853015, 0.40434563), (0.8878162, 0.37875855), (0.8241684, 0.41631305), (0.84271127, 0.3874878), (0.8493883, 0.43166912), (0.862502, 0.36015967), (0.86853015, 0.40434563), (0.84271127, 0.3874878), (0.87405753, 0.44864997), (0.8493883, 0.43166912), (0.86853015, 0.40434563), (0.84271127, 0.3874878), (0.86853015, 0.40434563), (0.8493883, 0.43166912), (0.75, 0.1762082), (0.7920939, 0.16736312), (0.7708424, 0.21325667), (0.83589137, 0.16879149), (0.8068077, 0.20870122), (0.7920939, 0.16736312), (0.78620917, 0.25226986), (0.7708424, 0.21325667), (0.8068077, 0.20870122), (0.7920939, 0.16736312), (0.8068077, 0.20870122), (0.7708424, 0.21325667), (0.91189593, 0.2), (0.8774912, 0.2262082), (0.87679887, 0.18024725), (0.8496938, 0.25840512), (0.844025, 0.2134572), (0.8774912, 0.2262082), (0.83589137, 0.16879149), (0.87679887, 0.18024725), (0.844025, 0.2134572), (0.8774912, 0.2262082), (0.844025, 0.2134572), (0.87679887, 0.18024725), (0.8080699, 0.33333334), (0.79820704, 0.29244283), (0.8270342, 0.2945696), (0.78620917, 0.25226986), (0.81825125, 0.25215212), (0.79820704, 0.29244283), (0.8496938, 0.25840512), (0.8270342, 0.2945696), (0.81825125, 0.25215212), (0.79820704, 0.29244283), (0.81825125, 0.25215212), (0.8270342, 0.2945696), (0.83589137, 0.16879149), (0.844025, 0.2134572), (0.8068077, 0.20870122), (0.8496938, 0.25840512), (0.81825125, 0.25215212), (0.844025, 0.2134572), (0.78620917, 0.25226986), (0.8068077, 0.20870122), (0.81825125, 0.25215212), (0.844025, 0.2134572), (0.81825125, 0.25215212), (0.8068077, 0.20870122), (1, 0.3237918), (0.9760406, 0.3390228), (0.98359424, 0.28889674), (0.95342857, 0.35714117), (0.95821476, 0.30645803), (0.9760406, 0.3390228), (0.9642029, 0.2559438), (0.98359424, 0.28889674), (0.95821476, 0.30645803), (0.9760406, 0.3390228), (0.95821476, 0.30645803), (0.98359424, 0.28889674), (0.91189593, 0.4), (0.91189593, 0.35), (0.9320974, 0.37762946), (0.91189593, 0.3), (0.93378526, 0.32737526), (0.91189593, 0.35), (0.95342857, 0.35714117), (0.9320974, 0.37762946), (0.93378526, 0.32737526), (0.91189593, 0.35), (0.93378526, 0.32737526), (0.9320974, 0.37762946), (0.91189593, 0.2), (0.9407207, 0.22585817), (0.91189593, 0.25), (0.9642029, 0.2559438), (0.93651634, 0.27585137), (0.9407207, 0.22585817), (0.91189593, 0.3), (0.91189593, 0.25), (0.93651634, 0.27585137), (0.9407207, 0.22585817), (0.93651634, 0.27585137), (0.91189593, 0.25), (0.95342857, 0.35714117), (0.93378526, 0.32737526), (0.95821476, 0.30645803), (0.91189593, 0.3), (0.93651634, 0.27585137), (0.93378526, 0.32737526), (0.9642029, 0.2559438), (0.95821476, 0.30645803), (0.93651634, 0.27585137), (0.93378526, 0.32737526), (0.93651634, 0.27585137), (0.95821476, 0.30645803), (0.8080699, 0.33333334), (0.8270342, 0.2945696), (0.83589137, 0.34481987), (0.8496938, 0.25840512), (0.8568033, 0.30916378), (0.8270342, 0.2945696), (0.862502, 0.36015967), (0.83589137, 0.34481987), (0.8568033, 0.30916378), (0.8270342, 0.2945696), (0.8568033, 0.30916378), (0.83589137, 0.34481987), (0.91189593, 0.2), (0.91189593, 0.25), (0.8774912, 0.2262082), (0.91189593, 0.3), (0.8825087, 0.27619958), (0.91189593, 0.25), (0.8496938, 0.25840512), (0.8774912, 0.2262082), (0.8825087, 0.27619958), (0.91189593, 0.25), (0.8825087, 0.27619958), (0.8774912, 0.2262082), (0.91189593, 0.4), (0.8878162, 0.37875855), (0.91189593, 0.35), (0.862502, 0.36015967), (0.8858042, 0.32839483), (0.8878162, 0.37875855), (0.91189593, 0.3), (0.91189593, 0.35), (0.8858042, 0.32839483), (0.8878162, 0.37875855), (0.8858042, 0.32839483), (0.91189593, 0.35), (0.8496938, 0.25840512), (0.8825087, 0.27619958), (0.8568033, 0.30916378), (0.91189593, 0.3), (0.8858042, 0.32839483), (0.8825087, 0.27619958), (0.862502, 0.36015967), (0.8568033, 0.30916378), (0.8858042, 0.32839483), (0.8825087, 0.27619958), (0.8858042, 0.32839483), (0.8568033, 0.30916378), (0.83810407, 0.5), (0.8559628, 0.47416106), (0.8559628, 0.5258389), (0.87405753, 0.44864997), (0.87405753, 0.5), (0.8559628, 0.47416106), (0.87405753, 0.55135), (0.8559628, 0.5258389), (0.87405753, 0.5), (0.8559628, 0.47416106), (0.87405753, 0.5), (0.8559628, 0.5258389), (0.91189593, 0.4), (0.91189593, 0.45), (0.892624, 0.42380756), (0.91189593, 0.5), (0.8931009, 0.47414333), (0.91189593, 0.45), (0.87405753, 0.44864997), (0.892624, 0.42380756), (0.8931009, 0.47414333), (0.91189593, 0.45), (0.8931009, 0.47414333), (0.892624, 0.42380756), (0.91189593, 0.6), (0.892624, 0.57619244), (0.91189593, 0.55), (0.87405753, 0.55135), (0.8931009, 0.5258567), (0.892624, 0.57619244), (0.91189593, 0.5), (0.91189593, 0.55), (0.8931009, 0.5258567), (0.892624, 0.57619244), (0.8931009, 0.5258567), (0.91189593, 0.55), (0.87405753, 0.44864997), (0.8931009, 0.47414333), (0.87405753, 0.5), (0.91189593, 0.5), (0.8931009, 0.5258567), (0.8931009, 0.47414333), (0.87405753, 0.55135), (0.87405753, 0.5), (0.8931009, 0.5258567), (0.8931009, 0.47414333), (0.8931009, 0.5258567), (0.87405753, 0.5), (1, 0.3237918), (1, 0.36784387), (0.9760406, 0.3390228), (1, 0.4118959), (0.9774819, 0.38338077), (1, 0.36784387), (0.95342857, 0.35714117), (0.9760406, 0.3390228), (0.9774819, 0.38338077), (1, 0.36784387), (0.9774819, 0.38338077), (0.9760406, 0.3390228), (1, 0.5), (0.97868544, 0.4737918), (1, 0.45594797), (0.9570821, 0.4480572), (0.97826654, 0.42935607), (0.97868544, 0.4737918), (1, 0.4118959), (1, 0.45594797), (0.97826654, 0.42935607), (0.97868544, 0.4737918), (0.97826654, 0.42935607), (1, 0.45594797), (0.91189593, 0.4), (0.9320974, 0.37762946), (0.93490756, 0.42328632), (0.95342857, 0.35714117), (0.9553383, 0.40259317), (0.9320974, 0.37762946), (0.9570821, 0.4480572), (0.93490756, 0.42328632), (0.9553383, 0.40259317), (0.9320974, 0.37762946), (0.9553383, 0.40259317), (0.93490756, 0.42328632), (1, 0.4118959), (0.97826654, 0.42935607), (0.9774819, 0.38338077), (0.9570821, 0.4480572), (0.9553383, 0.40259317), (0.97826654, 0.42935607), (0.95342857, 0.35714117), (0.9774819, 0.38338077), (0.9553383, 0.40259317), (0.97826654, 0.42935607), (0.9553383, 0.40259317), (0.9774819, 0.38338077), (1, 0.6762082), (0.9760406, 0.6609772), (1, 0.63215613), (0.95342857, 0.64285886), (0.9774819, 0.6166192), (0.9760406, 0.6609772), (1, 0.58810407), (1, 0.63215613), (0.9774819, 0.6166192), (0.9760406, 0.6609772), (0.9774819, 0.6166192), (1, 0.63215613), (0.91189593, 0.6), (0.93490756, 0.5767137), (0.9320974, 0.62237054), (0.9570821, 0.5519428), (0.9553383, 0.5974068), (0.93490756, 0.5767137), (0.95342857, 0.64285886), (0.9320974, 0.62237054), (0.9553383, 0.5974068), (0.93490756, 0.5767137), (0.9553383, 0.5974068), (0.9320974, 0.62237054), (1, 0.5), (1, 0.54405206), (0.97868544, 0.52620816), (1, 0.58810407), (0.97826654, 0.5706439), (1, 0.54405206), (0.9570821, 0.5519428), (0.97868544, 0.52620816), (0.97826654, 0.5706439), (1, 0.54405206), (0.97826654, 0.5706439), (0.97868544, 0.52620816), (0.95342857, 0.64285886), (0.9553383, 0.5974068), (0.9774819, 0.6166192), (0.9570821, 0.5519428), (0.97826654, 0.5706439), (0.9553383, 0.5974068), (1, 0.58810407), (0.9774819, 0.6166192), (0.97826654, 0.5706439), (0.9553383, 0.5974068), (0.97826654, 0.5706439), (0.9774819, 0.6166192), (0.91189593, 0.4), (0.93490756, 0.42328632), (0.91189593, 0.45), (0.9570821, 0.4480572), (0.9343369, 0.4737659), (0.93490756, 0.42328632), (0.91189593, 0.5), (0.91189593, 0.45), (0.9343369, 0.4737659), (0.93490756, 0.42328632), (0.9343369, 0.4737659), (0.91189593, 0.45), (1, 0.5), (0.97868544, 0.52620816), (0.97868544, 0.4737918), (0.9570821, 0.5519428), (0.9570821, 0.5), (0.97868544, 0.52620816), (0.9570821, 0.4480572), (0.97868544, 0.4737918), (0.9570821, 0.5), (0.97868544, 0.52620816), (0.9570821, 0.5), (0.97868544, 0.4737918), (0.91189593, 0.6), (0.91189593, 0.55), (0.93490756, 0.5767137), (0.91189593, 0.5), (0.9343369, 0.5262341), (0.91189593, 0.55), (0.9570821, 0.5519428), (0.93490756, 0.5767137), (0.9343369, 0.5262341), (0.91189593, 0.55), (0.9343369, 0.5262341), (0.93490756, 0.5767137), (0.9570821, 0.4480572), (0.9570821, 0.5), (0.9343369, 0.4737659), (0.9570821, 0.5519428), (0.9343369, 0.5262341), (0.9570821, 0.5), (0.91189593, 0.5), (0.9343369, 0.4737659), (0.9343369, 0.5262341), (0.9570821, 0.5), (0.9343369, 0.5262341), (0.9343369, 0.4737659), (0.66189593, 0.5), (0.6687419, 0.5418831), (0.6440372, 0.5258389), (0.6758316, 0.58368695), (0.6506117, 0.5683309), (0.6687419, 0.5418831), (0.62594247, 0.55135), (0.6440372, 0.5258389), (0.6506117, 0.5683309), (0.6687419, 0.5418831), (0.6506117, 0.5683309), (0.6440372, 0.5258389), (0.6919301, 0.6666667), (0.66410863, 0.65518016), (0.6834428, 0.6253206), (0.637498, 0.63984036), (0.65728873, 0.6125122), (0.66410863, 0.65518016), (0.6758316, 0.58368695), (0.6834428, 0.6253206), (0.65728873, 0.6125122), (0.66410863, 0.65518016), (0.65728873, 0.6125122), (0.6834428, 0.6253206), (0.58810407, 0.6), (0.607376, 0.57619244), (0.6121838, 0.62124145), (0.62594247, 0.55135), (0.63146985, 0.59565437), (0.607376, 0.57619244), (0.637498, 0.63984036), (0.6121838, 0.62124145), (0.63146985, 0.59565437), (0.607376, 0.57619244), (0.63146985, 0.59565437), (0.6121838, 0.62124145), (0.6758316, 0.58368695), (0.65728873, 0.6125122), (0.6506117, 0.5683309), (0.637498, 0.63984036), (0.63146985, 0.59565437), (0.65728873, 0.6125122), (0.62594247, 0.55135), (0.6506117, 0.5683309), (0.63146985, 0.59565437), (0.65728873, 0.6125122), (0.63146985, 0.59565437), (0.6506117, 0.5683309), (0.75, 0.8237918), (0.7079061, 0.8326369), (0.7291576, 0.78674334), (0.66410863, 0.8312085), (0.6931923, 0.7912988), (0.7079061, 0.8326369), (0.71379083, 0.74773014), (0.7291576, 0.78674334), (0.6931923, 0.7912988), (0.7079061, 0.8326369), (0.6931923, 0.7912988), (0.7291576, 0.78674334), (0.58810407, 0.8), (0.6225088, 0.7737918), (0.62320113, 0.81975275), (0.6503062, 0.74159485), (0.655975, 0.78654283), (0.6225088, 0.7737918), (0.66410863, 0.8312085), (0.62320113, 0.81975275), (0.655975, 0.78654283), (0.6225088, 0.7737918), (0.655975, 0.78654283), (0.62320113, 0.81975275), (0.6919301, 0.6666667), (0.70179296, 0.7075572), (0.6729658, 0.7054304), (0.71379083, 0.74773014), (0.68174875, 0.74784786), (0.70179296, 0.7075572), (0.6503062, 0.74159485), (0.6729658, 0.7054304), (0.68174875, 0.74784786), (0.70179296, 0.7075572), (0.68174875, 0.74784786), (0.6729658, 0.7054304), (0.66410863, 0.8312085), (0.655975, 0.78654283), (0.6931923, 0.7912988), (0.6503062, 0.74159485), (0.68174875, 0.74784786), (0.655975, 0.78654283), (0.71379083, 0.74773014), (0.6931923, 0.7912988), (0.68174875, 0.74784786), (0.655975, 0.78654283), (0.68174875, 0.74784786), (0.6931923, 0.7912988), (0.5, 0.6762082), (0.5239594, 0.6609772), (0.51640576, 0.71110326), (0.54657143, 0.64285886), (0.54178524, 0.69354194), (0.5239594, 0.6609772), (0.5357971, 0.7440562), (0.51640576, 0.71110326), (0.54178524, 0.69354194), (0.5239594, 0.6609772), (0.54178524, 0.69354194), (0.51640576, 0.71110326), (0.58810407, 0.6), (0.58810407, 0.65), (0.5679026, 0.62237054), (0.58810407, 0.7), (0.56621474, 0.67262477), (0.58810407, 0.65), (0.54657143, 0.64285886), (0.5679026, 0.62237054), (0.56621474, 0.67262477), (0.58810407, 0.65), (0.56621474, 0.67262477), (0.5679026, 0.62237054), (0.58810407, 0.8), (0.5592793, 0.77414185), (0.58810407, 0.75), (0.5357971, 0.7440562), (0.56348366, 0.72414863), (0.5592793, 0.77414185), (0.58810407, 0.7), (0.58810407, 0.75), (0.56348366, 0.72414863), (0.5592793, 0.77414185), (0.56348366, 0.72414863), (0.58810407, 0.75), (0.54657143, 0.64285886), (0.56621474, 0.67262477), (0.54178524, 0.69354194), (0.58810407, 0.7), (0.56348366, 0.72414863), (0.56621474, 0.67262477), (0.5357971, 0.7440562), (0.54178524, 0.69354194), (0.56348366, 0.72414863), (0.56621474, 0.67262477), (0.56348366, 0.72414863), (0.54178524, 0.69354194), (0.6919301, 0.6666667), (0.6729658, 0.7054304), (0.66410863, 0.65518016), (0.6503062, 0.74159485), (0.6431967, 0.6908362), (0.6729658, 0.7054304), (0.637498, 0.63984036), (0.66410863, 0.65518016), (0.6431967, 0.6908362), (0.6729658, 0.7054304), (0.6431967, 0.6908362), (0.66410863, 0.65518016), (0.58810407, 0.8), (0.58810407, 0.75), (0.6225088, 0.7737918), (0.58810407, 0.7), (0.6174913, 0.7238004), (0.58810407, 0.75), (0.6503062, 0.74159485), (0.6225088, 0.7737918), (0.6174913, 0.7238004), (0.58810407, 0.75), (0.6174913, 0.7238004), (0.6225088, 0.7737918), (0.58810407, 0.6), (0.6121838, 0.62124145), (0.58810407, 0.65), (0.637498, 0.63984036), (0.6141958, 0.67160517), (0.6121838, 0.62124145), (0.58810407, 0.7), (0.58810407, 0.65), (0.6141958, 0.67160517), (0.6121838, 0.62124145), (0.6141958, 0.67160517), (0.58810407, 0.65), (0.6503062, 0.74159485), (0.6174913, 0.7238004), (0.6431967, 0.6908362), (0.58810407, 0.7), (0.6141958, 0.67160517), (0.6174913, 0.7238004), (0.637498, 0.63984036), (0.6431967, 0.6908362), (0.6141958, 0.67160517), (0.6174913, 0.7238004), (0.6141958, 0.67160517), (0.6431967, 0.6908362), (0.75, 0.8237918), (0.7920939, 0.8326369), (0.75, 0.86784387), (0.83589137, 0.8312085), (0.8060535, 0.87535405), (0.7920939, 0.8326369), (0.75, 0.91189593), (0.75, 0.86784387), (0.8060535, 0.87535405), (0.7920939, 0.8326369), (0.8060535, 0.87535405), (0.75, 0.86784387), (0.91189593, 0.8), (0.91189593, 0.85), (0.87679887, 0.81975275), (0.91189593, 0.9), (0.8645492, 0.8687947), (0.91189593, 0.85), (0.83589137, 0.8312085), (0.87679887, 0.81975275), (0.8645492, 0.8687947), (0.91189593, 0.85), (0.8645492, 0.8687947), (0.87679887, 0.81975275), (0.5, 1), (0.75, 0.95594794), (0.91189593, 0.95), (0.75, 0.91189593), (0.8363939, 0.91724265), (0.75, 0.95594794), (0.91189593, 0.9), (0.91189593, 0.95), (0.8363939, 0.91724265), (0.75, 0.95594794), (0.8363939, 0.91724265), (0.91189593, 0.95), (0.83589137, 0.8312085), (0.8645492, 0.8687947), (0.8060535, 0.87535405), (0.91189593, 0.9), (0.8363939, 0.91724265), (0.8645492, 0.8687947), (0.75, 0.91189593), (0.8060535, 0.87535405), (0.8363939, 0.91724265), (0.8645492, 0.8687947), (0.8363939, 0.91724265), (0.8060535, 0.87535405), (1, 0.6762082), (0.016405763, 0.71110326), (0.98359424, 0.71110326), (0.03579713, 0.7440562), (1, 0.748115), (0.016405763, 0.71110326), (0.9642029, 0.7440562), (0.98359424, 0.71110326), (1, 0.748115), (0.016405763, 0.71110326), (1, 0.748115), (0.98359424, 0.71110326), (0.0881041, 0.8), (0.04657145, 0.81754947), (0.05927935, 0.77414185), (1, 0.8237918), (0.020703612, 0.7848849), (0.04657145, 0.81754947), (0.03579713, 0.7440562), (0.05927935, 0.77414185), (0.020703612, 0.7848849), (0.04657145, 0.81754947), (0.020703612, 0.7848849), (0.05927935, 0.77414185), (0.91189593, 0.8), (0.9407207, 0.77414185), (0.95342857, 0.81754947), (0.9642029, 0.7440562), (0.9792964, 0.7848849), (0.9407207, 0.77414185), (1, 0.8237918), (0.95342857, 0.81754947), (0.9792964, 0.7848849), (0.9407207, 0.77414185), (0.9792964, 0.7848849), (0.95342857, 0.81754947), (0.03579713, 0.7440562), (0.020703612, 0.7848849), (1, 0.748115), (1, 0.8237918), (0.9792964, 0.7848849), (0.020703612, 0.7848849), (0.9642029, 0.7440562), (1, 0.748115), (0.9792964, 0.7848849), (0.020703612, 0.7848849), (0.9792964, 0.7848849), (1, 0.748115), (0.25, 0.8237918), (0.25, 0.86784387), (0.20790616, 0.8326369), (0.25, 0.91189593), (0.19394648, 0.87535405), (0.25, 0.86784387), (0.16410862, 0.8312085), (0.20790616, 0.8326369), (0.19394648, 0.87535405), (0.25, 0.86784387), (0.19394648, 0.87535405), (0.20790616, 0.8326369), (0.5, 1), (0.0881041, 0.95), (0.25, 0.95594794), (0.0881041, 0.9), (0.16360614, 0.91724265), (0.0881041, 0.95), (0.25, 0.91189593), (0.25, 0.95594794), (0.16360614, 0.91724265), (0.0881041, 0.95), (0.16360614, 0.91724265), (0.25, 0.95594794), (0.0881041, 0.8), (0.123201124, 0.81975275), (0.0881041, 0.85), (0.16410862, 0.8312085), (0.13545078, 0.8687947), (0.123201124, 0.81975275), (0.0881041, 0.9), (0.0881041, 0.85), (0.13545078, 0.8687947), (0.123201124, 0.81975275), (0.13545078, 0.8687947), (0.0881041, 0.85), (0.25, 0.91189593), (0.16360614, 0.91724265), (0.19394648, 0.87535405), (0.0881041, 0.9), (0.13545078, 0.8687947), (0.16360614, 0.91724265), (0.16410862, 0.8312085), (0.19394648, 0.87535405), (0.13545078, 0.8687947), (0.16360614, 0.91724265), (0.13545078, 0.8687947), (0.19394648, 0.87535405), (0.91189593, 0.8), (0.95342857, 0.81754947), (0.91189593, 0.85), (1, 0.8237918), (0.96766466, 0.8662268), (0.95342857, 0.81754947), (0.91189593, 0.9), (0.91189593, 0.85), (0.96766466, 0.8662268), (0.95342857, 0.81754947), (0.96766466, 0.8662268), (0.91189593, 0.85), (0.0881041, 0.8), (0.0881041, 0.85), (0.04657145, 0.81754947), (0.0881041, 0.9), (0.03233534, 0.8662268), (0.0881041, 0.85), (1, 0.8237918), (0.04657145, 0.81754947), (0.03233534, 0.8662268), (0.0881041, 0.85), (0.03233534, 0.8662268), (0.04657145, 0.81754947), (0.5, 1), (0.91189593, 0.95), (0.0881041, 0.95), (0.91189593, 0.9), (1, 0.91416425), (0.91189593, 0.95), (0.0881041, 0.9), (0.0881041, 0.95), (1, 0.91416425), (0.91189593, 0.95), (1, 0.91416425), (0.0881041, 0.95), (1, 0.8237918), (0.03233534, 0.8662268), (0.96766466, 0.8662268), (0.0881041, 0.9), (1, 0.91416425), (0.03233534, 0.8662268), (0.91189593, 0.9), (0.96766466, 0.8662268), (1, 0.91416425), (0.03233534, 0.8662268), (1, 0.91416425), (0.96766466, 0.8662268), (1, 0.6762082), (1, 0.63215613), (0.023959424, 0.6609772), (1, 0.58810407), (0.022518117, 0.6166192), (1, 0.63215613), (0.04657145, 0.64285886), (0.023959424, 0.6609772), (0.022518117, 0.6166192), (1, 0.63215613), (0.022518117, 0.6166192), (0.023959424, 0.6609772), (1, 0.5), (0.021314573, 0.52620816), (1, 0.54405206), (0.04291788, 0.5519428), (0.021733452, 0.5706439), (0.021314573, 0.52620816), (1, 0.58810407), (1, 0.54405206), (0.021733452, 0.5706439), (0.021314573, 0.52620816), (0.021733452, 0.5706439), (1, 0.54405206), (0.0881041, 0.6), (0.067902625, 0.62237054), (0.065092415, 0.5767137), (0.04657145, 0.64285886), (0.04466168, 0.5974068), (0.067902625, 0.62237054), (0.04291788, 0.5519428), (0.065092415, 0.5767137), (0.04466168, 0.5974068), (0.067902625, 0.62237054), (0.04466168, 0.5974068), (0.065092415, 0.5767137), (1, 0.58810407), (0.021733452, 0.5706439), (0.022518117, 0.6166192), (0.04291788, 0.5519428), (0.04466168, 0.5974068), (0.021733452, 0.5706439), (0.04657145, 0.64285886), (0.022518117, 0.6166192), (0.04466168, 0.5974068), (0.021733452, 0.5706439), (0.04466168, 0.5974068), (0.022518117, 0.6166192), (1, 0.3237918), (0.023959424, 0.3390228), (1, 0.36784387), (0.04657145, 0.35714117), (0.022518117, 0.38338077), (0.023959424, 0.3390228), (1, 0.4118959), (1, 0.36784387), (0.022518117, 0.38338077), (0.023959424, 0.3390228), (0.022518117, 0.38338077), (1, 0.36784387), (0.0881041, 0.4), (0.065092415, 0.42328632), (0.067902625, 0.37762946), (0.04291788, 0.4480572), (0.04466168, 0.40259317), (0.065092415, 0.42328632), (0.04657145, 0.35714117), (0.067902625, 0.37762946), (0.04466168, 0.40259317), (0.065092415, 0.42328632), (0.04466168, 0.40259317), (0.067902625, 0.37762946), (1, 0.5), (1, 0.45594797), (0.021314573, 0.4737918), (1, 0.4118959), (0.021733452, 0.42935607), (1, 0.45594797), (0.04291788, 0.4480572), (0.021314573, 0.4737918), (0.021733452, 0.42935607), (1, 0.45594797), (0.021733452, 0.42935607), (0.021314573, 0.4737918), (0.04657145, 0.35714117), (0.04466168, 0.40259317), (0.022518117, 0.38338077), (0.04291788, 0.4480572), (0.021733452, 0.42935607), (0.04466168, 0.40259317), (1, 0.4118959), (0.022518117, 0.38338077), (0.021733452, 0.42935607), (0.04466168, 0.40259317), (0.021733452, 0.42935607), (0.022518117, 0.38338077), (0.1618959, 0.5), (0.14403717, 0.5258389), (0.14403717, 0.47416106), (0.12594248, 0.55135), (0.12594248, 0.5), (0.14403717, 0.5258389), (0.12594248, 0.44864997), (0.14403717, 0.47416106), (0.12594248, 0.5), (0.14403717, 0.5258389), (0.12594248, 0.5), (0.14403717, 0.47416106), (0.0881041, 0.6), (0.0881041, 0.55), (0.10737599, 0.57619244), (0.0881041, 0.5), (0.10689908, 0.5258567), (0.0881041, 0.55), (0.12594248, 0.55135), (0.10737599, 0.57619244), (0.10689908, 0.5258567), (0.0881041, 0.55), (0.10689908, 0.5258567), (0.10737599, 0.57619244), (0.0881041, 0.4), (0.10737599, 0.42380756), (0.0881041, 0.45), (0.12594248, 0.44864997), (0.10689908, 0.47414333), (0.10737599, 0.42380756), (0.0881041, 0.5), (0.0881041, 0.45), (0.10689908, 0.47414333), (0.10737599, 0.42380756), (0.10689908, 0.47414333), (0.0881041, 0.45), (0.12594248, 0.55135), (0.10689908, 0.5258567), (0.12594248, 0.5), (0.0881041, 0.5), (0.10689908, 0.47414333), (0.10689908, 0.5258567), (0.12594248, 0.44864997), (0.12594248, 0.5), (0.10689908, 0.47414333), (0.10689908, 0.5258567), (0.10689908, 0.47414333), (0.12594248, 0.5), (1, 0.5), (0.021314573, 0.4737918), (0.021314573, 0.52620816), (0.04291788, 0.4480572), (0.04291788, 0.5), (0.021314573, 0.4737918), (0.04291788, 0.5519428), (0.021314573, 0.52620816), (0.04291788, 0.5), (0.021314573, 0.4737918), (0.04291788, 0.5), (0.021314573, 0.52620816), (0.0881041, 0.4), (0.0881041, 0.45), (0.065092415, 0.42328632), (0.0881041, 0.5), (0.065663084, 0.4737659), (0.0881041, 0.45), (0.04291788, 0.4480572), (0.065092415, 0.42328632), (0.065663084, 0.4737659), (0.0881041, 0.45), (0.065663084, 0.4737659), (0.065092415, 0.42328632), (0.0881041, 0.6), (0.065092415, 0.5767137), (0.0881041, 0.55), (0.04291788, 0.5519428), (0.065663084, 0.5262341), (0.065092415, 0.5767137), (0.0881041, 0.5), (0.0881041, 0.55), (0.065663084, 0.5262341), (0.065092415, 0.5767137), (0.065663084, 0.5262341), (0.0881041, 0.55), (0.04291788, 0.4480572), (0.065663084, 0.4737659), (0.04291788, 0.5), (0.0881041, 0.5), (0.065663084, 0.5262341), (0.065663084, 0.4737659), (0.04291788, 0.5519428), (0.04291788, 0.5), (0.065663084, 0.5262341), (0.065663084, 0.4737659), (0.065663084, 0.5262341), (0.04291788, 0.5), (1, 0.3237918), (0.98359424, 0.28889674), (0.016405763, 0.28889674), (0.9642029, 0.2559438), (1, 0.25188497), (0.98359424, 0.28889674), (0.03579713, 0.2559438), (0.016405763, 0.28889674), (1, 0.25188497), (0.98359424, 0.28889674), (1, 0.25188497), (0.016405763, 0.28889674), (0.91189593, 0.2), (0.95342857, 0.1824505), (0.9407207, 0.22585817), (1, 0.1762082), (0.9792964, 0.21511506), (0.95342857, 0.1824505), (0.9642029, 0.2559438), (0.9407207, 0.22585817), (0.9792964, 0.21511506), (0.95342857, 0.1824505), (0.9792964, 0.21511506), (0.9407207, 0.22585817), (0.0881041, 0.2), (0.05927935, 0.22585817), (0.04657145, 0.1824505), (0.03579713, 0.2559438), (0.020703612, 0.21511506), (0.05927935, 0.22585817), (1, 0.1762082), (0.04657145, 0.1824505), (0.020703612, 0.21511506), (0.05927935, 0.22585817), (0.020703612, 0.21511506), (0.04657145, 0.1824505), (0.9642029, 0.2559438), (0.9792964, 0.21511506), (1, 0.25188497), (1, 0.1762082), (0.020703612, 0.21511506), (0.9792964, 0.21511506), (0.03579713, 0.2559438), (1, 0.25188497), (0.020703612, 0.21511506), (0.9792964, 0.21511506), (0.020703612, 0.21511506), (1, 0.25188497), (0.75, 0.1762082), (0.75, 0.13215615), (0.7920939, 0.16736312), (0.75, 0.0881041), (0.8060535, 0.12464596), (0.75, 0.13215615), (0.83589137, 0.16879149), (0.7920939, 0.16736312), (0.8060535, 0.12464596), (0.75, 0.13215615), (0.8060535, 0.12464596), (0.7920939, 0.16736312), (0.5, 0), (0.91189593, 0.05), (0.75, 0.04405205), (0.91189593, 0.1), (0.8363939, 0.082757324), (0.91189593, 0.05), (0.75, 0.0881041), (0.75, 0.04405205), (0.8363939, 0.082757324), (0.91189593, 0.05), (0.8363939, 0.082757324), (0.75, 0.04405205), (0.91189593, 0.2), (0.87679887, 0.18024725), (0.91189593, 0.15), (0.83589137, 0.16879149), (0.8645492, 0.13120534), (0.87679887, 0.18024725), (0.91189593, 0.1), (0.91189593, 0.15), (0.8645492, 0.13120534), (0.87679887, 0.18024725), (0.8645492, 0.13120534), (0.91189593, 0.15), (0.75, 0.0881041), (0.8363939, 0.082757324), (0.8060535, 0.12464596), (0.91189593, 0.1), (0.8645492, 0.13120534), (0.8363939, 0.082757324), (0.83589137, 0.16879149), (0.8060535, 0.12464596), (0.8645492, 0.13120534), (0.8363939, 0.082757324), (0.8645492, 0.13120534), (0.8060535, 0.12464596), (0.25, 0.1762082), (0.20790616, 0.16736312), (0.25, 0.13215615), (0.16410862, 0.16879149), (0.19394648, 0.12464596), (0.20790616, 0.16736312), (0.25, 0.0881041), (0.25, 0.13215615), (0.19394648, 0.12464596), (0.20790616, 0.16736312), (0.19394648, 0.12464596), (0.25, 0.13215615), (0.0881041, 0.2), (0.0881041, 0.15), (0.123201124, 0.18024725), (0.0881041, 0.1), (0.13545078, 0.13120534), (0.0881041, 0.15), (0.16410862, 0.16879149), (0.123201124, 0.18024725), (0.13545078, 0.13120534), (0.0881041, 0.15), (0.13545078, 0.13120534), (0.123201124, 0.18024725), (0.5, 0), (0.25, 0.04405205), (0.0881041, 0.05), (0.25, 0.0881041), (0.16360614, 0.082757324), (0.25, 0.04405205), (0.0881041, 0.1), (0.0881041, 0.05), (0.16360614, 0.082757324), (0.25, 0.04405205), (0.16360614, 0.082757324), (0.0881041, 0.05), (0.16410862, 0.16879149), (0.13545078, 0.13120534), (0.19394648, 0.12464596), (0.0881041, 0.1), (0.16360614, 0.082757324), (0.13545078, 0.13120534), (0.25, 0.0881041), (0.19394648, 0.12464596), (0.16360614, 0.082757324), (0.13545078, 0.13120534), (0.16360614, 0.082757324), (0.19394648, 0.12464596), (0.91189593, 0.2), (0.91189593, 0.15), (0.95342857, 0.1824505), (0.91189593, 0.1), (0.96766466, 0.13377322), (0.91189593, 0.15), (1, 0.1762082), (0.95342857, 0.1824505), (0.96766466, 0.13377322), (0.91189593, 0.15), (0.96766466, 0.13377322), (0.95342857, 0.1824505), (0.5, 0), (0.0881041, 0.05), (0.91189593, 0.05), (0.0881041, 0.1), (1, 0.08583576), (0.0881041, 0.05), (0.91189593, 0.1), (0.91189593, 0.05), (1, 0.08583576), (0.0881041, 0.05), (1, 0.08583576), (0.91189593, 0.05), (0.0881041, 0.2), (0.04657145, 0.1824505), (0.0881041, 0.15), (1, 0.1762082), (0.03233534, 0.13377322), (0.04657145, 0.1824505), (0.0881041, 0.1), (0.0881041, 0.15), (0.03233534, 0.13377322), (0.04657145, 0.1824505), (0.03233534, 0.13377322), (0.0881041, 0.15), (0.91189593, 0.1), (1, 0.08583576), (0.96766466, 0.13377322), (0.0881041, 0.1), (0.03233534, 0.13377322), (1, 0.08583576), (1, 0.1762082), (0.96766466, 0.13377322), (0.03233534, 0.13377322), (1, 0.08583576), (0.03233534, 0.13377322), (0.96766466, 0.13377322), (0.75, 0.1762082), (0.7291576, 0.21325667), (0.7079061, 0.16736312), (0.71379083, 0.25226986), (0.6931923, 0.20870122), (0.7291576, 0.21325667), (0.66410863, 0.16879149), (0.7079061, 0.16736312), (0.6931923, 0.20870122), (0.7291576, 0.21325667), (0.6931923, 0.20870122), (0.7079061, 0.16736312), (0.6919301, 0.33333334), (0.6729658, 0.2945696), (0.70179296, 0.29244283), (0.6503062, 0.25840512), (0.68174875, 0.25215212), (0.6729658, 0.2945696), (0.71379083, 0.25226986), (0.70179296, 0.29244283), (0.68174875, 0.25215212), (0.6729658, 0.2945696), (0.68174875, 0.25215212), (0.70179296, 0.29244283), (0.58810407, 0.2), (0.62320113, 0.18024725), (0.6225088, 0.2262082), (0.66410863, 0.16879149), (0.655975, 0.2134572), (0.62320113, 0.18024725), (0.6503062, 0.25840512), (0.6225088, 0.2262082), (0.655975, 0.2134572), (0.62320113, 0.18024725), (0.655975, 0.2134572), (0.6225088, 0.2262082), (0.71379083, 0.25226986), (0.68174875, 0.25215212), (0.6931923, 0.20870122), (0.6503062, 0.25840512), (0.655975, 0.2134572), (0.68174875, 0.25215212), (0.66410863, 0.16879149), (0.6931923, 0.20870122), (0.655975, 0.2134572), (0.68174875, 0.25215212), (0.655975, 0.2134572), (0.6931923, 0.20870122), (0.66189593, 0.5), (0.6440372, 0.47416106), (0.6687419, 0.45811686), (0.62594247, 0.44864997), (0.6506117, 0.43166912), (0.6440372, 0.47416106), (0.6758316, 0.41631305), (0.6687419, 0.45811686), (0.6506117, 0.43166912), (0.6440372, 0.47416106), (0.6506117, 0.43166912), (0.6687419, 0.45811686), (0.58810407, 0.4), (0.6121838, 0.37875855), (0.607376, 0.42380756), (0.637498, 0.36015967), (0.63146985, 0.40434563), (0.6121838, 0.37875855), (0.62594247, 0.44864997), (0.607376, 0.42380756), (0.63146985, 0.40434563), (0.6121838, 0.37875855), (0.63146985, 0.40434563), (0.607376, 0.42380756), (0.6919301, 0.33333334), (0.6834428, 0.37467942), (0.66410863, 0.34481987), (0.6758316, 0.41631305), (0.65728873, 0.3874878), (0.6834428, 0.37467942), (0.637498, 0.36015967), (0.66410863, 0.34481987), (0.65728873, 0.3874878), (0.6834428, 0.37467942), (0.65728873, 0.3874878), (0.66410863, 0.34481987), (0.62594247, 0.44864997), (0.63146985, 0.40434563), (0.6506117, 0.43166912), (0.637498, 0.36015967), (0.65728873, 0.3874878), (0.63146985, 0.40434563), (0.6758316, 0.41631305), (0.6506117, 0.43166912), (0.65728873, 0.3874878), (0.63146985, 0.40434563), (0.65728873, 0.3874878), (0.6506117, 0.43166912), (0.5, 0.3237918), (0.51640576, 0.28889674), (0.5239594, 0.3390228), (0.5357971, 0.2559438), (0.54178524, 0.30645803), (0.51640576, 0.28889674), (0.54657143, 0.35714117), (0.5239594, 0.3390228), (0.54178524, 0.30645803), (0.51640576, 0.28889674), (0.54178524, 0.30645803), (0.5239594, 0.3390228), (0.58810407, 0.2), (0.58810407, 0.25), (0.5592793, 0.22585817), (0.58810407, 0.3), (0.56348366, 0.27585137), (0.58810407, 0.25), (0.5357971, 0.2559438), (0.5592793, 0.22585817), (0.56348366, 0.27585137), (0.58810407, 0.25), (0.56348366, 0.27585137), (0.5592793, 0.22585817), (0.58810407, 0.4), (0.5679026, 0.37762946), (0.58810407, 0.35), (0.54657143, 0.35714117), (0.56621474, 0.32737526), (0.5679026, 0.37762946), (0.58810407, 0.3), (0.58810407, 0.35), (0.56621474, 0.32737526), (0.5679026, 0.37762946), (0.56621474, 0.32737526), (0.58810407, 0.35), (0.5357971, 0.2559438), (0.56348366, 0.27585137), (0.54178524, 0.30645803), (0.58810407, 0.3), (0.56621474, 0.32737526), (0.56348366, 0.27585137), (0.54657143, 0.35714117), (0.54178524, 0.30645803), (0.56621474, 0.32737526), (0.56348366, 0.27585137), (0.56621474, 0.32737526), (0.54178524, 0.30645803), (0.6919301, 0.33333334), (0.66410863, 0.34481987), (0.6729658, 0.2945696), (0.637498, 0.36015967), (0.6431967, 0.30916378), (0.66410863, 0.34481987), (0.6503062, 0.25840512), (0.6729658, 0.2945696), (0.6431967, 0.30916378), (0.66410863, 0.34481987), (0.6431967, 0.30916378), (0.6729658, 0.2945696), (0.58810407, 0.4), (0.58810407, 0.35), (0.6121838, 0.37875855), (0.58810407, 0.3), (0.6141958, 0.32839483), (0.58810407, 0.35), (0.637498, 0.36015967), (0.6121838, 0.37875855), (0.6141958, 0.32839483), (0.58810407, 0.35), (0.6141958, 0.32839483), (0.6121838, 0.37875855), (0.58810407, 0.2), (0.6225088, 0.2262082), (0.58810407, 0.25), (0.6503062, 0.25840512), (0.6174913, 0.27619958), (0.6225088, 0.2262082), (0.58810407, 0.3), (0.58810407, 0.25), (0.6174913, 0.27619958), (0.6225088, 0.2262082), (0.6174913, 0.27619958), (0.58810407, 0.25), (0.637498, 0.36015967), (0.6141958, 0.32839483), (0.6431967, 0.30916378), (0.58810407, 0.3), (0.6174913, 0.27619958), (0.6141958, 0.32839483), (0.6503062, 0.25840512), (0.6431967, 0.30916378), (0.6174913, 0.27619958), (0.6141958, 0.32839483), (0.6174913, 0.27619958), (0.6431967, 0.30916378), (0.3381041, 0.5), (0.35596284, 0.5258389), (0.33125812, 0.5418831), (0.3740575, 0.55135), (0.3493883, 0.5683309), (0.35596284, 0.5258389), (0.32416835, 0.58368695), (0.33125812, 0.5418831), (0.3493883, 0.5683309), (0.35596284, 0.5258389), (0.3493883, 0.5683309), (0.33125812, 0.5418831), (0.4118959, 0.6), (0.38781616, 0.62124145), (0.39262402, 0.57619244), (0.36250195, 0.63984036), (0.36853018, 0.59565437), (0.38781616, 0.62124145), (0.3740575, 0.55135), (0.39262402, 0.57619244), (0.36853018, 0.59565437), (0.38781616, 0.62124145), (0.36853018, 0.59565437), (0.39262402, 0.57619244), (0.30806988, 0.6666667), (0.31655723, 0.6253206), (0.33589137, 0.65518016), (0.32416835, 0.58368695), (0.34271127, 0.6125122), (0.31655723, 0.6253206), (0.36250195, 0.63984036), (0.33589137, 0.65518016), (0.34271127, 0.6125122), (0.31655723, 0.6253206), (0.34271127, 0.6125122), (0.33589137, 0.65518016), (0.3740575, 0.55135), (0.36853018, 0.59565437), (0.3493883, 0.5683309), (0.36250195, 0.63984036), (0.34271127, 0.6125122), (0.36853018, 0.59565437), (0.32416835, 0.58368695), (0.3493883, 0.5683309), (0.34271127, 0.6125122), (0.36853018, 0.59565437), (0.34271127, 0.6125122), (0.3493883, 0.5683309), (0.5, 0.6762082), (0.48359424, 0.71110326), (0.47604057, 0.6609772), (0.46420288, 0.7440562), (0.45821473, 0.69354194), (0.48359424, 0.71110326), (0.45342857, 0.64285886), (0.47604057, 0.6609772), (0.45821473, 0.69354194), (0.48359424, 0.71110326), (0.45821473, 0.69354194), (0.47604057, 0.6609772), (0.4118959, 0.8), (0.4118959, 0.75), (0.44072065, 0.77414185), (0.4118959, 0.7), (0.43651637, 0.72414863), (0.4118959, 0.75), (0.46420288, 0.7440562), (0.44072065, 0.77414185), (0.43651637, 0.72414863), (0.4118959, 0.75), (0.43651637, 0.72414863), (0.44072065, 0.77414185), (0.4118959, 0.6), (0.43209738, 0.62237054), (0.4118959, 0.65), (0.45342857, 0.64285886), (0.43378523, 0.67262477), (0.43209738, 0.62237054), (0.4118959, 0.7), (0.4118959, 0.65), (0.43378523, 0.67262477), (0.43209738, 0.62237054), (0.43378523, 0.67262477), (0.4118959, 0.65), (0.46420288, 0.7440562), (0.43651637, 0.72414863), (0.45821473, 0.69354194), (0.4118959, 0.7), (0.43378523, 0.67262477), (0.43651637, 0.72414863), (0.45342857, 0.64285886), (0.45821473, 0.69354194), (0.43378523, 0.67262477), (0.43651637, 0.72414863), (0.43378523, 0.67262477), (0.45821473, 0.69354194), (0.25, 0.8237918), (0.27084234, 0.78674334), (0.29209384, 0.8326369), (0.28620914, 0.74773014), (0.30680767, 0.7912988), (0.27084234, 0.78674334), (0.33589137, 0.8312085), (0.29209384, 0.8326369), (0.30680767, 0.7912988), (0.27084234, 0.78674334), (0.30680767, 0.7912988), (0.29209384, 0.8326369), (0.30806988, 0.6666667), (0.32703418, 0.7054304), (0.29820704, 0.7075572), (0.34969378, 0.74159485), (0.31825125, 0.74784786), (0.32703418, 0.7054304), (0.28620914, 0.74773014), (0.29820704, 0.7075572), (0.31825125, 0.74784786), (0.32703418, 0.7054304), (0.31825125, 0.74784786), (0.29820704, 0.7075572), (0.4118959, 0.8), (0.37679887, 0.81975275), (0.37749118, 0.7737918), (0.33589137, 0.8312085), (0.34402502, 0.78654283), (0.37679887, 0.81975275), (0.34969378, 0.74159485), (0.37749118, 0.7737918), (0.34402502, 0.78654283), (0.37679887, 0.81975275), (0.34402502, 0.78654283), (0.37749118, 0.7737918), (0.28620914, 0.74773014), (0.31825125, 0.74784786), (0.30680767, 0.7912988), (0.34969378, 0.74159485), (0.34402502, 0.78654283), (0.31825125, 0.74784786), (0.33589137, 0.8312085), (0.30680767, 0.7912988), (0.34402502, 0.78654283), (0.31825125, 0.74784786), (0.34402502, 0.78654283), (0.30680767, 0.7912988), (0.4118959, 0.6), (0.4118959, 0.65), (0.38781616, 0.62124145), (0.4118959, 0.7), (0.3858042, 0.67160517), (0.4118959, 0.65), (0.36250195, 0.63984036), (0.38781616, 0.62124145), (0.3858042, 0.67160517), (0.4118959, 0.65), (0.3858042, 0.67160517), (0.38781616, 0.62124145), (0.4118959, 0.8), (0.37749118, 0.7737918), (0.4118959, 0.75), (0.34969378, 0.74159485), (0.3825087, 0.7238004), (0.37749118, 0.7737918), (0.4118959, 0.7), (0.4118959, 0.75), (0.3825087, 0.7238004), (0.37749118, 0.7737918), (0.3825087, 0.7238004), (0.4118959, 0.75), (0.30806988, 0.6666667), (0.33589137, 0.65518016), (0.32703418, 0.7054304), (0.36250195, 0.63984036), (0.35680327, 0.6908362), (0.33589137, 0.65518016), (0.34969378, 0.74159485), (0.32703418, 0.7054304), (0.35680327, 0.6908362), (0.33589137, 0.65518016), (0.35680327, 0.6908362), (0.32703418, 0.7054304), (0.4118959, 0.7), (0.3825087, 0.7238004), (0.3858042, 0.67160517), (0.34969378, 0.74159485), (0.35680327, 0.6908362), (0.3825087, 0.7238004), (0.36250195, 0.63984036), (0.3858042, 0.67160517), (0.35680327, 0.6908362), (0.3825087, 0.7238004), (0.35680327, 0.6908362), (0.3858042, 0.67160517), (0.3381041, 0.5), (0.33125812, 0.5418831), (0.31607807, 0.5), (0.32416835, 0.58368695), (0.30884618, 0.5420292), (0.33125812, 0.5418831), (0.29405203, 0.5), (0.31607807, 0.5), (0.30884618, 0.5420292), (0.33125812, 0.5418831), (0.30884618, 0.5420292), (0.31607807, 0.5), (0.30806988, 0.6666667), (0.29165542, 0.6262082), (0.31655723, 0.6253206), (0.27692702, 0.58466756), (0.3005576, 0.5850692), (0.29165542, 0.6262082), (0.32416835, 0.58368695), (0.31655723, 0.6253206), (0.3005576, 0.5850692), (0.29165542, 0.6262082), (0.3005576, 0.5850692), (0.31655723, 0.6253206), (0.25, 0.5), (0.27202603, 0.5), (0.26322195, 0.54248387), (0.29405203, 0.5), (0.28564292, 0.5423944), (0.27202603, 0.5), (0.27692702, 0.58466756), (0.26322195, 0.54248387), (0.28564292, 0.5423944), (0.27202603, 0.5), (0.28564292, 0.5423944), (0.26322195, 0.54248387), (0.32416835, 0.58368695), (0.3005576, 0.5850692), (0.30884618, 0.5420292), (0.27692702, 0.58466756), (0.28564292, 0.5423944), (0.3005576, 0.5850692), (0.29405203, 0.5), (0.30884618, 0.5420292), (0.28564292, 0.5423944), (0.3005576, 0.5850692), (0.28564292, 0.5423944), (0.30884618, 0.5420292), (0.25, 0.8237918), (0.22915766, 0.78674334), (0.27084234, 0.78674334), (0.21379085, 0.74773014), (0.25, 0.751885), (0.22915766, 0.78674334), (0.28620914, 0.74773014), (0.27084234, 0.78674334), (0.25, 0.751885), (0.22915766, 0.78674334), (0.25, 0.751885), (0.27084234, 0.78674334), (0.19193012, 0.6666667), (0.2207021, 0.6737918), (0.20179294, 0.7075572), (0.25, 0.6762082), (0.23350705, 0.7129646), (0.2207021, 0.6737918), (0.21379085, 0.74773014), (0.20179294, 0.7075572), (0.23350705, 0.7129646), (0.2207021, 0.6737918), (0.23350705, 0.7129646), (0.20179294, 0.7075572), (0.30806988, 0.6666667), (0.29820704, 0.7075572), (0.2792979, 0.6737918), (0.28620914, 0.74773014), (0.26649293, 0.7129646), (0.29820704, 0.7075572), (0.25, 0.6762082), (0.2792979, 0.6737918), (0.26649293, 0.7129646), (0.29820704, 0.7075572), (0.26649293, 0.7129646), (0.2792979, 0.6737918), (0.21379085, 0.74773014), (0.23350705, 0.7129646), (0.25, 0.751885), (0.25, 0.6762082), (0.26649293, 0.7129646), (0.23350705, 0.7129646), (0.28620914, 0.74773014), (0.25, 0.751885), (0.26649293, 0.7129646), (0.23350705, 0.7129646), (0.26649293, 0.7129646), (0.25, 0.751885), (0.1618959, 0.5), (0.18392193, 0.5), (0.16874188, 0.5418831), (0.20594795, 0.5), (0.19115382, 0.5420292), (0.18392193, 0.5), (0.17583163, 0.58368695), (0.16874188, 0.5418831), (0.19115382, 0.5420292), (0.18392193, 0.5), (0.19115382, 0.5420292), (0.16874188, 0.5418831), (0.25, 0.5), (0.23677805, 0.54248387), (0.22797398, 0.5), (0.22307299, 0.58466756), (0.21435706, 0.5423944), (0.23677805, 0.54248387), (0.20594795, 0.5), (0.22797398, 0.5), (0.21435706, 0.5423944), (0.23677805, 0.54248387), (0.21435706, 0.5423944), (0.22797398, 0.5), (0.19193012, 0.6666667), (0.18344276, 0.6253206), (0.2083446, 0.6262082), (0.17583163, 0.58368695), (0.19944239, 0.5850692), (0.18344276, 0.6253206), (0.22307299, 0.58466756), (0.2083446, 0.6262082), (0.19944239, 0.5850692), (0.18344276, 0.6253206), (0.19944239, 0.5850692), (0.2083446, 0.6262082), (0.20594795, 0.5), (0.21435706, 0.5423944), (0.19115382, 0.5420292), (0.22307299, 0.58466756), (0.19944239, 0.5850692), (0.21435706, 0.5423944), (0.17583163, 0.58368695), (0.19115382, 0.5420292), (0.19944239, 0.5850692), (0.21435706, 0.5423944), (0.19944239, 0.5850692), (0.19115382, 0.5420292), (0.30806988, 0.6666667), (0.2792979, 0.6737918), (0.29165542, 0.6262082), (0.25, 0.6762082), (0.2643123, 0.6308534), (0.2792979, 0.6737918), (0.27692702, 0.58466756), (0.29165542, 0.6262082), (0.2643123, 0.6308534), (0.2792979, 0.6737918), (0.2643123, 0.6308534), (0.29165542, 0.6262082), (0.19193012, 0.6666667), (0.2083446, 0.6262082), (0.2207021, 0.6737918), (0.22307299, 0.58466756), (0.23568772, 0.6308534), (0.2083446, 0.6262082), (0.25, 0.6762082), (0.2207021, 0.6737918), (0.23568772, 0.6308534), (0.2083446, 0.6262082), (0.23568772, 0.6308534), (0.2207021, 0.6737918), (0.25, 0.5), (0.26322195, 0.54248387), (0.23677805, 0.54248387), (0.27692702, 0.58466756), (0.25, 0.58583575), (0.26322195, 0.54248387), (0.22307299, 0.58466756), (0.23677805, 0.54248387), (0.25, 0.58583575), (0.26322195, 0.54248387), (0.25, 0.58583575), (0.23677805, 0.54248387), (0.25, 0.6762082), (0.23568772, 0.6308534), (0.2643123, 0.6308534), (0.22307299, 0.58466756), (0.25, 0.58583575), (0.23568772, 0.6308534), (0.27692702, 0.58466756), (0.2643123, 0.6308534), (0.25, 0.58583575), (0.23568772, 0.6308534), (0.25, 0.58583575), (0.2643123, 0.6308534), (0.3381041, 0.5), (0.31607807, 0.5), (0.33125812, 0.45811686), (0.29405203, 0.5), (0.30884618, 0.45797077), (0.31607807, 0.5), (0.32416835, 0.41631305), (0.33125812, 0.45811686), (0.30884618, 0.45797077), (0.31607807, 0.5), (0.30884618, 0.45797077), (0.33125812, 0.45811686), (0.25, 0.5), (0.26322195, 0.45751613), (0.27202603, 0.5), (0.27692702, 0.41533244), (0.28564292, 0.45760563), (0.26322195, 0.45751613), (0.29405203, 0.5), (0.27202603, 0.5), (0.28564292, 0.45760563), (0.26322195, 0.45751613), (0.28564292, 0.45760563), (0.27202603, 0.5), (0.30806988, 0.33333334), (0.31655723, 0.37467942), (0.29165542, 0.3737918), (0.32416835, 0.41631305), (0.3005576, 0.4149308), (0.31655723, 0.37467942), (0.27692702, 0.41533244), (0.29165542, 0.3737918), (0.3005576, 0.4149308), (0.31655723, 0.37467942), (0.3005576, 0.4149308), (0.29165542, 0.3737918), (0.29405203, 0.5), (0.28564292, 0.45760563), (0.30884618, 0.45797077), (0.27692702, 0.41533244), (0.3005576, 0.4149308), (0.28564292, 0.45760563), (0.32416835, 0.41631305), (0.30884618, 0.45797077), (0.3005576, 0.4149308), (0.28564292, 0.45760563), (0.3005576, 0.4149308), (0.30884618, 0.45797077), (0.1618959, 0.5), (0.16874188, 0.45811686), (0.18392193, 0.5), (0.17583163, 0.41631305), (0.19115382, 0.45797077), (0.16874188, 0.45811686), (0.20594795, 0.5), (0.18392193, 0.5), (0.19115382, 0.45797077), (0.16874188, 0.45811686), (0.19115382, 0.45797077), (0.18392193, 0.5), (0.19193012, 0.33333334), (0.2083446, 0.3737918), (0.18344276, 0.37467942), (0.22307299, 0.41533244), (0.19944239, 0.4149308), (0.2083446, 0.3737918), (0.17583163, 0.41631305), (0.18344276, 0.37467942), (0.19944239, 0.4149308), (0.2083446, 0.3737918), (0.19944239, 0.4149308), (0.18344276, 0.37467942), (0.25, 0.5), (0.22797398, 0.5), (0.23677805, 0.45751613), (0.20594795, 0.5), (0.21435706, 0.45760563), (0.22797398, 0.5), (0.22307299, 0.41533244), (0.23677805, 0.45751613), (0.21435706, 0.45760563), (0.22797398, 0.5), (0.21435706, 0.45760563), (0.23677805, 0.45751613), (0.17583163, 0.41631305), (0.19944239, 0.4149308), (0.19115382, 0.45797077), (0.22307299, 0.41533244), (0.21435706, 0.45760563), (0.19944239, 0.4149308), (0.20594795, 0.5), (0.19115382, 0.45797077), (0.21435706, 0.45760563), (0.19944239, 0.4149308), (0.21435706, 0.45760563), (0.19115382, 0.45797077), (0.25, 0.1762082), (0.27084234, 0.21325667), (0.22915766, 0.21325667), (0.28620914, 0.25226986), (0.25, 0.24811502), (0.27084234, 0.21325667), (0.21379085, 0.25226986), (0.22915766, 0.21325667), (0.25, 0.24811502), (0.27084234, 0.21325667), (0.25, 0.24811502), (0.22915766, 0.21325667), (0.30806988, 0.33333334), (0.2792979, 0.3262082), (0.29820704, 0.29244283), (0.25, 0.3237918), (0.26649293, 0.28703538), (0.2792979, 0.3262082), (0.28620914, 0.25226986), (0.29820704, 0.29244283), (0.26649293, 0.28703538), (0.2792979, 0.3262082), (0.26649293, 0.28703538), (0.29820704, 0.29244283), (0.19193012, 0.33333334), (0.20179294, 0.29244283), (0.2207021, 0.3262082), (0.21379085, 0.25226986), (0.23350705, 0.28703538), (0.20179294, 0.29244283), (0.25, 0.3237918), (0.2207021, 0.3262082), (0.23350705, 0.28703538), (0.20179294, 0.29244283), (0.23350705, 0.28703538), (0.2207021, 0.3262082), (0.28620914, 0.25226986), (0.26649293, 0.28703538), (0.25, 0.24811502), (0.25, 0.3237918), (0.23350705, 0.28703538), (0.26649293, 0.28703538), (0.21379085, 0.25226986), (0.25, 0.24811502), (0.23350705, 0.28703538), (0.26649293, 0.28703538), (0.23350705, 0.28703538), (0.25, 0.24811502), (0.25, 0.5), (0.23677805, 0.45751613), (0.26322195, 0.45751613), (0.22307299, 0.41533244), (0.25, 0.41416425), (0.23677805, 0.45751613), (0.27692702, 0.41533244), (0.26322195, 0.45751613), (0.25, 0.41416425), (0.23677805, 0.45751613), (0.25, 0.41416425), (0.26322195, 0.45751613), (0.19193012, 0.33333334), (0.2207021, 0.3262082), (0.2083446, 0.3737918), (0.25, 0.3237918), (0.23568772, 0.3691466), (0.2207021, 0.3262082), (0.22307299, 0.41533244), (0.2083446, 0.3737918), (0.23568772, 0.3691466), (0.2207021, 0.3262082), (0.23568772, 0.3691466), (0.2083446, 0.3737918), (0.30806988, 0.33333334), (0.29165542, 0.3737918), (0.2792979, 0.3262082), (0.27692702, 0.41533244), (0.2643123, 0.3691466), (0.29165542, 0.3737918), (0.25, 0.3237918), (0.2792979, 0.3262082), (0.2643123, 0.3691466), (0.29165542, 0.3737918), (0.2643123, 0.3691466), (0.2792979, 0.3262082), (0.22307299, 0.41533244), (0.23568772, 0.3691466), (0.25, 0.41416425), (0.25, 0.3237918), (0.2643123, 0.3691466), (0.23568772, 0.3691466), (0.27692702, 0.41533244), (0.25, 0.41416425), (0.2643123, 0.3691466), (0.23568772, 0.3691466), (0.2643123, 0.3691466), (0.25, 0.41416425), (0.3381041, 0.5), (0.33125812, 0.45811686), (0.35596284, 0.47416106), (0.32416835, 0.41631305), (0.3493883, 0.43166912), (0.33125812, 0.45811686), (0.3740575, 0.44864997), (0.35596284, 0.47416106), (0.3493883, 0.43166912), (0.33125812, 0.45811686), (0.3493883, 0.43166912), (0.35596284, 0.47416106), (0.30806988, 0.33333334), (0.33589137, 0.34481987), (0.31655723, 0.37467942), (0.36250195, 0.36015967), (0.34271127, 0.3874878), (0.33589137, 0.34481987), (0.32416835, 0.41631305), (0.31655723, 0.37467942), (0.34271127, 0.3874878), (0.33589137, 0.34481987), (0.34271127, 0.3874878), (0.31655723, 0.37467942), (0.4118959, 0.4), (0.39262402, 0.42380756), (0.38781616, 0.37875855), (0.3740575, 0.44864997), (0.36853018, 0.40434563), (0.39262402, 0.42380756), (0.36250195, 0.36015967), (0.38781616, 0.37875855), (0.36853018, 0.40434563), (0.39262402, 0.42380756), (0.36853018, 0.40434563), (0.38781616, 0.37875855), (0.32416835, 0.41631305), (0.34271127, 0.3874878), (0.3493883, 0.43166912), (0.36250195, 0.36015967), (0.36853018, 0.40434563), (0.34271127, 0.3874878), (0.3740575, 0.44864997), (0.3493883, 0.43166912), (0.36853018, 0.40434563), (0.34271127, 0.3874878), (0.36853018, 0.40434563), (0.3493883, 0.43166912), (0.25, 0.1762082), (0.29209384, 0.16736312), (0.27084234, 0.21325667), (0.33589137, 0.16879149), (0.30680767, 0.20870122), (0.29209384, 0.16736312), (0.28620914, 0.25226986), (0.27084234, 0.21325667), (0.30680767, 0.20870122), (0.29209384, 0.16736312), (0.30680767, 0.20870122), (0.27084234, 0.21325667), (0.4118959, 0.2), (0.37749118, 0.2262082), (0.37679887, 0.18024725), (0.34969378, 0.25840512), (0.34402502, 0.2134572), (0.37749118, 0.2262082), (0.33589137, 0.16879149), (0.37679887, 0.18024725), (0.34402502, 0.2134572), (0.37749118, 0.2262082), (0.34402502, 0.2134572), (0.37679887, 0.18024725), (0.30806988, 0.33333334), (0.29820704, 0.29244283), (0.32703418, 0.2945696), (0.28620914, 0.25226986), (0.31825125, 0.25215212), (0.29820704, 0.29244283), (0.34969378, 0.25840512), (0.32703418, 0.2945696), (0.31825125, 0.25215212), (0.29820704, 0.29244283), (0.31825125, 0.25215212), (0.32703418, 0.2945696), (0.33589137, 0.16879149), (0.34402502, 0.2134572), (0.30680767, 0.20870122), (0.34969378, 0.25840512), (0.31825125, 0.25215212), (0.34402502, 0.2134572), (0.28620914, 0.25226986), (0.30680767, 0.20870122), (0.31825125, 0.25215212), (0.34402502, 0.2134572), (0.31825125, 0.25215212), (0.30680767, 0.20870122), (0.5, 0.3237918), (0.47604057, 0.3390228), (0.48359424, 0.28889674), (0.45342857, 0.35714117), (0.45821473, 0.30645803), (0.47604057, 0.3390228), (0.46420288, 0.2559438), (0.48359424, 0.28889674), (0.45821473, 0.30645803), (0.47604057, 0.3390228), (0.45821473, 0.30645803), (0.48359424, 0.28889674), (0.4118959, 0.4), (0.4118959, 0.35), (0.43209738, 0.37762946), (0.4118959, 0.3), (0.43378523, 0.32737526), (0.4118959, 0.35), (0.45342857, 0.35714117), (0.43209738, 0.37762946), (0.43378523, 0.32737526), (0.4118959, 0.35), (0.43378523, 0.32737526), (0.43209738, 0.37762946), (0.4118959, 0.2), (0.44072065, 0.22585817), (0.4118959, 0.25), (0.46420288, 0.2559438), (0.43651637, 0.27585137), (0.44072065, 0.22585817), (0.4118959, 0.3), (0.4118959, 0.25), (0.43651637, 0.27585137), (0.44072065, 0.22585817), (0.43651637, 0.27585137), (0.4118959, 0.25), (0.45342857, 0.35714117), (0.43378523, 0.32737526), (0.45821473, 0.30645803), (0.4118959, 0.3), (0.43651637, 0.27585137), (0.43378523, 0.32737526), (0.46420288, 0.2559438), (0.45821473, 0.30645803), (0.43651637, 0.27585137), (0.43378523, 0.32737526), (0.43651637, 0.27585137), (0.45821473, 0.30645803), (0.30806988, 0.33333334), (0.32703418, 0.2945696), (0.33589137, 0.34481987), (0.34969378, 0.25840512), (0.35680327, 0.30916378), (0.32703418, 0.2945696), (0.36250195, 0.36015967), (0.33589137, 0.34481987), (0.35680327, 0.30916378), (0.32703418, 0.2945696), (0.35680327, 0.30916378), (0.33589137, 0.34481987), (0.4118959, 0.2), (0.4118959, 0.25), (0.37749118, 0.2262082), (0.4118959, 0.3), (0.3825087, 0.27619958), (0.4118959, 0.25), (0.34969378, 0.25840512), (0.37749118, 0.2262082), (0.3825087, 0.27619958), (0.4118959, 0.25), (0.3825087, 0.27619958), (0.37749118, 0.2262082), (0.4118959, 0.4), (0.38781616, 0.37875855), (0.4118959, 0.35), (0.36250195, 0.36015967), (0.3858042, 0.32839483), (0.38781616, 0.37875855), (0.4118959, 0.3), (0.4118959, 0.35), (0.3858042, 0.32839483), (0.38781616, 0.37875855), (0.3858042, 0.32839483), (0.4118959, 0.35), (0.34969378, 0.25840512), (0.3825087, 0.27619958), (0.35680327, 0.30916378), (0.4118959, 0.3), (0.3858042, 0.32839483), (0.3825087, 0.27619958), (0.36250195, 0.36015967), (0.35680327, 0.30916378), (0.3858042, 0.32839483), (0.3825087, 0.27619958), (0.3858042, 0.32839483), (0.35680327, 0.30916378), (0.3381041, 0.5), (0.35596284, 0.47416106), (0.35596284, 0.5258389), (0.3740575, 0.44864997), (0.3740575, 0.5), (0.35596284, 0.47416106), (0.3740575, 0.55135), (0.35596284, 0.5258389), (0.3740575, 0.5), (0.35596284, 0.47416106), (0.3740575, 0.5), (0.35596284, 0.5258389), (0.4118959, 0.4), (0.4118959, 0.45), (0.39262402, 0.42380756), (0.4118959, 0.5), (0.39310092, 0.47414333), (0.4118959, 0.45), (0.3740575, 0.44864997), (0.39262402, 0.42380756), (0.39310092, 0.47414333), (0.4118959, 0.45), (0.39310092, 0.47414333), (0.39262402, 0.42380756), (0.4118959, 0.6), (0.39262402, 0.57619244), (0.4118959, 0.55), (0.3740575, 0.55135), (0.39310092, 0.5258567), (0.39262402, 0.57619244), (0.4118959, 0.5), (0.4118959, 0.55), (0.39310092, 0.5258567), (0.39262402, 0.57619244), (0.39310092, 0.5258567), (0.4118959, 0.55), (0.3740575, 0.44864997), (0.39310092, 0.47414333), (0.3740575, 0.5), (0.4118959, 0.5), (0.39310092, 0.5258567), (0.39310092, 0.47414333), (0.3740575, 0.55135), (0.3740575, 0.5), (0.39310092, 0.5258567), (0.39310092, 0.47414333), (0.39310092, 0.5258567), (0.3740575, 0.5), (0.5, 0.3237918), (0.5, 0.36784387), (0.47604057, 0.3390228), (0.5, 0.4118959), (0.47748187, 0.38338077), (0.5, 0.36784387), (0.45342857, 0.35714117), (0.47604057, 0.3390228), (0.47748187, 0.38338077), (0.5, 0.36784387), (0.47748187, 0.38338077), (0.47604057, 0.3390228), (0.5, 0.5), (0.47868544, 0.4737918), (0.5, 0.45594797), (0.45708212, 0.4480572), (0.47826654, 0.42935607), (0.47868544, 0.4737918), (0.5, 0.4118959), (0.5, 0.45594797), (0.47826654, 0.42935607), (0.47868544, 0.4737918), (0.47826654, 0.42935607), (0.5, 0.45594797), (0.4118959, 0.4), (0.43209738, 0.37762946), (0.4349076, 0.42328632), (0.45342857, 0.35714117), (0.45533833, 0.40259317), (0.43209738, 0.37762946), (0.45708212, 0.4480572), (0.4349076, 0.42328632), (0.45533833, 0.40259317), (0.43209738, 0.37762946), (0.45533833, 0.40259317), (0.4349076, 0.42328632), (0.5, 0.4118959), (0.47826654, 0.42935607), (0.47748187, 0.38338077), (0.45708212, 0.4480572), (0.45533833, 0.40259317), (0.47826654, 0.42935607), (0.45342857, 0.35714117), (0.47748187, 0.38338077), (0.45533833, 0.40259317), (0.47826654, 0.42935607), (0.45533833, 0.40259317), (0.47748187, 0.38338077), (0.5, 0.6762082), (0.47604057, 0.6609772), (0.5, 0.63215613), (0.45342857, 0.64285886), (0.47748187, 0.6166192), (0.47604057, 0.6609772), (0.5, 0.58810407), (0.5, 0.63215613), (0.47748187, 0.6166192), (0.47604057, 0.6609772), (0.47748187, 0.6166192), (0.5, 0.63215613), (0.4118959, 0.6), (0.4349076, 0.5767137), (0.43209738, 0.62237054), (0.45708212, 0.5519428), (0.45533833, 0.5974068), (0.4349076, 0.5767137), (0.45342857, 0.64285886), (0.43209738, 0.62237054), (0.45533833, 0.5974068), (0.4349076, 0.5767137), (0.45533833, 0.5974068), (0.43209738, 0.62237054), (0.5, 0.5), (0.5, 0.54405206), (0.47868544, 0.52620816), (0.5, 0.58810407), (0.47826654, 0.5706439), (0.5, 0.54405206), (0.45708212, 0.5519428), (0.47868544, 0.52620816), (0.47826654, 0.5706439), (0.5, 0.54405206), (0.47826654, 0.5706439), (0.47868544, 0.52620816), (0.45342857, 0.64285886), (0.45533833, 0.5974068), (0.47748187, 0.6166192), (0.45708212, 0.5519428), (0.47826654, 0.5706439), (0.45533833, 0.5974068), (0.5, 0.58810407), (0.47748187, 0.6166192), (0.47826654, 0.5706439), (0.45533833, 0.5974068), (0.47826654, 0.5706439), (0.47748187, 0.6166192), (0.4118959, 0.4), (0.4349076, 0.42328632), (0.4118959, 0.45), (0.45708212, 0.4480572), (0.4343369, 0.4737659), (0.4349076, 0.42328632), (0.4118959, 0.5), (0.4118959, 0.45), (0.4343369, 0.4737659), (0.4349076, 0.42328632), (0.4343369, 0.4737659), (0.4118959, 0.45), (0.5, 0.5), (0.47868544, 0.52620816), (0.47868544, 0.4737918), (0.45708212, 0.5519428), (0.45708212, 0.5), (0.47868544, 0.52620816), (0.45708212, 0.4480572), (0.47868544, 0.4737918), (0.45708212, 0.5), (0.47868544, 0.52620816), (0.45708212, 0.5), (0.47868544, 0.4737918), (0.4118959, 0.6), (0.4118959, 0.55), (0.4349076, 0.5767137), (0.4118959, 0.5), (0.4343369, 0.5262341), (0.4118959, 0.55), (0.45708212, 0.5519428), (0.4349076, 0.5767137), (0.4343369, 0.5262341), (0.4118959, 0.55), (0.4343369, 0.5262341), (0.4349076, 0.5767137), (0.45708212, 0.4480572), (0.45708212, 0.5), (0.4343369, 0.4737659), (0.45708212, 0.5519428), (0.4343369, 0.5262341), (0.45708212, 0.5), (0.4118959, 0.5), (0.4343369, 0.4737659), (0.4343369, 0.5262341), (0.45708212, 0.5), (0.4343369, 0.5262341), (0.4343369, 0.4737659), (0.25, 0.8237918), (0.29209384, 0.8326369), (0.25, 0.86784387), (0.33589137, 0.8312085), (0.30605352, 0.87535405), (0.29209384, 0.8326369), (0.25, 0.91189593), (0.25, 0.86784387), (0.30605352, 0.87535405), (0.29209384, 0.8326369), (0.30605352, 0.87535405), (0.25, 0.86784387), (0.4118959, 0.8), (0.4118959, 0.85), (0.37679887, 0.81975275), (0.4118959, 0.9), (0.36454922, 0.8687947), (0.4118959, 0.85), (0.33589137, 0.8312085), (0.37679887, 0.81975275), (0.36454922, 0.8687947), (0.4118959, 0.85), (0.36454922, 0.8687947), (0.37679887, 0.81975275), (0.5, 1), (0.25, 0.95594794), (0.4118959, 0.95), (0.25, 0.91189593), (0.33639386, 0.91724265), (0.25, 0.95594794), (0.4118959, 0.9), (0.4118959, 0.95), (0.33639386, 0.91724265), (0.25, 0.95594794), (0.33639386, 0.91724265), (0.4118959, 0.95), (0.33589137, 0.8312085), (0.36454922, 0.8687947), (0.30605352, 0.87535405), (0.4118959, 0.9), (0.33639386, 0.91724265), (0.36454922, 0.8687947), (0.25, 0.91189593), (0.30605352, 0.87535405), (0.33639386, 0.91724265), (0.36454922, 0.8687947), (0.33639386, 0.91724265), (0.30605352, 0.87535405), (0.5, 0.6762082), (0.51640576, 0.71110326), (0.48359424, 0.71110326), (0.5357971, 0.7440562), (0.5, 0.748115), (0.51640576, 0.71110326), (0.46420288, 0.7440562), (0.48359424, 0.71110326), (0.5, 0.748115), (0.51640576, 0.71110326), (0.5, 0.748115), (0.48359424, 0.71110326), (0.58810407, 0.8), (0.54657143, 0.81754947), (0.5592793, 0.77414185), (0.5, 0.8237918), (0.5207036, 0.7848849), (0.54657143, 0.81754947), (0.5357971, 0.7440562), (0.5592793, 0.77414185), (0.5207036, 0.7848849), (0.54657143, 0.81754947), (0.5207036, 0.7848849), (0.5592793, 0.77414185), (0.4118959, 0.8), (0.44072065, 0.77414185), (0.45342857, 0.81754947), (0.46420288, 0.7440562), (0.4792964, 0.7848849), (0.44072065, 0.77414185), (0.5, 0.8237918), (0.45342857, 0.81754947), (0.4792964, 0.7848849), (0.44072065, 0.77414185), (0.4792964, 0.7848849), (0.45342857, 0.81754947), (0.5357971, 0.7440562), (0.5207036, 0.7848849), (0.5, 0.748115), (0.5, 0.8237918), (0.4792964, 0.7848849), (0.5207036, 0.7848849), (0.46420288, 0.7440562), (0.5, 0.748115), (0.4792964, 0.7848849), (0.5207036, 0.7848849), (0.4792964, 0.7848849), (0.5, 0.748115), (0.75, 0.8237918), (0.75, 0.86784387), (0.7079061, 0.8326369), (0.75, 0.91189593), (0.6939465, 0.87535405), (0.75, 0.86784387), (0.66410863, 0.8312085), (0.7079061, 0.8326369), (0.6939465, 0.87535405), (0.75, 0.86784387), (0.6939465, 0.87535405), (0.7079061, 0.8326369), (0.5, 1), (0.58810407, 0.95), (0.75, 0.95594794), (0.58810407, 0.9), (0.6636061, 0.91724265), (0.58810407, 0.95), (0.75, 0.91189593), (0.75, 0.95594794), (0.6636061, 0.91724265), (0.58810407, 0.95), (0.6636061, 0.91724265), (0.75, 0.95594794), (0.58810407, 0.8), (0.62320113, 0.81975275), (0.58810407, 0.85), (0.66410863, 0.8312085), (0.6354508, 0.8687947), (0.62320113, 0.81975275), (0.58810407, 0.9), (0.58810407, 0.85), (0.6354508, 0.8687947), (0.62320113, 0.81975275), (0.6354508, 0.8687947), (0.58810407, 0.85), (0.75, 0.91189593), (0.6636061, 0.91724265), (0.6939465, 0.87535405), (0.58810407, 0.9), (0.6354508, 0.8687947), (0.6636061, 0.91724265), (0.66410863, 0.8312085), (0.6939465, 0.87535405), (0.6354508, 0.8687947), (0.6636061, 0.91724265), (0.6354508, 0.8687947), (0.6939465, 0.87535405), (0.4118959, 0.8), (0.45342857, 0.81754947), (0.4118959, 0.85), (0.5, 0.8237918), (0.46766466, 0.8662268), (0.45342857, 0.81754947), (0.4118959, 0.9), (0.4118959, 0.85), (0.46766466, 0.8662268), (0.45342857, 0.81754947), (0.46766466, 0.8662268), (0.4118959, 0.85), (0.58810407, 0.8), (0.58810407, 0.85), (0.54657143, 0.81754947), (0.58810407, 0.9), (0.53233534, 0.8662268), (0.58810407, 0.85), (0.5, 0.8237918), (0.54657143, 0.81754947), (0.53233534, 0.8662268), (0.58810407, 0.85), (0.53233534, 0.8662268), (0.54657143, 0.81754947), (0.5, 1), (0.4118959, 0.95), (0.58810407, 0.95), (0.4118959, 0.9), (0.5, 0.91416425), (0.4118959, 0.95), (0.58810407, 0.9), (0.58810407, 0.95), (0.5, 0.91416425), (0.4118959, 0.95), (0.5, 0.91416425), (0.58810407, 0.95), (0.5, 0.8237918), (0.53233534, 0.8662268), (0.46766466, 0.8662268), (0.58810407, 0.9), (0.5, 0.91416425), (0.53233534, 0.8662268), (0.4118959, 0.9), (0.46766466, 0.8662268), (0.5, 0.91416425), (0.53233534, 0.8662268), (0.5, 0.91416425), (0.46766466, 0.8662268), (0.1618959, 0.5), (0.16874188, 0.5418831), (0.14403717, 0.5258389), (0.17583163, 0.58368695), (0.1506117, 0.5683309), (0.16874188, 0.5418831), (0.12594248, 0.55135), (0.14403717, 0.5258389), (0.1506117, 0.5683309), (0.16874188, 0.5418831), (0.1506117, 0.5683309), (0.14403717, 0.5258389), (0.19193012, 0.6666667), (0.16410862, 0.65518016), (0.18344276, 0.6253206), (0.13749804, 0.63984036), (0.15728873, 0.6125122), (0.16410862, 0.65518016), (0.17583163, 0.58368695), (0.18344276, 0.6253206), (0.15728873, 0.6125122), (0.16410862, 0.65518016), (0.15728873, 0.6125122), (0.18344276, 0.6253206), (0.0881041, 0.6), (0.10737599, 0.57619244), (0.112183824, 0.62124145), (0.12594248, 0.55135), (0.13146983, 0.59565437), (0.10737599, 0.57619244), (0.13749804, 0.63984036), (0.112183824, 0.62124145), (0.13146983, 0.59565437), (0.10737599, 0.57619244), (0.13146983, 0.59565437), (0.112183824, 0.62124145), (0.17583163, 0.58368695), (0.15728873, 0.6125122), (0.1506117, 0.5683309), (0.13749804, 0.63984036), (0.13146983, 0.59565437), (0.15728873, 0.6125122), (0.12594248, 0.55135), (0.1506117, 0.5683309), (0.13146983, 0.59565437), (0.15728873, 0.6125122), (0.13146983, 0.59565437), (0.1506117, 0.5683309), (0.25, 0.8237918), (0.20790616, 0.8326369), (0.22915766, 0.78674334), (0.16410862, 0.8312085), (0.19319233, 0.7912988), (0.20790616, 0.8326369), (0.21379085, 0.74773014), (0.22915766, 0.78674334), (0.19319233, 0.7912988), (0.20790616, 0.8326369), (0.19319233, 0.7912988), (0.22915766, 0.78674334), (0.0881041, 0.8), (0.12250883, 0.7737918), (0.123201124, 0.81975275), (0.15030624, 0.74159485), (0.15597497, 0.78654283), (0.12250883, 0.7737918), (0.16410862, 0.8312085), (0.123201124, 0.81975275), (0.15597497, 0.78654283), (0.12250883, 0.7737918), (0.15597497, 0.78654283), (0.123201124, 0.81975275), (0.19193012, 0.6666667), (0.20179294, 0.7075572), (0.17296582, 0.7054304), (0.21379085, 0.74773014), (0.18174873, 0.74784786), (0.20179294, 0.7075572), (0.15030624, 0.74159485), (0.17296582, 0.7054304), (0.18174873, 0.74784786), (0.20179294, 0.7075572), (0.18174873, 0.74784786), (0.17296582, 0.7054304), (0.16410862, 0.8312085), (0.15597497, 0.78654283), (0.19319233, 0.7912988), (0.15030624, 0.74159485), (0.18174873, 0.74784786), (0.15597497, 0.78654283), (0.21379085, 0.74773014), (0.19319233, 0.7912988), (0.18174873, 0.74784786), (0.15597497, 0.78654283), (0.18174873, 0.74784786), (0.19319233, 0.7912988), (1, 0.6762082), (0.023959424, 0.6609772), (0.016405763, 0.71110326), (0.04657145, 0.64285886), (0.041785255, 0.69354194), (0.023959424, 0.6609772), (0.03579713, 0.7440562), (0.016405763, 0.71110326), (0.041785255, 0.69354194), (0.023959424, 0.6609772), (0.041785255, 0.69354194), (0.016405763, 0.71110326), (0.0881041, 0.6), (0.0881041, 0.65), (0.067902625, 0.62237054), (0.0881041, 0.7), (0.06621476, 0.67262477), (0.0881041, 0.65), (0.04657145, 0.64285886), (0.067902625, 0.62237054), (0.06621476, 0.67262477), (0.0881041, 0.65), (0.06621476, 0.67262477), (0.067902625, 0.62237054), (0.0881041, 0.8), (0.05927935, 0.77414185), (0.0881041, 0.75), (0.03579713, 0.7440562), (0.063483626, 0.72414863), (0.05927935, 0.77414185), (0.0881041, 0.7), (0.0881041, 0.75), (0.063483626, 0.72414863), (0.05927935, 0.77414185), (0.063483626, 0.72414863), (0.0881041, 0.75), (0.04657145, 0.64285886), (0.06621476, 0.67262477), (0.041785255, 0.69354194), (0.0881041, 0.7), (0.063483626, 0.72414863), (0.06621476, 0.67262477), (0.03579713, 0.7440562), (0.041785255, 0.69354194), (0.063483626, 0.72414863), (0.06621476, 0.67262477), (0.063483626, 0.72414863), (0.041785255, 0.69354194), (0.19193012, 0.6666667), (0.17296582, 0.7054304), (0.16410862, 0.65518016), (0.15030624, 0.74159485), (0.14319673, 0.6908362), (0.17296582, 0.7054304), (0.13749804, 0.63984036), (0.16410862, 0.65518016), (0.14319673, 0.6908362), (0.17296582, 0.7054304), (0.14319673, 0.6908362), (0.16410862, 0.65518016), (0.0881041, 0.8), (0.0881041, 0.75), (0.12250883, 0.7737918), (0.0881041, 0.7), (0.1174913, 0.7238004), (0.0881041, 0.75), (0.15030624, 0.74159485), (0.12250883, 0.7737918), (0.1174913, 0.7238004), (0.0881041, 0.75), (0.1174913, 0.7238004), (0.12250883, 0.7737918), (0.0881041, 0.6), (0.112183824, 0.62124145), (0.0881041, 0.65), (0.13749804, 0.63984036), (0.1141958, 0.67160517), (0.112183824, 0.62124145), (0.0881041, 0.7), (0.0881041, 0.65), (0.1141958, 0.67160517), (0.112183824, 0.62124145), (0.1141958, 0.67160517), (0.0881041, 0.65), (0.15030624, 0.74159485), (0.1174913, 0.7238004), (0.14319673, 0.6908362), (0.0881041, 0.7), (0.1141958, 0.67160517), (0.1174913, 0.7238004), (0.13749804, 0.63984036), (0.14319673, 0.6908362), (0.1141958, 0.67160517), (0.1174913, 0.7238004), (0.1141958, 0.67160517), (0.14319673, 0.6908362), (0.25, 0.1762082), (0.22915766, 0.21325667), (0.20790616, 0.16736312), (0.21379085, 0.25226986), (0.19319233, 0.20870122), (0.22915766, 0.21325667), (0.16410862, 0.16879149), (0.20790616, 0.16736312), (0.19319233, 0.20870122), (0.22915766, 0.21325667), (0.19319233, 0.20870122), (0.20790616, 0.16736312), (0.19193012, 0.33333334), (0.17296582, 0.2945696), (0.20179294, 0.29244283), (0.15030624, 0.25840512), (0.18174873, 0.25215212), (0.17296582, 0.2945696), (0.21379085, 0.25226986), (0.20179294, 0.29244283), (0.18174873, 0.25215212), (0.17296582, 0.2945696), (0.18174873, 0.25215212), (0.20179294, 0.29244283), (0.0881041, 0.2), (0.123201124, 0.18024725), (0.12250883, 0.2262082), (0.16410862, 0.16879149), (0.15597497, 0.2134572), (0.123201124, 0.18024725), (0.15030624, 0.25840512), (0.12250883, 0.2262082), (0.15597497, 0.2134572), (0.123201124, 0.18024725), (0.15597497, 0.2134572), (0.12250883, 0.2262082), (0.21379085, 0.25226986), (0.18174873, 0.25215212), (0.19319233, 0.20870122), (0.15030624, 0.25840512), (0.15597497, 0.2134572), (0.18174873, 0.25215212), (0.16410862, 0.16879149), (0.19319233, 0.20870122), (0.15597497, 0.2134572), (0.18174873, 0.25215212), (0.15597497, 0.2134572), (0.19319233, 0.20870122), (0.1618959, 0.5), (0.14403717, 0.47416106), (0.16874188, 0.45811686), (0.12594248, 0.44864997), (0.1506117, 0.43166912), (0.14403717, 0.47416106), (0.17583163, 0.41631305), (0.16874188, 0.45811686), (0.1506117, 0.43166912), (0.14403717, 0.47416106), (0.1506117, 0.43166912), (0.16874188, 0.45811686), (0.0881041, 0.4), (0.112183824, 0.37875855), (0.10737599, 0.42380756), (0.13749804, 0.36015967), (0.13146983, 0.40434563), (0.112183824, 0.37875855), (0.12594248, 0.44864997), (0.10737599, 0.42380756), (0.13146983, 0.40434563), (0.112183824, 0.37875855), (0.13146983, 0.40434563), (0.10737599, 0.42380756), (0.19193012, 0.33333334), (0.18344276, 0.37467942), (0.16410862, 0.34481987), (0.17583163, 0.41631305), (0.15728873, 0.3874878), (0.18344276, 0.37467942), (0.13749804, 0.36015967), (0.16410862, 0.34481987), (0.15728873, 0.3874878), (0.18344276, 0.37467942), (0.15728873, 0.3874878), (0.16410862, 0.34481987), (0.12594248, 0.44864997), (0.13146983, 0.40434563), (0.1506117, 0.43166912), (0.13749804, 0.36015967), (0.15728873, 0.3874878), (0.13146983, 0.40434563), (0.17583163, 0.41631305), (0.1506117, 0.43166912), (0.15728873, 0.3874878), (0.13146983, 0.40434563), (0.15728873, 0.3874878), (0.1506117, 0.43166912), (1, 0.3237918), (0.016405763, 0.28889674), (0.023959424, 0.3390228), (0.03579713, 0.2559438), (0.041785255, 0.30645803), (0.016405763, 0.28889674), (0.04657145, 0.35714117), (0.023959424, 0.3390228), (0.041785255, 0.30645803), (0.016405763, 0.28889674), (0.041785255, 0.30645803), (0.023959424, 0.3390228), (0.0881041, 0.2), (0.0881041, 0.25), (0.05927935, 0.22585817), (0.0881041, 0.3), (0.063483626, 0.27585137), (0.0881041, 0.25), (0.03579713, 0.2559438), (0.05927935, 0.22585817), (0.063483626, 0.27585137), (0.0881041, 0.25), (0.063483626, 0.27585137), (0.05927935, 0.22585817), (0.0881041, 0.4), (0.067902625, 0.37762946), (0.0881041, 0.35), (0.04657145, 0.35714117), (0.06621476, 0.32737526), (0.067902625, 0.37762946), (0.0881041, 0.3), (0.0881041, 0.35), (0.06621476, 0.32737526), (0.067902625, 0.37762946), (0.06621476, 0.32737526), (0.0881041, 0.35), (0.03579713, 0.2559438), (0.063483626, 0.27585137), (0.041785255, 0.30645803), (0.0881041, 0.3), (0.06621476, 0.32737526), (0.063483626, 0.27585137), (0.04657145, 0.35714117), (0.041785255, 0.30645803), (0.06621476, 0.32737526), (0.063483626, 0.27585137), (0.06621476, 0.32737526), (0.041785255, 0.30645803), (0.19193012, 0.33333334), (0.16410862, 0.34481987), (0.17296582, 0.2945696), (0.13749804, 0.36015967), (0.14319673, 0.30916378), (0.16410862, 0.34481987), (0.15030624, 0.25840512), (0.17296582, 0.2945696), (0.14319673, 0.30916378), (0.16410862, 0.34481987), (0.14319673, 0.30916378), (0.17296582, 0.2945696), (0.0881041, 0.4), (0.0881041, 0.35), (0.112183824, 0.37875855), (0.0881041, 0.3), (0.1141958, 0.32839483), (0.0881041, 0.35), (0.13749804, 0.36015967), (0.112183824, 0.37875855), (0.1141958, 0.32839483), (0.0881041, 0.35), (0.1141958, 0.32839483), (0.112183824, 0.37875855), (0.0881041, 0.2), (0.12250883, 0.2262082), (0.0881041, 0.25), (0.15030624, 0.25840512), (0.1174913, 0.27619958), (0.12250883, 0.2262082), (0.0881041, 0.3), (0.0881041, 0.25), (0.1174913, 0.27619958), (0.12250883, 0.2262082), (0.1174913, 0.27619958), (0.0881041, 0.25), (0.13749804, 0.36015967), (0.1141958, 0.32839483), (0.14319673, 0.30916378), (0.0881041, 0.3), (0.1174913, 0.27619958), (0.1141958, 0.32839483), (0.15030624, 0.25840512), (0.14319673, 0.30916378), (0.1174913, 0.27619958), (0.1141958, 0.32839483), (0.1174913, 0.27619958), (0.14319673, 0.30916378), (0.5, 0.3237918), (0.48359424, 0.28889674), (0.51640576, 0.28889674), (0.46420288, 0.2559438), (0.5, 0.25188497), (0.48359424, 0.28889674), (0.5357971, 0.2559438), (0.51640576, 0.28889674), (0.5, 0.25188497), (0.48359424, 0.28889674), (0.5, 0.25188497), (0.51640576, 0.28889674), (0.4118959, 0.2), (0.45342857, 0.1824505), (0.44072065, 0.22585817), (0.5, 0.1762082), (0.4792964, 0.21511506), (0.45342857, 0.1824505), (0.46420288, 0.2559438), (0.44072065, 0.22585817), (0.4792964, 0.21511506), (0.45342857, 0.1824505), (0.4792964, 0.21511506), (0.44072065, 0.22585817), (0.58810407, 0.2), (0.5592793, 0.22585817), (0.54657143, 0.1824505), (0.5357971, 0.2559438), (0.5207036, 0.21511506), (0.5592793, 0.22585817), (0.5, 0.1762082), (0.54657143, 0.1824505), (0.5207036, 0.21511506), (0.5592793, 0.22585817), (0.5207036, 0.21511506), (0.54657143, 0.1824505), (0.46420288, 0.2559438), (0.4792964, 0.21511506), (0.5, 0.25188497), (0.5, 0.1762082), (0.5207036, 0.21511506), (0.4792964, 0.21511506), (0.5357971, 0.2559438), (0.5, 0.25188497), (0.5207036, 0.21511506), (0.4792964, 0.21511506), (0.5207036, 0.21511506), (0.5, 0.25188497), (0.25, 0.1762082), (0.25, 0.13215615), (0.29209384, 0.16736312), (0.25, 0.0881041), (0.30605352, 0.12464596), (0.25, 0.13215615), (0.33589137, 0.16879149), (0.29209384, 0.16736312), (0.30605352, 0.12464596), (0.25, 0.13215615), (0.30605352, 0.12464596), (0.29209384, 0.16736312), (0.5, 0), (0.4118959, 0.05), (0.25, 0.04405205), (0.4118959, 0.1), (0.33639386, 0.082757324), (0.4118959, 0.05), (0.25, 0.0881041), (0.25, 0.04405205), (0.33639386, 0.082757324), (0.4118959, 0.05), (0.33639386, 0.082757324), (0.25, 0.04405205), (0.4118959, 0.2), (0.37679887, 0.18024725), (0.4118959, 0.15), (0.33589137, 0.16879149), (0.36454922, 0.13120534), (0.37679887, 0.18024725), (0.4118959, 0.1), (0.4118959, 0.15), (0.36454922, 0.13120534), (0.37679887, 0.18024725), (0.36454922, 0.13120534), (0.4118959, 0.15), (0.25, 0.0881041), (0.33639386, 0.082757324), (0.30605352, 0.12464596), (0.4118959, 0.1), (0.36454922, 0.13120534), (0.33639386, 0.082757324), (0.33589137, 0.16879149), (0.30605352, 0.12464596), (0.36454922, 0.13120534), (0.33639386, 0.082757324), (0.36454922, 0.13120534), (0.30605352, 0.12464596), (0.75, 0.1762082), (0.7079061, 0.16736312), (0.75, 0.13215615), (0.66410863, 0.16879149), (0.6939465, 0.12464596), (0.7079061, 0.16736312), (0.75, 0.0881041), (0.75, 0.13215615), (0.6939465, 0.12464596), (0.7079061, 0.16736312), (0.6939465, 0.12464596), (0.75, 0.13215615), (0.58810407, 0.2), (0.58810407, 0.15), (0.62320113, 0.18024725), (0.58810407, 0.1), (0.6354508, 0.13120534), (0.58810407, 0.15), (0.66410863, 0.16879149), (0.62320113, 0.18024725), (0.6354508, 0.13120534), (0.58810407, 0.15), (0.6354508, 0.13120534), (0.62320113, 0.18024725), (0.5, 0), (0.75, 0.04405205), (0.58810407, 0.05), (0.75, 0.0881041), (0.6636061, 0.082757324), (0.75, 0.04405205), (0.58810407, 0.1), (0.58810407, 0.05), (0.6636061, 0.082757324), (0.75, 0.04405205), (0.6636061, 0.082757324), (0.58810407, 0.05), (0.66410863, 0.16879149), (0.6354508, 0.13120534), (0.6939465, 0.12464596), (0.58810407, 0.1), (0.6636061, 0.082757324), (0.6354508, 0.13120534), (0.75, 0.0881041), (0.6939465, 0.12464596), (0.6636061, 0.082757324), (0.6354508, 0.13120534), (0.6636061, 0.082757324), (0.6939465, 0.12464596), (0.4118959, 0.2), (0.4118959, 0.15), (0.45342857, 0.1824505), (0.4118959, 0.1), (0.46766466, 0.13377322), (0.4118959, 0.15), (0.5, 0.1762082), (0.45342857, 0.1824505), (0.46766466, 0.13377322), (0.4118959, 0.15), (0.46766466, 0.13377322), (0.45342857, 0.1824505), (0.5, 0), (0.58810407, 0.05), (0.4118959, 0.05), (0.58810407, 0.1), (0.5, 0.08583576), (0.58810407, 0.05), (0.4118959, 0.1), (0.4118959, 0.05), (0.5, 0.08583576), (0.58810407, 0.05), (0.5, 0.08583576), (0.4118959, 0.05), (0.58810407, 0.2), (0.54657143, 0.1824505), (0.58810407, 0.15), (0.5, 0.1762082), (0.53233534, 0.13377322), (0.54657143, 0.1824505), (0.58810407, 0.1), (0.58810407, 0.15), (0.53233534, 0.13377322), (0.54657143, 0.1824505), (0.53233534, 0.13377322), (0.58810407, 0.15), (0.4118959, 0.1), (0.5, 0.08583576), (0.46766466, 0.13377322), (0.58810407, 0.1), (0.53233534, 0.13377322), (0.5, 0.08583576), (0.5, 0.1762082), (0.46766466, 0.13377322), (0.53233534, 0.13377322), (0.5, 0.08583576), (0.53233534, 0.13377322), (0.46766466, 0.13377322), (0.5, 0.6762082), (0.5, 0.63215613), (0.5239594, 0.6609772), (0.5, 0.58810407), (0.5225181, 0.6166192), (0.5, 0.63215613), (0.54657143, 0.64285886), (0.5239594, 0.6609772), (0.5225181, 0.6166192), (0.5, 0.63215613), (0.5225181, 0.6166192), (0.5239594, 0.6609772), (0.5, 0.5), (0.52131456, 0.52620816), (0.5, 0.54405206), (0.5429179, 0.5519428), (0.52173346, 0.5706439), (0.52131456, 0.52620816), (0.5, 0.58810407), (0.5, 0.54405206), (0.52173346, 0.5706439), (0.52131456, 0.52620816), (0.52173346, 0.5706439), (0.5, 0.54405206), (0.58810407, 0.6), (0.5679026, 0.62237054), (0.56509244, 0.5767137), (0.54657143, 0.64285886), (0.5446617, 0.5974068), (0.5679026, 0.62237054), (0.5429179, 0.5519428), (0.56509244, 0.5767137), (0.5446617, 0.5974068), (0.5679026, 0.62237054), (0.5446617, 0.5974068), (0.56509244, 0.5767137), (0.5, 0.58810407), (0.52173346, 0.5706439), (0.5225181, 0.6166192), (0.5429179, 0.5519428), (0.5446617, 0.5974068), (0.52173346, 0.5706439), (0.54657143, 0.64285886), (0.5225181, 0.6166192), (0.5446617, 0.5974068), (0.52173346, 0.5706439), (0.5446617, 0.5974068), (0.5225181, 0.6166192), (0.5, 0.3237918), (0.5239594, 0.3390228), (0.5, 0.36784387), (0.54657143, 0.35714117), (0.5225181, 0.38338077), (0.5239594, 0.3390228), (0.5, 0.4118959), (0.5, 0.36784387), (0.5225181, 0.38338077), (0.5239594, 0.3390228), (0.5225181, 0.38338077), (0.5, 0.36784387), (0.58810407, 0.4), (0.56509244, 0.42328632), (0.5679026, 0.37762946), (0.5429179, 0.4480572), (0.5446617, 0.40259317), (0.56509244, 0.42328632), (0.54657143, 0.35714117), (0.5679026, 0.37762946), (0.5446617, 0.40259317), (0.56509244, 0.42328632), (0.5446617, 0.40259317), (0.5679026, 0.37762946), (0.5, 0.5), (0.5, 0.45594797), (0.52131456, 0.4737918), (0.5, 0.4118959), (0.52173346, 0.42935607), (0.5, 0.45594797), (0.5429179, 0.4480572), (0.52131456, 0.4737918), (0.52173346, 0.42935607), (0.5, 0.45594797), (0.52173346, 0.42935607), (0.52131456, 0.4737918), (0.54657143, 0.35714117), (0.5446617, 0.40259317), (0.5225181, 0.38338077), (0.5429179, 0.4480572), (0.52173346, 0.42935607), (0.5446617, 0.40259317), (0.5, 0.4118959), (0.5225181, 0.38338077), (0.52173346, 0.42935607), (0.5446617, 0.40259317), (0.52173346, 0.42935607), (0.5225181, 0.38338077), (0.66189593, 0.5), (0.6440372, 0.5258389), (0.6440372, 0.47416106), (0.62594247, 0.55135), (0.62594247, 0.5), (0.6440372, 0.5258389), (0.62594247, 0.44864997), (0.6440372, 0.47416106), (0.62594247, 0.5), (0.6440372, 0.5258389), (0.62594247, 0.5), (0.6440372, 0.47416106), (0.58810407, 0.6), (0.58810407, 0.55), (0.607376, 0.57619244), (0.58810407, 0.5), (0.6068991, 0.5258567), (0.58810407, 0.55), (0.62594247, 0.55135), (0.607376, 0.57619244), (0.6068991, 0.5258567), (0.58810407, 0.55), (0.6068991, 0.5258567), (0.607376, 0.57619244), (0.58810407, 0.4), (0.607376, 0.42380756), (0.58810407, 0.45), (0.62594247, 0.44864997), (0.6068991, 0.47414333), (0.607376, 0.42380756), (0.58810407, 0.5), (0.58810407, 0.45), (0.6068991, 0.47414333), (0.607376, 0.42380756), (0.6068991, 0.47414333), (0.58810407, 0.45), (0.62594247, 0.55135), (0.6068991, 0.5258567), (0.62594247, 0.5), (0.58810407, 0.5), (0.6068991, 0.47414333), (0.6068991, 0.5258567), (0.62594247, 0.44864997), (0.62594247, 0.5), (0.6068991, 0.47414333), (0.6068991, 0.5258567), (0.6068991, 0.47414333), (0.62594247, 0.5), (0.5, 0.5), (0.52131456, 0.4737918), (0.52131456, 0.52620816), (0.5429179, 0.4480572), (0.5429179, 0.5), (0.52131456, 0.4737918), (0.5429179, 0.5519428), (0.52131456, 0.52620816), (0.5429179, 0.5), (0.52131456, 0.4737918), (0.5429179, 0.5), (0.52131456, 0.52620816), (0.58810407, 0.4), (0.58810407, 0.45), (0.56509244, 0.42328632), (0.58810407, 0.5), (0.5656631, 0.4737659), (0.58810407, 0.45), (0.5429179, 0.4480572), (0.56509244, 0.42328632), (0.5656631, 0.4737659), (0.58810407, 0.45), (0.5656631, 0.4737659), (0.56509244, 0.42328632), (0.58810407, 0.6), (0.56509244, 0.5767137), (0.58810407, 0.55), (0.5429179, 0.5519428), (0.5656631, 0.5262341), (0.56509244, 0.5767137), (0.58810407, 0.5), (0.58810407, 0.55), (0.5656631, 0.5262341), (0.56509244, 0.5767137), (0.5656631, 0.5262341), (0.58810407, 0.55), (0.5429179, 0.4480572), (0.5656631, 0.4737659), (0.5429179, 0.5), (0.58810407, 0.5), (0.5656631, 0.5262341), (0.5656631, 0.4737659), (0.5429179, 0.5519428), (0.5429179, 0.5), (0.5656631, 0.5262341), (0.5656631, 0.4737659), (0.5656631, 0.5262341), (0.5429179, 0.5)] (
                interpolation = "faceVarying"
            )
            uniform token subdivisionScheme = "none"
        }
    }

    def Camera "Camera"
    {
        float2 clippingRange = (0.01, 1000)
        float focalLength = 18
        float horizontalAperture = 36
        float verticalAperture = 27
        matrix4d xformOp:transform = ( (0, -1, 0, 0), (0.06237828615518054, 0, 0.9980525784828886, 0), (-0.9980525784828886, -0, 0.06237828615518054, 0), (0.4, 1.5, 1.6, 1) )
        uniform token[] xformOpOrder = ["xformOp:transform"]
    }
}

