#usda 1.0
(
    defaultPrim = "Room"
    metersPerUnit = 0.01
    upAxis = "Y"
)

def Xform "Room"
{
    def Scope "Looks"
    {
        def Material "WoodFloor"
        {
            token inputs:frame:stPrimvarName = "st"
            token outputs:surface.connect = </Room/Looks/WoodFloor/Surface.outputs:surface>

            def Shader "Surface"
            {
                uniform token info:id = "UsdPreviewSurface"
                color3f inputs:diffuseColor.connect = </Room/Looks/WoodFloor/BaseColor.outputs:rgb>
                float inputs:metallic.connect = </Room/Looks/WoodFloor/ORM.outputs:b>
                normal3f inputs:normal.connect = </Room/Looks/WoodFloor/Normal.outputs:rgb>
                float inputs:occlusion.connect = </Room/Looks/WoodFloor/ORM.outputs:r>
                float inputs:roughness.connect = </Room/Looks/WoodFloor/ORM.outputs:g>
                token outputs:surface
            }

            def Shader "StReader"
            {
                uniform token info:id = "UsdPrimvarReader_float2"
                token inputs:varname.connect = </Room/Looks/WoodFloor.inputs:frame:stPrimvarName>
                float2 outputs:result
            }

            def Shader "Tiling"
            {
                uniform token info:id = "UsdTransform2d"
                float2 inputs:in.connect = </Room/Looks/WoodFloor/StReader.outputs:result>
                float2 inputs:scale = (0.5, 0.5)
                float2 outputs:result
            }

            def Shader "BaseColor"
            {
                uniform token info:id = "UsdUVTexture"
                asset inputs:file = @./textures/wood_basecolor.png@
                token inputs:sourceColorSpace = "sRGB"
                float2 inputs:st.connect = </Room/Looks/WoodFloor/Tiling.outputs:result>
                token inputs:wrapS = "repeat"
                token inputs:wrapT = "repeat"
                color3f outputs:rgb
            }

            def Shader "ORM"
            {
                uniform token info:id = "UsdUVTexture"
                asset inputs:file = @./textures/wood_orm.png@
                token inputs:sourceColorSpace = "raw"
                float2 inputs:st.connect = </Room/Looks/WoodFloor/Tiling.outputs:result>
                token inputs:wrapS = "repeat"
                token inputs:wrapT = "repeat"
                float outputs:b
                float outputs:g
                float outputs:r
            }

            def Shader "Normal"
            {
                uniform token info:id = "UsdUVTexture"
                float4 inputs:bias = (-1, -1, -1, 0)
                asset inputs:file = @./textures/wood_normal.png@
                float4 inputs:scale = (2, 2, 2, 1)
                token inputs:sourceColorSpace = "raw"
                float2 inputs:st.connect = </Room/Looks/WoodFloor/Tiling.outputs:result>
                token inputs:wrapS = "repeat"
                token inputs:wrapT = "repeat"
                normal3f outputs:rgb
            }
        }

        def Material "Plaster"
        {
            token inputs:frame:stPrimvarName = "st"
            token outputs:surface.connect = </Room/Looks/Plaster/Surface.outputs:surface>

            def Shader "Surface"
            {
                uniform token info:id = "UsdPreviewSurface"
                color3f inputs:diffuseColor = (0.62, 0.58, 0.52)
                normal3f inputs:normal.connect = </Room/Looks/Plaster/Normal.outputs:rgb>
                float inputs:roughness = 0.85
                token outputs:surface
            }

            def Shader "StReader"
            {
                uniform token info:id = "UsdPrimvarReader_float2"
                token inputs:varname.connect = </Room/Looks/Plaster.inputs:frame:stPrimvarName>
                float2 outputs:result
            }

            def Shader "Normal"
            {
                uniform token info:id = "UsdUVTexture"
                float4 inputs:bias = (-1, -1, -1, 0)
                asset inputs:file = @./textures/plaster_normal.png@
                float4 inputs:scale = (2, 2, 2, 1)
                token inputs:sourceColorSpace = "raw"
                float2 inputs:st.connect = </Room/Looks/Plaster/StReader.outputs:result>
                token inputs:wrapS = "repeat"
                token inputs:wrapT = "repeat"
                normal3f outputs:rgb
            }
        }

        def Material "Ceiling"
        {
            token inputs:frame:stPrimvarName = "st"
            token outputs:surface.connect = </Room/Looks/Ceiling/Surface.outputs:surface>

            def Shader "Surface"
            {
                uniform token info:id = "UsdPreviewSurface"
                color3f inputs:diffuseColor = (0.8, 0.8, 0.78)
                float inputs:roughness = 0.9
                token outputs:surface
            }

            def Shader "StReader"
            {
                uniform token info:id = "UsdPrimvarReader_float2"
                token inputs:varname.connect = </Room/Looks/Ceiling.inputs:frame:stPrimvarName>
            }
        }

        def Material "BrushedMetal"
        {
            token inputs:frame:stPrimvarName = "st"
            token outputs:surface.connect = </Room/Looks/BrushedMetal/Surface.outputs:surface>

            def Shader "Surface"
            {
                uniform token info:id = "UsdPreviewSurface"
                color3f inputs:diffuseColor = (0.91, 0.92, 0.92)
                float inputs:metallic = 1
                float inputs:roughness = 0.22
                token outputs:surface
            }

            def Shader "StReader"
            {
                uniform token info:id = "UsdPrimvarReader_float2"
                token inputs:varname.connect = </Room/Looks/BrushedMetal.inputs:frame:stPrimvarName>
            }
        }

        def Material "PaintedSteel"
        {
            token inputs:frame:stPrimvarName = "st"
            token outputs:surface.connect = </Room/Looks/PaintedSteel/Surface.outputs:surface>

            def Shader "Surface"
            {
                uniform token info:id = "UsdPreviewSurface"
                color3f inputs:diffuseColor = (0.05, 0.05, 0.06)
                float inputs:metallic = 1
                float inputs:roughness = 0.45
                token outputs:surface
            }

            def Shader "StReader"
            {
                uniform token info:id = "UsdPrimvarReader_float2"
                token inputs:varname.connect = </Room/Looks/PaintedSteel.inputs:frame:stPrimvarName>
            }
        }

        def Material "Screen"
        {
            token inputs:frame:stPrimvarName = "st"
            token outputs:surface.connect = </Room/Looks/Screen/Surface.outputs:surface>

            def Shader "Surface"
            {
                uniform token info:id = "UsdPreviewSurface"
                color3f inputs:diffuseColor = (0.02, 0.02, 0.02)
                color3f inputs:emissiveColor.connect = </Room/Looks/Screen/Emissive.outputs:rgb>
                float inputs:roughness = 0.15
                token outputs:surface
            }

            def Shader "StReader"
            {
                uniform token info:id = "UsdPrimvarReader_float2"
                token inputs:varname.connect = </Room/Looks/Screen.inputs:frame:stPrimvarName>
                float2 outputs:result
            }

            def Shader "Emissive"
            {
                uniform token info:id = "UsdUVTexture"
                asset inputs:file = @./textures/screen_emissive.png@
                float4 inputs:scale = (3, 3, 3, 1)
                token inputs:sourceColorSpace = "sRGB"
                float2 inputs:st.connect = </Room/Looks/Screen/StReader.outputs:result>
                token inputs:wrapS = "repeat"
                token inputs:wrapT = "repeat"
                color3f outputs:rgb
            }
        }

        def Material "Poster"
        {
            token inputs:frame:stPrimvarName = "st"
            token outputs:surface.connect = </Room/Looks/Poster/Surface.outputs:surface>

            def Shader "Surface"
            {
                uniform token info:id = "UsdPreviewSurface"
                color3f inputs:diffuseColor.connect = </Room/Looks/Poster/BaseColor.outputs:rgb>
                float inputs:roughness = 0.7
                token outputs:surface
            }

            def Shader "StReader"
            {
                uniform token info:id = "UsdPrimvarReader_float2"
                token inputs:varname.connect = </Room/Looks/Poster.inputs:frame:stPrimvarName>
                float2 outputs:result
            }

            def Shader "BaseColor"
            {
                uniform token info:id = "UsdUVTexture"
                asset inputs:file = @./textures/poster_basecolor.png@
                token inputs:sourceColorSpace = "sRGB"
                float2 inputs:st.connect = </Room/Looks/Poster/StReader.outputs:result>
                token inputs:wrapS = "repeat"
                token inputs:wrapT = "repeat"
                color3f outputs:rgb
            }
        }

        def Material "Leaves"
        {
            token inputs:frame:stPrimvarName = "st"
            token outputs:surface.connect = </Room/Looks/Leaves/Surface.outputs:surface>

            def Shader "Surface"
            {
                uniform token info:id = "UsdPreviewSurface"
                color3f inputs:diffuseColor.connect = </Room/Looks/Leaves/BaseColor.outputs:rgb>
                float inputs:opacity.connect = </Room/Looks/Leaves/BaseColor.outputs:a>
                float inputs:opacityThreshold = 0.5
                float inputs:roughness = 0.6
                token outputs:surface
            }

            def Shader "StReader"
            {
                uniform token info:id = "UsdPrimvarReader_float2"
                token inputs:varname.connect = </Room/Looks/Leaves.inputs:frame:stPrimvarName>
                float2 outputs:result
            }

            def Shader "BaseColor"
            {
                uniform token info:id = "UsdUVTexture"
                asset inputs:file = @./textures/leaf_basecolor.png@
                token inputs:sourceColorSpace = "sRGB"
                float2 inputs:st.connect = </Room/Looks/Leaves/StReader.outputs:result>
                token inputs:wrapS = "repeat"
                token inputs:wrapT = "repeat"
                float outputs:a
                color3f outputs:rgb
            }
        }

        def Material "CratePaint"
        {
            token inputs:frame:stPrimvarName = "st"
            token outputs:surface.connect = </Room/Looks/CratePaint/Surface.outputs:surface>

            def Shader "Surface"
            {
                uniform token info:id = "UsdPreviewSurface"
                color3f inputs:diffuseColor = (0.55, 0.12, 0.08)
                float inputs:roughness = 0.5
                token outputs:surface
            }

            def Shader "StReader"
            {
                uniform token info:id = "UsdPrimvarReader_float2"
                token inputs:varname.connect = </Room/Looks/CratePaint.inputs:frame:stPrimvarName>
            }
        }
    }

    def Xform "Shell"
    {
        def Mesh "Floor" (
            prepend apiSchemas = ["MaterialBindingAPI"]
        )
        {
            int[] faceVertexCounts = [4, 4, 4, 4, 4, 4]
            int[] faceVertexIndices = [0, 3, 2, 1, 4, 5, 6, 7, 0, 1, 5, 4, 2, 3, 7, 6, 1, 2, 6, 5, 0, 4, 7, 3]
            rel material:binding = </Room/Looks/WoodFloor>
            point3f[] points = [(-20, -20, -20), (620, -20, -20), (620, 0, -20), (-20, 0, -20), (-20, -20, 820), (620, -20, 820), (620, 0, 820), (-20, 0, 820)]
            texCoord2f[] primvars:st = [(-0.2, -0.2), (-0.2, 0), (6.2, 0), (6.2, -0.2), (-0.2, -0.2), (6.2, -0.2), (6.2, 0), (-0.2, 0), (-0.2, -0.2), (6.2, -0.2), (6.2, 8.2), (-0.2, 8.2), (6.2, -0.2), (-0.2, -0.2), (-0.2, 8.2), (6.2, 8.2), (-0.2, -0.2), (-0.2, 0), (8.2, 0), (8.2, -0.2), (-0.2, -0.2), (8.2, -0.2), (8.2, 0), (-0.2, 0)] (
                interpolation = "faceVarying"
            )
            uniform token subdivisionScheme = "none"
        }

        def Mesh "Ceiling" (
            prepend apiSchemas = ["MaterialBindingAPI"]
        )
        {
            int[] faceVertexCounts = [4, 4, 4, 4, 4, 4]
            int[] faceVertexIndices = [0, 3, 2, 1, 4, 5, 6, 7, 0, 1, 5, 4, 2, 3, 7, 6, 1, 2, 6, 5, 0, 4, 7, 3]
            rel material:binding = </Room/Looks/Ceiling>
            point3f[] points = [(-20, 300, -20), (620, 300, -20), (620, 320, -20), (-20, 320, -20), (-20, 300, 820), (620, 300, 820), (620, 320, 820), (-20, 320, 820)]
            texCoord2f[] primvars:st = [(-0.2, 3), (-0.2, 3.2), (6.2, 3.2), (6.2, 3), (-0.2, 3), (6.2, 3), (6.2, 3.2), (-0.2, 3.2), (-0.2, -0.2), (6.2, -0.2), (6.2, 8.2), (-0.2, 8.2), (6.2, -0.2), (-0.2, -0.2), (-0.2, 8.2), (6.2, 8.2), (-0.2, 3), (-0.2, 3.2), (8.2, 3.2), (8.2, 3), (-0.2, 3), (8.2, 3), (8.2, 3.2), (-0.2, 3.2)] (
                interpolation = "faceVarying"
            )
            uniform token subdivisionScheme = "none"
        }

        def Mesh "WallWest" (
            prepend apiSchemas = ["MaterialBindingAPI"]
        )
        {
            int[] faceVertexCounts = [4, 4, 4, 4, 4, 4]
            int[] faceVertexIndices = [0, 3, 2, 1, 4, 5, 6, 7, 0, 1, 5, 4, 2, 3, 7, 6, 1, 2, 6, 5, 0, 4, 7, 3]
            rel material:binding = </Room/Looks/Plaster>
            point3f[] points = [(-20, 0, 0), (0, 0, 0), (0, 300, 0), (-20, 300, 0), (-20, 0, 800), (0, 0, 800), (0, 300, 800), (-20, 300, 800)]
            texCoord2f[] primvars:st = [(-0.2, 0), (-0.2, 3), (0, 3), (0, 0), (-0.2, 0), (0, 0), (0, 3), (-0.2, 3), (-0.2, 0), (0, 0), (0, 8), (-0.2, 8), (0, 0), (-0.2, 0), (-0.2, 8), (0, 8), (0, 0), (0, 3), (8, 3), (8, 0), (0, 0), (8, 0), (8, 3), (0, 3)] (
                interpolation = "faceVarying"
            )
            uniform token subdivisionScheme = "none"
        }

        def Mesh "WallNorth" (
            prepend apiSchemas = ["MaterialBindingAPI"]
        )
        {
            int[] faceVertexCounts = [4, 4, 4, 4, 4, 4]
            int[] faceVertexIndices = [0, 3, 2, 1, 4, 5, 6, 7, 0, 1, 5, 4, 2, 3, 7, 6, 1, 2, 6, 5, 0, 4, 7, 3]
            rel material:binding = </Room/Looks/Plaster>
            point3f[] points = [(-20, 0, -20), (620, 0, -20), (620, 300, -20), (-20, 300, -20), (-20, 0, 0), (620, 0, 0), (620, 300, 0), (-20, 300, 0)]
            texCoord2f[] primvars:st = [(-0.2, 0), (-0.2, 3), (6.2, 3), (6.2, 0), (-0.2, 0), (6.2, 0), (6.2, 3), (-0.2, 3), (-0.2, -0.2), (6.2, -0.2), (6.2, 0), (-0.2, 0), (6.2, -0.2), (-0.2, -0.2), (-0.2, 0), (6.2, 0), (-0.2, 0), (-0.2, 3), (0, 3), (0, 0), (-0.2, 0), (0, 0), (0, 3), (-0.2, 3)] (
                interpolation = "faceVarying"
            )
            uniform token subdivisionScheme = "none"
        }

        def Mesh "WallSouth" (
            prepend apiSchemas = ["MaterialBindingAPI"]
        )
        {
            int[] faceVertexCounts = [4, 4, 4, 4, 4, 4]
            int[] faceVertexIndices = [0, 3, 2, 1, 4, 5, 6, 7, 0, 1, 5, 4, 2, 3, 7, 6, 1, 2, 6, 5, 0, 4, 7, 3]
            rel material:binding = </Room/Looks/Plaster>
            point3f[] points = [(-20, 0, 800), (620, 0, 800), (620, 300, 800), (-20, 300, 800), (-20, 0, 820), (620, 0, 820), (620, 300, 820), (-20, 300, 820)]
            texCoord2f[] primvars:st = [(-0.2, 0), (-0.2, 3), (6.2, 3), (6.2, 0), (-0.2, 0), (6.2, 0), (6.2, 3), (-0.2, 3), (-0.2, 8), (6.2, 8), (6.2, 8.2), (-0.2, 8.2), (6.2, 8), (-0.2, 8), (-0.2, 8.2), (6.2, 8.2), (8, 0), (8, 3), (8.2, 3), (8.2, 0), (8, 0), (8.2, 0), (8.2, 3), (8, 3)] (
                interpolation = "faceVarying"
            )
            uniform token subdivisionScheme = "none"
        }

        def Mesh "WallEastA" (
            prepend apiSchemas = ["MaterialBindingAPI"]
        )
        {
            int[] faceVertexCounts = [4, 4, 4, 4, 4, 4]
            int[] faceVertexIndices = [0, 3, 2, 1, 4, 5, 6, 7, 0, 1, 5, 4, 2, 3, 7, 6, 1, 2, 6, 5, 0, 4, 7, 3]
            rel material:binding = </Room/Looks/Plaster>
            point3f[] points = [(600, 0, 0), (620, 0, 0), (620, 300, 0), (600, 300, 0), (600, 0, 250), (620, 0, 250), (620, 300, 250), (600, 300, 250)]
            texCoord2f[] primvars:st = [(6, 0), (6, 3), (6.2, 3), (6.2, 0), (6, 0), (6.2, 0), (6.2, 3), (6, 3), (6, 0), (6.2, 0), (6.2, 2.5), (6, 2.5), (6.2, 0), (6, 0), (6, 2.5), (6.2, 2.5), (0, 0), (0, 3), (2.5, 3), (2.5, 0), (0, 0), (2.5, 0), (2.5, 3), (0, 3)] (
                interpolation = "faceVarying"
            )
            uniform token subdivisionScheme = "none"
        }

        def Mesh "WallEastB" (
            prepend apiSchemas = ["MaterialBindingAPI"]
        )
        {
            int[] faceVertexCounts = [4, 4, 4, 4, 4, 4]
            int[] faceVertexIndices = [0, 3, 2, 1, 4, 5, 6, 7, 0, 1, 5, 4, 2, 3, 7, 6, 1, 2, 6, 5, 0, 4, 7, 3]
            rel material:binding = </Room/Looks/Plaster>
            point3f[] points = [(600, 0, 550), (620, 0, 550), (620, 300, 550), (600, 300, 550), (600, 0, 800), (620, 0, 800), (620, 300, 800), (600, 300, 800)]
            texCoord2f[] primvars:st = [(6, 0), (6, 3), (6.2, 3), (6.2, 0), (6, 0), (6.2, 0), (6.2, 3), (6, 3), (6, 5.5), (6.2, 5.5), (6.2, 8), (6, 8), (6.2, 5.5), (6, 5.5), (6, 8), (6.2, 8), (5.5, 0), (5.5, 3), (8, 3), (8, 0), (5.5, 0), (8, 0), (8, 3), (5.5, 3)] (
                interpolation = "faceVarying"
            )
            uniform token subdivisionScheme = "none"
        }

        def Mesh "WallEastSill" (
            prepend apiSchemas = ["MaterialBindingAPI"]
        )
        {
            int[] faceVertexCounts = [4, 4, 4, 4, 4, 4]
            int[] faceVertexIndices = [0, 3, 2, 1, 4, 5, 6, 7, 0, 1, 5, 4, 2, 3, 7, 6, 1, 2, 6, 5, 0, 4, 7, 3]
            rel material:binding = </Room/Looks/Plaster>
            point3f[] points = [(600, 0, 250), (620, 0, 250), (620, 90, 250), (600, 90, 250), (600, 0, 550), (620, 0, 550), (620, 90, 550), (600, 90, 550)]
            texCoord2f[] primvars:st = [(6, 0), (6, 0.9), (6.2, 0.9), (6.2, 0), (6, 0), (6.2, 0), (6.2, 0.9), (6, 0.9), (6, 2.5), (6.2, 2.5), (6.2, 5.5), (6, 5.5), (6.2, 2.5), (6, 2.5), (6, 5.5), (6.2, 5.5), (2.5, 0), (2.5, 0.9), (5.5, 0.9), (5.5, 0), (2.5, 0), (5.5, 0), (5.5, 0.9), (2.5, 0.9)] (
                interpolation = "faceVarying"
            )
            uniform token subdivisionScheme = "none"
        }

        def Mesh "WallEastHead" (
            prepend apiSchemas = ["MaterialBindingAPI"]
        )
        {
            int[] faceVertexCounts = [4, 4, 4, 4, 4, 4]
            int[] faceVertexIndices = [0, 3, 2, 1, 4, 5, 6, 7, 0, 1, 5, 4, 2, 3, 7, 6, 1, 2, 6, 5, 0, 4, 7, 3]
            rel material:binding = </Room/Looks/Plaster>
            point3f[] points = [(600, 240, 250), (620, 240, 250), (620, 300, 250), (600, 300, 250), (600, 240, 550), (620, 240, 550), (620, 300, 550), (600, 300, 550)]
            texCoord2f[] primvars:st = [(6, 2.4), (6, 3), (6.2, 3), (6.2, 2.4), (6, 2.4), (6.2, 2.4), (6.2, 3), (6, 3), (6, 2.5), (6.2, 2.5), (6.2, 5.5), (6, 5.5), (6.2, 2.5), (6, 2.5), (6, 5.5), (6.2, 5.5), (2.5, 2.4), (2.5, 3), (5.5, 3), (5.5, 2.4), (2.5, 2.4), (5.5, 2.4), (5.5, 3), (2.5, 3)] (
                interpolation = "faceVarying"
            )
            uniform token subdivisionScheme = "none"
        }
    }

    def Xform "Props"
    {
        def Mesh "MetalSphere" (
            prepend apiSchemas = ["MaterialBindingAPI"]
        )
        {
            int[] faceVertexCounts = [4, 4, 4, 4, 4, 4, 4, 4, 4, 4, 4, 4, 4, 4, 4, 4, 4, 4, 4, 4, 4, 4, 4, 4, 4, 4, 4, 4, 4, 4, 4, 4, 4, 4, 4, 4, 4, 4, 4, 4, 4, 4, 4, 4, 4, 4, 4, 4, 4, 4, 4, 4, 4, 4, 4, 4, 4, 4, 4, 4, 4, 4, 4, 4, 4, 4, 4, 4, 4, 4, 4, 4, 4, 4, 4, 4, 4, 4, 4, 4, 4, 4, 4, 4, 4, 4, 4, 4, 4, 4, 4, 4, 4, 4, 4, 4, 4, 4, 4, 4, 4, 4, 4, 4, 4, 4, 4, 4, 4, 4, 4, 4, 4, 4, 4, 4, 4, 4, 4, 4, 4, 4, 4, 4, 4, 4, 4, 4, 4, 4, 4, 4, 4, 4, 4, 4, 4, 4, 4, 4, 4, 4, 4, 4, 4, 4, 4, 4, 4, 4, 4, 4, 4, 4, 4, 4, 4, 4, 4, 4, 4, 4, 4, 4, 4, 4, 4, 4, 4, 4, 4, 4, 4, 4, 4, 4, 4, 4, 4, 4, 4, 4, 4, 4, 4, 4, 4, 4, 4, 4, 4, 4, 4, 4, 4, 4, 4, 4, 4, 4, 4, 4, 4, 4, 4, 4, 4, 4, 4, 4, 4, 4, 4, 4, 4, 4, 4, 4, 4, 4, 4, 4, 4, 4, 4, 4, 4, 4, 4, 4, 4, 4, 4, 4, 4, 4, 4, 4, 4, 4, 4, 4, 4, 4, 4, 4, 4, 4, 4, 4, 4, 4, 4, 4, 4, 4, 4, 4, 4, 4, 4, 4, 4, 4, 4, 4, 4, 4, 4, 4, 4, 4, 4, 4, 4, 4, 4, 4, 4, 4, 4, 4, 4, 4, 4, 4, 4, 4, 4, 4, 4, 4, 4, 4, 4, 4, 4, 4, 4, 4, 4, 4, 4, 4, 4, 4, 4, 4, 4, 4, 4, 4, 4, 4, 4, 4, 4, 4, 4, 4, 4, 4, 4, 4, 4, 4, 4, 4, 4, 4, 4, 4, 4, 4, 4, 4, 4, 4, 4, 4, 4, 4, 4, 4, 4, 4, 4, 4, 4, 4, 4, 4, 4, 4, 4, 4, 4, 4, 4, 4, 4, 4, 4, 4, 4, 4, 4, 4, 4, 4, 4, 4, 4, 4, 4, 4, 4, 4, 4, 4, 4, 4, 4, 4, 4, 4, 4, 4, 4, 4, 4, 4, 4, 4, 4, 4, 4, 4, 4, 4, 4, 4, 4, 4, 4, 4, 4, 4, 4, 4, 4, 4, 4, 4, 4, 4, 4, 4, 4, 4, 4, 4, 4, 4, 4, 4, 4, 4, 4, 4, 4, 4, 4, 4, 4, 4, 4, 4, 4, 4, 4, 4, 4, 4, 4, 4, 4, 4, 4, 4, 4, 4, 4, 4, 4, 4, 4, 4, 4, 4, 4, 4, 4, 4, 4, 4, 4, 4, 4, 4, 4, 4, 4, 4, 4, 4, 4, 4, 4, 4, 4, 4, 4, 4, 4, 4, 4, 4, 4, 4, 4, 4, 4, 4, 4, 4, 4, 4, 4, 4, 4, 4, 4, 4, 4, 4, 4, 4, 4, 4, 4, 4, 4, 4, 4, 4, 4, 4, 4, 4, 4, 4, 4, 4, 4, 4, 4, 4, 4, 4, 4, 4, 4, 4, 4, 4, 4, 4, 4, 4, 4, 4, 4, 4, 4, 4, 4, 4, 4, 4, 4, 4, 4, 4, 4, 4, 4, 4, 4, 4, 4, 4, 4, 4, 4, 4, 4, 4, 4, 4, 4, 4, 4, 4, 4, 4, 4, 4, 4, 4, 4, 4, 4, 4, 4, 4, 4, 4, 4, 4, 4, 4, 4, 4, 4, 4, 4, 4, 4, 4, 4, 4, 4, 4, 4, 4, 4, 4, 4, 4, 4, 4, 4, 4, 4, 4, 4, 4, 4, 4, 4, 4, 4, 4, 4, 4, 4, 4, 4, 4, 4, 4, 4, 4, 4, 4, 4, 4, 4, 4, 4, 4, 4, 4, 4, 4, 4, 4, 4, 4, 4, 4, 4, 4, 4, 4, 4, 4, 4, 4, 4, 4, 4, 4, 4, 4, 4, 4, 4, 4, 4, 4, 4, 4, 4, 4, 4, 4, 4, 4, 4, 4, 4, 4, 4, 4, 4, 4, 4, 4, 4, 4, 4, 4, 4, 4, 4, 4, 4, 4, 4, 4, 4, 4, 4, 4, 4, 4, 4, 4, 4, 4, 4, 4, 4, 4, 4, 4, 4, 4, 4, 4, 4, 4, 4, 4, 4, 4, 4, 4, 4, 4, 4, 4, 4, 4, 4, 4, 4, 4, 4, 4, 4, 4, 4, 4, 4, 4, 4, 4, 4, 4, 4, 4, 4, 4, 4, 4, 4, 4, 4, 4, 4, 4, 4, 4, 4, 4, 4, 4, 4, 4, 4, 4, 4, 4, 4, 4, 4, 4, 4, 4, 4, 4, 4, 4, 4, 4, 4, 4, 4, 4, 4, 4, 4, 4, 4, 4, 4, 4, 4, 4, 4, 4, 4, 4, 4, 4, 4, 4, 4, 4, 4, 4, 4, 4, 4, 4, 4, 4, 4, 4, 4, 4, 4, 4, 4, 4, 4, 4, 4, 4, 4, 4, 4, 4, 4, 4, 4, 4, 4, 4, 4, 4, 4, 4, 4, 4, 4, 4, 4, 4, 4, 4, 4, 4, 4, 4, 4, 4, 4, 4, 4, 4, 4, 4, 4, 4, 4, 4, 4, 4, 4, 4, 4, 4, 4, 4, 4, 4, 4, 4, 4, 4, 4, 4, 4, 4, 4, 4, 4, 4, 4, 4, 4, 4, 4, 4, 4, 4, 4, 4, 4, 4, 4, 4, 4, 4, 4, 4, 4, 4, 4, 4, 4, 4, 4, 4, 4, 4, 4, 4, 4, 4, 4, 4, 4, 4, 4, 4, 4, 4, 4, 4, 4, 4, 4, 4, 4, 4, 4, 4, 4, 4, 4, 4, 4, 4, 4, 4, 4, 4, 4, 4, 4, 4, 4, 4, 4, 4, 4, 4, 4, 4, 4, 4, 4, 4, 4, 4, 4, 4, 4, 4, 4, 4, 4, 4, 4, 4, 4, 4, 4, 4, 4, 4, 4, 4, 4, 4, 4, 4, 4, 4, 4, 4, 4, 4, 4, 4, 4, 4, 4, 4, 4, 4, 4, 4, 4, 4, 4, 4, 4, 4, 4, 4, 4, 4, 4, 4, 4, 4, 4, 4, 4, 4, 4, 4, 4, 4, 4, 4, 4, 4, 4, 4, 4, 4, 4, 4, 4, 4, 4, 4, 4, 4, 4, 4, 4, 4, 4, 4, 4, 4, 4, 4, 4, 4, 4, 4, 4, 4, 4, 4, 4, 4, 4, 4, 4, 4, 4, 4, 4, 4, 4, 4, 4, 4, 4, 4, 4, 4, 4, 4, 4, 4, 4, 4, 4, 4, 4, 4, 4, 4, 4, 4, 4, 4, 4, 4, 4, 4, 4, 4, 4, 4, 4, 4, 4, 4, 4, 4, 4, 4, 4, 4, 4, 4, 4, 4, 4, 4, 4, 4, 4, 4, 4, 4, 4, 4, 4, 4, 4, 4, 4, 4, 4, 4, 4, 4, 4, 4, 4, 4, 4, 4, 4, 4, 4, 4, 4, 4]
            int[] faceVertexIndices = [0, 48, 49, 1, 1, 49, 50, 2, 2, 50, 51, 3, 3, 51, 52, 4, 4, 52, 53, 5, 5, 53, 54, 6, 6, 54, 55, 7, 7, 55, 56, 8, 8, 56, 57, 9, 9, 57, 58, 10, 10, 58, 59, 11, 11, 59, 60, 12, 12, 60, 61, 13, 13, 61, 62, 14, 14, 62, 63, 15, 15, 63, 64, 16, 16, 64, 65, 17, 17, 65, 66, 18, 18, 66, 67, 19, 19, 67, 68, 20, 20, 68, 69, 21, 21, 69, 70, 22, 22, 70, 71, 23, 23, 71, 72, 24, 24, 72, 73, 25, 25, 73, 74, 26, 26, 74, 75, 27, 27, 75, 76, 28, 28, 76, 77, 29, 29, 77, 78, 30, 30, 78, 79, 31, 31, 79, 80, 32, 32, 80, 81, 33, 33, 81, 82, 34, 34, 82, 83, 35, 35, 83, 84, 36, 36, 84, 85, 37, 37, 85, 86, 38, 38, 86, 87, 39, 39, 87, 88, 40, 40, 88, 89, 41, 41, 89, 90, 42, 42, 90, 91, 43, 43, 91, 92, 44, 44, 92, 93, 45, 45, 93, 94, 46, 46, 94, 95, 47, 47, 95, 48, 0, 48, 96, 97, 49, 49, 97, 98, 50, 50, 98, 99, 51, 51, 99, 100, 52, 52, 100, 101, 53, 53, 101, 102, 54, 54, 102, 103, 55, 55, 103, 104, 56, 56, 104, 105, 57, 57, 105, 106, 58, 58, 106, 107, 59, 59, 107, 108, 60, 60, 108, 109, 61, 61, 109, 110, 62, 62, 110, 111, 63, 63, 111, 112, 64, 64, 112, 113, 65, 65, 113, 114, 66, 66, 114, 115, 67, 67, 115, 116, 68, 68, 116, 117, 69, 69, 117, 118, 70, 70, 118, 119, 71, 71, 119, 120, 72, 72, 120, 121, 73, 73, 121, 122, 74, 74, 122, 123, 75, 75, 123, 124, 76, 76, 124, 125, 77, 77, 125, 126, 78, 78, 126, 127, 79, 79, 127, 128, 80, 80, 128, 129, 81, 81, 129, 130, 82, 82, 130, 131, 83, 83, 131, 132, 84, 84, 132, 133, 85, 85, 133, 134, 86, 86, 134, 135, 87, 87, 135, 136, 88, 88, 136, 137, 89, 89, 137, 138, 90, 90, 138, 139, 91, 91, 139, 140, 92, 92, 140, 141, 93, 93, 141, 142, 94, 94, 142, 143, 95, 95, 143, 96, 48, 96, 144, 145, 97, 97, 145, 146, 98, 98, 146, 147, 99, 99, 147, 148, 100, 100, 148, 149, 101, 101, 149, 150, 102, 102, 150, 151, 103, 103, 151, 152, 104, 104, 152, 153, 105, 105, 153, 154, 106, 106, 154, 155, 107, 107, 155, 156, 108, 108, 156, 157, 109, 109, 157, 158, 110, 110, 158, 159, 111, 111, 159, 160, 112, 112, 160, 161, 113, 113, 161, 162, 114, 114, 162, 163, 115, 115, 163, 164, 116, 116, 164, 165, 117, 117, 165, 166, 118, 118, 166, 167, 119, 119, 167, 168, 120, 120, 168, 169, 121, 121, 169, 170, 122, 122, 170, 171, 123, 123, 171, 172, 124, 124, 172, 173, 125, 125, 173, 174, 126, 126, 174, 175, 127, 127, 175, 176, 128, 128, 176, 177, 129, 129, 177, 178, 130, 130, 178, 179, 131, 131, 179, 180, 132, 132, 180, 181, 133, 133, 181, 182, 134, 134, 182, 183, 135, 135, 183, 184, 136, 136, 184, 185, 137, 137, 185, 186, 138, 138, 186, 187, 139, 139, 187, 188, 140, 140, 188, 189, 141, 141, 189, 190, 142, 142, 190, 191, 143, 143, 191, 144, 96, 144, 192, 193, 145, 145, 193, 194, 146, 146, 194, 195, 147, 147, 195, 196, 148, 148, 196, 197, 149, 149, 197, 198, 150, 150, 198, 199, 151, 151, 199, 200, 152, 152, 200, 201, 153, 153, 201, 202, 154, 154, 202, 203, 155, 155, 203, 204, 156, 156, 204, 205, 157, 157, 205, 206, 158, 158, 206, 207, 159, 159, 207, 208, 160, 160, 208, 209, 161, 161, 209, 210, 162, 162, 210, 211, 163, 163, 211, 212, 164, 164, 212, 213, 165, 165, 213, 214, 166, 166, 214, 215, 167, 167, 215, 216, 168, 168, 216, 217, 169, 169, 217, 218, 170, 170, 218, 219, 171, 171, 219, 220, 172, 172, 220, 221, 173, 173, 221, 222, 174, 174, 222, 223, 175, 175, 223, 224, 176, 176, 224, 225, 177, 177, 225, 226, 178, 178, 226, 227, 179, 179, 227, 228, 180, 180, 228, 229, 181, 181, 229, 230, 182, 182, 230, 231, 183, 183, 231, 232, 184, 184, 232, 233, 185, 185, 233, 234, 186, 186, 234, 235, 187, 187, 235, 236, 188, 188, 236, 237, 189, 189, 237, 238, 190, 190, 238, 239, 191, 191, 239, 192, 144, 192, 240, 241, 193, 193, 241, 242, 194, 194, 242, 243, 195, 195, 243, 244, 196, 196, 244, 245, 197, 197, 245, 246, 198, 198, 246, 247, 199, 199, 247, 248, 200, 200, 248, 249, 201, 201, 249, 250, 202, 202, 250, 251, 203, 203, 251, 252, 204, 204, 252, 253, 205, 205, 253, 254, 206, 206, 254, 255, 207, 207, 255, 256, 208, 208, 256, 257, 209, 209, 257, 258, 210, 210, 258, 259, 211, 211, 259, 260, 212, 212, 260, 261, 213, 213, 261, 262, 214, 214, 262, 263, 215, 215, 263, 264, 216, 216, 264, 265, 217, 217, 265, 266, 218, 218, 266, 267, 219, 219, 267, 268, 220, 220, 268, 269, 221, 221, 269, 270, 222, 222, 270, 271, 223, 223, 271, 272, 224, 224, 272, 273, 225, 225, 273, 274, 226, 226, 274, 275, 227, 227, 275, 276, 228, 228, 276, 277, 229, 229, 277, 278, 230, 230, 278, 279, 231, 231, 279, 280, 232, 232, 280, 281, 233, 233, 281, 282, 234, 234, 282, 283, 235, 235, 283, 284, 236, 236, 284, 285, 237, 237, 285, 286, 238, 238, 286, 287, 239, 239, 287, 240, 192, 240, 288, 289, 241, 241, 289, 290, 242, 242, 290, 291, 243, 243, 291, 292, 244, 244, 292, 293, 245, 245, 293, 294, 246, 246, 294, 295, 247, 247, 295, 296, 248, 248, 296, 297, 249, 249, 297, 298, 250, 250, 298, 299, 251, 251, 299, 300, 252, 252, 300, 301, 253, 253, 301, 302, 254, 254, 302, 303, 255, 255, 303, 304, 256, 256, 304, 305, 257, 257, 305, 306, 258, 258, 306, 307, 259, 259, 307, 308, 260, 260, 308, 309, 261, 261, 309, 310, 262, 262, 310, 311, 263, 263, 311, 312, 264, 264, 312, 313, 265, 265, 313, 314, 266, 266, 314, 315, 267, 267, 315, 316, 268, 268, 316, 317, 269, 269, 317, 318, 270, 270, 318, 319, 271, 271, 319, 320, 272, 272, 320, 321, 273, 273, 321, 322, 274, 274, 322, 323, 275, 275, 323, 324, 276, 276, 324, 325, 277, 277, 325, 326, 278, 278, 326, 327, 279, 279, 327, 328, 280, 280, 328, 329, 281, 281, 329, 330, 282, 282, 330, 331, 283, 283, 331, 332, 284, 284, 332, 333, 285, 285, 333, 334, 286, 286, 334, 335, 287, 287, 335, 288, 240, 288, 336, 337, 289, 289, 337, 338, 290, 290, 338, 339, 291, 291, 339, 340, 292, 292, 340, 341, 293, 293, 341, 342, 294, 294, 342, 343, 295, 295, 343, 344, 296, 296, 344, 345, 297, 297, 345, 346, 298, 298, 346, 347, 299, 299, 347, 348, 300, 300, 348, 349, 301, 301, 349, 350, 302, 302, 350, 351, 303, 303, 351, 352, 304, 304, 352, 353, 305, 305, 353, 354, 306, 306, 354, 355, 307, 307, 355, 356, 308, 308, 356, 357, 309, 309, 357, 358, 310, 310, 358, 359, 311, 311, 359, 360, 312, 312, 360, 361, 313, 313, 361, 362, 314, 314, 362, 363, 315, 315, 363, 364, 316, 316, 364, 365, 317, 317, 365, 366, 318, 318, 366, 367, 319, 319, 367, 368, 320, 320, 368, 369, 321, 321, 369, 370, 322, 322, 370, 371, 323, 323, 371, 372, 324, 324, 372, 373, 325, 325, 373, 374, 326, 326, 374, 375, 327, 327, 375, 376, 328, 328, 376, 377, 329, 329, 377, 378, 330, 330, 378, 379, 331, 331, 379, 380, 332, 332, 380, 381, 333, 333, 381, 382, 334, 334, 382, 383, 335, 335, 383, 336, 288, 336, 384, 385, 337, 337, 385, 386, 338, 338, 386, 387, 339, 339, 387, 388, 340, 340, 388, 389, 341, 341, 389, 390, 342, 342, 390, 391, 343, 343, 391, 392, 344, 344, 392, 393, 345, 345, 393, 394, 346, 346, 394, 395, 347, 347, 395, 396, 348, 348, 396, 397, 349, 349, 397, 398, 350, 350, 398, 399, 351, 351, 399, 400, 352, 352, 400, 401, 353, 353, 401, 402, 354, 354, 402, 403, 355, 355, 403, 404, 356, 356, 404, 405, 357, 357, 405, 406, 358, 358, 406, 407, 359, 359, 407, 408, 360, 360, 408, 409, 361, 361, 409, 410, 362, 362, 410, 411, 363, 363, 411, 412, 364, 364, 412, 413, 365, 365, 413, 414, 366, 366, 414, 415, 367, 367, 415, 416, 368, 368, 416, 417, 369, 369, 417, 418, 370, 370, 418, 419, 371, 371, 419, 420, 372, 372, 420, 421, 373, 373, 421, 422, 374, 374, 422, 423, 375, 375, 423, 424, 376, 376, 424, 425, 377, 377, 425, 426, 378, 378, 426, 427, 379, 379, 427, 428, 380, 380, 428, 429, 381, 381, 429, 430, 382, 382, 430, 431, 383, 383, 431, 384, 336, 384, 432, 433, 385, 385, 433, 434, 386, 386, 434, 435, 387, 387, 435, 436, 388, 388, 436, 437, 389, 389, 437, 438, 390, 390, 438, 439, 391, 391, 439, 440, 392, 392, 440, 441, 393, 393, 441, 442, 394, 394, 442, 443, 395, 395, 443, 444, 396, 396, 444, 445, 397, 397, 445, 446, 398, 398, 446, 447, 399, 399, 447, 448, 400, 400, 448, 449, 401, 401, 449, 450, 402, 402, 450, 451, 403, 403, 451, 452, 404, 404, 452, 453, 405, 405, 453, 454, 406, 406, 454, 455, 407, 407, 455, 456, 408, 408, 456, 457, 409, 409, 457, 458, 410, 410, 458, 459, 411, 411, 459, 460, 412, 412, 460, 461, 413, 413, 461, 462, 414, 414, 462, 463, 415, 415, 463, 464, 416, 416, 464, 465, 417, 417, 465, 466, 418, 418, 466, 467, 419, 419, 467, 468, 420, 420, 468, 469, 421, 421, 469, 470, 422, 422, 470, 471, 423, 423, 471, 472, 424, 424, 472, 473, 425, 425, 473, 474, 426, 426, 474, 475, 427, 427, 475, 476, 428, 428, 476, 477, 429, 429, 477, 478, 430, 430, 478, 479, 431, 431, 479, 432, 384, 432, 480, 481, 433, 433, 481, 482, 434, 434, 482, 483, 435, 435, 483, 484, 436, 436, 484, 485, 437, 437, 485, 486, 438, 438, 486, 487, 439, 439, 487, 488, 440, 440, 488, 489, 441, 441, 489, 490, 442, 442, 490, 491, 443, 443, 491, 492, 444, 444, 492, 493, 445, 445, 493, 494, 446, 446, 494, 495, 447, 447, 495, 496, 448, 448, 496, 497, 449, 449, 497, 498, 450, 450, 498, 499, 451, 451, 499, 500, 452, 452, 500, 501, 453, 453, 501, 502, 454, 454, 502, 503, 455, 455, 503, 504, 456, 456, 504, 505, 457, 457, 505, 506, 458, 458, 506, 507, 459, 459, 507, 508, 460, 460, 508, 509, 461, 461, 509, 510, 462, 462, 510, 511, 463, 463, 511, 512, 464, 464, 512, 513, 465, 465, 513, 514, 466, 466, 514, 515, 467, 467, 515, 516, 468, 468, 516, 517, 469, 469, 517, 518, 470, 470, 518, 519, 471, 471, 519, 520, 472, 472, 520, 521, 473, 473, 521, 522, 474, 474, 522, 523, 475, 475, 523, 524, 476, 476, 524, 525, 477, 477, 525, 526, 478, 478, 526, 527, 479, 479, 527, 480, 432, 480, 528, 529, 481, 481, 529, 530, 482, 482, 530, 531, 483, 483, 531, 532, 484, 484, 532, 533, 485, 485, 533, 534, 486, 486, 534, 535, 487, 487, 535, 536, 488, 488, 536, 537, 489, 489, 537, 538, 490, 490, 538, 539, 491, 491, 539, 540, 492, 492, 540, 541, 493, 493, 541, 542, 494, 494, 542, 543, 495, 495, 543, 544, 496, 496, 544, 545, 497, 497, 545, 546, 498, 498, 546, 547, 499, 499, 547, 548, 500, 500, 548, 549, 501, 501, 549, 550, 502, 502, 550, 551, 503, 503, 551, 552, 504, 504, 552, 553, 505, 505, 553, 554, 506, 506, 554, 555, 507, 507, 555, 556, 508, 508, 556, 557, 509, 509, 557, 558, 510, 510, 558, 559, 511, 511, 559, 560, 512, 512, 560, 561, 513, 513, 561, 562, 514, 514, 562, 563, 515, 515, 563, 564, 516, 516, 564, 565, 517, 517, 565, 566, 518, 518, 566, 567, 519, 519, 567, 568, 520, 520, 568, 569, 521, 521, 569, 570, 522, 522, 570, 571, 523, 523, 571, 572, 524, 524, 572, 573, 525, 525, 573, 574, 526, 526, 574, 575, 527, 527, 575, 528, 480, 528, 576, 577, 529, 529, 577, 578, 530, 530, 578, 579, 531, 531, 579, 580, 532, 532, 580, 581, 533, 533, 581, 582, 534, 534, 582, 583, 535, 535, 583, 584, 536, 536, 584, 585, 537, 537, 585, 586, 538, 538, 586, 587, 539, 539, 587, 588, 540, 540, 588, 589, 541, 541, 589, 590, 542, 542, 590, 591, 543, 543, 591, 592, 544, 544, 592, 593, 545, 545, 593, 594, 546, 546, 594, 595, 547, 547, 595, 596, 548, 548, 596, 597, 549, 549, 597, 598, 550, 550, 598, 599, 551, 551, 599, 600, 552, 552, 600, 601, 553, 553, 601, 602, 554, 554, 602, 603, 555, 555, 603, 604, 556, 556, 604, 605, 557, 557, 605, 606, 558, 558, 606, 607, 559, 559, 607, 608, 560, 560, 608, 609, 561, 561, 609, 610, 562, 562, 610, 611, 563, 563, 611, 612, 564, 564, 612, 613, 565, 565, 613, 614, 566, 566, 614, 615, 567, 567, 615, 616, 568, 568, 616, 617, 569, 569, 617, 618, 570, 570, 618, 619, 571, 571, 619, 620, 572, 572, 620, 621, 573, 573, 621, 622, 574, 574, 622, 623, 575, 575, 623, 576, 528, 576, 624, 625, 577, 577, 625, 626, 578, 578, 626, 627, 579, 579, 627, 628, 580, 580, 628, 629, 581, 581, 629, 630, 582, 582, 630, 631, 583, 583, 631, 632, 584, 584, 632, 633, 585, 585, 633, 634, 586, 586, 634, 635, 587, 587, 635, 636, 588, 588, 636, 637, 589, 589, 637, 638, 590, 590, 638, 639, 591, 591, 639, 640, 592, 592, 640, 641, 593, 593, 641, 642, 594, 594, 642, 643, 595, 595, 643, 644, 596, 596, 644, 645, 597, 597, 645, 646, 598, 598, 646, 647, 599, 599, 647, 648, 600, 600, 648, 649, 601, 601, 649, 650, 602, 602, 650, 651, 603, 603, 651, 652, 604, 604, 652, 653, 605, 605, 653, 654, 606, 606, 654, 655, 607, 607, 655, 656, 608, 608, 656, 657, 609, 609, 657, 658, 610, 610, 658, 659, 611, 611, 659, 660, 612, 612, 660, 661, 613, 613, 661, 662, 614, 614, 662, 663, 615, 615, 663, 664, 616, 616, 664, 665, 617, 617, 665, 666, 618, 618, 666, 667, 619, 619, 667, 668, 620, 620, 668, 669, 621, 621, 669, 670, 622, 622, 670, 671, 623, 623, 671, 624, 576, 624, 672, 673, 625, 625, 673, 674, 626, 626, 674, 675, 627, 627, 675, 676, 628, 628, 676, 677, 629, 629, 677, 678, 630, 630, 678, 679, 631, 631, 679, 680, 632, 632, 680, 681, 633, 633, 681, 682, 634, 634, 682, 683, 635, 635, 683, 684, 636, 636, 684, 685, 637, 637, 685, 686, 638, 638, 686, 687, 639, 639, 687, 688, 640, 640, 688, 689, 641, 641, 689, 690, 642, 642, 690, 691, 643, 643, 691, 692, 644, 644, 692, 693, 645, 645, 693, 694, 646, 646, 694, 695, 647, 647, 695, 696, 648, 648, 696, 697, 649, 649, 697, 698, 650, 650, 698, 699, 651, 651, 699, 700, 652, 652, 700, 701, 653, 653, 701, 702, 654, 654, 702, 703, 655, 655, 703, 704, 656, 656, 704, 705, 657, 657, 705, 706, 658, 658, 706, 707, 659, 659, 707, 708, 660, 660, 708, 709, 661, 661, 709, 710, 662, 662, 710, 711, 663, 663, 711, 712, 664, 664, 712, 713, 665, 665, 713, 714, 666, 666, 714, 715, 667, 667, 715, 716, 668, 668, 716, 717, 669, 669, 717, 718, 670, 670, 718, 719, 671, 671, 719, 672, 624, 672, 720, 721, 673, 673, 721, 722, 674, 674, 722, 723, 675, 675, 723, 724, 676, 676, 724, 725, 677, 677, 725, 726, 678, 678, 726, 727, 679, 679, 727, 728, 680, 680, 728, 729, 681, 681, 729, 730, 682, 682, 730, 731, 683, 683, 731, 732, 684, 684, 732, 733, 685, 685, 733, 734, 686, 686, 734, 735, 687, 687, 735, 736, 688, 688, 736, 737, 689, 689, 737, 738, 690, 690, 738, 739, 691, 691, 739, 740, 692, 692, 740, 741, 693, 693, 741, 742, 694, 694, 742, 743, 695, 695, 743, 744, 696, 696, 744, 745, 697, 697, 745, 746, 698, 698, 746, 747, 699, 699, 747, 748, 700, 700, 748, 749, 701, 701, 749, 750, 702, 702, 750, 751, 703, 703, 751, 752, 704, 704, 752, 753, 705, 705, 753, 754, 706, 706, 754, 755, 707, 707, 755, 756, 708, 708, 756, 757, 709, 709, 757, 758, 710, 710, 758, 759, 711, 711, 759, 760, 712, 712, 760, 761, 713, 713, 761, 762, 714, 714, 762, 763, 715, 715, 763, 764, 716, 716, 764, 765, 717, 717, 765, 766, 718, 718, 766, 767, 719, 719, 767, 720, 672, 720, 768, 769, 721, 721, 769, 770, 722, 722, 770, 771, 723, 723, 771, 772, 724, 724, 772, 773, 725, 725, 773, 774, 726, 726, 774, 775, 727, 727, 775, 776, 728, 728, 776, 777, 729, 729, 777, 778, 730, 730, 778, 779, 731, 731, 779, 780, 732, 732, 780, 781, 733, 733, 781, 782, 734, 734, 782, 783, 735, 735, 783, 784, 736, 736, 784, 785, 737, 737, 785, 786, 738, 738, 786, 787, 739, 739, 787, 788, 740, 740, 788, 789, 741, 741, 789, 790, 742, 742, 790, 791, 743, 743, 791, 792, 744, 744, 792, 793, 745, 745, 793, 794, 746, 746, 794, 795, 747, 747, 795, 796, 748, 748, 796, 797, 749, 749, 797, 798, 750, 750, 798, 799, 751, 751, 799, 800, 752, 752, 800, 801, 753, 753, 801, 802, 754, 754, 802, 803, 755, 755, 803, 804, 756, 756, 804, 805, 757, 757, 805, 806, 758, 758, 806, 807, 759, 759, 807, 808, 760, 760, 808, 809, 761, 761, 809, 810, 762, 762, 810, 811, 763, 763, 811, 812, 764, 764, 812, 813, 765, 765, 813, 814, 766, 766, 814, 815, 767, 767, 815, 768, 720, 768, 816, 817, 769, 769, 817, 818, 770, 770, 818, 819, 771, 771, 819, 820, 772, 772, 820, 821, 773, 773, 821, 822, 774, 774, 822, 823, 775, 775, 823, 824, 776, 776, 824, 825, 777, 777, 825, 826, 778, 778, 826, 827, 779, 779, 827, 828, 780, 780, 828, 829, 781, 781, 829, 830, 782, 782, 830, 831, 783, 783, 831, 832, 784, 784, 832, 833, 785, 785, 833, 834, 786, 786, 834, 835, 787, 787, 835, 836, 788, 788, 836, 837, 789, 789, 837, 838, 790, 790, 838, 839, 791, 791, 839, 840, 792, 792, 840, 841, 793, 793, 841, 842, 794, 794, 842, 843, 795, 795, 843, 844, 796, 796, 844, 845, 797, 797, 845, 846, 798, 798, 846, 847, 799, 799, 847, 848, 800, 800, 848, 849, 801, 801, 849, 850, 802, 802, 850, 851, 803, 803, 851, 852, 804, 804, 852, 853, 805, 805, 853, 854, 806, 806, 854, 855, 807, 807, 855, 856, 808, 808, 856, 857, 809, 809, 857, 858, 810, 810, 858, 859, 811, 811, 859, 860, 812, 812, 860, 861, 813, 813, 861, 862, 814, 814, 862, 863, 815, 815, 863, 816, 768, 816, 864, 865, 817, 817, 865, 866, 818, 818, 866, 867, 819, 819, 867, 868, 820, 820, 868, 869, 821, 821, 869, 870, 822, 822, 870, 871, 823, 823, 871, 872, 824, 824, 872, 873, 825, 825, 873, 874, 826, 826, 874, 875, 827, 827, 875, 876, 828, 828, 876, 877, 829, 829, 877, 878, 830, 830, 878, 879, 831, 831, 879, 880, 832, 832, 880, 881, 833, 833, 881, 882, 834, 834, 882, 883, 835, 835, 883, 884, 836, 836, 884, 885, 837, 837, 885, 886, 838, 838, 886, 887, 839, 839, 887, 888, 840, 840, 888, 889, 841, 841, 889, 890, 842, 842, 890, 891, 843, 843, 891, 892, 844, 844, 892, 893, 845, 845, 893, 894, 846, 846, 894, 895, 847, 847, 895, 896, 848, 848, 896, 897, 849, 849, 897, 898, 850, 850, 898, 899, 851, 851, 899, 900, 852, 852, 900, 901, 853, 853, 901, 902, 854, 854, 902, 903, 855, 855, 903, 904, 856, 856, 904, 905, 857, 857, 905, 906, 858, 858, 906, 907, 859, 859, 907, 908, 860, 860, 908, 909, 861, 861, 909, 910, 862, 862, 910, 911, 863, 863, 911, 864, 816, 864, 912, 913, 865, 865, 913, 914, 866, 866, 914, 915, 867, 867, 915, 916, 868, 868, 916, 917, 869, 869, 917, 918, 870, 870, 918, 919, 871, 871, 919, 920, 872, 872, 920, 921, 873, 873, 921, 922, 874, 874, 922, 923, 875, 875, 923, 924, 876, 876, 924, 925, 877, 877, 925, 926, 878, 878, 926, 927, 879, 879, 927, 928, 880, 880, 928, 929, 881, 881, 929, 930, 882, 882, 930, 931, 883, 883, 931, 932, 884, 884, 932, 933, 885, 885, 933, 934, 886, 886, 934, 935, 887, 887, 935, 936, 888, 888, 936, 937, 889, 889, 937, 938, 890, 890, 938, 939, 891, 891, 939, 940, 892, 892, 940, 941, 893, 893, 941, 942, 894, 894, 942, 943, 895, 895, 943, 944, 896, 896, 944, 945, 897, 897, 945, 946, 898, 898, 946, 947, 899, 899, 947, 948, 900, 900, 948, 949, 901, 901, 949, 950, 902, 902, 950, 951, 903, 903, 951, 952, 904, 904, 952, 953, 905, 905, 953, 954, 906, 906, 954, 955, 907, 907, 955, 956, 908, 908, 956, 957, 909, 909, 957, 958, 910, 910, 958, 959, 911, 911, 959, 912, 864, 912, 960, 961, 913, 913, 961, 962, 914, 914, 962, 963, 915, 915, 963, 964, 916, 916, 964, 965, 917, 917, 965, 966, 918, 918, 966, 967, 919, 919, 967, 968, 920, 920, 968, 969, 921, 921, 969, 970, 922, 922, 970, 971, 923, 923, 971, 972, 924, 924, 972, 973, 925, 925, 973, 974, 926, 926, 974, 975, 927, 927, 975, 976, 928, 928, 976, 977, 929, 929, 977, 978, 930, 930, 978, 979, 931, 931, 979, 980, 932, 932, 980, 981, 933, 933, 981, 982, 934, 934, 982, 983, 935, 935, 983, 984, 936, 936, 984, 985, 937, 937, 985, 986, 938, 938, 986, 987, 939, 939, 987, 988, 940, 940, 988, 989, 941, 941, 989, 990, 942, 942, 990, 991, 943, 943, 991, 992, 944, 944, 992, 993, 945, 945, 993, 994, 946, 946, 994, 995, 947, 947, 995, 996, 948, 948, 996, 997, 949, 949, 997, 998, 950, 950, 998, 999, 951, 951, 999, 1000, 952, 952, 1000, 1001, 953, 953, 1001, 1002, 954, 954, 1002, 1003, 955, 955, 1003, 1004, 956, 956, 1004, 1005, 957, 957, 1005, 1006, 958, 958, 1006, 1007, 959, 959, 1007, 960, 912, 960, 1008, 1009, 961, 961, 1009, 1010, 962, 962, 1010, 1011, 963, 963, 1011, 1012, 964, 964, 1012, 1013, 965, 965, 1013, 1014, 966, 966, 1014, 1015, 967, 967, 1015, 1016, 968, 968, 1016, 1017, 969, 969, 1017, 1018, 970, 970, 1018, 1019, 971, 971, 1019, 1020, 972, 972, 1020, 1021, 973, 973, 1021, 1022, 974, 974, 1022, 1023, 975, 975, 1023, 1024, 976, 976, 1024, 1025, 977, 977, 1025, 1026, 978, 978, 1026, 1027, 979, 979, 1027, 1028, 980, 980, 1028, 1029, 981, 981, 1029, 1030, 982, 982, 1030, 1031, 983, 983, 1031, 1032, 984, 984, 1032, 1033, 985, 985, 1033, 1034, 986, 986, 1034, 1035, 987, 987, 1035, 1036, 988, 988, 1036, 1037, 989, 989, 1037, 1038, 990, 990, 1038, 1039, 991, 991, 1039, 1040, 992, 992, 1040, 1041, 993, 993, 1041, 1042, 994, 994, 1042, 1043, 995, 995, 1043, 1044, 996, 996, 1044, 1045, 997, 997, 1045, 1046, 998, 998, 1046, 1047, 999, 999, 1047, 1048, 1000, 1000, 1048, 1049, 1001, 1001, 1049, 1050, 1002, 1002, 1050, 1051, 1003, 1003, 1051, 1052, 1004, 1004, 1052, 1053, 1005, 1005, 1053, 1054, 1006, 1006, 1054, 1055, 1007, 1007, 1055, 1008, 960, 1008, 1056, 1057, 1009, 1009, 1057, 1058, 1010, 1010, 1058, 1059, 1011, 1011, 1059, 1060, 1012, 1012, 1060, 1061, 1013, 1013, 1061, 1062, 1014, 1014, 1062, 1063, 1015, 1015, 1063, 1064, 1016, 1016, 1064, 1065, 1017, 1017, 1065, 1066, 1018, 1018, 1066, 1067, 1019, 1019, 1067, 1068, 1020, 1020, 1068, 1069, 1021, 1021, 1069, 1070, 1022, 1022, 1070, 1071, 1023, 1023, 1071, 1072, 1024, 1024, 1072, 1073, 1025, 1025, 1073, 1074, 1026, 1026, 1074, 1075, 1027, 1027, 1075, 1076, 1028, 1028, 1076, 1077, 1029, 1029, 1077, 1078, 1030, 1030, 1078, 1079, 1031, 1031, 1079, 1080, 1032, 1032, 1080, 1081, 1033, 1033, 1081, 1082, 1034, 1034, 1082, 1083, 1035, 1035, 1083, 1084, 1036, 1036, 1084, 1085, 1037, 1037, 1085, 1086, 1038, 1038, 1086, 1087, 1039, 1039, 1087, 1088, 1040, 1040, 1088, 1089, 1041, 1041, 1089, 1090, 1042, 1042, 1090, 1091, 1043, 1043, 1091, 1092, 1044, 1044, 1092, 1093, 1045, 1045, 1093, 1094, 1046, 1046, 1094, 1095, 1047, 1047, 1095, 1096, 1048, 1048, 1096, 1097, 1049, 1049, 1097, 1098, 1050, 1050, 1098, 1099, 1051, 1051, 1099, 1100, 1052, 1052, 1100, 1101, 1053, 1053, 1101, 1102, 1054, 1054, 1102, 1103, 1055, 1055, 1103, 1056, 1008, 1056, 1104, 1105, 1057, 1057, 1105, 1106, 1058, 1058, 1106, 1107, 1059, 1059, 1107, 1108, 1060, 1060, 1108, 1109, 1061, 1061, 1109, 1110, 1062, 1062, 1110, 1111, 1063, 1063, 1111, 1112, 1064, 1064, 1112, 1113, 1065, 1065, 1113, 1114, 1066, 1066, 1114, 1115, 1067, 1067, 1115, 1116, 1068, 1068, 1116, 1117, 1069, 1069, 1117, 1118, 1070, 1070, 1118, 1119, 1071, 1071, 1119, 1120, 1072, 1072, 1120, 1121, 1073, 1073, 1121, 1122, 1074, 1074, 1122, 1123, 1075, 1075, 1123, 1124, 1076, 1076, 1124, 1125, 1077, 1077, 1125, 1126, 1078, 1078, 1126, 1127, 1079, 1079, 1127, 1128, 1080, 1080, 1128, 1129, 1081, 1081, 1129, 1130, 1082, 1082, 1130, 1131, 1083, 1083, 1131, 1132, 1084, 1084, 1132, 1133, 1085, 1085, 1133, 1134, 1086, 1086, 1134, 1135, 1087, 1087, 1135, 1136, 1088, 1088, 1136, 1137, 1089, 1089, 1137, 1138, 1090, 1090, 1138, 1139, 1091, 1091, 1139, 1140, 1092, 1092, 1140, 1141, 1093, 1093, 1141, 1142, 1094, 1094, 1142, 1143, 1095, 1095, 1143, 1144, 1096, 1096, 1144, 1145, 1097, 1097, 1145, 1146, 1098, 1098, 1146, 1147, 1099, 1099, 1147, 1148, 1100, 1100, 1148, 1149, 1101, 1101, 1149, 1150, 1102, 1102, 1150, 1151, 1103, 1103, 1151, 1104, 1056, 1104, 1152, 1153, 1105, 1105, 1153, 1154, 1106, 1106, 1154, 1155, 1107, 1107, 1155, 1156, 1108, 1108, 1156, 1157, 1109, 1109, 1157, 1158, 1110, 1110, 1158, 1159, 1111, 1111, 1159, 1160, 1112, 1112, 1160, 1161, 1113, 1113, 1161, 1162, 1114, 1114, 1162, 1163, 1115, 1115, 1163, 1164, 1116, 1116, 1164, 1165, 1117, 1117, 1165, 1166, 1118, 1118, 1166, 1167, 1119, 1119, 1167, 1168, 1120, 1120, 1168, 1169, 1121, 1121, 1169, 1170, 1122, 1122, 1170, 1171, 1123, 1123, 1171, 1172, 1124, 1124, 1172, 1173, 1125, 1125, 1173, 1174, 1126, 1126, 1174, 1175, 1127, 1127, 1175, 1176, 1128, 1128, 1176, 1177, 1129, 1129, 1177, 1178, 1130, 1130, 1178, 1179, 1131, 1131, 1179, 1180, 1132, 1132, 1180, 1181, 1133, 1133, 1181, 1182, 1134, 1134, 1182, 1183, 1135, 1135, 1183, 1184, 1136, 1136, 1184, 1185, 1137, 1137, 1185, 1186, 1138, 1138, 1186, 1187, 1139, 1139, 1187, 1188, 1140, 1140, 1188, 1189, 1141, 1141, 1189, 1190, 1142, 1142, 1190, 1191, 1143, 1143, 1191, 1192, 1144, 1144, 1192, 1193, 1145, 1145, 1193, 1194, 1146, 1146, 1194, 1195, 1147, 1147, 1195, 1196, 1148, 1148, 1196, 1197, 1149, 1149, 1197, 1198, 1150, 1150, 1198, 1199, 1151, 1151, 1199, 1152, 1104]
            rel material:binding = </Room/Looks/BrushedMetal>
            point3f[] points = [(380, 90, 380), (380, 90, 380), (380, 90, 380), (380, 90, 380), (380, 90, 380), (380, 90, 380), (380, 90, 380), (380, 90, 380), (380, 90, 380), (380, 90, 380), (380, 90, 380), (380, 90, 380), (380, 90, 380), (380, 90, 380), (380, 90, 380), (380, 90, 380), (380, 90, 380), (380, 90, 380), (380, 90, 380), (380, 90, 380), (380, 90, 380), (380, 90, 380), (380, 90, 380), (380, 90, 380), (380, 90, 380), (380, 90, 380), (380, 90, 380), (380, 90, 380), (380, 90, 380), (380, 90, 380), (380, 90, 380), (380, 90, 380), (380, 90, 380), (380, 90, 380), (380, 90, 380), (380, 90, 380), (380, 90, 380), (380, 90, 380), (380, 90, 380), (380, 90, 380), (380, 90, 380), (380, 90, 380), (380, 90, 380), (380, 90, 380), (380, 90, 380), (380, 90, 380), (380, 90, 380), (380, 90, 380), (385.8737, 89.61502, 380), (385.82343, 89.61502, 379.23334), (385.67352, 89.61502, 378.47977), (385.42657, 89.61502, 377.75223), (385.08676, 89.61502, 377.06317), (384.6599, 89.61502, 376.42432), (384.15332, 89.61502, 375.84668), (383.57568, 89.61502, 375.3401), (382.93683, 89.61502, 374.91324), (382.24777, 89.61502, 374.57343), (381.52023, 89.61502, 374.32648), (380.76666, 89.61502, 374.17657), (380, 89.61502, 374.1263), (379.23334, 89.61502, 374.17657), (378.47977, 89.61502, 374.32648), (377.75223, 89.61502, 374.57343), (377.06317, 89.61502, 374.91324), (376.42432, 89.61502, 375.3401), (375.84668, 89.61502, 375.84668), (375.3401, 89.61502, 376.42432), (374.91324, 89.61502, 377.06317), (374.57343, 89.61502, 377.75223), (374.32648, 89.61502, 378.47977), (374.17657, 89.61502, 379.23334), (374.1263, 89.61502, 380), (374.17657, 89.61502, 380.76666), (374.32648, 89.61502, 381.52023), (374.57343, 89.61502, 382.24777), (374.91324, 89.61502, 382.93683), (375.3401, 89.61502, 383.57568), (375.84668, 89.61502, 384.15332), (376.42432, 89.61502, 384.6599), (377.06317, 89.61502, 385.08676), (377.75223, 89.61502, 385.42657), (378.47977, 89.61502, 385.67352), (379.23334, 89.61502, 385.82343), (380, 89.61502, 385.8737), (380.76666, 89.61502, 385.82343), (381.52023, 89.61502, 385.67352), (382.24777, 89.61502, 385.42657), (382.93683, 89.61502, 385.08676), (383.57568, 89.61502, 384.6599), (384.15332, 89.61502, 384.15332), (384.6599, 89.61502, 383.57568), (385.08676, 89.61502, 382.93683), (385.42657, 89.61502, 382.24777), (385.67352, 89.61502, 381.52023), (385.82343, 89.61502, 380.76666), (391.64685, 88.46666, 380), (391.5472, 88.46666, 378.47977), (391.25, 88.46666, 376.98557), (390.76028, 88.46666, 375.54294), (390.0865, 88.46666, 374.17657), (389.24008, 88.46666, 372.90985), (388.23557, 88.46666, 371.76443), (387.09015, 88.46666, 370.75992), (385.82343, 88.46666, 369.9135), (384.45706, 88.46666, 369.23972), (383.01443, 88.46666, 368.75), (381.52023, 88.46666, 368.4528), (380, 88.46666, 368.35315), (378.47977, 88.46666, 368.4528), (376.98557, 88.46666, 368.75), (375.54294, 88.46666, 369.23972), (374.17657, 88.46666, 369.9135), (372.90985, 88.46666, 370.75992), (371.76443, 88.46666, 371.76443), (370.75992, 88.46666, 372.90985), (369.9135, 88.46666, 374.17657), (369.23972, 88.46666, 375.54294), (368.75, 88.46666, 376.98557), (368.4528, 88.46666, 378.47977), (368.35315, 88.46666, 380), (368.4528, 88.46666, 381.52023), (368.75, 88.46666, 383.01443), (369.23972, 88.46666, 384.45706), (369.9135, 88.46666, 385.82343), (370.75992, 88.46666, 387.09015), (371.76443, 88.46666, 388.23557), (372.90985, 88.46666, 389.24008), (374.17657, 88.46666, 390.0865), (375.54294, 88.46666, 390.76028), (376.98557, 88.46666, 391.25), (378.47977, 88.46666, 391.5472), (380, 88.46666, 391.64685), (381.52023, 88.46666, 391.5472), (383.01443, 88.46666, 391.25), (384.45706, 88.46666, 390.76028), (385.82343, 88.46666, 390.0865), (387.09015, 88.46666, 389.24008), (388.23557, 88.46666, 388.23557), (389.24008, 88.46666, 387.09015), (390.0865, 88.46666, 385.82343), (390.76028, 88.46666, 384.45706), (391.25, 88.46666, 383.01443), (391.5472, 88.46666, 381.52023), (397.22076, 86.57458, 380), (397.07343, 86.57458, 377.75223), (396.63397, 86.57458, 375.54294), (395.9099, 86.57458, 373.4099), (394.9136, 86.57458, 371.38962), (393.66214, 86.57458, 369.51666), (392.1769, 86.57458, 367.8231), (390.48334, 86.57458, 366.33786), (388.61038, 86.57458, 365.0864), (386.5901, 86.57458, 364.0901), (384.45706, 86.57458, 363.36603), (382.24777, 86.57458, 362.92657), (380, 86.57458, 362.77924), (377.75223, 86.57458, 362.92657), (375.54294, 86.57458, 363.36603), (373.4099, 86.57458, 364.0901), (371.38962, 86.57458, 365.0864), (369.51666, 86.57458, 366.33786), (367.8231, 86.57458, 367.8231), (366.33786, 86.57458, 369.51666), (365.0864, 86.57458, 371.38962), (364.0901, 86.57458, 373.4099), (363.36603, 86.57458, 375.54294), (362.92657, 86.57458, 377.75223), (362.77924, 86.57458, 380), (362.92657, 86.57458, 382.24777), (363.36603, 86.57458, 384.45706), (364.0901, 86.57458, 386.5901), (365.0864, 86.57458, 388.61038), (366.33786, 86.57458, 390.48334), (367.8231, 86.57458, 392.1769), (369.51666, 86.57458, 393.66214), (371.38962, 86.57458, 394.9136), (373.4099, 86.57458, 395.9099), (375.54294, 86.57458, 396.63397), (377.75223, 86.57458, 397.07343), (380, 86.57458, 397.22076), (382.24777, 86.57458, 397.07343), (384.45706, 86.57458, 396.63397), (386.5901, 86.57458, 395.9099), (388.61038, 86.57458, 394.9136), (390.48334, 86.57458, 393.66214), (392.1769, 86.57458, 392.1769), (393.66214, 86.57458, 390.48334), (394.9136, 86.57458, 388.61038), (395.9099, 86.57458, 386.5901), (396.63397, 86.57458, 384.45706), (397.07343, 86.57458, 382.24777), (402.5, 83.971146, 380), (402.3075, 83.971146, 377.06317), (401.73334, 83.971146, 374.17657), (400.7873, 83.971146, 371.38962), (399.48557, 83.971146, 368.75), (397.85046, 83.971146, 366.30286), (395.9099, 83.971146, 364.0901), (393.69714, 83.971146, 362.14954), (391.25, 83.971146, 360.51443), (388.61038, 83.971146, 359.2127), (385.82343, 83.971146, 358.26666), (382.93683, 83.971146, 357.6925), (380, 83.971146, 357.5), (377.06317, 83.971146, 357.6925), (374.17657, 83.971146, 358.26666), (371.38962, 83.971146, 359.2127), (368.75, 83.971146, 360.51443), (366.30286, 83.971146, 362.14954), (364.0901, 83.971146, 364.0901), (362.14954, 83.971146, 366.30286), (360.51443, 83.971146, 368.75), (359.2127, 83.971146, 371.38962), (358.26666, 83.971146, 374.17657), (357.6925, 83.971146, 377.06317), (357.5, 83.971146, 380), (357.6925, 83.971146, 382.93683), (358.26666, 83.971146, 385.82343), (359.2127, 83.971146, 388.61038), (360.51443, 83.971146, 391.25), (362.14954, 83.971146, 393.69714), (364.0901, 83.971146, 395.9099), (366.30286, 83.971146, 397.85046), (368.75, 83.971146, 399.48557), (371.38962, 83.971146, 400.7873), (374.17657, 83.971146, 401.73334), (377.06317, 83.971146, 402.3075), (380, 83.971146, 402.5), (382.93683, 83.971146, 402.3075), (385.82343, 83.971146, 401.73334), (388.61038, 83.971146, 400.7873), (391.25, 83.971146, 399.48557), (393.69714, 83.971146, 397.85046), (395.9099, 83.971146, 395.9099), (397.85046, 83.971146, 393.69714), (399.48557, 83.971146, 391.25), (400.7873, 83.971146, 388.61038), (401.73334, 83.971146, 385.82343), (402.3075, 83.971146, 382.93683), (407.39426, 80.7009, 380), (407.1599, 80.7009, 376.42432), (406.46082, 80.7009, 372.90985), (405.309, 80.7009, 369.51666), (403.72412, 80.7009, 366.30286), (401.73334, 80.7009, 363.32343), (399.37067, 80.7009, 360.62933), (396.67657, 80.7009, 358.26666), (393.69714, 80.7009, 356.27588), (390.48334, 80.7009, 354.691), (387.09015, 80.7009, 353.53918), (383.57568, 80.7009, 352.8401), (380, 80.7009, 352.60574), (376.42432, 80.7009, 352.8401), (372.90985, 80.7009, 353.53918), (369.51666, 80.7009, 354.691), (366.30286, 80.7009, 356.27588), (363.32343, 80.7009, 358.26666), (360.62933, 80.7009, 360.62933), (358.26666, 80.7009, 363.32343), (356.27588, 80.7009, 366.30286), (354.691, 80.7009, 369.51666), (353.53918, 80.7009, 372.90985), (352.8401, 80.7009, 376.42432), (352.60574, 80.7009, 380), (352.8401, 80.7009, 383.57568), (353.53918, 80.7009, 387.09015), (354.691, 80.7009, 390.48334), (356.27588, 80.7009, 393.69714), (358.26666, 80.7009, 396.67657), (360.62933, 80.7009, 399.37067), (363.32343, 80.7009, 401.73334), (366.30286, 80.7009, 403.72412), (369.51666, 80.7009, 405.309), (372.90985, 80.7009, 406.46082), (376.42432, 80.7009, 407.1599), (380, 80.7009, 407.39426), (383.57568, 80.7009, 407.1599), (387.09015, 80.7009, 406.46082), (390.48334, 80.7009, 405.309), (393.69714, 80.7009, 403.72412), (396.67657, 80.7009, 401.73334), (399.37067, 80.7009, 399.37067), (401.73334, 80.7009, 396.67657), (403.72412, 80.7009, 393.69714), (405.309, 80.7009, 390.48334), (406.46082, 80.7009, 387.09015), (407.1599, 80.7009, 383.57568), (411.8198, 76.81981, 380), (411.54758, 76.81981, 375.84668), (410.73557, 76.81981, 371.76443), (409.39767, 76.81981, 367.8231), (407.55676, 76.81981, 364.0901), (405.24435, 76.81981, 360.62933), (402.5, 76.81981, 357.5), (399.37067, 76.81981, 354.75565), (395.9099, 76.81981, 352.44324), (392.1769, 76.81981, 350.60233), (388.23557, 76.81981, 349.26443), (384.15332, 76.81981, 348.45242), (380, 76.81981, 348.1802), (375.84668, 76.81981, 348.45242), (371.76443, 76.81981, 349.26443), (367.8231, 76.81981, 350.60233), (364.0901, 76.81981, 352.44324), (360.62933, 76.81981, 354.75565), (357.5, 76.81981, 357.5), (354.75565, 76.81981, 360.62933), (352.44324, 76.81981, 364.0901), (350.60233, 76.81981, 367.8231), (349.26443, 76.81981, 371.76443), (348.45242, 76.81981, 375.84668), (348.1802, 76.81981, 380), (348.45242, 76.81981, 384.15332), (349.26443, 76.81981, 388.23557), (350.60233, 76.81981, 392.1769), (352.44324, 76.81981, 395.9099), (354.75565, 76.81981, 399.37067), (357.5, 76.81981, 402.5), (360.62933, 76.81981, 405.24435), (364.0901, 76.81981, 407.55676), (367.8231, 76.81981, 409.39767), (371.76443, 76.81981, 410.73557), (375.84668, 76.81981, 411.54758), (380, 76.81981, 411.8198), (384.15332, 76.81981, 411.54758), (388.23557, 76.81981, 410.73557), (392.1769, 76.81981, 409.39767), (395.9099, 76.81981, 407.55676), (399.37067, 76.81981, 405.24435), (402.5, 76.81981, 402.5), (405.24435, 76.81981, 399.37067), (407.55676, 76.81981, 395.9099), (409.39767, 76.81981, 392.1769), (410.73557, 76.81981, 388.23557), (411.54758, 76.81981, 384.15332), (415.7009, 72.394264, 380), (415.39548, 72.394264, 375.3401), (414.48444, 72.394264, 370.75992), (412.98334, 72.394264, 366.33786), (410.91788, 72.394264, 362.14954), (408.32343, 72.394264, 358.26666), (405.24435, 72.394264, 354.75565), (401.73334, 72.394264, 351.67657), (397.85046, 72.394264, 349.08212), (393.66214, 72.394264, 347.01666), (389.24008, 72.394264, 345.51556), (384.6599, 72.394264, 344.60452), (380, 72.394264, 344.2991), (375.3401, 72.394264, 344.60452), (370.75992, 72.394264, 345.51556), (366.33786, 72.394264, 347.01666), (362.14954, 72.394264, 349.08212), (358.26666, 72.394264, 351.67657), (354.75565, 72.394264, 354.75565), (351.67657, 72.394264, 358.26666), (349.08212, 72.394264, 362.14954), (347.01666, 72.394264, 366.33786), (345.51556, 72.394264, 370.75992), (344.60452, 72.394264, 375.3401), (344.2991, 72.394264, 380), (344.60452, 72.394264, 384.6599), (345.51556, 72.394264, 389.24008), (347.01666, 72.394264, 393.66214), (349.08212, 72.394264, 397.85046), (351.67657, 72.394264, 401.73334), (354.75565, 72.394264, 405.24435), (358.26666, 72.394264, 408.32343), (362.14954, 72.394264, 410.91788), (366.33786, 72.394264, 412.98334), (370.75992, 72.394264, 414.48444), (375.3401, 72.394264, 415.39548), (380, 72.394264, 415.7009), (384.6599, 72.394264, 415.39548), (389.24008, 72.394264, 414.48444), (393.66214, 72.394264, 412.98334), (397.85046, 72.394264, 410.91788), (401.73334, 72.394264, 408.32343), (405.24435, 72.394264, 405.24435), (408.32343, 72.394264, 401.73334), (410.91788, 72.394264, 397.85046), (412.98334, 72.394264, 393.66214), (414.48444, 72.394264, 389.24008), (415.39548, 72.394264, 384.6599), (418.97113, 67.5, 380), (418.63773, 67.5, 374.91324), (417.64322, 67.5, 369.9135), (416.00464, 67.5, 365.0864), (413.75, 67.5, 360.51443), (410.91788, 67.5, 356.27588), (407.55676, 67.5, 352.44324), (403.72412, 67.5, 349.08212), (399.48557, 67.5, 346.25), (394.9136, 67.5, 343.99536), (390.0865, 67.5, 342.35678), (385.08676, 67.5, 341.36227), (380, 67.5, 341.02887), (374.91324, 67.5, 341.36227), (369.9135, 67.5, 342.35678), (365.0864, 67.5, 343.99536), (360.51443, 67.5, 346.25), (356.27588, 67.5, 349.08212), (352.44324, 67.5, 352.44324), (349.08212, 67.5, 356.27588), (346.25, 67.5, 360.51443), (343.99536, 67.5, 365.0864), (342.35678, 67.5, 369.9135), (341.36227, 67.5, 374.91324), (341.02887, 67.5, 380), (341.36227, 67.5, 385.08676), (342.35678, 67.5, 390.0865), (343.99536, 67.5, 394.9136), (346.25, 67.5, 399.48557), (349.08212, 67.5, 403.72412), (352.44324, 67.5, 407.55676), (356.27588, 67.5, 410.91788), (360.51443, 67.5, 413.75), (365.0864, 67.5, 416.00464), (369.9135, 67.5, 417.64322), (374.91324, 67.5, 418.63773), (380, 67.5, 418.97113), (385.08676, 67.5, 418.63773), (390.0865, 67.5, 417.64322), (394.9136, 67.5, 416.00464), (399.48557, 67.5, 413.75), (403.72412, 67.5, 410.91788), (407.55676, 67.5, 407.55676), (410.91788, 67.5, 403.72412), (413.75, 67.5, 399.48557), (416.00464, 67.5, 394.9136), (417.64322, 67.5, 390.0865), (418.63773, 67.5, 385.08676), (421.5746, 62.220753, 380), (421.2189, 62.220753, 374.57343), (420.15796, 62.220753, 369.23972), (418.4099, 62.220753, 364.0901), (416.00464, 62.220753, 359.2127), (412.98334, 62.220753, 354.691), (409.39767, 62.220753, 350.60233), (405.309, 62.220753, 347.01666), (400.7873, 62.220753, 343.99536), (395.9099, 62.220753, 341.5901), (390.76028, 62.220753, 339.84204), (385.42657, 62.220753, 338.7811), (380, 62.220753, 338.4254), (374.57343, 62.220753, 338.7811), (369.23972, 62.220753, 339.84204), (364.0901, 62.220753, 341.5901), (359.2127, 62.220753, 343.99536), (354.691, 62.220753, 347.01666), (350.60233, 62.220753, 350.60233), (347.01666, 62.220753, 354.691), (343.99536, 62.220753, 359.2127), (341.5901, 62.220753, 364.0901), (339.84204, 62.220753, 369.23972), (338.7811, 62.220753, 374.57343), (338.4254, 62.220753, 380), (338.7811, 62.220753, 385.42657), (339.84204, 62.220753, 390.76028), (341.5901, 62.220753, 395.9099), (343.99536, 62.220753, 400.7873), (347.01666, 62.220753, 405.309), (350.60233, 62.220753, 409.39767), (354.691, 62.220753, 412.98334), (359.2127, 62.220753, 416.00464), (364.0901, 62.220753, 418.4099), (369.23972, 62.220753, 420.15796), (374.57343, 62.220753, 421.2189), (380, 62.220753, 421.5746), (385.42657, 62.220753, 421.2189), (390.76028, 62.220753, 420.15796), (395.9099, 62.220753, 418.4099), (400.7873, 62.220753, 416.00464), (405.309, 62.220753, 412.98334), (409.39767, 62.220753, 409.39767), (412.98334, 62.220753, 405.309), (416.00464, 62.220753, 400.7873), (418.4099, 62.220753, 395.9099), (420.15796, 62.220753, 390.76028), (421.2189, 62.220753, 385.42657), (423.46667, 56.64686, 380), (423.0948, 56.64686, 374.32648), (421.98557, 56.64686, 368.75), (420.15796, 56.64686, 363.36603), (417.64322, 56.64686, 358.26666), (414.48444, 56.64686, 353.53918), (410.73557, 56.64686, 349.26443), (406.46082, 56.64686, 345.51556), (401.73334, 56.64686, 342.35678), (396.63397, 56.64686, 339.84204), (391.25, 56.64686, 338.01443), (385.67352, 56.64686, 336.9052), (380, 56.64686, 336.53333), (374.32648, 56.64686, 336.9052), (368.75, 56.64686, 338.01443), (363.36603, 56.64686, 339.84204), (358.26666, 56.64686, 342.35678), (353.53918, 56.64686, 345.51556), (349.26443, 56.64686, 349.26443), (345.51556, 56.64686, 353.53918), (342.35678, 56.64686, 358.26666), (339.84204, 56.64686, 363.36603), (338.01443, 56.64686, 368.75), (336.9052, 56.64686, 374.32648), (336.53333, 56.64686, 380), (336.9052, 56.64686, 385.67352), (338.01443, 56.64686, 391.25), (339.84204, 56.64686, 396.63397), (342.35678, 56.64686, 401.73334), (345.51556, 56.64686, 406.46082), (349.26443, 56.64686, 410.73557), (353.53918, 56.64686, 414.48444), (358.26666, 56.64686, 417.64322), (363.36603, 56.64686, 420.15796), (368.75, 56.64686, 421.98557), (374.32648, 56.64686, 423.0948), (380, 56.64686, 423.46667), (385.67352, 56.64686, 423.0948), (391.25, 56.64686, 421.98557), (396.63397, 56.64686, 420.15796), (401.73334, 56.64686, 417.64322), (406.46082, 56.64686, 414.48444), (410.73557, 56.64686, 410.73557), (414.48444, 56.64686, 406.46082), (417.64322, 56.64686, 401.73334), (420.15796, 56.64686, 396.63397), (421.98557, 56.64686, 391.25), (423.0948, 56.64686, 385.67352), (424.61502, 50.87368, 380), (424.23334, 50.87368, 374.17657), (423.0948, 50.87368, 368.4528), (421.2189, 50.87368, 362.92657), (418.63773, 50.87368, 357.6925), (415.39548, 50.87368, 352.8401), (411.54758, 50.87368, 348.45242), (407.1599, 50.87368, 344.60452), (402.3075, 50.87368, 341.36227), (397.07343, 50.87368, 338.7811), (391.5472, 50.87368, 336.9052), (385.82343, 50.87368, 335.76666), (380, 50.87368, 335.38498), (374.17657, 50.87368, 335.76666), (368.4528, 50.87368, 336.9052), (362.92657, 50.87368, 338.7811), (357.6925, 50.87368, 341.36227), (352.8401, 50.87368, 344.60452), (348.45242, 50.87368, 348.45242), (344.60452, 50.87368, 352.8401), (341.36227, 50.87368, 357.6925), (338.7811, 50.87368, 362.92657), (336.9052, 50.87368, 368.4528), (335.76666, 50.87368, 374.17657), (335.38498, 50.87368, 380), (335.76666, 50.87368, 385.82343), (336.9052, 50.87368, 391.5472), (338.7811, 50.87368, 397.07343), (341.36227, 50.87368, 402.3075), (344.60452, 50.87368, 407.1599), (348.45242, 50.87368, 411.54758), (352.8401, 50.87368, 415.39548), (357.6925, 50.87368, 418.63773), (362.92657, 50.87368, 421.2189), (368.4528, 50.87368, 423.0948), (374.17657, 50.87368, 424.23334), (380, 50.87368, 424.61502), (385.82343, 50.87368, 424.23334), (391.5472, 50.87368, 423.0948), (397.07343, 50.87368, 421.2189), (402.3075, 50.87368, 418.63773), (407.1599, 50.87368, 415.39548), (411.54758, 50.87368, 411.54758), (415.39548, 50.87368, 407.1599), (418.63773, 50.87368, 402.3075), (421.2189, 50.87368, 397.07343), (423.0948, 50.87368, 391.5472), (424.23334, 50.87368, 385.82343), (425, 45, 380), (424.61502, 45, 374.1263), (423.46667, 45, 368.35315), (421.5746, 45, 362.77924), (418.97113, 45, 357.5), (415.7009, 45, 352.60574), (411.8198, 45, 348.1802), (407.39426, 45, 344.2991), (402.5, 45, 341.02887), (397.22076, 45, 338.4254), (391.64685, 45, 336.53333), (385.8737, 45, 335.38498), (380, 45, 335), (374.1263, 45, 335.38498), (368.35315, 45, 336.53333), (362.77924, 45, 338.4254), (357.5, 45, 341.02887), (352.60574, 45, 344.2991), (348.1802, 45, 348.1802), (344.2991, 45, 352.60574), (341.02887, 45, 357.5), (338.4254, 45, 362.77924), (336.53333, 45, 368.35315), (335.38498, 45, 374.1263), (335, 45, 380), (335.38498, 45, 385.8737), (336.53333, 45, 391.64685), (338.4254, 45, 397.22076), (341.02887, 45, 402.5), (344.2991, 45, 407.39426), (348.1802, 45, 411.8198), (352.60574, 45, 415.7009), (357.5, 45, 418.97113), (362.77924, 45, 421.5746), (368.35315, 45, 423.46667), (374.1263, 45, 424.61502), (380, 45, 425), (385.8737, 45, 424.61502), (391.64685, 45, 423.46667), (397.22076, 45, 421.5746), (402.5, 45, 418.97113), (407.39426, 45, 415.7009), (411.8198, 45, 411.8198), (415.7009, 45, 407.39426), (418.97113, 45, 402.5), (421.5746, 45, 397.22076), (423.46667, 45, 391.64685), (424.61502, 45, 385.8737), (424.61502, 39.12632, 380), (424.23334, 39.12632, 374.17657), (423.0948, 39.12632, 368.4528), (421.2189, 39.12632, 362.92657), (418.63773, 39.12632, 357.6925), (415.39548, 39.12632, 352.8401), (411.54758, 39.12632, 348.45242), (407.1599, 39.12632, 344.60452), (402.3075, 39.12632, 341.36227), (397.07343, 39.12632, 338.7811), (391.5472, 39.12632, 336.9052), (385.82343, 39.12632, 335.76666), (380, 39.12632, 335.38498), (374.17657, 39.12632, 335.76666), (368.4528, 39.12632, 336.9052), (362.92657, 39.12632, 338.7811), (357.6925, 39.12632, 341.36227), (352.8401, 39.12632, 344.60452), (348.45242, 39.12632, 348.45242), (344.60452, 39.12632, 352.8401), (341.36227, 39.12632, 357.6925), (338.7811, 39.12632, 362.92657), (336.9052, 39.12632, 368.4528), (335.76666, 39.12632, 374.17657), (335.38498, 39.12632, 380), (335.76666, 39.12632, 385.82343), (336.9052, 39.12632, 391.5472), (338.7811, 39.12632, 397.07343), (341.36227, 39.12632, 402.3075), (344.60452, 39.12632, 407.1599), (348.45242, 39.12632, 411.54758), (352.8401, 39.12632, 415.39548), (357.6925, 39.12632, 418.63773), (362.92657, 39.12632, 421.2189), (368.4528, 39.12632, 423.0948), (374.17657, 39.12632, 424.23334), (380, 39.12632, 424.61502), (385.82343, 39.12632, 424.23334), (391.5472, 39.12632, 423.0948), (397.07343, 39.12632, 421.2189), (402.3075, 39.12632, 418.63773), (407.1599, 39.12632, 415.39548), (411.54758, 39.12632, 411.54758), (415.39548, 39.12632, 407.1599), (418.63773, 39.12632, 402.3075), (421.2189, 39.12632, 397.07343), (423.0948, 39.12632, 391.5472), (424.23334, 39.12632, 385.82343), (423.46667, 33.35314, 380), (423.0948, 33.35314, 374.32648), (421.98557, 33.35314, 368.75), (420.15796, 33.35314, 363.36603), (417.64322, 33.35314, 358.26666), (414.48444, 33.35314, 353.53918), (410.73557, 33.35314, 349.26443), (406.46082, 33.35314, 345.51556), (401.73334, 33.35314, 342.35678), (396.63397, 33.35314, 339.84204), (391.25, 33.35314, 338.01443), (385.67352, 33.35314, 336.9052), (380, 33.35314, 336.53333), (374.32648, 33.35314, 336.9052), (368.75, 33.35314, 338.01443), (363.36603, 33.35314, 339.84204), (358.26666, 33.35314, 342.35678), (353.53918, 33.35314, 345.51556), (349.26443, 33.35314, 349.26443), (345.51556, 33.35314, 353.53918), (342.35678, 33.35314, 358.26666), (339.84204, 33.35314, 363.36603), (338.01443, 33.35314, 368.75), (336.9052, 33.35314, 374.32648), (336.53333, 33.35314, 380), (336.9052, 33.35314, 385.67352), (338.01443, 33.35314, 391.25), (339.84204, 33.35314, 396.63397), (342.35678, 33.35314, 401.73334), (345.51556, 33.35314, 406.46082), (349.26443, 33.35314, 410.73557), (353.53918, 33.35314, 414.48444), (358.26666, 33.35314, 417.64322), (363.36603, 33.35314, 420.15796), (368.75, 33.35314, 421.98557), (374.32648, 33.35314, 423.0948), (380, 33.35314, 423.46667), (385.67352, 33.35314, 423.0948), (391.25, 33.35314, 421.98557), (396.63397, 33.35314, 420.15796), (401.73334, 33.35314, 417.64322), (406.46082, 33.35314, 414.48444), (410.73557, 33.35314, 410.73557), (414.48444, 33.35314, 406.46082), (417.64322, 33.35314, 401.73334), (420.15796, 33.35314, 396.63397), (421.98557, 33.35314, 391.25), (423.0948, 33.35314, 385.67352), (421.5746, 27.779245, 380), (421.2189, 27.779245, 374.57343), (420.15796, 27.779245, 369.23972), (418.4099, 27.779245, 364.0901), (416.00464, 27.779245, 359.2127), (412.98334, 27.779245, 354.691), (409.39767, 27.779245, 350.60233), (405.309, 27.779245, 347.01666), (400.7873, 27.779245, 343.99536), (395.9099, 27.779245, 341.5901), (390.76028, 27.779245, 339.84204), (385.42657, 27.779245, 338.7811), (380, 27.779245, 338.4254), (374.57343, 27.779245, 338.7811), (369.23972, 27.779245, 339.84204), (364.0901, 27.779245, 341.5901), (359.2127, 27.779245, 343.99536), (354.691, 27.779245, 347.01666), (350.60233, 27.779245, 350.60233), (347.01666, 27.779245, 354.691), (343.99536, 27.779245, 359.2127), (341.5901, 27.779245, 364.0901), (339.84204, 27.779245, 369.23972), (338.7811, 27.779245, 374.57343), (338.4254, 27.779245, 380), (338.7811, 27.779245, 385.42657), (339.84204, 27.779245, 390.76028), (341.5901, 27.779245, 395.9099), (343.99536, 27.779245, 400.7873), (347.01666, 27.779245, 405.309), (350.60233, 27.779245, 409.39767), (354.691, 27.779245, 412.98334), (359.2127, 27.779245, 416.00464), (364.0901, 27.779245, 418.4099), (369.23972, 27.779245, 420.15796), (374.57343, 27.779245, 421.2189), (380, 27.779245, 421.5746), (385.42657, 27.779245, 421.2189), (390.76028, 27.779245, 420.15796), (395.9099, 27.779245, 418.4099), (400.7873, 27.779245, 416.00464), (405.309, 27.779245, 412.98334), (409.39767, 27.779245, 409.39767), (412.98334, 27.779245, 405.309), (416.00464, 27.779245, 400.7873), (418.4099, 27.779245, 395.9099), (420.15796, 27.779245, 390.76028), (421.2189, 27.779245, 385.42657), (418.97113, 22.5, 380), (418.63773, 22.5, 374.91324), (417.64322, 22.5, 369.9135), (416.00464, 22.5, 365.0864), (413.75, 22.5, 360.51443), (410.91788, 22.5, 356.27588), (407.55676, 22.5, 352.44324), (403.72412, 22.5, 349.08212), (399.48557, 22.5, 346.25), (394.9136, 22.5, 343.99536), (390.0865, 22.5, 342.35678), (385.08676, 22.5, 341.36227), (380, 22.5, 341.02887), (374.91324, 22.5, 341.36227), (369.9135, 22.5, 342.35678), (365.0864, 22.5, 343.99536), (360.51443, 22.5, 346.25), (356.27588, 22.5, 349.08212), (352.44324, 22.5, 352.44324), (349.08212, 22.5, 356.27588), (346.25, 22.5, 360.51443), (343.99536, 22.5, 365.0864), (342.35678, 22.5, 369.9135), (341.36227, 22.5, 374.91324), (341.02887, 22.5, 380), (341.36227, 22.5, 385.08676), (342.35678, 22.5, 390.0865), (343.99536, 22.5, 394.9136), (346.25, 22.5, 399.48557), (349.08212, 22.5, 403.72412), (352.44324, 22.5, 407.55676), (356.27588, 22.5, 410.91788), (360.51443, 22.5, 413.75), (365.0864, 22.5, 416.00464), (369.9135, 22.5, 417.64322), (374.91324, 22.5, 418.63773), (380, 22.5, 418.97113), (385.08676, 22.5, 418.63773), (390.0865, 22.5, 417.64322), (394.9136, 22.5, 416.00464), (399.48557, 22.5, 413.75), (403.72412, 22.5, 410.91788), (407.55676, 22.5, 407.55676), (410.91788, 22.5, 403.72412), (413.75, 22.5, 399.48557), (416.00464, 22.5, 394.9136), (417.64322, 22.5, 390.0865), (418.63773, 22.5, 385.08676), (415.7009, 17.605736, 380), (415.39548, 17.605736, 375.3401), (414.48444, 17.605736, 370.75992), (412.98334, 17.605736, 366.33786), (410.91788, 17.605736, 362.14954), (408.32343, 17.605736, 358.26666), (405.24435, 17.605736, 354.75565), (401.73334, 17.605736, 351.67657), (397.85046, 17.605736, 349.08212), (393.66214, 17.605736, 347.01666), (389.24008, 17.605736, 345.51556), (384.6599, 17.605736, 344.60452), (380, 17.605736, 344.2991), (375.3401, 17.605736, 344.60452), (370.75992, 17.605736, 345.51556), (366.33786, 17.605736, 347.01666), (362.14954, 17.605736, 349.08212), (358.26666, 17.605736, 351.67657), (354.75565, 17.605736, 354.75565), (351.67657, 17.605736, 358.26666), (349.08212, 17.605736, 362.14954), (347.01666, 17.605736, 366.33786), (345.51556, 17.605736, 370.75992), (344.60452, 17.605736, 375.3401), (344.2991, 17.605736, 380), (344.60452, 17.605736, 384.6599), (345.51556, 17.605736, 389.24008), (347.01666, 17.605736, 393.66214), (349.08212, 17.605736, 397.85046), (351.67657, 17.605736, 401.73334), (354.75565, 17.605736, 405.24435), (358.26666, 17.605736, 408.32343), (362.14954, 17.605736, 410.91788), (366.33786, 17.605736, 412.98334), (370.75992, 17.605736, 414.48444), (375.3401, 17.605736, 415.39548), (380, 17.605736, 415.7009), (384.6599, 17.605736, 415.39548), (389.24008, 17.605736, 414.48444), (393.66214, 17.605736, 412.98334), (397.85046, 17.605736, 410.91788), (401.73334, 17.605736, 408.32343), (405.24435, 17.605736, 405.24435), (408.32343, 17.605736, 401.73334), (410.91788, 17.605736, 397.85046), (412.98334, 17.605736, 393.66214), (414.48444, 17.605736, 389.24008), (415.39548, 17.605736, 384.6599), (411.8198, 13.180195, 380), (411.54758, 13.180195, 375.84668), (410.73557, 13.180195, 371.76443), (409.39767, 13.180195, 367.8231), (407.55676, 13.180195, 364.0901), (405.24435, 13.180195, 360.62933), (402.5, 13.180195, 357.5), (399.37067, 13.180195, 354.75565), (395.9099, 13.180195, 352.44324), (392.1769, 13.180195, 350.60233), (388.23557, 13.180195, 349.26443), (384.15332, 13.180195, 348.45242), (380, 13.180195, 348.1802), (375.84668, 13.180195, 348.45242), (371.76443, 13.180195, 349.26443), (367.8231, 13.180195, 350.60233), (364.0901, 13.180195, 352.44324), (360.62933, 13.180195, 354.75565), (357.5, 13.180195, 357.5), (354.75565, 13.180195, 360.62933), (352.44324, 13.180195, 364.0901), (350.60233, 13.180195, 367.8231), (349.26443, 13.180195, 371.76443), (348.45242, 13.180195, 375.84668), (348.1802, 13.180195, 380), (348.45242, 13.180195, 384.15332), (349.26443, 13.180195, 388.23557), (350.60233, 13.180195, 392.1769), (352.44324, 13.180195, 395.9099), (354.75565, 13.180195, 399.37067), (357.5, 13.180195, 402.5), (360.62933, 13.180195, 405.24435), (364.0901, 13.180195, 407.55676), (367.8231, 13.180195, 409.39767), (371.76443, 13.180195, 410.73557), (375.84668, 13.180195, 411.54758), (380, 13.180195, 411.8198), (384.15332, 13.180195, 411.54758), (388.23557, 13.180195, 410.73557), (392.1769, 13.180195, 409.39767), (395.9099, 13.180195, 407.55676), (399.37067, 13.180195, 405.24435), (402.5, 13.180195, 402.5), (405.24435, 13.180195, 399.37067), (407.55676, 13.180195, 395.9099), (409.39767, 13.180195, 392.1769), (410.73557, 13.180195, 388.23557), (411.54758, 13.180195, 384.15332), (407.39426, 9.2991, 380), (407.1599, 9.2991, 376.42432), (406.46082, 9.2991, 372.90985), (405.309, 9.2991, 369.51666), (403.72412, 9.2991, 366.30286), (401.73334, 9.2991, 363.32343), (399.37067, 9.2991, 360.62933), (396.67657, 9.2991, 358.26666), (393.69714, 9.2991, 356.27588), (390.48334, 9.2991, 354.691), (387.09015, 9.2991, 353.53918), (383.57568, 9.2991, 352.8401), (380, 9.2991, 352.60574), (376.42432, 9.2991, 352.8401), (372.90985, 9.2991, 353.53918), (369.51666, 9.2991, 354.691), (366.30286, 9.2991, 356.27588), (363.32343, 9.2991, 358.26666), (360.62933, 9.2991, 360.62933), (358.26666, 9.2991, 363.32343), (356.27588, 9.2991, 366.30286), (354.691, 9.2991, 369.51666), (353.53918, 9.2991, 372.90985), (352.8401, 9.2991, 376.42432), (352.60574, 9.2991, 380), (352.8401, 9.2991, 383.57568), (353.53918, 9.2991, 387.09015), (354.691, 9.2991, 390.48334), (356.27588, 9.2991, 393.69714), (358.26666, 9.2991, 396.67657), (360.62933, 9.2991, 399.37067), (363.32343, 9.2991, 401.73334), (366.30286, 9.2991, 403.72412), (369.51666, 9.2991, 405.309), (372.90985, 9.2991, 406.46082), (376.42432, 9.2991, 407.1599), (380, 9.2991, 407.39426), (383.57568, 9.2991, 407.1599), (387.09015, 9.2991, 406.46082), (390.48334, 9.2991, 405.309), (393.69714, 9.2991, 403.72412), (396.67657, 9.2991, 401.73334), (399.37067, 9.2991, 399.37067), (401.73334, 9.2991, 396.67657), (403.72412, 9.2991, 393.69714), (405.309, 9.2991, 390.48334), (406.46082, 9.2991, 387.09015), (407.1599, 9.2991, 383.57568), (402.5, 6.0288568, 380), (402.3075, 6.0288568, 377.06317), (401.73334, 6.0288568, 374.17657), (400.7873, 6.0288568, 371.38962), (399.48557, 6.0288568, 368.75), (397.85046, 6.0288568, 366.30286), (395.9099, 6.0288568, 364.0901), (393.69714, 6.0288568, 362.14954), (391.25, 6.0288568, 360.51443), (388.61038, 6.0288568, 359.2127), (385.82343, 6.0288568, 358.26666), (382.93683, 6.0288568, 357.6925), (380, 6.0288568, 357.5), (377.06317, 6.0288568, 357.6925), (374.17657, 6.0288568, 358.26666), (371.38962, 6.0288568, 359.2127), (368.75, 6.0288568, 360.51443), (366.30286, 6.0288568, 362.14954), (364.0901, 6.0288568, 364.0901), (362.14954, 6.0288568, 366.30286), (360.51443, 6.0288568, 368.75), (359.2127, 6.0288568, 371.38962), (358.26666, 6.0288568, 374.17657), (357.6925, 6.0288568, 377.06317), (357.5, 6.0288568, 380), (357.6925, 6.0288568, 382.93683), (358.26666, 6.0288568, 385.82343), (359.2127, 6.0288568, 388.61038), (360.51443, 6.0288568, 391.25), (362.14954, 6.0288568, 393.69714), (364.0901, 6.0288568, 395.9099), (366.30286, 6.0288568, 397.85046), (368.75, 6.0288568, 399.48557), (371.38962, 6.0288568, 400.7873), (374.17657, 6.0288568, 401.73334), (377.06317, 6.0288568, 402.3075), (380, 6.0288568, 402.5), (382.93683, 6.0288568, 402.3075), (385.82343, 6.0288568, 401.73334), (388.61038, 6.0288568, 400.7873), (391.25, 6.0288568, 399.48557), (393.69714, 6.0288568, 397.85046), (395.9099, 6.0288568, 395.9099), (397.85046, 6.0288568, 393.69714), (399.48557, 6.0288568, 391.25), (400.7873, 6.0288568, 388.61038), (401.73334, 6.0288568, 385.82343), (402.3075, 6.0288568, 382.93683), (397.22076, 3.425421, 380), (397.07343, 3.425421, 377.75223), (396.63397, 3.425421, 375.54294), (395.9099, 3.425421, 373.4099), (394.9136, 3.425421, 371.38962), (393.66214, 3.425421, 369.51666), (392.1769, 3.425421, 367.8231), (390.48334, 3.425421, 366.33786), (388.61038, 3.425421, 365.0864), (386.5901, 3.425421, 364.0901), (384.45706, 3.425421, 363.36603), (382.24777, 3.425421, 362.92657), (380, 3.425421, 362.77924), (377.75223, 3.425421, 362.92657), (375.54294, 3.425421, 363.36603), (373.4099, 3.425421, 364.0901), (371.38962, 3.425421, 365.0864), (369.51666, 3.425421, 366.33786), (367.8231, 3.425421, 367.8231), (366.33786, 3.425421, 369.51666), (365.0864, 3.425421, 371.38962), (364.0901, 3.425421, 373.4099), (363.36603, 3.425421, 375.54294), (362.92657, 3.425421, 377.75223), (362.77924, 3.425421, 380), (362.92657, 3.425421, 382.24777), (363.36603, 3.425421, 384.45706), (364.0901, 3.425421, 386.5901), (365.0864, 3.425421, 388.61038), (366.33786, 3.425421, 390.48334), (367.8231, 3.425421, 392.1769), (369.51666, 3.425421, 393.66214), (371.38962, 3.425421, 394.9136), (373.4099, 3.425421, 395.9099), (375.54294, 3.425421, 396.63397), (377.75223, 3.425421, 397.07343), (380, 3.425421, 397.22076), (382.24777, 3.425421, 397.07343), (384.45706, 3.425421, 396.63397), (386.5901, 3.425421, 395.9099), (388.61038, 3.425421, 394.9136), (390.48334, 3.425421, 393.66214), (392.1769, 3.425421, 392.1769), (393.66214, 3.425421, 390.48334), (394.9136, 3.425421, 388.61038), (395.9099, 3.425421, 386.5901), (396.63397, 3.425421, 384.45706), (397.07343, 3.425421, 382.24777), (391.64685, 1.5333378, 380), (391.5472, 1.5333378, 378.47977), (391.25, 1.5333378, 376.98557), (390.76028, 1.5333378, 375.54294), (390.0865, 1.5333378, 374.17657), (389.24008, 1.5333378, 372.90985), (388.23557, 1.5333378, 371.76443), (387.09015, 1.5333378, 370.75992), (385.82343, 1.5333378, 369.9135), (384.45706, 1.5333378, 369.23972), (383.01443, 1.5333378, 368.75), (381.52023, 1.5333378, 368.4528), (380, 1.5333378, 368.35315), (378.47977, 1.5333378, 368.4528), (376.98557, 1.5333378, 368.75), (375.54294, 1.5333378, 369.23972), (374.17657, 1.5333378, 369.9135), (372.90985, 1.5333378, 370.75992), (371.76443, 1.5333378, 371.76443), (370.75992, 1.5333378, 372.90985), (369.9135, 1.5333378, 374.17657), (369.23972, 1.5333378, 375.54294), (368.75, 1.5333378, 376.98557), (368.4528, 1.5333378, 378.47977), (368.35315, 1.5333378, 380), (368.4528, 1.5333378, 381.52023), (368.75, 1.5333378, 383.01443), (369.23972, 1.5333378, 384.45706), (369.9135, 1.5333378, 385.82343), (370.75992, 1.5333378, 387.09015), (371.76443, 1.5333378, 388.23557), (372.90985, 1.5333378, 389.24008), (374.17657, 1.5333378, 390.0865), (375.54294, 1.5333378, 390.76028), (376.98557, 1.5333378, 391.25), (378.47977, 1.5333378, 391.5472), (380, 1.5333378, 391.64685), (381.52023, 1.5333378, 391.5472), (383.01443, 1.5333378, 391.25), (384.45706, 1.5333378, 390.76028), (385.82343, 1.5333378, 390.0865), (387.09015, 1.5333378, 389.24008), (388.23557, 1.5333378, 388.23557), (389.24008, 1.5333378, 387.09015), (390.0865, 1.5333378, 385.82343), (390.76028, 1.5333378, 384.45706), (391.25, 1.5333378, 383.01443), (391.5472, 1.5333378, 381.52023), (385.8737, 0.38498124, 380), (385.82343, 0.38498124, 379.23334), (385.67352, 0.38498124, 378.47977), (385.42657, 0.38498124, 377.75223), (385.08676, 0.38498124, 377.06317), (384.6599, 0.38498124, 376.42432), (384.15332, 0.38498124, 375.84668), (383.57568, 0.38498124, 375.3401), (382.93683, 0.38498124, 374.91324), (382.24777, 0.38498124, 374.57343), (381.52023, 0.38498124, 374.32648), (380.76666, 0.38498124, 374.17657), (380, 0.38498124, 374.1263), (379.23334, 0.38498124, 374.17657), (378.47977, 0.38498124, 374.32648), (377.75223, 0.38498124, 374.57343), (377.06317, 0.38498124, 374.91324), (376.42432, 0.38498124, 375.3401), (375.84668, 0.38498124, 375.84668), (375.3401, 0.38498124, 376.42432), (374.91324, 0.38498124, 377.06317), (374.57343, 0.38498124, 377.75223), (374.32648, 0.38498124, 378.47977), (374.17657, 0.38498124, 379.23334), (374.1263, 0.38498124, 380), (374.17657, 0.38498124, 380.76666), (374.32648, 0.38498124, 381.52023), (374.57343, 0.38498124, 382.24777), (374.91324, 0.38498124, 382.93683), (375.3401, 0.38498124, 383.57568), (375.84668, 0.38498124, 384.15332), (376.42432, 0.38498124, 384.6599), (377.06317, 0.38498124, 385.08676), (377.75223, 0.38498124, 385.42657), (378.47977, 0.38498124, 385.67352), (379.23334, 0.38498124, 385.82343), (380, 0.38498124, 385.8737), (380.76666, 0.38498124, 385.82343), (381.52023, 0.38498124, 385.67352), (382.24777, 0.38498124, 385.42657), (382.93683, 0.38498124, 385.08676), (383.57568, 0.38498124, 384.6599), (384.15332, 0.38498124, 384.15332), (384.6599, 0.38498124, 383.57568), (385.08676, 0.38498124, 382.93683), (385.42657, 0.38498124, 382.24777), (385.67352, 0.38498124, 381.52023), (385.82343, 0.38498124, 380.76666), (380, 0, 380), (380, 0, 380), (380, 0, 380), (380, 0, 380), (380, 0, 380), (380, 0, 380), (380, 0, 380), (380, 0, 380), (380, 0, 380), (380, 0, 380), (380, 0, 380), (380, 0, 380), (380, 0, 380), (380, 0, 380), (380, 0, 380), (380, 0, 380), (380, 0, 380), (380, 0, 380), (380, 0, 380), (380, 0, 380), (380, 0, 380), (380, 0, 380), (380, 0, 380), (380, 0, 380), (380, 0, 380), (380, 0, 380), (380, 0, 380), (380, 0, 380), (380, 0, 380), (380, 0, 380), (380, 0, 380), (380, 0, 380), (380, 0, 380), (380, 0, 380), (380, 0, 380), (380, 0, 380), (380, 0, 380), (380, 0, 380), (380, 0, 380), (380, 0, 380), (380, 0, 380), (380, 0, 380), (380, 0, 380), (380, 0, 380), (380, 0, 380), (380, 0, 380), (380, 0, 380), (380, 0, 380)]
            texCoord2f[] primvars:st = [(0, 1), (0.020833334, 1), (0.041666668, 1), (0.0625, 1), (0.083333336, 1), (0.104166664, 1), (0.125, 1), (0.14583333, 1), (0.16666667, 1), (0.1875, 1), (0.20833333, 1), (0.22916667, 1), (0.25, 1), (0.27083334, 1), (0.29166666, 1), (0.3125, 1), (0.33333334, 1), (0.35416666, 1), (0.375, 1), (0.39583334, 1), (0.41666666, 1), (0.4375, 1), (0.45833334, 1), (0.47916666, 1), (0.5, 1), (0.5208333, 1), (0.5416667, 1), (0.5625, 1), (0.5833333, 1), (0.6041667, 1), (0.625, 1), (0.6458333, 1), (0.6666667, 1), (0.6875, 1), (0.7083333, 1), (0.7291667, 1), (0.75, 1), (0.7708333, 1), (0.7916667, 1), (0.8125, 1), (0.8333333, 1), (0.8541667, 1), (0.875, 1), (0.8958333, 1), (0.9166667, 1), (0.9375, 1), (0.9583333, 1), (0.9791667, 1), (0, 0.9583333), (0.020833334, 0.9583333), (0.041666668, 0.9583333), (0.0625, 0.9583333), (0.083333336, 0.9583333), (0.104166664, 0.9583333), (0.125, 0.9583333), (0.14583333, 0.9583333), (0.16666667, 0.9583333), (0.1875, 0.9583333), (0.20833333, 0.9583333), (0.22916667, 0.9583333), (0.25, 0.9583333), (0.27083334, 0.9583333), (0.29166666, 0.9583333), (0.3125, 0.9583333), (0.33333334, 0.9583333), (0.35416666, 0.9583333), (0.375, 0.9583333), (0.39583334, 0.9583333), (0.41666666, 0.9583333), (0.4375, 0.9583333), (0.45833334, 0.9583333), (0.47916666, 0.9583333), (0.5, 0.9583333), (0.5208333, 0.9583333), (0.5416667, 0.9583333), (0.5625, 0.9583333), (0.5833333, 0.9583333), (0.6041667, 0.9583333), (0.625, 0.9583333), (0.6458333, 0.9583333), (0.6666667, 0.9583333), (0.6875, 0.9583333), (0.7083333, 0.9583333), (0.7291667, 0.9583333), (0.75, 0.9583333), (0.7708333, 0.9583333), (0.7916667, 0.9583333), (0.8125, 0.9583333), (0.8333333, 0.9583333), (0.8541667, 0.9583333), (0.875, 0.9583333), (0.8958333, 0.9583333), (0.9166667, 0.9583333), (0.9375, 0.9583333), (0.9583333, 0.9583333), (0.9791667, 0.9583333), (0, 0.9166667), (0.020833334, 0.9166667), (0.041666668, 0.9166667), (0.0625, 0.9166667), (0.083333336, 0.9166667), (0.104166664, 0.9166667), (0.125, 0.9166667), (0.14583333, 0.9166667), (0.16666667, 0.9166667), (0.1875, 0.9166667), (0.20833333, 0.9166667), (0.22916667, 0.9166667), (0.25, 0.9166667), (0.27083334, 0.9166667), (0.29166666, 0.9166667), (0.3125, 0.9166667), (0.33333334, 0.9166667), (0.35416666, 0.9166667), (0.375, 0.9166667), (0.39583334, 0.9166667), (0.41666666, 0.9166667), (0.4375, 0.9166667), (0.45833334, 0.9166667), (0.47916666, 0.9166667), (0.5, 0.9166667), (0.5208333, 0.9166667), (0.5416667, 0.9166667), (0.5625, 0.9166667), (0.5833333, 0.9166667), (0.6041667, 0.9166667), (0.625, 0.9166667), (0.6458333, 0.9166667), (0.6666667, 0.9166667), (0.6875, 0.9166667), (0.7083333, 0.9166667), (0.7291667, 0.9166667), (0.75, 0.9166667), (0.7708333, 0.9166667), (0.7916667, 0.9166667), (0.8125, 0.9166667), (0.8333333, 0.9166667), (0.8541667, 0.9166667), (0.875, 0.9166667), (0.8958333, 0.9166667), (0.9166667, 0.9166667), (0.9375, 0.9166667), (0.9583333, 0.9166667), (0.9791667, 0.9166667), (0, 0.875), (0.020833334, 0.875), (0.041666668, 0.875), (0.0625, 0.875), (0.083333336, 0.875), (0.104166664, 0.875), (0.125, 0.875), (0.14583333, 0.875), (0.16666667, 0.875), (0.1875, 0.875), (0.20833333, 0.875), (0.22916667, 0.875), (0.25, 0.875), (0.27083334, 0.875), (0.29166666, 0.875), (0.3125, 0.875), (0.33333334, 0.875), (0.35416666, 0.875), (0.375, 0.875), (0.39583334, 0.875), (0.41666666, 0.875), (0.4375, 0.875), (0.45833334, 0.875), (0.47916666, 0.875), (0.5, 0.875), (0.5208333, 0.875), (0.5416667, 0.875), (0.5625, 0.875), (0.5833333, 0.875), (0.6041667, 0.875), (0.625, 0.875), (0.6458333, 0.875), (0.6666667, 0.875), (0.6875, 0.875), (0.7083333, 0.875), (0.7291667, 0.875), (0.75, 0.875), (0.7708333, 0.875), (0.7916667, 0.875), (0.8125, 0.875), (0.8333333, 0.875), (0.8541667, 0.875), (0.875, 0.875), (0.8958333, 0.875), (0.9166667, 0.875), (0.9375, 0.875), (0.9583333, 0.875), (0.9791667, 0.875), (0, 0.8333333), (0.020833334, 0.8333333), (0.041666668, 0.8333333), (0.0625, 0.8333333), (0.083333336, 0.8333333), (0.104166664, 0.8333333), (0.125, 0.8333333), (0.14583333, 0.8333333), (0.16666667, 0.8333333), (0.1875, 0.8333333), (0.20833333, 0.8333333), (0.22916667, 0.8333333), (0.25, 0.8333333), (0.27083334, 0.8333333), (0.29166666, 0.8333333), (0.3125, 0.8333333), (0.33333334, 0.8333333), (0.35416666, 0.8333333), (0.375, 0.8333333), (0.39583334, 0.8333333), (0.41666666, 0.8333333), (0.4375, 0.8333333), (0.45833334, 0.8333333), (0.47916666, 0.8333333), (0.5, 0.8333333), (0.5208333, 0.8333333), (0.5416667, 0.8333333), (0.5625, 0.8333333), (0.5833333, 0.8333333), (0.6041667, 0.8333333), (0.625, 0.8333333), (0.6458333, 0.8333333), (0.6666667, 0.8333333), (0.6875, 0.8333333), (0.7083333, 0.8333333), (0.7291667, 0.8333333), (0.75, 0.8333333), (0.7708333, 0.8333333), (0.7916667, 0.8333333), (0.8125, 0.8333333), (0.8333333, 0.8333333), (0.8541667, 0.8333333), (0.875, 0.8333333), (0.8958333, 0.8333333), (0.9166667, 0.8333333), (0.9375, 0.8333333), (0.9583333, 0.8333333), (0.9791667, 0.8333333), (0, 0.7916667), (0.020833334, 0.7916667), (0.041666668, 0.7916667), (0.0625, 0.7916667), (0.083333336, 0.7916667), (0.104166664, 0.7916667), (0.125, 0.7916667), (0.14583333, 0.7916667), (0.16666667, 0.7916667), (0.1875, 0.7916667), (0.20833333, 0.7916667), (0.22916667, 0.7916667), (0.25, 0.7916667), (0.27083334, 0.7916667), (0.29166666, 0.7916667), (0.3125, 0.7916667), (0.33333334, 0.7916667), (0.35416666, 0.7916667), (0.375, 0.7916667), (0.39583334, 0.7916667), (0.41666666, 0.7916667), (0.4375, 0.7916667), (0.45833334, 0.7916667), (0.47916666, 0.7916667), (0.5, 0.7916667), (0.5208333, 0.7916667), (0.5416667, 0.7916667), (0.5625, 0.7916667), (0.5833333, 0.7916667), (0.6041667, 0.7916667), (0.625, 0.7916667), (0.6458333, 0.7916667), (0.6666667, 0.7916667), (0.6875, 0.7916667), (0.7083333, 0.7916667), (0.7291667, 0.7916667), (0.75, 0.7916667), (0.7708333, 0.7916667), (0.7916667, 0.7916667), (0.8125, 0.7916667), (0.8333333, 0.7916667), (0.8541667, 0.7916667), (0.875, 0.7916667), (0.8958333, 0.7916667), (0.9166667, 0.7916667), (0.9375, 0.7916667), (0.9583333, 0.7916667), (0.9791667, 0.7916667), (0, 0.75), (0.020833334, 0.75), (0.041666668, 0.75), (0.0625, 0.75), (0.083333336, 0.75), (0.104166664, 0.75), (0.125, 0.75), (0.14583333, 0.75), (0.16666667, 0.75), (0.1875, 0.75), (0.20833333, 0.75), (0.22916667, 0.75), (0.25, 0.75), (0.27083334, 0.75), (0.29166666, 0.75), (0.3125, 0.75), (0.33333334, 0.75), (0.35416666, 0.75), (0.375, 0.75), (0.39583334, 0.75), (0.41666666, 0.75), (0.4375, 0.75), (0.45833334, 0.75), (0.47916666, 0.75), (0.5, 0.75), (0.5208333, 0.75), (0.5416667, 0.75), (0.5625, 0.75), (0.5833333, 0.75), (0.6041667, 0.75), (0.625, 0.75), (0.6458333, 0.75), (0.6666667, 0.75), (0.6875, 0.75), (0.7083333, 0.75), (0.7291667, 0.75), (0.75, 0.75), (0.7708333, 0.75), (0.7916667, 0.75), (0.8125, 0.75), (0.8333333, 0.75), (0.8541667, 0.75), (0.875, 0.75), (0.8958333, 0.75), (0.9166667, 0.75), (0.9375, 0.75), (0.9583333, 0.75), (0.9791667, 0.75), (0, 0.7083333), (0.020833334, 0.7083333), (0.041666668, 0.7083333), (0.0625, 0.7083333), (0.083333336, 0.7083333), (0.104166664, 0.7083333), (0.125, 0.7083333), (0.14583333, 0.7083333), (0.16666667, 0.7083333), (0.1875, 0.7083333), (0.20833333, 0.7083333), (0.22916667, 0.7083333), (0.25, 0.7083333), (0.27083334, 0.7083333), (0.29166666, 0.7083333), (0.3125, 0.7083333), (0.33333334, 0.7083333), (0.35416666, 0.7083333), (0.375, 0.7083333), (0.39583334, 0.7083333), (0.41666666, 0.7083333), (0.4375, 0.7083333), (0.45833334, 0.7083333), (0.47916666, 0.7083333), (0.5, 0.7083333), (0.5208333, 0.7083333), (0.5416667, 0.7083333), (0.5625, 0.7083333), (0.5833333, 0.7083333), (0.6041667, 0.7083333), (0.625, 0.7083333), (0.6458333, 0.7083333), (0.6666667, 0.7083333), (0.6875, 0.7083333), (0.7083333, 0.7083333), (0.7291667, 0.7083333), (0.75, 0.7083333), (0.7708333, 0.7083333), (0.7916667, 0.7083333), (0.8125, 0.7083333), (0.8333333, 0.7083333), (0.8541667, 0.7083333), (0.875, 0.7083333), (0.8958333, 0.7083333), (0.9166667, 0.7083333), (0.9375, 0.7083333), (0.9583333, 0.7083333), (0.9791667, 0.7083333), (0, 0.6666667), (0.020833334, 0.6666667), (0.041666668, 0.6666667), (0.0625, 0.6666667), (0.083333336, 0.6666667), (0.104166664, 0.6666667), (0.125, 0.6666667), (0.14583333, 0.6666667), (0.16666667, 0.6666667), (0.1875, 0.6666667), (0.20833333, 0.6666667), (0.22916667, 0.6666667), (0.25, 0.6666667), (0.27083334, 0.6666667), (0.29166666, 0.6666667), (0.3125, 0.6666667), (0.33333334, 0.6666667), (0.35416666, 0.6666667), (0.375, 0.6666667), (0.39583334, 0.6666667), (0.41666666, 0.6666667), (0.4375, 0.6666667), (0.45833334, 0.6666667), (0.47916666, 0.6666667), (0.5, 0.6666667), (0.5208333, 0.6666667), (0.5416667, 0.6666667), (0.5625, 0.6666667), (0.5833333, 0.6666667), (0.6041667, 0.6666667), (0.625, 0.6666667), (0.6458333, 0.6666667), (0.6666667, 0.6666667), (0.6875, 0.6666667), (0.7083333, 0.6666667), (0.7291667, 0.6666667), (0.75, 0.6666667), (0.7708333, 0.6666667), (0.7916667, 0.6666667), (0.8125, 0.6666667), (0.8333333, 0.6666667), (0.8541667, 0.6666667), (0.875, 0.6666667), (0.8958333, 0.6666667), (0.9166667, 0.6666667), (0.9375, 0.6666667), (0.9583333, 0.6666667), (0.9791667, 0.6666667), (0, 0.625), (0.020833334, 0.625), (0.041666668, 0.625), (0.0625, 0.625), (0.083333336, 0.625), (0.104166664, 0.625), (0.125, 0.625), (0.14583333, 0.625), (0.16666667, 0.625), (0.1875, 0.625), (0.20833333, 0.625), (0.22916667, 0.625), (0.25, 0.625), (0.27083334, 0.625), (0.29166666, 0.625), (0.3125, 0.625), (0.33333334, 0.625), (0.35416666, 0.625), (0.375, 0.625), (0.39583334, 0.625), (0.41666666, 0.625), (0.4375, 0.625), (0.45833334, 0.625), (0.47916666, 0.625), (0.5, 0.625), (0.5208333, 0.625), (0.5416667, 0.625), (0.5625, 0.625), (0.5833333, 0.625), (0.6041667, 0.625), (0.625, 0.625), (0.6458333, 0.625), (0.6666667, 0.625), (0.6875, 0.625), (0.7083333, 0.625), (0.7291667, 0.625), (0.75, 0.625), (0.7708333, 0.625), (0.7916667, 0.625), (0.8125, 0.625), (0.8333333, 0.625), (0.8541667, 0.625), (0.875, 0.625), (0.8958333, 0.625), (0.9166667, 0.625), (0.9375, 0.625), (0.9583333, 0.625), (0.9791667, 0.625), (0, 0.5833333), (0.020833334, 0.5833333), (0.041666668, 0.5833333), (0.0625, 0.5833333), (0.083333336, 0.5833333), (0.104166664, 0.5833333), (0.125, 0.5833333), (0.14583333, 0.5833333), (0.16666667, 0.5833333), (0.1875, 0.5833333), (0.20833333, 0.5833333), (0.22916667, 0.5833333), (0.25, 0.5833333), (0.27083334, 0.5833333), (0.29166666, 0.5833333), (0.3125, 0.5833333), (0.33333334, 0.5833333), (0.35416666, 0.5833333), (0.375, 0.5833333), (0.39583334, 0.5833333), (0.41666666, 0.5833333), (0.4375, 0.5833333), (0.45833334, 0.5833333), (0.47916666, 0.5833333), (0.5, 0.5833333), (0.5208333, 0.5833333), (0.5416667, 0.5833333), (0.5625, 0.5833333), (0.5833333, 0.5833333), (0.6041667, 0.5833333), (0.625, 0.5833333), (0.6458333, 0.5833333), (0.6666667, 0.5833333), (0.6875, 0.5833333), (0.7083333, 0.5833333), (0.7291667, 0.5833333), (0.75, 0.5833333), (0.7708333, 0.5833333), (0.7916667, 0.5833333), (0.8125, 0.5833333), (0.8333333, 0.5833333), (0.8541667, 0.5833333), (0.875, 0.5833333), (0.8958333, 0.5833333), (0.9166667, 0.5833333), (0.9375, 0.5833333), (0.9583333, 0.5833333), (0.9791667, 0.5833333), (0, 0.5416667), (0.020833334, 0.5416667), (0.041666668, 0.5416667), (0.0625, 0.5416667), (0.083333336, 0.5416667), (0.104166664, 0.5416667), (0.125, 0.5416667), (0.14583333, 0.5416667), (0.16666667, 0.5416667), (0.1875, 0.5416667), (0.20833333, 0.5416667), (0.22916667, 0.5416667), (0.25, 0.5416667), (0.27083334, 0.5416667), (0.29166666, 0.5416667), (0.3125, 0.5416667), (0.33333334, 0.5416667), (0.35416666, 0.5416667), (0.375, 0.5416667), (0.39583334, 0.5416667), (0.41666666, 0.5416667), (0.4375, 0.5416667), (0.45833334, 0.5416667), (0.47916666, 0.5416667), (0.5, 0.5416667), (0.5208333, 0.5416667), (0.5416667, 0.5416667), (0.5625, 0.5416667), (0.5833333, 0.5416667), (0.6041667, 0.5416667), (0.625, 0.5416667), (0.6458333, 0.5416667), (0.6666667, 0.5416667), (0.6875, 0.5416667), (0.7083333, 0.5416667), (0.7291667, 0.5416667), (0.75, 0.5416667), (0.7708333, 0.5416667), (0.7916667, 0.5416667), (0.8125, 0.5416667), (0.8333333, 0.5416667), (0.8541667, 0.5416667), (0.875, 0.5416667), (0.8958333, 0.5416667), (0.9166667, 0.5416667), (0.9375, 0.5416667), (0.9583333, 0.5416667), (0.9791667, 0.5416667), (0, 0.5), (0.020833334, 0.5), (0.041666668, 0.5), (0.0625, 0.5), (0.083333336, 0.5), (0.104166664, 0.5), (0.125, 0.5), (0.14583333, 0.5), (0.16666667, 0.5), (0.1875, 0.5), (0.20833333, 0.5), (0.22916667, 0.5), (0.25, 0.5), (0.27083334, 0.5), (0.29166666, 0.5), (0.3125, 0.5), (0.33333334, 0.5), (0.35416666, 0.5), (0.375, 0.5), (0.39583334, 0.5), (0.41666666, 0.5), (0.4375, 0.5), (0.45833334, 0.5), (0.47916666, 0.5), (0.5, 0.5), (0.5208333, 0.5), (0.5416667, 0.5), (0.5625, 0.5), (0.5833333, 0.5), (0.6041667, 0.5), (0.625, 0.5), (0.6458333, 0.5), (0.6666667, 0.5), (0.6875, 0.5), (0.7083333, 0.5), (0.7291667, 0.5), (0.75, 0.5), (0.7708333, 0.5), (0.7916667, 0.5), (0.8125, 0.5), (0.8333333, 0.5), (0.8541667, 0.5), (0.875, 0.5), (0.8958333, 0.5), (0.9166667, 0.5), (0.9375, 0.5), (0.9583333, 0.5), (0.9791667, 0.5), (0, 0.45833334), (0.020833334, 0.45833334), (0.041666668, 0.45833334), (0.0625, 0.45833334), (0.083333336, 0.45833334), (0.104166664, 0.45833334), (0.125, 0.45833334), (0.14583333, 0.45833334), (0.16666667, 0.45833334), (0.1875, 0.45833334), (0.20833333, 0.45833334), (0.22916667, 0.45833334), (0.25, 0.45833334), (0.27083334, 0.45833334), (0.29166666, 0.45833334), (0.3125, 0.45833334), (0.33333334, 0.45833334), (0.35416666, 0.45833334), (0.375, 0.45833334), (0.39583334, 0.45833334), (0.41666666, 0.45833334), (0.4375, 0.45833334), (0.45833334, 0.45833334), (0.47916666, 0.45833334), (0.5, 0.45833334), (0.5208333, 0.45833334), (0.5416667, 0.45833334), (0.5625, 0.45833334), (0.5833333, 0.45833334), (0.6041667, 0.45833334), (0.625, 0.45833334), (0.6458333, 0.45833334), (0.6666667, 0.45833334), (0.6875, 0.45833334), (0.7083333, 0.45833334), (0.7291667, 0.45833334), (0.75, 0.45833334), (0.7708333, 0.45833334), (0.7916667, 0.45833334), (0.8125, 0.45833334), (0.8333333, 0.45833334), (0.8541667, 0.45833334), (0.875, 0.45833334), (0.8958333, 0.45833334), (0.9166667, 0.45833334), (0.9375, 0.45833334), (0.9583333, 0.45833334), (0.9791667, 0.45833334), (0, 0.41666666), (0.020833334, 0.41666666), (0.041666668, 0.41666666), (0.0625, 0.41666666), (0.083333336, 0.41666666), (0.104166664, 0.41666666), (0.125, 0.41666666), (0.14583333, 0.41666666), (0.16666667, 0.41666666), (0.1875, 0.41666666), (0.20833333, 0.41666666), (0.22916667, 0.41666666), (0.25, 0.41666666), (0.27083334, 0.41666666), (0.29166666, 0.41666666), (0.3125, 0.41666666), (0.33333334, 0.41666666), (0.35416666, 0.41666666), (0.375, 0.41666666), (0.39583334, 0.41666666), (0.41666666, 0.41666666), (0.4375, 0.41666666), (0.45833334, 0.41666666), (0.47916666, 0.41666666), (0.5, 0.41666666), (0.5208333, 0.41666666), (0.5416667, 0.41666666), (0.5625, 0.41666666), (0.5833333, 0.41666666), (0.6041667, 0.41666666), (0.625, 0.41666666), (0.6458333, 0.41666666), (0.6666667, 0.41666666), (0.6875, 0.41666666), (0.7083333, 0.41666666), (0.7291667, 0.41666666), (0.75, 0.41666666), (0.7708333, 0.41666666), (0.7916667, 0.41666666), (0.8125, 0.41666666), (0.8333333, 0.41666666), (0.8541667, 0.41666666), (0.875, 0.41666666), (0.8958333, 0.41666666), (0.9166667, 0.41666666), (0.9375, 0.41666666), (0.9583333, 0.41666666), (0.9791667, 0.41666666), (0, 0.375), (0.020833334, 0.375), (0.041666668, 0.375), (0.0625, 0.375), (0.083333336, 0.375), (0.104166664, 0.375), (0.125, 0.375), (0.14583333, 0.375), (0.16666667, 0.375), (0.1875, 0.375), (0.20833333, 0.375), (0.22916667, 0.375), (0.25, 0.375), (0.27083334, 0.375), (0.29166666, 0.375), (0.3125, 0.375), (0.33333334, 0.375), (0.35416666, 0.375), (0.375, 0.375), (0.39583334, 0.375), (0.41666666, 0.375), (0.4375, 0.375), (0.45833334, 0.375), (0.47916666, 0.375), (0.5, 0.375), (0.5208333, 0.375), (0.5416667, 0.375), (0.5625, 0.375), (0.5833333, 0.375), (0.6041667, 0.375), (0.625, 0.375), (0.6458333, 0.375), (0.6666667, 0.375), (0.6875, 0.375), (0.7083333, 0.375), (0.7291667, 0.375), (0.75, 0.375), (0.7708333, 0.375), (0.7916667, 0.375), (0.8125, 0.375), (0.8333333, 0.375), (0.8541667, 0.375), (0.875, 0.375), (0.8958333, 0.375), (0.9166667, 0.375), (0.9375, 0.375), (0.9583333, 0.375), (0.9791667, 0.375), (0, 0.33333334), (0.020833334, 0.33333334), (0.041666668, 0.33333334), (0.0625, 0.33333334), (0.083333336, 0.33333334), (0.104166664, 0.33333334), (0.125, 0.33333334), (0.14583333, 0.33333334), (0.16666667, 0.33333334), (0.1875, 0.33333334), (0.20833333, 0.33333334), (0.22916667, 0.33333334), (0.25, 0.33333334), (0.27083334, 0.33333334), (0.29166666, 0.33333334), (0.3125, 0.33333334), (0.33333334, 0.33333334), (0.35416666, 0.33333334), (0.375, 0.33333334), (0.39583334, 0.33333334), (0.41666666, 0.33333334), (0.4375, 0.33333334), (0.45833334, 0.33333334), (0.47916666, 0.33333334), (0.5, 0.33333334), (0.5208333, 0.33333334), (0.5416667, 0.33333334), (0.5625, 0.33333334), (0.5833333, 0.33333334), (0.6041667, 0.33333334), (0.625, 0.33333334), (0.6458333, 0.33333334), (0.6666667, 0.33333334), (0.6875, 0.33333334), (0.7083333, 0.33333334), (0.7291667, 0.33333334), (0.75, 0.33333334), (0.7708333, 0.33333334), (0.7916667, 0.33333334), (0.8125, 0.33333334), (0.8333333, 0.33333334), (0.8541667, 0.33333334), (0.875, 0.33333334), (0.8958333, 0.33333334), (0.9166667, 0.33333334), (0.9375, 0.33333334), (0.9583333, 0.33333334), (0.9791667, 0.33333334), (0, 0.29166666), (0.020833334, 0.29166666), (0.041666668, 0.29166666), (0.0625, 0.29166666), (0.083333336, 0.29166666), (0.104166664, 0.29166666), (0.125, 0.29166666), (0.14583333, 0.29166666), (0.16666667, 0.29166666), (0.1875, 0.29166666), (0.20833333, 0.29166666), (0.22916667, 0.29166666), (0.25, 0.29166666), (0.27083334, 0.29166666), (0.29166666, 0.29166666), (0.3125, 0.29166666), (0.33333334, 0.29166666), (0.35416666, 0.29166666), (0.375, 0.29166666), (0.39583334, 0.29166666), (0.41666666, 0.29166666), (0.4375, 0.29166666), (0.45833334, 0.29166666), (0.47916666, 0.29166666), (0.5, 0.29166666), (0.5208333, 0.29166666), (0.5416667, 0.29166666), (0.5625, 0.29166666), (0.5833333, 0.29166666), (0.6041667, 0.29166666), (0.625, 0.29166666), (0.6458333, 0.29166666), (0.6666667, 0.29166666), (0.6875, 0.29166666), (0.7083333, 0.29166666), (0.7291667, 0.29166666), (0.75, 0.29166666), (0.7708333, 0.29166666), (0.7916667, 0.29166666), (0.8125, 0.29166666), (0.8333333, 0.29166666), (0.8541667, 0.29166666), (0.875, 0.29166666), (0.8958333, 0.29166666), (0.9166667, 0.29166666), (0.9375, 0.29166666), (0.9583333, 0.29166666), (0.9791667, 0.29166666), (0, 0.25), (0.020833334, 0.25), (0.041666668, 0.25), (0.0625, 0.25), (0.083333336, 0.25), (0.104166664, 0.25), (0.125, 0.25), (0.14583333, 0.25), (0.16666667, 0.25), (0.1875, 0.25), (0.20833333, 0.25), (0.22916667, 0.25), (0.25, 0.25), (0.27083334, 0.25), (0.29166666, 0.25), (0.3125, 0.25), (0.33333334, 0.25), (0.35416666, 0.25), (0.375, 0.25), (0.39583334, 0.25), (0.41666666, 0.25), (0.4375, 0.25), (0.45833334, 0.25), (0.47916666, 0.25), (0.5, 0.25), (0.5208333, 0.25), (0.5416667, 0.25), (0.5625, 0.25), (0.5833333, 0.25), (0.6041667, 0.25), (0.625, 0.25), (0.6458333, 0.25), (0.6666667, 0.25), (0.6875, 0.25), (0.7083333, 0.25), (0.7291667, 0.25), (0.75, 0.25), (0.7708333, 0.25), (0.7916667, 0.25), (0.8125, 0.25), (0.8333333, 0.25), (0.8541667, 0.25), (0.875, 0.25), (0.8958333, 0.25), (0.9166667, 0.25), (0.9375, 0.25), (0.9583333, 0.25), (0.9791667, 0.25), (0, 0.20833333), (0.020833334, 0.20833333), (0.041666668, 0.20833333), (0.0625, 0.20833333), (0.083333336, 0.20833333), (0.104166664, 0.20833333), (0.125, 0.20833333), (0.14583333, 0.20833333), (0.16666667, 0.20833333), (0.1875, 0.20833333), (0.20833333, 0.20833333), (0.22916667, 0.20833333), (0.25, 0.20833333), (0.27083334, 0.20833333), (0.29166666, 0.20833333), (0.3125, 0.20833333), (0.33333334, 0.20833333), (0.35416666, 0.20833333), (0.375, 0.20833333), (0.39583334, 0.20833333), (0.41666666, 0.20833333), (0.4375, 0.20833333), (0.45833334, 0.20833333), (0.47916666, 0.20833333), (0.5, 0.20833333), (0.5208333, 0.20833333), (0.5416667, 0.20833333), (0.5625, 0.20833333), (0.5833333, 0.20833333), (0.6041667, 0.20833333), (0.625, 0.20833333), (0.6458333, 0.20833333), (0.6666667, 0.20833333), (0.6875, 0.20833333), (0.7083333, 0.20833333), (0.7291667, 0.20833333), (0.75, 0.20833333), (0.7708333, 0.20833333), (0.7916667, 0.20833333), (0.8125, 0.20833333), (0.8333333, 0.20833333), (0.8541667, 0.20833333), (0.875, 0.20833333), (0.8958333, 0.20833333), (0.9166667, 0.20833333), (0.9375, 0.20833333), (0.9583333, 0.20833333), (0.9791667, 0.20833333), (0, 0.16666667), (0.020833334, 0.16666667), (0.041666668, 0.16666667), (0.0625, 0.16666667), (0.083333336, 0.16666667), (0.104166664, 0.16666667), (0.125, 0.16666667), (0.14583333, 0.16666667), (0.16666667, 0.16666667), (0.1875, 0.16666667), (0.20833333, 0.16666667), (0.22916667, 0.16666667), (0.25, 0.16666667), (0.27083334, 0.16666667), (0.29166666, 0.16666667), (0.3125, 0.16666667), (0.33333334, 0.16666667), (0.35416666, 0.16666667), (0.375, 0.16666667), (0.39583334, 0.16666667), (0.41666666, 0.16666667), (0.4375, 0.16666667), (0.45833334, 0.16666667), (0.47916666, 0.16666667), (0.5, 0.16666667), (0.5208333, 0.16666667), (0.5416667, 0.16666667), (0.5625, 0.16666667), (0.5833333, 0.16666667), (0.6041667, 0.16666667), (0.625, 0.16666667), (0.6458333, 0.16666667), (0.6666667, 0.16666667), (0.6875, 0.16666667), (0.7083333, 0.16666667), (0.7291667, 0.16666667), (0.75, 0.16666667), (0.7708333, 0.16666667), (0.7916667, 0.16666667), (0.8125, 0.16666667), (0.8333333, 0.16666667), (0.8541667, 0.16666667), (0.875, 0.16666667), (0.8958333, 0.16666667), (0.9166667, 0.16666667), (0.9375, 0.16666667), (0.9583333, 0.16666667), (0.9791667, 0.16666667), (0, 0.125), (0.020833334, 0.125), (0.041666668, 0.125), (0.0625, 0.125), (0.083333336, 0.125), (0.104166664, 0.125), (0.125, 0.125), (0.14583333, 0.125), (0.16666667, 0.125), (0.1875, 0.125), (0.20833333, 0.125), (0.22916667, 0.125), (0.25, 0.125), (0.27083334, 0.125), (0.29166666, 0.125), (0.3125, 0.125), (0.33333334, 0.125), (0.35416666, 0.125), (0.375, 0.125), (0.39583334, 0.125), (0.41666666, 0.125), (0.4375, 0.125), (0.45833334, 0.125), (0.47916666, 0.125), (0.5, 0.125), (0.5208333, 0.125), (0.5416667, 0.125), (0.5625, 0.125), (0.5833333, 0.125), (0.6041667, 0.125), (0.625, 0.125), (0.6458333, 0.125), (0.6666667, 0.125), (0.6875, 0.125), (0.7083333, 0.125), (0.7291667, 0.125), (0.75, 0.125), (0.7708333, 0.125), (0.7916667, 0.125), (0.8125, 0.125), (0.8333333, 0.125), (0.8541667, 0.125), (0.875, 0.125), (0.8958333, 0.125), (0.9166667, 0.125), (0.9375, 0.125), (0.9583333, 0.125), (0.9791667, 0.125), (0, 0.083333336), (0.020833334, 0.083333336), (0.041666668, 0.083333336), (0.0625, 0.083333336), (0.083333336, 0.083333336), (0.104166664, 0.083333336), (0.125, 0.083333336), (0.14583333, 0.083333336), (0.16666667, 0.083333336), (0.1875, 0.083333336), (0.20833333, 0.083333336), (0.22916667, 0.083333336), (0.25, 0.083333336), (0.27083334, 0.083333336), (0.29166666, 0.083333336), (0.3125, 0.083333336), (0.33333334, 0.083333336), (0.35416666, 0.083333336), (0.375, 0.083333336), (0.39583334, 0.083333336), (0.41666666, 0.083333336), (0.4375, 0.083333336), (0.45833334, 0.083333336), (0.47916666, 0.083333336), (0.5, 0.083333336), (0.5208333, 0.083333336), (0.5416667, 0.083333336), (0.5625, 0.083333336), (0.5833333, 0.083333336), (0.6041667, 0.083333336), (0.625, 0.083333336), (0.6458333, 0.083333336), (0.6666667, 0.083333336), (0.6875, 0.083333336), (0.7083333, 0.083333336), (0.7291667, 0.083333336), (0.75, 0.083333336), (0.7708333, 0.083333336), (0.7916667, 0.083333336), (0.8125, 0.083333336), (0.8333333, 0.083333336), (0.8541667, 0.083333336), (0.875, 0.083333336), (0.8958333, 0.083333336), (0.9166667, 0.083333336), (0.9375, 0.083333336), (0.9583333, 0.083333336), (0.9791667, 0.083333336), (0, 0.041666668), (0.020833334, 0.041666668), (0.041666668, 0.041666668), (0.0625, 0.041666668), (0.083333336, 0.041666668), (0.104166664, 0.041666668), (0.125, 0.041666668), (0.14583333, 0.041666668), (0.16666667, 0.041666668), (0.1875, 0.041666668), (0.20833333, 0.041666668), (0.22916667, 0.041666668), (0.25, 0.041666668), (0.27083334, 0.041666668), (0.29166666, 0.041666668), (0.3125, 0.041666668), (0.33333334, 0.041666668), (0.35416666, 0.041666668), (0.375, 0.041666668), (0.39583334, 0.041666668), (0.41666666, 0.041666668), (0.4375, 0.041666668), (0.45833334, 0.041666668), (0.47916666, 0.041666668), (0.5, 0.041666668), (0.5208333, 0.041666668), (0.5416667, 0.041666668), (0.5625, 0.041666668), (0.5833333, 0.041666668), (0.6041667, 0.041666668), (0.625, 0.041666668), (0.6458333, 0.041666668), (0.6666667, 0.041666668), (0.6875, 0.041666668), (0.7083333, 0.041666668), (0.7291667, 0.041666668), (0.75, 0.041666668), (0.7708333, 0.041666668), (0.7916667, 0.041666668), (0.8125, 0.041666668), (0.8333333, 0.041666668), (0.8541667, 0.041666668), (0.875, 0.041666668), (0.8958333, 0.041666668), (0.9166667, 0.041666668), (0.9375, 0.041666668), (0.9583333, 0.041666668), (0.9791667, 0.041666668), (0, 0), (0.020833334, 0), (0.041666668, 0), (0.0625, 0), (0.083333336, 0), (0.104166664, 0), (0.125, 0), (0.14583333, 0), (0.16666667, 0), (0.1875, 0), (0.20833333, 0), (0.22916667, 0), (0.25, 0), (0.27083334, 0), (0.29166666, 0), (0.3125, 0), (0.33333334, 0), (0.35416666, 0), (0.375, 0), (0.39583334, 0), (0.41666666, 0), (0.4375, 0), (0.45833334, 0), (0.47916666, 0), (0.5, 0), (0.5208333, 0), (0.5416667, 0), (0.5625, 0), (0.5833333, 0), (0.6041667, 0), (0.625, 0), (0.6458333, 0), (0.6666667, 0), (0.6875, 0), (0.7083333, 0), (0.7291667, 0), (0.75, 0), (0.7708333, 0), (0.7916667, 0), (0.8125, 0), (0.8333333, 0), (0.8541667, 0), (0.875, 0), (0.8958333, 0), (0.9166667, 0), (0.9375, 0), (0.9583333, 0), (0.9791667, 0)] (
                interpolation = "vertex"
            )
        }

        def Mesh "Table" (
            prepend apiSchemas = ["MaterialBindingAPI"]
        )
        {
            int[] faceVertexCounts = [4, 4, 4, 4, 4, 4, 4, 4, 4, 4, 4, 4, 4, 4, 4, 4, 4, 4, 4, 4, 4, 4, 4, 4, 4, 4, 4, 4, 4, 4]
            int[] faceVertexIndices = [0, 3, 2, 1, 4, 5, 6, 7, 0, 1, 5, 4, 2, 3, 7, 6, 1, 2, 6, 5, 0, 4, 7, 3, 8, 11, 10, 9, 12, 13, 14, 15, 8, 9, 13, 12, 10, 11, 15, 14, 9, 10, 14, 13, 8, 12, 15, 11, 16, 19, 18, 17, 20, 21, 22, 23, 16, 17, 21, 20, 18, 19, 23, 22, 17, 18, 22, 21, 16, 20, 23, 19, 24, 27, 26, 25, 28, 29, 30, 31, 24, 25, 29, 28, 26, 27, 31, 30, 25, 26, 30, 29, 24, 28, 31, 27, 32, 35, 34, 33, 36, 37, 38, 39, 32, 33, 37, 36, 34, 35, 39, 38, 33, 34, 38, 37, 32, 36, 39, 35]
            point3f[] points = [(120, 70, 300), (260, 70, 300), (260, 76, 300), (120, 76, 300), (120, 70, 420), (260, 70, 420), (260, 76, 420), (120, 76, 420), (125, 0, 305), (130, 0, 305), (130, 70, 305), (125, 70, 305), (125, 0, 310), (130, 0, 310), (130, 70, 310), (125, 70, 310), (250, 0, 305), (255, 0, 305), (255, 70, 305), (250, 70, 305), (250, 0, 310), (255, 0, 310), (255, 70, 310), (250, 70, 310), (125, 0, 410), (130, 0, 410), (130, 70, 410), (125, 70, 410), (125, 0, 415), (130, 0, 415), (130, 70, 415), (125, 70, 415), (250, 0, 410), (255, 0, 410), (255, 70, 410), (250, 70, 410), (250, 0, 415), (255, 0, 415), (255, 70, 415), (250, 70, 415)]
            texCoord2f[] primvars:st = [(1.2, 0.7), (1.2, 0.76), (2.6, 0.76), (2.6, 0.7), (1.2, 0.7), (2.6, 0.7), (2.6, 0.76), (1.2, 0.76), (1.2, 3), (2.6, 3), (2.6, 4.2), (1.2, 4.2), (2.6, 3), (1.2, 3), (1.2, 4.2), (2.6, 4.2), (3, 0.7), (3, 0.76), (4.2, 0.76), (4.2, 0.7), (3, 0.7), (4.2, 0.7), (4.2, 0.76), (3, 0.76), (0, 0), (1, 0), (1, 1), (0, 1), (0, 0), (1, 0), (1, 1), (0, 1), (0, 0), (1, 0), (1, 1), (0, 1), (0, 0), (1, 0), (1, 1), (0, 1), (0, 0), (1, 0), (1, 1), (0, 1), (0, 0), (1, 0), (1, 1), (0, 1), (0, 0), (1, 0), (1, 1), (0, 1), (0, 0), (1, 0), (1, 1), (0, 1), (0, 0), (1, 0), (1, 1), (0, 1), (0, 0), (1, 0), (1, 1), (0, 1), (0, 0), (1, 0), (1, 1), (0, 1), (0, 0), (1, 0), (1, 1), (0, 1), (0, 0), (1, 0), (1, 1), (0, 1), (0, 0), (1, 0), (1, 1), (0, 1), (0, 0), (1, 0), (1, 1), (0, 1), (0, 0), (1, 0), (1, 1), (0, 1), (0, 0), (1, 0), (1, 1), (0, 1), (0, 0), (1, 0), (1, 1), (0, 1), (0, 0), (1, 0), (1, 1), (0, 1), (0, 0), (1, 0), (1, 1), (0, 1), (0, 0), (1, 0), (1, 1), (0, 1), (0, 0), (1, 0), (1, 1), (0, 1), (0, 0), (1, 0), (1, 1), (0, 1), (0, 0), (1, 0), (1, 1), (0, 1)] (
                interpolation = "faceVarying"
            )
            uniform token subdivisionScheme = "none"
            uniform token subsetFamily:materialBind:familyType = "nonOverlapping"

            def GeomSubset "Top" (
                prepend apiSchemas = ["MaterialBindingAPI"]
            )
            {
                uniform token elementType = "face"
                uniform token familyName = "materialBind"
                int[] indices = [0, 1, 2, 3, 4, 5]
                rel material:binding = </Room/Looks/WoodFloor>
            }

            def GeomSubset "Legs" (
                prepend apiSchemas = ["MaterialBindingAPI"]
            )
            {
                uniform token elementType = "face"
                uniform token familyName = "materialBind"
                int[] indices = [6, 7, 8, 9, 10, 11, 12, 13, 14, 15, 16, 17, 18, 19, 20, 21, 22, 23, 24, 25, 26, 27, 28, 29]
                rel material:binding = </Room/Looks/PaintedSteel>
            }
        }

        def Mesh "Screen" (
            prepend apiSchemas = ["MaterialBindingAPI"]
        )
        {
            uniform bool doubleSided = 0
            int[] faceVertexCounts = [4]
            int[] faceVertexIndices = [0, 1, 2, 3]
            rel material:binding = </Room/Looks/Screen>
            point3f[] points = [(1, 110, 560), (1, 110, 420), (1, 190, 420), (1, 190, 560)]
            texCoord2f[] primvars:st = [(0, 0), (1, 0), (1, 1), (0, 1)] (
                interpolation = "vertex"
            )
            uniform token subdivisionScheme = "none"
        }

        def Mesh "Poster" (
            prepend apiSchemas = ["MaterialBindingAPI"]
        )
        {
            uniform bool doubleSided = 0
            int[] faceVertexCounts = [4]
            int[] faceVertexIndices = [0, 1, 2, 3]
            rel material:binding = </Room/Looks/Poster>
            point3f[] points = [(1, 100, 300), (1, 100, 220), (1, 180, 220), (1, 180, 300)]
            texCoord2f[] primvars:st = [(0, 0), (1, 0), (1, 1), (0, 1)] (
                interpolation = "vertex"
            )
            uniform token subdivisionScheme = "none"
        }

        def Mesh "Frond0" (
            prepend apiSchemas = ["MaterialBindingAPI"]
        )
        {
            uniform bool doubleSided = 1
            int[] faceVertexCounts = [4]
            int[] faceVertexIndices = [0, 1, 2, 3]
            rel material:binding = </Room/Looks/Leaves>
            point3f[] points = [(482.8599, 0, 64.59109), (557.1401, 0, 115.40891), (557.1401, 150, 115.40891), (482.8599, 150, 64.59109)]
            texCoord2f[] primvars:st = [(0, 0), (1, 0), (1, 1), (0, 1)] (
                interpolation = "vertex"
            )
            uniform token subdivisionScheme = "none"
        }

        def Mesh "Frond1" (
            prepend apiSchemas = ["MaterialBindingAPI"]
        )
        {
            uniform bool doubleSided = 1
            int[] faceVertexCounts = [4]
            int[] faceVertexIndices = [0, 1, 2, 3]
            rel material:binding = </Room/Looks/Leaves>
            point3f[] points = [(546.48254, 0, 53.61766), (493.51746, 0, 126.38234), (493.51746, 150, 126.38234), (546.48254, 150, 53.61766)]
            texCoord2f[] primvars:st = [(0, 0), (1, 0), (1, 1), (0, 1)] (
                interpolation = "vertex"
            )
            uniform token subdivisionScheme = "none"
        }

        def Xform "Crate0" (
            instanceable = true
            prepend references = </_CratePrototype>
        )
        {
            float xformOp:rotateY = 0
            double3 xformOp:translate = (80, 0, 700)
            uniform token[] xformOpOrder = ["xformOp:translate", "xformOp:rotateY"]
        }

        def Xform "Crate1" (
            instanceable = true
            prepend references = </_CratePrototype>
        )
        {
            float xformOp:rotateY = 15
            double3 xformOp:translate = (140, 0, 720)
            uniform token[] xformOpOrder = ["xformOp:translate", "xformOp:rotateY"]
        }

        def PointInstancer "Blocks"
        {
            point3f[] positions = [(300, 0, 650), (330, 0, 690), (360, 0, 640)]
            int[] protoIndices = [0, 0, 0]
            rel prototypes = </Room/Props/Blocks/Prototypes/Block>

            def Scope "Prototypes"
            {
                token visibility = "invisible"

                def Mesh "Block" (
                    prepend apiSchemas = ["MaterialBindingAPI"]
                )
                {
                    int[] faceVertexCounts = [4, 4, 4, 4, 4, 4]
                    int[] faceVertexIndices = [0, 3, 2, 1, 4, 5, 6, 7, 0, 1, 5, 4, 2, 3, 7, 6, 1, 2, 6, 5, 0, 4, 7, 3]
                    rel material:binding = </Room/Looks/CratePaint>
                    point3f[] points = [(-10, 0, -10), (10, 0, -10), (10, 20, -10), (-10, 20, -10), (-10, 0, 10), (10, 0, 10), (10, 20, 10), (-10, 20, 10)]
                    texCoord2f[] primvars:st = [(-0.1, 0), (-0.1, 0.2), (0.1, 0.2), (0.1, 0), (-0.1, 0), (0.1, 0), (0.1, 0.2), (-0.1, 0.2), (-0.1, -0.1), (0.1, -0.1), (0.1, 0.1), (-0.1, 0.1), (0.1, -0.1), (-0.1, -0.1), (-0.1, 0.1), (0.1, 0.1), (-0.1, 0), (-0.1, 0.2), (0.1, 0.2), (0.1, 0), (-0.1, 0), (0.1, 0), (0.1, 0.2), (-0.1, 0.2)] (
                        interpolation = "faceVarying"
                    )
                    uniform token subdivisionScheme = "none"
                }
            }
        }
    }

    def Xform "Lights"
    {
        def DistantLight "Sun"
        {
            float inputs:angle = 0.53
            color3f inputs:color = (1, 0.95, 0.86)
            float inputs:intensity = 4
            bool inputs:normalize = 1
            matrix4d xformOp:transform = ( (-0.3739683354969405, 0, -0.9274414720324123, 0), (-0.4933864737942321, 0.8467527463081503, 0.19894615878799682, 0), (0.7853136134835187, 0.531986641392061, -0.31665871511432203, 0), (0, 0, 0, 1) )
            uniform token[] xformOpOrder = ["xformOp:transform"]
        }

        def RectLight "CeilingPanel"
        {
            color3f inputs:color = (1, 0.9, 0.75)
            float inputs:height = 80
            float inputs:intensity = 6
            float inputs:width = 80
            float xformOp:rotateX = -90
            double3 xformOp:translate = (300, 299, 400)
            uniform token[] xformOpOrder = ["xformOp:translate", "xformOp:rotateX"]
        }

        def DomeLight "Sky"
        {
            float inputs:intensity = 1
            asset inputs:texture:file = @./textures/sky.hdr@
            token inputs:texture:format = "latlong"
        }
    }

    def Camera "Camera"
    {
        float2 clippingRange = (1, 100000)
        float focalLength = 20
        float horizontalAperture = 36
        float verticalAperture = 20.25
        matrix4d xformOp:transform = ( (0.8245133526438032, -0, 0.5658424969124141, 0), (0.04559096728293084, 0.9967488047113906, -0.06643255232655636, 0), (-0.5640028324523575, 0.08057183320747964, 0.8218326987162923, 0), (70, 160, 760, 1) )
        uniform token[] xformOpOrder = ["xformOp:transform"]
    }
}

class "_CratePrototype"
{
    def Mesh "Body" (
        prepend apiSchemas = ["MaterialBindingAPI"]
    )
    {
        int[] faceVertexCounts = [4, 4, 4, 4, 4, 4]
        int[] faceVertexIndices = [0, 3, 2, 1, 4, 5, 6, 7, 0, 1, 5, 4, 2, 3, 7, 6, 1, 2, 6, 5, 0, 4, 7, 3]
        rel material:binding = </Room/Looks/CratePaint>
        point3f[] points = [(-25, 0, -25), (25, 0, -25), (25, 50, -25), (-25, 50, -25), (-25, 0, 25), (25, 0, 25), (25, 50, 25), (-25, 50, 25)]
        texCoord2f[] primvars:st = [(-0.25, 0), (-0.25, 0.5), (0.25, 0.5), (0.25, 0), (-0.25, 0), (0.25, 0), (0.25, 0.5), (-0.25, 0.5), (-0.25, -0.25), (0.25, -0.25), (0.25, 0.25), (-0.25, 0.25), (0.25, -0.25), (-0.25, -0.25), (-0.25, 0.25), (0.25, 0.25), (-0.25, 0), (-0.25, 0.5), (0.25, 0.5), (0.25, 0), (-0.25, 0), (0.25, 0), (0.25, 0.5), (-0.25, 0.5)] (
            interpolation = "faceVarying"
        )
        uniform token subdivisionScheme = "none"
    }
}

