#usda 1.0
(
    "RFC 0011 GI fixture GalleryIntegratingSphere; generated by tools/quality/gi_fixtures.py, do not edit"
    defaultPrim = "GalleryIntegratingSphere"
    metersPerUnit = 1
    upAxis = "Z"
)

def Xform "GalleryIntegratingSphere"
{
    def Scope "Looks"
    {
        def Material "Shell"
        {
            token outputs:surface.connect = </GalleryIntegratingSphere/Looks/Shell/Surface.outputs:surface>

            def Shader "Surface"
            {
                uniform token info:id = "UsdPreviewSurface"
                color3f inputs:diffuseColor = (0.6, 0.6, 0.6)
                color3f inputs:emissiveColor = (0, 0, 0)
                float inputs:ior = 1
                float inputs:metallic = 0
                float inputs:roughness = 1
                token outputs:surface
            }
        }
    }

    def Xform "World"
    {
        def Mesh "ShellUE" (
            prepend apiSchemas = ["MaterialBindingAPI"]
        )
        {
            float3[] extent = [(-3.6739403e-16, -2, 2), (2, 2, 4)]
            int[] faceVertexCounts = [3, 3, 3, 3, 3, 3, 3, 3, 3, 3, 3, 3, 4, 4, 4, 4, 4, 4, 4, 4, 4, 4, 4, 4, 4, 4, 4, 4, 4, 4, 4, 4, 4, 4, 4, 4, 4, 4, 4, 4, 4, 4, 4, 4, 4, 4, 4, 4, 4, 4, 4, 4, 4, 4, 4, 4, 4, 4, 4, 4, 4, 4, 4, 4, 4, 4, 4, 4, 4, 4, 4, 4, 4, 4, 4, 4, 4, 4, 4, 4, 4, 4, 4, 4, 4, 4, 4, 4, 4, 4, 4, 4, 4, 4, 4, 4, 4, 4, 4, 4, 4, 4, 4, 4, 4, 4, 4, 4, 4, 4, 4, 4, 4, 4, 4, 4, 4, 4, 4, 4, 4, 4, 4, 4, 4, 4, 4, 4, 4, 4, 4, 4, 4, 4, 4, 4, 4, 4, 4, 4, 4, 4, 4, 4, 3, 3, 3, 3, 3, 3, 3, 3, 3, 3, 3, 3, 4, 4, 4, 4, 4, 4, 4, 4, 4, 4, 4, 4, 4, 4, 4, 4, 4, 4, 4, 4, 4, 4, 4, 4, 4, 4, 4, 4, 4, 4, 4, 4, 4, 4, 4, 4, 4, 4, 4, 4, 4, 4, 4, 4, 4, 4, 4, 4, 4, 4, 4, 4, 4, 4, 4, 4, 4, 4, 4, 4, 4, 4, 4, 4, 4, 4, 4, 4, 4, 4, 4, 4, 4, 4, 4, 4, 4, 4, 4, 4, 4, 4, 4, 4, 4, 4, 4, 4, 4, 4, 4, 4, 4, 4, 4, 4, 4, 4, 4, 4, 4, 4, 4, 4, 4, 4, 4, 4, 4, 4, 4, 4, 4, 4, 4, 4, 4, 4, 4, 4, 4, 4, 4, 4, 4, 4, 4, 4, 4, 4, 4, 4]
            int[] faceVertexIndices = [0, 1, 2, 3, 4, 5, 6, 7, 8, 9, 10, 11, 12, 13, 14, 15, 16, 17, 18, 19, 20, 21, 22, 23, 24, 25, 26, 27, 28, 29, 30, 31, 32, 33, 34, 35, 36, 37, 38, 39, 40, 41, 42, 43, 44, 45, 46, 47, 48, 49, 50, 51, 52, 53, 54, 55, 56, 57, 58, 59, 60, 61, 62, 63, 64, 65, 66, 67, 68, 69, 70, 71, 72, 73, 74, 75, 76, 77, 78, 79, 80, 81, 82, 83, 84, 85, 86, 87, 88, 89, 90, 91, 92, 93, 94, 95, 96, 97, 98, 99, 100, 101, 102, 103, 104, 105, 106, 107, 108, 109, 110, 111, 112, 113, 114, 115, 116, 117, 118, 119, 120, 121, 122, 123, 124, 125, 126, 127, 128, 129, 130, 131, 132, 133, 134, 135, 136, 137, 138, 139, 140, 141, 142, 143, 144, 145, 146, 147, 148, 149, 150, 151, 152, 153, 154, 155, 156, 157, 158, 159, 160, 161, 162, 163, 164, 165, 166, 167, 168, 169, 170, 171, 172, 173, 174, 175, 176, 177, 178, 179, 180, 181, 182, 183, 184, 185, 186, 187, 188, 189, 190, 191, 192, 193, 194, 195, 196, 197, 198, 199, 200, 201, 202, 203, 204, 205, 206, 207, 208, 209, 210, 211, 212, 213, 214, 215, 216, 217, 218, 219, 220, 221, 222, 223, 224, 225, 226, 227, 228, 229, 230, 231, 232, 233, 234, 235, 236, 237, 238, 239, 240, 241, 242, 243, 244, 245, 246, 247, 248, 249, 250, 251, 252, 253, 254, 255, 256, 257, 258, 259, 260, 261, 262, 263, 264, 265, 266, 267, 268, 269, 270, 271, 272, 273, 274, 275, 276, 277, 278, 279, 280, 281, 282, 283, 284, 285, 286, 287, 288, 289, 290, 291, 292, 293, 294, 295, 296, 297, 298, 299, 300, 301, 302, 303, 304, 305, 306, 307, 308, 309, 310, 311, 312, 313, 314, 315, 316, 317, 318, 319, 320, 321, 322, 323, 324, 325, 326, 327, 328, 329, 330, 331, 332, 333, 334, 335, 336, 337, 338, 339, 340, 341, 342, 343, 344, 345, 346, 347, 348, 349, 350, 351, 352, 353, 354, 355, 356, 357, 358, 359, 360, 361, 362, 363, 364, 365, 366, 367, 368, 369, 370, 371, 372, 373, 374, 375, 376, 377, 378, 379, 380, 381, 382, 383, 384, 385, 386, 387, 388, 389, 390, 391, 392, 393, 394, 395, 396, 397, 398, 399, 400, 401, 402, 403, 404, 405, 406, 407, 408, 409, 410, 411, 412, 413, 414, 415, 416, 417, 418, 419, 420, 421, 422, 423, 424, 425, 426, 427, 428, 429, 430, 431, 432, 433, 434, 435, 436, 437, 438, 439, 440, 441, 442, 443, 444, 445, 446, 447, 448, 449, 450, 451, 452, 453, 454, 455, 456, 457, 458, 459, 460, 461, 462, 463, 464, 465, 466, 467, 468, 469, 470, 471, 472, 473, 474, 475, 476, 477, 478, 479, 480, 481, 482, 483, 484, 485, 486, 487, 488, 489, 490, 491, 492, 493, 494, 495, 496, 497, 498, 499, 500, 501, 502, 503, 504, 505, 506, 507, 508, 509, 510, 511, 512, 513, 514, 515, 516, 517, 518, 519, 520, 521, 522, 523, 524, 525, 526, 527, 528, 529, 530, 531, 532, 533, 534, 535, 536, 537, 538, 539, 540, 541, 542, 543, 544, 545, 546, 547, 548, 549, 550, 551, 552, 553, 554, 555, 556, 557, 558, 559, 560, 561, 562, 563, 564, 565, 566, 567, 568, 569, 570, 571, 572, 573, 574, 575, 576, 577, 578, 579, 580, 581, 582, 583, 584, 585, 586, 587, 588, 589, 590, 591, 592, 593, 594, 595, 596, 597, 598, 599, 600, 601, 602, 603, 604, 605, 606, 607, 608, 609, 610, 611, 612, 613, 614, 615, 616, 617, 618, 619, 620, 621, 622, 623, 624, 625, 626, 627, 628, 629, 630, 631, 632, 633, 634, 635, 636, 637, 638, 639, 640, 641, 642, 643, 644, 645, 646, 647, 648, 649, 650, 651, 652, 653, 654, 655, 656, 657, 658, 659, 660, 661, 662, 663, 664, 665, 666, 667, 668, 669, 670, 671, 672, 673, 674, 675, 676, 677, 678, 679, 680, 681, 682, 683, 684, 685, 686, 687, 688, 689, 690, 691, 692, 693, 694, 695, 696, 697, 698, 699, 700, 701, 702, 703, 704, 705, 706, 707, 708, 709, 710, 711, 712, 713, 714, 715, 716, 717, 718, 719, 720, 721, 722, 723, 724, 725, 726, 727, 728, 729, 730, 731, 732, 733, 734, 735, 736, 737, 738, 739, 740, 741, 742, 743, 744, 745, 746, 747, 748, 749, 750, 751, 752, 753, 754, 755, 756, 757, 758, 759, 760, 761, 762, 763, 764, 765, 766, 767, 768, 769, 770, 771, 772, 773, 774, 775, 776, 777, 778, 779, 780, 781, 782, 783, 784, 785, 786, 787, 788, 789, 790, 791, 792, 793, 794, 795, 796, 797, 798, 799, 800, 801, 802, 803, 804, 805, 806, 807, 808, 809, 810, 811, 812, 813, 814, 815, 816, 817, 818, 819, 820, 821, 822, 823, 824, 825, 826, 827, 828, 829, 830, 831, 832, 833, 834, 835, 836, 837, 838, 839, 840, 841, 842, 843, 844, 845, 846, 847, 848, 849, 850, 851, 852, 853, 854, 855, 856, 857, 858, 859, 860, 861, 862, 863, 864, 865, 866, 867, 868, 869, 870, 871, 872, 873, 874, 875, 876, 877, 878, 879, 880, 881, 882, 883, 884, 885, 886, 887, 888, 889, 890, 891, 892, 893, 894, 895, 896, 897, 898, 899, 900, 901, 902, 903, 904, 905, 906, 907, 908, 909, 910, 911, 912, 913, 914, 915, 916, 917, 918, 919, 920, 921, 922, 923, 924, 925, 926, 927, 928, 929, 930, 931, 932, 933, 934, 935, 936, 937, 938, 939, 940, 941, 942, 943, 944, 945, 946, 947, 948, 949, 950, 951, 952, 953, 954, 955, 956, 957, 958, 959, 960, 961, 962, 963, 964, 965, 966, 967, 968, 969, 970, 971, 972, 973, 974, 975, 976, 977, 978, 979, 980, 981, 982, 983, 984, 985, 986, 987, 988, 989, 990, 991, 992, 993, 994, 995, 996, 997, 998, 999, 1000, 1001, 1002, 1003, 1004, 1005, 1006, 1007, 1008, 1009, 1010, 1011, 1012, 1013, 1014, 1015, 1016, 1017, 1018, 1019, 1020, 1021, 1022, 1023, 1024, 1025, 1026, 1027, 1028, 1029, 1030, 1031, 1032, 1033, 1034, 1035, 1036, 1037, 1038, 1039, 1040, 1041, 1042, 1043, 1044, 1045, 1046, 1047, 1048, 1049, 1050, 1051, 1052, 1053, 1054, 1055, 1056, 1057, 1058, 1059, 1060, 1061, 1062, 1063, 1064, 1065, 1066, 1067, 1068, 1069, 1070, 1071, 1072, 1073, 1074, 1075, 1076, 1077, 1078, 1079, 1080, 1081, 1082, 1083, 1084, 1085, 1086, 1087, 1088, 1089, 1090, 1091, 1092, 1093, 1094, 1095, 1096, 1097, 1098, 1099, 1100, 1101, 1102, 1103, 1104, 1105, 1106, 1107, 1108, 1109, 1110, 1111, 1112, 1113, 1114, 1115, 1116, 1117, 1118, 1119, 1120, 1121, 1122, 1123, 1124, 1125, 1126, 1127]
            rel material:binding = </GalleryIntegratingSphere/Looks/Shell>
            normal3f[] normals = [(-0.005689949, 0.08681185, -0.9962085), (-0.005689949, 0.08681185, -0.9962085), (-0.005689949, 0.08681185, -0.9962085), (-0.01697249, 0.08532647, -0.9962085), (-0.01697249, 0.08532647, -0.9962085), (-0.01697249, 0.08532647, -0.9962085), (-0.027964627, 0.08238114, -0.9962085), (-0.027964627, 0.08238114, -0.9962085), (-0.027964627, 0.08238114, -0.9962085), (-0.03847828, 0.078026235, -0.9962085), (-0.03847828, 0.078026235, -0.9962085), (-0.03847828, 0.078026235, -0.9962085), (-0.048333563, 0.07233629, -0.9962085), (-0.048333563, 0.07233629, -0.9962085), (-0.048333563, 0.07233629, -0.9962085), (-0.057361845, 0.06540865, -0.9962085), (-0.057361845, 0.06540865, -0.9962085), (-0.057361845, 0.06540865, -0.9962085), (-0.06540865, 0.057361845, -0.9962085), (-0.06540865, 0.057361845, -0.9962085), (-0.06540865, 0.057361845, -0.9962085), (-0.07233629, 0.048333563, -0.9962085), (-0.07233629, 0.048333563, -0.9962085), (-0.07233629, 0.048333563, -0.9962085), (-0.078026235, 0.03847828, -0.9962085), (-0.078026235, 0.03847828, -0.9962085), (-0.078026235, 0.03847828, -0.9962085), (-0.08238114, 0.027964627, -0.9962085), (-0.08238114, 0.027964627, -0.9962085), (-0.08238114, 0.027964627, -0.9962085), (-0.08532647, 0.01697249, -0.9962085), (-0.08532647, 0.01697249, -0.9962085), (-0.08532647, 0.01697249, -0.9962085), (-0.08681185, 0.005689949, -0.9962085), (-0.08681185, 0.005689949, -0.9962085), (-0.08681185, 0.005689949, -0.9962085), (-0.012733235, 0.19427162, -0.9808651), (-0.012733235, 0.19427162, -0.9808651), (-0.012733235, 0.19427162, -0.9808651), (-0.012733235, 0.19427162, -0.9808651), (-0.037981834, 0.19094758, -0.9808651), (-0.037981834, 0.19094758, -0.9808651), (-0.037981834, 0.19094758, -0.9808651), (-0.037981834, 0.19094758, -0.9808651), (-0.062580556, 0.18435638, -0.9808651), (-0.062580556, 0.18435638, -0.9808651), (-0.062580556, 0.18435638, -0.9808651), (-0.062580556, 0.18435638, -0.9808651), (-0.086108506, 0.17461078, -0.9808651), (-0.086108506, 0.17461078, -0.9808651), (-0.086108506, 0.17461078, -0.9808651), (-0.086108506, 0.17461078, -0.9808651), (-0.10816312, 0.16187754, -0.9808651), (-0.10816312, 0.16187754, -0.9808651), (-0.10816312, 0.16187754, -0.9808651), (-0.10816312, 0.16187754, -0.9808651), (-0.12836702, 0.14637454, -0.9808651), (-0.12836702, 0.14637454, -0.9808651), (-0.12836702, 0.14637454, -0.9808651), (-0.12836702, 0.14637454, -0.9808651), (-0.14637454, 0.12836702, -0.9808651), (-0.14637454, 0.12836702, -0.9808651), (-0.14637454, 0.12836702, -0.9808651), (-0.14637454, 0.12836702, -0.9808651), (-0.16187754, 0.10816312, -0.9808651), (-0.16187754, 0.10816312, -0.9808651), (-0.16187754, 0.10816312, -0.9808651), (-0.16187754, 0.10816312, -0.9808651), (-0.17461078, 0.086108506, -0.9808651), (-0.17461078, 0.086108506, -0.9808651), (-0.17461078, 0.086108506, -0.9808651), (-0.17461078, 0.086108506, -0.9808651), (-0.18435638, 0.062580556, -0.9808651), (-0.18435638, 0.062580556, -0.9808651), (-0.18435638, 0.062580556, -0.9808651), (-0.18435638, 0.062580556, -0.9808651), (-0.19094758, 0.037981834, -0.9808651), (-0.19094758, 0.037981834, -0.9808651), (-0.19094758, 0.037981834, -0.9808651), (-0.19094758, 0.037981834, -0.9808651), (-0.19427162, 0.012733235, -0.9808651), (-0.19427162, 0.012733235, -0.9808651), (-0.19427162, 0.012733235, -0.9808651), (-0.19427162, 0.012733235, -0.9808651), (-0.020982772, 0.32013524, -0.94713944), (-0.020982772, 0.32013524, -0.94713944), (-0.020982772, 0.32013524, -0.94713944), (-0.020982772, 0.32013524, -0.94713944), (-0.062589295, 0.31465763, -0.94713944), (-0.062589295, 0.31465763, -0.94713944), (-0.062589295, 0.31465763, -0.94713944), (-0.062589295, 0.31465763, -0.94713944), (-0.1031249, 0.30379614, -0.94713944), (-0.1031249, 0.30379614, -0.94713944), (-0.1031249, 0.30379614, -0.94713944), (-0.1031249, 0.30379614, -0.94713944), (-0.14189601, 0.28773662, -0.94713944), (-0.14189601, 0.28773662, -0.94713944), (-0.14189601, 0.28773662, -0.94713944), (-0.14189601, 0.28773662, -0.94713944), (-0.17823923, 0.26675385, -0.94713944), (-0.17823923, 0.26675385, -0.94713944), (-0.17823923, 0.26675385, -0.94713944), (-0.17823923, 0.26675385, -0.94713944), (-0.21153274, 0.24120685, -0.94713944), (-0.21153274, 0.24120685, -0.94713944), (-0.21153274, 0.24120685, -0.94713944), (-0.21153274, 0.24120685, -0.94713944), (-0.24120685, 0.21153274, -0.94713944), (-0.24120685, 0.21153274, -0.94713944), (-0.24120685, 0.21153274, -0.94713944), (-0.24120685, 0.21153274, -0.94713944), (-0.26675385, 0.17823923, -0.94713944), (-0.26675385, 0.17823923, -0.94713944), (-0.26675385, 0.17823923, -0.94713944), (-0.26675385, 0.17823923, -0.94713944), (-0.28773662, 0.14189601, -0.94713944), (-0.28773662, 0.14189601, -0.94713944), (-0.28773662, 0.14189601, -0.94713944), (-0.28773662, 0.14189601, -0.94713944), (-0.30379614, 0.1031249, -0.94713944), (-0.30379614, 0.1031249, -0.94713944), (-0.30379614, 0.1031249, -0.94713944), (-0.30379614, 0.1031249, -0.94713944), (-0.31465763, 0.062589295, -0.94713944), (-0.31465763, 0.062589295, -0.94713944), (-0.31465763, 0.062589295, -0.94713944), (-0.31465763, 0.062589295, -0.94713944), (-0.32013524, 0.020982772, -0.94713944), (-0.32013524, 0.020982772, -0.94713944), (-0.32013524, 0.020982772, -0.94713944), (-0.32013524, 0.020982772, -0.94713944), (-0.028877214, 0.44058114, -0.8972482), (-0.028877214, 0.44058114, -0.8972482), (-0.028877214, 0.44058114, -0.8972482), (-0.028877214, 0.44058114, -0.8972482), (-0.08613754, 0.43304268, -0.8972482), (-0.08613754, 0.43304268, -0.8972482), (-0.08613754, 0.43304268, -0.8972482), (-0.08613754, 0.43304268, -0.8972482), (-0.14192404, 0.41809472, -0.8972482), (-0.14192404, 0.41809472, -0.8972482), (-0.14192404, 0.41809472, -0.8972482), (-0.14192404, 0.41809472, -0.8972482), (-0.19528218, 0.39599305, -0.8972482), (-0.19528218, 0.39599305, -0.8972482), (-0.19528218, 0.39599305, -0.8972482), (-0.19528218, 0.39599305, -0.8972482), (-0.24529897, 0.36711586, -0.8972482), (-0.24529897, 0.36711586, -0.8972482), (-0.24529897, 0.36711586, -0.8972482), (-0.24529897, 0.36711586, -0.8972482), (-0.29111865, 0.3319572, -0.8972482), (-0.29111865, 0.3319572, -0.8972482), (-0.29111865, 0.3319572, -0.8972482), (-0.29111865, 0.3319572, -0.8972482), (-0.3319572, 0.29111865, -0.8972482), (-0.3319572, 0.29111865, -0.8972482), (-0.3319572, 0.29111865, -0.8972482), (-0.3319572, 0.29111865, -0.8972482), (-0.36711586, 0.24529897, -0.8972482), (-0.36711586, 0.24529897, -0.8972482), (-0.36711586, 0.24529897, -0.8972482), (-0.36711586, 0.24529897, -0.8972482), (-0.39599305, 0.19528218, -0.8972482), (-0.39599305, 0.19528218, -0.8972482), (-0.39599305, 0.19528218, -0.8972482), (-0.39599305, 0.19528218, -0.8972482), (-0.41809472, 0.14192404, -0.8972482), (-0.41809472, 0.14192404, -0.8972482), (-0.41809472, 0.14192404, -0.8972482), (-0.41809472, 0.14192404, -0.8972482), (-0.43304268, 0.08613754, -0.8972482), (-0.43304268, 0.08613754, -0.8972482), (-0.43304268, 0.08613754, -0.8972482), (-0.43304268, 0.08613754, -0.8972482), (-0.44058114, 0.028877214, -0.8972482), (-0.44058114, 0.028877214, -0.8972482), (-0.44058114, 0.028877214, -0.8972482), (-0.44058114, 0.028877214, -0.8972482), (-0.036282193, 0.5535593, -0.83201903), (-0.036282193, 0.5535593, -0.83201903), (-0.036282193, 0.5535593, -0.83201903), (-0.036282193, 0.5535593, -0.83201903), (-0.10822578, 0.54408777, -0.83201903), (-0.10822578, 0.54408777, -0.83201903), (-0.10822578, 0.54408777, -0.83201903), (-0.10822578, 0.54408777, -0.83201903), (-0.17831759, 0.5253067, -0.83201903), (-0.17831759, 0.5253067, -0.83201903), (-0.17831759, 0.5253067, -0.83201903), (-0.17831759, 0.5253067, -0.83201903), (-0.24535835, 0.49753752, -0.83201903), (-0.24535835, 0.49753752, -0.83201903), (-0.24535835, 0.49753752, -0.83201903), (-0.24535835, 0.49753752, -0.83201903), (-0.30820096, 0.4612553, -0.83201903), (-0.30820096, 0.4612553, -0.83201903), (-0.30820096, 0.4612553, -0.83201903), (-0.30820096, 0.4612553, -0.83201903), (-0.36577016, 0.4170809, -0.83201903), (-0.36577016, 0.4170809, -0.83201903), (-0.36577016, 0.4170809, -0.83201903), (-0.36577016, 0.4170809, -0.83201903), (-0.4170809, 0.36577016, -0.83201903), (-0.4170809, 0.36577016, -0.83201903), (-0.4170809, 0.36577016, -0.83201903), (-0.4170809, 0.36577016, -0.83201903), (-0.4612553, 0.30820096, -0.83201903), (-0.4612553, 0.30820096, -0.83201903), (-0.4612553, 0.30820096, -0.83201903), (-0.4612553, 0.30820096, -0.83201903), (-0.49753752, 0.24535835, -0.83201903), (-0.49753752, 0.24535835, -0.83201903), (-0.49753752, 0.24535835, -0.83201903), (-0.49753752, 0.24535835, -0.83201903), (-0.5253067, 0.17831759, -0.83201903), (-0.5253067, 0.17831759, -0.83201903), (-0.5253067, 0.17831759, -0.83201903), (-0.5253067, 0.17831759, -0.83201903), (-0.54408777, 0.10822578, -0.83201903), (-0.54408777, 0.10822578, -0.83201903), (-0.54408777, 0.10822578, -0.83201903), (-0.54408777, 0.10822578, -0.83201903), (-0.5535593, 0.036282193, -0.83201903), (-0.5535593, 0.036282193, -0.83201903), (-0.5535593, 0.036282193, -0.83201903), (-0.5535593, 0.036282193, -0.83201903), (-0.043071017, 0.65713674, -0.7525399), (-0.043071017, 0.65713674, -0.7525399), (-0.043071017, 0.65713674, -0.7525399), (-0.043071017, 0.65713674, -0.7525399), (-0.12847608, 0.6458929, -0.7525399), (-0.12847608, 0.6458929, -0.7525399), (-0.12847608, 0.6458929, -0.7525399), (-0.12847608, 0.6458929, -0.7525399), (-0.2116829, 0.62359774, -0.7525399), (-0.2116829, 0.62359774, -0.7525399), (-0.2116829, 0.62359774, -0.7525399), (-0.2116829, 0.62359774, -0.7525399), (-0.29126775, 0.5906326, -0.7525399), (-0.29126775, 0.5906326, -0.7525399), (-0.29126775, 0.5906326, -0.7525399), (-0.29126775, 0.5906326, -0.7525399), (-0.36586896, 0.5475616, -0.7525399), (-0.36586896, 0.5475616, -0.7525399), (-0.36586896, 0.5475616, -0.7525399), (-0.36586896, 0.5475616, -0.7525399), (-0.43421003, 0.49512163, -0.7525399), (-0.43421003, 0.49512163, -0.7525399), (-0.43421003, 0.49512163, -0.7525399), (-0.43421003, 0.49512163, -0.7525399), (-0.49512163, 0.43421003, -0.7525399), (-0.49512163, 0.43421003, -0.7525399), (-0.49512163, 0.43421003, -0.7525399), (-0.49512163, 0.43421003, -0.7525399), (-0.5475616, 0.36586896, -0.7525399), (-0.5475616, 0.36586896, -0.7525399), (-0.5475616, 0.36586896, -0.7525399), (-0.5475616, 0.36586896, -0.7525399), (-0.5906326, 0.29126775, -0.7525399), (-0.5906326, 0.29126775, -0.7525399), (-0.5906326, 0.29126775, -0.7525399), (-0.5906326, 0.29126775, -0.7525399), (-0.62359774, 0.2116829, -0.7525399), (-0.62359774, 0.2116829, -0.7525399), (-0.62359774, 0.2116829, -0.7525399), (-0.62359774, 0.2116829, -0.7525399), (-0.6458929, 0.12847608, -0.7525399), (-0.6458929, 0.12847608, -0.7525399), (-0.6458929, 0.12847608, -0.7525399), (-0.6458929, 0.12847608, -0.7525399), (-0.65713674, 0.043071017, -0.7525399), (-0.65713674, 0.043071017, -0.7525399), (-0.65713674, 0.043071017, -0.7525399), (-0.65713674, 0.043071017, -0.7525399), (-0.049126823, 0.7495305, -0.6601444), (-0.049126823, 0.7495305, -0.6601444), (-0.049126823, 0.7495305, -0.6601444), (-0.049126823, 0.7495305, -0.6601444), (-0.1465399, 0.7367058, -0.6601444), (-0.1465399, 0.7367058, -0.6601444), (-0.1465399, 0.7367058, -0.6601444), (-0.1465399, 0.7367058, -0.6601444), (-0.24144563, 0.7112759, -0.6601444), (-0.24144563, 0.7112759, -0.6601444), (-0.24144563, 0.7112759, -0.6601444), (-0.24144563, 0.7112759, -0.6601444), (-0.33222017, 0.67367584, -0.6601444), (-0.33222017, 0.67367584, -0.6601444), (-0.33222017, 0.67367584, -0.6601444), (-0.33222017, 0.67367584, -0.6601444), (-0.41731033, 0.62454903, -0.6601444), (-0.41731033, 0.62454903, -0.6601444), (-0.41731033, 0.62454903, -0.6601444), (-0.41731033, 0.62454903, -0.6601444), (-0.49526018, 0.564736, -0.6601444), (-0.49526018, 0.564736, -0.6601444), (-0.49526018, 0.564736, -0.6601444), (-0.49526018, 0.564736, -0.6601444), (-0.564736, 0.49526018, -0.6601444), (-0.564736, 0.49526018, -0.6601444), (-0.564736, 0.49526018, -0.6601444), (-0.564736, 0.49526018, -0.6601444), (-0.62454903, 0.41731033, -0.6601444), (-0.62454903, 0.41731033, -0.6601444), (-0.62454903, 0.41731033, -0.6601444), (-0.62454903, 0.41731033, -0.6601444), (-0.67367584, 0.33222017, -0.6601444), (-0.67367584, 0.33222017, -0.6601444), (-0.67367584, 0.33222017, -0.6601444), (-0.67367584, 0.33222017, -0.6601444), (-0.7112759, 0.24144563, -0.6601444), (-0.7112759, 0.24144563, -0.6601444), (-0.7112759, 0.24144563, -0.6601444), (-0.7112759, 0.24144563, -0.6601444), (-0.7367058, 0.1465399, -0.6601444), (-0.7367058, 0.1465399, -0.6601444), (-0.7367058, 0.1465399, -0.6601444), (-0.7367058, 0.1465399, -0.6601444), (-0.7495305, 0.049126823, -0.6601444), (-0.7495305, 0.049126823, -0.6601444), (-0.7495305, 0.049126823, -0.6601444), (-0.7495305, 0.049126823, -0.6601444), (-0.054344695, 0.8291398, -0.55639356), (-0.054344695, 0.8291398, -0.55639356), (-0.054344695, 0.8291398, -0.55639356), (-0.054344695, 0.8291398, -0.55639356), (-0.16210423, 0.814953, -0.55639356), (-0.16210423, 0.814953, -0.55639356), (-0.16210423, 0.814953, -0.55639356), (-0.16210423, 0.814953, -0.55639356), (-0.26709014, 0.78682214, -0.55639356), (-0.26709014, 0.78682214, -0.55639356), (-0.26709014, 0.78682214, -0.55639356), (-0.26709014, 0.78682214, -0.55639356), (-0.36750603, 0.7452285, -0.55639356), (-0.36750603, 0.7452285, -0.55639356), (-0.36750603, 0.7452285, -0.55639356), (-0.36750603, 0.7452285, -0.55639356), (-0.4616338, 0.6908838, -0.55639356), (-0.4616338, 0.6908838, -0.55639356), (-0.4616338, 0.6908838, -0.55639356), (-0.4616338, 0.6908838, -0.55639356), (-0.5478629, 0.6247179, -0.55639356), (-0.5478629, 0.6247179, -0.55639356), (-0.5478629, 0.6247179, -0.55639356), (-0.5478629, 0.6247179, -0.55639356), (-0.6247179, 0.5478629, -0.55639356), (-0.6247179, 0.5478629, -0.55639356), (-0.6247179, 0.5478629, -0.55639356), (-0.6247179, 0.5478629, -0.55639356), (-0.6908838, 0.4616338, -0.55639356), (-0.6908838, 0.4616338, -0.55639356), (-0.6908838, 0.4616338, -0.55639356), (-0.6908838, 0.4616338, -0.55639356), (-0.7452285, 0.36750603, -0.55639356), (-0.7452285, 0.36750603, -0.55639356), (-0.7452285, 0.36750603, -0.55639356), (-0.7452285, 0.36750603, -0.55639356), (-0.78682214, 0.26709014, -0.55639356), (-0.78682214, 0.26709014, -0.55639356), (-0.78682214, 0.26709014, -0.55639356), (-0.78682214, 0.26709014, -0.55639356), (-0.814953, 0.16210423, -0.55639356), (-0.814953, 0.16210423, -0.55639356), (-0.814953, 0.16210423, -0.55639356), (-0.814953, 0.16210423, -0.55639356), (-0.8291398, 0.054344695, -0.55639356), (-0.8291398, 0.054344695, -0.55639356), (-0.8291398, 0.054344695, -0.55639356), (-0.8291398, 0.054344695, -0.55639356), (-0.05863365, 0.89457667, -0.44305158), (-0.05863365, 0.89457667, -0.44305158), (-0.05863365, 0.89457667, -0.44305158), (-0.05863365, 0.89457667, -0.44305158), (-0.17489772, 0.8792702, -0.44305158), (-0.17489772, 0.8792702, -0.44305158), (-0.17489772, 0.8792702, -0.44305158), (-0.17489772, 0.8792702, -0.44305158), (-0.28816923, 0.8489192, -0.44305158), (-0.28816923, 0.8489192, -0.44305158), (-0.28816923, 0.8489192, -0.44305158), (-0.28816923, 0.8489192, -0.44305158), (-0.3965101, 0.80404294, -0.44305158), (-0.3965101, 0.80404294, -0.44305158), (-0.3965101, 0.80404294, -0.44305158), (-0.3965101, 0.80404294, -0.44305158), (-0.49806657, 0.7454093, -0.44305158), (-0.49806657, 0.7454093, -0.44305158), (-0.49806657, 0.7454093, -0.44305158), (-0.49806657, 0.7454093, -0.44305158), (-0.591101, 0.6740215, -0.44305158), (-0.591101, 0.6740215, -0.44305158), (-0.591101, 0.6740215, -0.44305158), (-0.591101, 0.6740215, -0.44305158), (-0.6740215, 0.591101, -0.44305158), (-0.6740215, 0.591101, -0.44305158), (-0.6740215, 0.591101, -0.44305158), (-0.6740215, 0.591101, -0.44305158), (-0.7454093, 0.49806657, -0.44305158), (-0.7454093, 0.49806657, -0.44305158), (-0.7454093, 0.49806657, -0.44305158), (-0.7454093, 0.49806657, -0.44305158), (-0.80404294, 0.3965101, -0.44305158), (-0.80404294, 0.3965101, -0.44305158), (-0.80404294, 0.3965101, -0.44305158), (-0.80404294, 0.3965101, -0.44305158), (-0.8489192, 0.28816923, -0.44305158), (-0.8489192, 0.28816923, -0.44305158), (-0.8489192, 0.28816923, -0.44305158), (-0.8489192, 0.28816923, -0.44305158), (-0.8792702, 0.17489772, -0.44305158), (-0.8792702, 0.17489772, -0.44305158), (-0.8792702, 0.17489772, -0.44305158), (-0.8792702, 0.17489772, -0.44305158), (-0.89457667, 0.05863365, -0.44305158), (-0.89457667, 0.05863365, -0.44305158), (-0.89457667, 0.05863365, -0.44305158), (-0.89457667, 0.05863365, -0.44305158), (-0.061918452, 0.944693, -0.3220577), (-0.061918452, 0.944693, -0.3220577), (-0.061918452, 0.944693, -0.3220577), (-0.061918452, 0.944693, -0.3220577), (-0.18469591, 0.9285291, -0.3220577), (-0.18469591, 0.9285291, -0.3220577), (-0.18469591, 0.9285291, -0.3220577), (-0.18469591, 0.9285291, -0.3220577), (-0.30431318, 0.89647776, -0.3220577), (-0.30431318, 0.89647776, -0.3220577), (-0.30431318, 0.89647776, -0.3220577), (-0.30431318, 0.89647776, -0.3220577), (-0.41872355, 0.8490874, -0.3220577), (-0.41872355, 0.8490874, -0.3220577), (-0.41872355, 0.8490874, -0.3220577), (-0.41872355, 0.8490874, -0.3220577), (-0.52596945, 0.7871689, -0.3220577), (-0.52596945, 0.7871689, -0.3220577), (-0.52596945, 0.7871689, -0.3220577), (-0.52596945, 0.7871689, -0.3220577), (-0.6242159, 0.7117818, -0.3220577), (-0.6242159, 0.7117818, -0.3220577), (-0.6242159, 0.7117818, -0.3220577), (-0.6242159, 0.7117818, -0.3220577), (-0.7117818, 0.6242159, -0.3220577), (-0.7117818, 0.6242159, -0.3220577), (-0.7117818, 0.6242159, -0.3220577), (-0.7117818, 0.6242159, -0.3220577), (-0.7871689, 0.52596945, -0.3220577), (-0.7871689, 0.52596945, -0.3220577), (-0.7871689, 0.52596945, -0.3220577), (-0.7871689, 0.52596945, -0.3220577), (-0.8490874, 0.41872355, -0.3220577), (-0.8490874, 0.41872355, -0.3220577), (-0.8490874, 0.41872355, -0.3220577), (-0.8490874, 0.41872355, -0.3220577), (-0.89647776, 0.30431318, -0.3220577), (-0.89647776, 0.30431318, -0.3220577), (-0.89647776, 0.30431318, -0.3220577), (-0.89647776, 0.30431318, -0.3220577), (-0.9285291, 0.18469591, -0.3220577), (-0.9285291, 0.18469591, -0.3220577), (-0.9285291, 0.18469591, -0.3220577), (-0.9285291, 0.18469591, -0.3220577), (-0.944693, 0.061918452, -0.3220577), (-0.944693, 0.061918452, -0.3220577), (-0.944693, 0.061918452, -0.3220577), (-0.944693, 0.061918452, -0.3220577), (-0.064141184, 0.97860533, -0.19549294), (-0.064141184, 0.97860533, -0.19549294), (-0.064141184, 0.97860533, -0.19549294), (-0.064141184, 0.97860533, -0.19549294), (-0.19132608, 0.96186113, -0.19549294), (-0.19132608, 0.96186113, -0.19549294), (-0.19132608, 0.96186113, -0.19549294), (-0.19132608, 0.96186113, -0.19549294), (-0.3152373, 0.9286592, -0.19549294), (-0.3152373, 0.9286592, -0.19549294), (-0.3152373, 0.9286592, -0.19549294), (-0.3152373, 0.9286592, -0.19549294), (-0.43375477, 0.8795677, -0.19549294), (-0.43375477, 0.8795677, -0.19549294), (-0.43375477, 0.8795677, -0.19549294), (-0.43375477, 0.8795677, -0.19549294), (-0.5448506, 0.81542647, -0.19549294), (-0.5448506, 0.81542647, -0.19549294), (-0.5448506, 0.81542647, -0.19549294), (-0.5448506, 0.81542647, -0.19549294), (-0.6466238, 0.7373331, -0.19549294), (-0.6466238, 0.7373331, -0.19549294), (-0.6466238, 0.7373331, -0.19549294), (-0.6466238, 0.7373331, -0.19549294), (-0.7373331, 0.6466238, -0.19549294), (-0.7373331, 0.6466238, -0.19549294), (-0.7373331, 0.6466238, -0.19549294), (-0.7373331, 0.6466238, -0.19549294), (-0.81542647, 0.5448506, -0.19549294), (-0.81542647, 0.5448506, -0.19549294), (-0.81542647, 0.5448506, -0.19549294), (-0.81542647, 0.5448506, -0.19549294), (-0.8795677, 0.43375477, -0.19549294), (-0.8795677, 0.43375477, -0.19549294), (-0.8795677, 0.43375477, -0.19549294), (-0.8795677, 0.43375477, -0.19549294), (-0.9286592, 0.3152373, -0.19549294), (-0.9286592, 0.3152373, -0.19549294), (-0.9286592, 0.3152373, -0.19549294), (-0.9286592, 0.3152373, -0.19549294), (-0.96186113, 0.19132608, -0.19549294), (-0.96186113, 0.19132608, -0.19549294), (-0.96186113, 0.19132608, -0.19549294), (-0.96186113, 0.19132608, -0.19549294), (-0.97860533, 0.064141184, -0.19549294), (-0.97860533, 0.064141184, -0.19549294), (-0.97860533, 0.064141184, -0.19549294), (-0.97860533, 0.064141184, -0.19549294), (-0.0652625, 0.9957133, -0.06554286), (-0.0652625, 0.9957133, -0.06554286), (-0.0652625, 0.9957133, -0.06554286), (-0.0652625, 0.9957133, -0.06554286), (-0.19467083, 0.9786764, -0.06554286), (-0.19467083, 0.9786764, -0.06554286), (-0.19467083, 0.9786764, -0.06554286), (-0.19467083, 0.9786764, -0.06554286), (-0.3207483, 0.944894, -0.06554286), (-0.3207483, 0.944894, -0.06554286), (-0.3207483, 0.944894, -0.06554286), (-0.3207483, 0.944894, -0.06554286), (-0.44133767, 0.89494425, -0.06554286), (-0.44133767, 0.89494425, -0.06554286), (-0.44133767, 0.89494425, -0.06554286), (-0.44133767, 0.89494425, -0.06554286), (-0.55437565, 0.82968175, -0.06554286), (-0.55437565, 0.82968175, -0.06554286), (-0.55437565, 0.82968175, -0.06554286), (-0.55437565, 0.82968175, -0.06554286), (-0.65792805, 0.75022316, -0.06554286), (-0.65792805, 0.75022316, -0.06554286), (-0.65792805, 0.75022316, -0.06554286), (-0.65792805, 0.75022316, -0.06554286), (-0.75022316, 0.65792805, -0.06554286), (-0.75022316, 0.65792805, -0.06554286), (-0.75022316, 0.65792805, -0.06554286), (-0.75022316, 0.65792805, -0.06554286), (-0.82968175, 0.55437565, -0.06554286), (-0.82968175, 0.55437565, -0.06554286), (-0.82968175, 0.55437565, -0.06554286), (-0.82968175, 0.55437565, -0.06554286), (-0.89494425, 0.44133767, -0.06554286), (-0.89494425, 0.44133767, -0.06554286), (-0.89494425, 0.44133767, -0.06554286), (-0.89494425, 0.44133767, -0.06554286), (-0.944894, 0.3207483, -0.06554286), (-0.944894, 0.3207483, -0.06554286), (-0.944894, 0.3207483, -0.06554286), (-0.944894, 0.3207483, -0.06554286), (-0.9786764, 0.19467083, -0.06554286), (-0.9786764, 0.19467083, -0.06554286), (-0.9786764, 0.19467083, -0.06554286), (-0.9786764, 0.19467083, -0.06554286), (-0.9957133, 0.0652625, -0.06554286), (-0.9957133, 0.0652625, -0.06554286), (-0.9957133, 0.0652625, -0.06554286), (-0.9957133, 0.0652625, -0.06554286), (-0.08681185, -0.005689949, -0.9962085), (-0.08681185, -0.005689949, -0.9962085), (-0.08681185, -0.005689949, -0.9962085), (-0.08532647, -0.01697249, -0.9962085), (-0.08532647, -0.01697249, -0.9962085), (-0.08532647, -0.01697249, -0.9962085), (-0.08238114, -0.027964627, -0.9962085), (-0.08238114, -0.027964627, -0.9962085), (-0.08238114, -0.027964627, -0.9962085), (-0.078026235, -0.03847828, -0.9962085), (-0.078026235, -0.03847828, -0.9962085), (-0.078026235, -0.03847828, -0.9962085), (-0.07233629, -0.048333563, -0.9962085), (-0.07233629, -0.048333563, -0.9962085), (-0.07233629, -0.048333563, -0.9962085), (-0.06540865, -0.057361845, -0.9962085), (-0.06540865, -0.057361845, -0.9962085), (-0.06540865, -0.057361845, -0.9962085), (-0.057361845, -0.06540865, -0.9962085), (-0.057361845, -0.06540865, -0.9962085), (-0.057361845, -0.06540865, -0.9962085), (-0.048333563, -0.07233629, -0.9962085), (-0.048333563, -0.07233629, -0.9962085), (-0.048333563, -0.07233629, -0.9962085), (-0.03847828, -0.078026235, -0.9962085), (-0.03847828, -0.078026235, -0.9962085), (-0.03847828, -0.078026235, -0.9962085), (-0.027964627, -0.08238114, -0.9962085), (-0.027964627, -0.08238114, -0.9962085), (-0.027964627, -0.08238114, -0.9962085), (-0.01697249, -0.08532647, -0.9962085), (-0.01697249, -0.08532647, -0.9962085), (-0.01697249, -0.08532647, -0.9962085), (-0.005689949, -0.08681185, -0.9962085), (-0.005689949, -0.08681185, -0.9962085), (-0.005689949, -0.08681185, -0.9962085), (-0.19427162, -0.012733235, -0.9808651), (-0.19427162, -0.012733235, -0.9808651), (-0.19427162, -0.012733235, -0.9808651), (-0.19427162, -0.012733235, -0.9808651), (-0.19094758, -0.037981834, -0.9808651), (-0.19094758, -0.037981834, -0.9808651), (-0.19094758, -0.037981834, -0.9808651), (-0.19094758, -0.037981834, -0.9808651), (-0.18435638, -0.062580556, -0.9808651), (-0.18435638, -0.062580556, -0.9808651), (-0.18435638, -0.062580556, -0.9808651), (-0.18435638, -0.062580556, -0.9808651), (-0.17461078, -0.086108506, -0.9808651), (-0.17461078, -0.086108506, -0.9808651), (-0.17461078, -0.086108506, -0.9808651), (-0.17461078, -0.086108506, -0.9808651), (-0.16187754, -0.10816312, -0.9808651), (-0.16187754, -0.10816312, -0.9808651), (-0.16187754, -0.10816312, -0.9808651), (-0.16187754, -0.10816312, -0.9808651), (-0.14637454, -0.12836702, -0.9808651), (-0.14637454, -0.12836702, -0.9808651), (-0.14637454, -0.12836702, -0.9808651), (-0.14637454, -0.12836702, -0.9808651), (-0.12836702, -0.14637454, -0.9808651), (-0.12836702, -0.14637454, -0.9808651), (-0.12836702, -0.14637454, -0.9808651), (-0.12836702, -0.14637454, -0.9808651), (-0.10816312, -0.16187754, -0.9808651), (-0.10816312, -0.16187754, -0.9808651), (-0.10816312, -0.16187754, -0.9808651), (-0.10816312, -0.16187754, -0.9808651), (-0.086108506, -0.17461078, -0.9808651), (-0.086108506, -0.17461078, -0.9808651), (-0.086108506, -0.17461078, -0.9808651), (-0.086108506, -0.17461078, -0.9808651), (-0.062580556, -0.18435638, -0.9808651), (-0.062580556, -0.18435638, -0.9808651), (-0.062580556, -0.18435638, -0.9808651), (-0.062580556, -0.18435638, -0.9808651), (-0.037981834, -0.19094758, -0.9808651), (-0.037981834, -0.19094758, -0.9808651), (-0.037981834, -0.19094758, -0.9808651), (-0.037981834, -0.19094758, -0.9808651), (-0.012733235, -0.19427162, -0.9808651), (-0.012733235, -0.19427162, -0.9808651), (-0.012733235, -0.19427162, -0.9808651), (-0.012733235, -0.19427162, -0.9808651), (-0.32013524, -0.020982772, -0.94713944), (-0.32013524, -0.020982772, -0.94713944), (-0.32013524, -0.020982772, -0.94713944), (-0.32013524, -0.020982772, -0.94713944), (-0.31465763, -0.062589295, -0.94713944), (-0.31465763, -0.062589295, -0.94713944), (-0.31465763, -0.062589295, -0.94713944), (-0.31465763, -0.062589295, -0.94713944), (-0.30379614, -0.1031249, -0.94713944), (-0.30379614, -0.1031249, -0.94713944), (-0.30379614, -0.1031249, -0.94713944), (-0.30379614, -0.1031249, -0.94713944), (-0.28773662, -0.14189601, -0.94713944), (-0.28773662, -0.14189601, -0.94713944), (-0.28773662, -0.14189601, -0.94713944), (-0.28773662, -0.14189601, -0.94713944), (-0.26675385, -0.17823923, -0.94713944), (-0.26675385, -0.17823923, -0.94713944), (-0.26675385, -0.17823923, -0.94713944), (-0.26675385, -0.17823923, -0.94713944), (-0.24120685, -0.21153274, -0.94713944), (-0.24120685, -0.21153274, -0.94713944), (-0.24120685, -0.21153274, -0.94713944), (-0.24120685, -0.21153274, -0.94713944), (-0.21153274, -0.24120685, -0.94713944), (-0.21153274, -0.24120685, -0.94713944), (-0.21153274, -0.24120685, -0.94713944), (-0.21153274, -0.24120685, -0.94713944), (-0.17823923, -0.26675385, -0.94713944), (-0.17823923, -0.26675385, -0.94713944), (-0.17823923, -0.26675385, -0.94713944), (-0.17823923, -0.26675385, -0.94713944), (-0.14189601, -0.28773662, -0.94713944), (-0.14189601, -0.28773662, -0.94713944), (-0.14189601, -0.28773662, -0.94713944), (-0.14189601, -0.28773662, -0.94713944), (-0.1031249, -0.30379614, -0.94713944), (-0.1031249, -0.30379614, -0.94713944), (-0.1031249, -0.30379614, -0.94713944), (-0.1031249, -0.30379614, -0.94713944), (-0.062589295, -0.31465763, -0.94713944), (-0.062589295, -0.31465763, -0.94713944), (-0.062589295, -0.31465763, -0.94713944), (-0.062589295, -0.31465763, -0.94713944), (-0.020982772, -0.32013524, -0.94713944), (-0.020982772, -0.32013524, -0.94713944), (-0.020982772, -0.32013524, -0.94713944), (-0.020982772, -0.32013524, -0.94713944), (-0.44058114, -0.028877214, -0.8972482), (-0.44058114, -0.028877214, -0.8972482), (-0.44058114, -0.028877214, -0.8972482), (-0.44058114, -0.028877214, -0.8972482), (-0.43304268, -0.08613754, -0.8972482), (-0.43304268, -0.08613754, -0.8972482), (-0.43304268, -0.08613754, -0.8972482), (-0.43304268, -0.08613754, -0.8972482), (-0.41809472, -0.14192404, -0.8972482), (-0.41809472, -0.14192404, -0.8972482), (-0.41809472, -0.14192404, -0.8972482), (-0.41809472, -0.14192404, -0.8972482), (-0.39599305, -0.19528218, -0.8972482), (-0.39599305, -0.19528218, -0.8972482), (-0.39599305, -0.19528218, -0.8972482), (-0.39599305, -0.19528218, -0.8972482), (-0.36711586, -0.24529897, -0.8972482), (-0.36711586, -0.24529897, -0.8972482), (-0.36711586, -0.24529897, -0.8972482), (-0.36711586, -0.24529897, -0.8972482), (-0.3319572, -0.29111865, -0.8972482), (-0.3319572, -0.29111865, -0.8972482), (-0.3319572, -0.29111865, -0.8972482), (-0.3319572, -0.29111865, -0.8972482), (-0.29111865, -0.3319572, -0.8972482), (-0.29111865, -0.3319572, -0.8972482), (-0.29111865, -0.3319572, -0.8972482), (-0.29111865, -0.3319572, -0.8972482), (-0.24529897, -0.36711586, -0.8972482), (-0.24529897, -0.36711586, -0.8972482), (-0.24529897, -0.36711586, -0.8972482), (-0.24529897, -0.36711586, -0.8972482), (-0.19528218, -0.39599305, -0.8972482), (-0.19528218, -0.39599305, -0.8972482), (-0.19528218, -0.39599305, -0.8972482), (-0.19528218, -0.39599305, -0.8972482), (-0.14192404, -0.41809472, -0.8972482), (-0.14192404, -0.41809472, -0.8972482), (-0.14192404, -0.41809472, -0.8972482), (-0.14192404, -0.41809472, -0.8972482), (-0.08613754, -0.43304268, -0.8972482), (-0.08613754, -0.43304268, -0.8972482), (-0.08613754, -0.43304268, -0.8972482), (-0.08613754, -0.43304268, -0.8972482), (-0.028877214, -0.44058114, -0.8972482), (-0.028877214, -0.44058114, -0.8972482), (-0.028877214, -0.44058114, -0.8972482), (-0.028877214, -0.44058114, -0.8972482), (-0.5535593, -0.036282193, -0.83201903), (-0.5535593, -0.036282193, -0.83201903), (-0.5535593, -0.036282193, -0.83201903), (-0.5535593, -0.036282193, -0.83201903), (-0.54408777, -0.10822578, -0.83201903), (-0.54408777, -0.10822578, -0.83201903), (-0.54408777, -0.10822578, -0.83201903), (-0.54408777, -0.10822578, -0.83201903), (-0.5253067, -0.17831759, -0.83201903), (-0.5253067, -0.17831759, -0.83201903), (-0.5253067, -0.17831759, -0.83201903), (-0.5253067, -0.17831759, -0.83201903), (-0.49753752, -0.24535835, -0.83201903), (-0.49753752, -0.24535835, -0.83201903), (-0.49753752, -0.24535835, -0.83201903), (-0.49753752, -0.24535835, -0.83201903), (-0.4612553, -0.30820096, -0.83201903), (-0.4612553, -0.30820096, -0.83201903), (-0.4612553, -0.30820096, -0.83201903), (-0.4612553, -0.30820096, -0.83201903), (-0.4170809, -0.36577016, -0.83201903), (-0.4170809, -0.36577016, -0.83201903), (-0.4170809, -0.36577016, -0.83201903), (-0.4170809, -0.36577016, -0.83201903), (-0.36577016, -0.4170809, -0.83201903), (-0.36577016, -0.4170809, -0.83201903), (-0.36577016, -0.4170809, -0.83201903), (-0.36577016, -0.4170809, -0.83201903), (-0.30820096, -0.4612553, -0.83201903), (-0.30820096, -0.4612553, -0.83201903), (-0.30820096, -0.4612553, -0.83201903), (-0.30820096, -0.4612553, -0.83201903), (-0.24535835, -0.49753752, -0.83201903), (-0.24535835, -0.49753752, -0.83201903), (-0.24535835, -0.49753752, -0.83201903), (-0.24535835, -0.49753752, -0.83201903), (-0.17831759, -0.5253067, -0.83201903), (-0.17831759, -0.5253067, -0.83201903), (-0.17831759, -0.5253067, -0.83201903), (-0.17831759, -0.5253067, -0.83201903), (-0.10822578, -0.54408777, -0.83201903), (-0.10822578, -0.54408777, -0.83201903), (-0.10822578, -0.54408777, -0.83201903), (-0.10822578, -0.54408777, -0.83201903), (-0.036282193, -0.5535593, -0.83201903), (-0.036282193, -0.5535593, -0.83201903), (-0.036282193, -0.5535593, -0.83201903), (-0.036282193, -0.5535593, -0.83201903), (-0.65713674, -0.043071017, -0.7525399), (-0.65713674, -0.043071017, -0.7525399), (-0.65713674, -0.043071017, -0.7525399), (-0.65713674, -0.043071017, -0.7525399), (-0.6458929, -0.12847608, -0.7525399), (-0.6458929, -0.12847608, -0.7525399), (-0.6458929, -0.12847608, -0.7525399), (-0.6458929, -0.12847608, -0.7525399), (-0.62359774, -0.2116829, -0.7525399), (-0.62359774, -0.2116829, -0.7525399), (-0.62359774, -0.2116829, -0.7525399), (-0.62359774, -0.2116829, -0.7525399), (-0.5906326, -0.29126775, -0.7525399), (-0.5906326, -0.29126775, -0.7525399), (-0.5906326, -0.29126775, -0.7525399), (-0.5906326, -0.29126775, -0.7525399), (-0.5475616, -0.36586896, -0.7525399), (-0.5475616, -0.36586896, -0.7525399), (-0.5475616, -0.36586896, -0.7525399), (-0.5475616, -0.36586896, -0.7525399), (-0.49512163, -0.43421003, -0.7525399), (-0.49512163, -0.43421003, -0.7525399), (-0.49512163, -0.43421003, -0.7525399), (-0.49512163, -0.43421003, -0.7525399), (-0.43421003, -0.49512163, -0.7525399), (-0.43421003, -0.49512163, -0.7525399), (-0.43421003, -0.49512163, -0.7525399), (-0.43421003, -0.49512163, -0.7525399), (-0.36586896, -0.5475616, -0.7525399), (-0.36586896, -0.5475616, -0.7525399), (-0.36586896, -0.5475616, -0.7525399), (-0.36586896, -0.5475616, -0.7525399), (-0.29126775, -0.5906326, -0.7525399), (-0.29126775, -0.5906326, -0.7525399), (-0.29126775, -0.5906326, -0.7525399), (-0.29126775, -0.5906326, -0.7525399), (-0.2116829, -0.62359774, -0.7525399), (-0.2116829, -0.62359774, -0.7525399), (-0.2116829, -0.62359774, -0.7525399), (-0.2116829, -0.62359774, -0.7525399), (-0.12847608, -0.6458929, -0.7525399), (-0.12847608, -0.6458929, -0.7525399), (-0.12847608, -0.6458929, -0.7525399), (-0.12847608, -0.6458929, -0.7525399), (-0.043071017, -0.65713674, -0.7525399), (-0.043071017, -0.65713674, -0.7525399), (-0.043071017, -0.65713674, -0.7525399), (-0.043071017, -0.65713674, -0.7525399), (-0.7495305, -0.049126823, -0.6601444), (-0.7495305, -0.049126823, -0.6601444), (-0.7495305, -0.049126823, -0.6601444), (-0.7495305, -0.049126823, -0.6601444), (-0.7367058, -0.1465399, -0.6601444), (-0.7367058, -0.1465399, -0.6601444), (-0.7367058, -0.1465399, -0.6601444), (-0.7367058, -0.1465399, -0.6601444), (-0.7112759, -0.24144563, -0.6601444), (-0.7112759, -0.24144563, -0.6601444), (-0.7112759, -0.24144563, -0.6601444), (-0.7112759, -0.24144563, -0.6601444), (-0.67367584, -0.33222017, -0.6601444), (-0.67367584, -0.33222017, -0.6601444), (-0.67367584, -0.33222017, -0.6601444), (-0.67367584, -0.33222017, -0.6601444), (-0.62454903, -0.41731033, -0.6601444), (-0.62454903, -0.41731033, -0.6601444), (-0.62454903, -0.41731033, -0.6601444), (-0.62454903, -0.41731033, -0.6601444), (-0.564736, -0.49526018, -0.6601444), (-0.564736, -0.49526018, -0.6601444), (-0.564736, -0.49526018, -0.6601444), (-0.564736, -0.49526018, -0.6601444), (-0.49526018, -0.564736, -0.6601444), (-0.49526018, -0.564736, -0.6601444), (-0.49526018, -0.564736, -0.6601444), (-0.49526018, -0.564736, -0.6601444), (-0.41731033, -0.62454903, -0.6601444), (-0.41731033, -0.62454903, -0.6601444), (-0.41731033, -0.62454903, -0.6601444), (-0.41731033, -0.62454903, -0.6601444), (-0.33222017, -0.67367584, -0.6601444), (-0.33222017, -0.67367584, -0.6601444), (-0.33222017, -0.67367584, -0.6601444), (-0.33222017, -0.67367584, -0.6601444), (-0.24144563, -0.7112759, -0.6601444), (-0.24144563, -0.7112759, -0.6601444), (-0.24144563, -0.7112759, -0.6601444), (-0.24144563, -0.7112759, -0.6601444), (-0.1465399, -0.7367058, -0.6601444), (-0.1465399, -0.7367058, -0.6601444), (-0.1465399, -0.7367058, -0.6601444), (-0.1465399, -0.7367058, -0.6601444), (-0.049126823, -0.7495305, -0.6601444), (-0.049126823, -0.7495305, -0.6601444), (-0.049126823, -0.7495305, -0.6601444), (-0.049126823, -0.7495305, -0.6601444), (-0.8291398, -0.054344695, -0.55639356), (-0.8291398, -0.054344695, -0.55639356), (-0.8291398, -0.054344695, -0.55639356), (-0.8291398, -0.054344695, -0.55639356), (-0.814953, -0.16210423, -0.55639356), (-0.814953, -0.16210423, -0.55639356), (-0.814953, -0.16210423, -0.55639356), (-0.814953, -0.16210423, -0.55639356), (-0.78682214, -0.26709014, -0.55639356), (-0.78682214, -0.26709014, -0.55639356), (-0.78682214, -0.26709014, -0.55639356), (-0.78682214, -0.26709014, -0.55639356), (-0.7452285, -0.36750603, -0.55639356), (-0.7452285, -0.36750603, -0.55639356), (-0.7452285, -0.36750603, -0.55639356), (-0.7452285, -0.36750603, -0.55639356), (-0.6908838, -0.4616338, -0.55639356), (-0.6908838, -0.4616338, -0.55639356), (-0.6908838, -0.4616338, -0.55639356), (-0.6908838, -0.4616338, -0.55639356), (-0.6247179, -0.5478629, -0.55639356), (-0.6247179, -0.5478629, -0.55639356), (-0.6247179, -0.5478629, -0.55639356), (-0.6247179, -0.5478629, -0.55639356), (-0.5478629, -0.6247179, -0.55639356), (-0.5478629, -0.6247179, -0.55639356), (-0.5478629, -0.6247179, -0.55639356), (-0.5478629, -0.6247179, -0.55639356), (-0.4616338, -0.6908838, -0.55639356), (-0.4616338, -0.6908838, -0.55639356), (-0.4616338, -0.6908838, -0.55639356), (-0.4616338, -0.6908838, -0.55639356), (-0.36750603, -0.7452285, -0.55639356), (-0.36750603, -0.7452285, -0.55639356), (-0.36750603, -0.7452285, -0.55639356), (-0.36750603, -0.7452285, -0.55639356), (-0.26709014, -0.78682214, -0.55639356), (-0.26709014, -0.78682214, -0.55639356), (-0.26709014, -0.78682214, -0.55639356), (-0.26709014, -0.78682214, -0.55639356), (-0.16210423, -0.814953, -0.55639356), (-0.16210423, -0.814953, -0.55639356), (-0.16210423, -0.814953, -0.55639356), (-0.16210423, -0.814953, -0.55639356), (-0.054344695, -0.8291398, -0.55639356), (-0.054344695, -0.8291398, -0.55639356), (-0.054344695, -0.8291398, -0.55639356), (-0.054344695, -0.8291398, -0.55639356), (-0.89457667, -0.05863365, -0.44305158), (-0.89457667, -0.05863365, -0.44305158), (-0.89457667, -0.05863365, -0.44305158), (-0.89457667, -0.05863365, -0.44305158), (-0.8792702, -0.17489772, -0.44305158), (-0.8792702, -0.17489772, -0.44305158), (-0.8792702, -0.17489772, -0.44305158), (-0.8792702, -0.17489772, -0.44305158), (-0.8489192, -0.28816923, -0.44305158), (-0.8489192, -0.28816923, -0.44305158), (-0.8489192, -0.28816923, -0.44305158), (-0.8489192, -0.28816923, -0.44305158), (-0.80404294, -0.3965101, -0.44305158), (-0.80404294, -0.3965101, -0.44305158), (-0.80404294, -0.3965101, -0.44305158), (-0.80404294, -0.3965101, -0.44305158), (-0.7454093, -0.49806657, -0.44305158), (-0.7454093, -0.49806657, -0.44305158), (-0.7454093, -0.49806657, -0.44305158), (-0.7454093, -0.49806657, -0.44305158), (-0.6740215, -0.591101, -0.44305158), (-0.6740215, -0.591101, -0.44305158), (-0.6740215, -0.591101, -0.44305158), (-0.6740215, -0.591101, -0.44305158), (-0.591101, -0.6740215, -0.44305158), (-0.591101, -0.6740215, -0.44305158), (-0.591101, -0.6740215, -0.44305158), (-0.591101, -0.6740215, -0.44305158), (-0.49806657, -0.7454093, -0.44305158), (-0.49806657, -0.7454093, -0.44305158), (-0.49806657, -0.7454093, -0.44305158), (-0.49806657, -0.7454093, -0.44305158), (-0.3965101, -0.80404294, -0.44305158), (-0.3965101, -0.80404294, -0.44305158), (-0.3965101, -0.80404294, -0.44305158), (-0.3965101, -0.80404294, -0.44305158), (-0.28816923, -0.8489192, -0.44305158), (-0.28816923, -0.8489192, -0.44305158), (-0.28816923, -0.8489192, -0.44305158), (-0.28816923, -0.8489192, -0.44305158), (-0.17489772, -0.8792702, -0.44305158), (-0.17489772, -0.8792702, -0.44305158), (-0.17489772, -0.8792702, -0.44305158), (-0.17489772, -0.8792702, -0.44305158), (-0.05863365, -0.89457667, -0.44305158), (-0.05863365, -0.89457667, -0.44305158), (-0.05863365, -0.89457667, -0.44305158), (-0.05863365, -0.89457667, -0.44305158), (-0.944693, -0.061918452, -0.3220577), (-0.944693, -0.061918452, -0.3220577), (-0.944693, -0.061918452, -0.3220577), (-0.944693, -0.061918452, -0.3220577), (-0.9285291, -0.18469591, -0.3220577), (-0.9285291, -0.18469591, -0.3220577), (-0.9285291, -0.18469591, -0.3220577), (-0.9285291, -0.18469591, -0.3220577), (-0.89647776, -0.30431318, -0.3220577), (-0.89647776, -0.30431318, -0.3220577), (-0.89647776, -0.30431318, -0.3220577), (-0.89647776, -0.30431318, -0.3220577), (-0.8490874, -0.41872355, -0.3220577), (-0.8490874, -0.41872355, -0.3220577), (-0.8490874, -0.41872355, -0.3220577), (-0.8490874, -0.41872355, -0.3220577), (-0.7871689, -0.52596945, -0.3220577), (-0.7871689, -0.52596945, -0.3220577), (-0.7871689, -0.52596945, -0.3220577), (-0.7871689, -0.52596945, -0.3220577), (-0.7117818, -0.6242159, -0.3220577), (-0.7117818, -0.6242159, -0.3220577), (-0.7117818, -0.6242159, -0.3220577), (-0.7117818, -0.6242159, -0.3220577), (-0.6242159, -0.7117818, -0.3220577), (-0.6242159, -0.7117818, -0.3220577), (-0.6242159, -0.7117818, -0.3220577), (-0.6242159, -0.7117818, -0.3220577), (-0.52596945, -0.7871689, -0.3220577), (-0.52596945, -0.7871689, -0.3220577), (-0.52596945, -0.7871689, -0.3220577), (-0.52596945, -0.7871689, -0.3220577), (-0.41872355, -0.8490874, -0.3220577), (-0.41872355, -0.8490874, -0.3220577), (-0.41872355, -0.8490874, -0.3220577), (-0.41872355, -0.8490874, -0.3220577), (-0.30431318, -0.89647776, -0.3220577), (-0.30431318, -0.89647776, -0.3220577), (-0.30431318, -0.89647776, -0.3220577), (-0.30431318, -0.89647776, -0.3220577), (-0.18469591, -0.9285291, -0.3220577), (-0.18469591, -0.9285291, -0.3220577), (-0.18469591, -0.9285291, -0.3220577), (-0.18469591, -0.9285291, -0.3220577), (-0.061918452, -0.944693, -0.3220577), (-0.061918452, -0.944693, -0.3220577), (-0.061918452, -0.944693, -0.3220577), (-0.061918452, -0.944693, -0.3220577), (-0.97860533, -0.064141184, -0.19549294), (-0.97860533, -0.064141184, -0.19549294), (-0.97860533, -0.064141184, -0.19549294), (-0.97860533, -0.064141184, -0.19549294), (-0.96186113, -0.19132608, -0.19549294), (-0.96186113, -0.19132608, -0.19549294), (-0.96186113, -0.19132608, -0.19549294), (-0.96186113, -0.19132608, -0.19549294), (-0.9286592, -0.3152373, -0.19549294), (-0.9286592, -0.3152373, -0.19549294), (-0.9286592, -0.3152373, -0.19549294), (-0.9286592, -0.3152373, -0.19549294), (-0.8795677, -0.43375477, -0.19549294), (-0.8795677, -0.43375477, -0.19549294), (-0.8795677, -0.43375477, -0.19549294), (-0.8795677, -0.43375477, -0.19549294), (-0.81542647, -0.5448506, -0.19549294), (-0.81542647, -0.5448506, -0.19549294), (-0.81542647, -0.5448506, -0.19549294), (-0.81542647, -0.5448506, -0.19549294), (-0.7373331, -0.6466238, -0.19549294), (-0.7373331, -0.6466238, -0.19549294), (-0.7373331, -0.6466238, -0.19549294), (-0.7373331, -0.6466238, -0.19549294), (-0.6466238, -0.7373331, -0.19549294), (-0.6466238, -0.7373331, -0.19549294), (-0.6466238, -0.7373331, -0.19549294), (-0.6466238, -0.7373331, -0.19549294), (-0.5448506, -0.81542647, -0.19549294), (-0.5448506, -0.81542647, -0.19549294), (-0.5448506, -0.81542647, -0.19549294), (-0.5448506, -0.81542647, -0.19549294), (-0.43375477, -0.8795677, -0.19549294), (-0.43375477, -0.8795677, -0.19549294), (-0.43375477, -0.8795677, -0.19549294), (-0.43375477, -0.8795677, -0.19549294), (-0.3152373, -0.9286592, -0.19549294), (-0.3152373, -0.9286592, -0.19549294), (-0.3152373, -0.9286592, -0.19549294), (-0.3152373, -0.9286592, -0.19549294), (-0.19132608, -0.96186113, -0.19549294), (-0.19132608, -0.96186113, -0.19549294), (-0.19132608, -0.96186113, -0.19549294), (-0.19132608, -0.96186113, -0.19549294), (-0.064141184, -0.97860533, -0.19549294), (-0.064141184, -0.97860533, -0.19549294), (-0.064141184, -0.97860533, -0.19549294), (-0.064141184, -0.97860533, -0.19549294), (-0.9957133, -0.0652625, -0.06554286), (-0.9957133, -0.0652625, -0.06554286), (-0.9957133, -0.0652625, -0.06554286), (-0.9957133, -0.0652625, -0.06554286), (-0.9786764, -0.19467083, -0.06554286), (-0.9786764, -0.19467083, -0.06554286), (-0.9786764, -0.19467083, -0.06554286), (-0.9786764, -0.19467083, -0.06554286), (-0.944894, -0.3207483, -0.06554286), (-0.944894, -0.3207483, -0.06554286), (-0.944894, -0.3207483, -0.06554286), (-0.944894, -0.3207483, -0.06554286), (-0.89494425, -0.44133767, -0.06554286), (-0.89494425, -0.44133767, -0.06554286), (-0.89494425, -0.44133767, -0.06554286), (-0.89494425, -0.44133767, -0.06554286), (-0.82968175, -0.55437565, -0.06554286), (-0.82968175, -0.55437565, -0.06554286), (-0.82968175, -0.55437565, -0.06554286), (-0.82968175, -0.55437565, -0.06554286), (-0.75022316, -0.65792805, -0.06554286), (-0.75022316, -0.65792805, -0.06554286), (-0.75022316, -0.65792805, -0.06554286), (-0.75022316, -0.65792805, -0.06554286), (-0.65792805, -0.75022316, -0.06554286), (-0.65792805, -0.75022316, -0.06554286), (-0.65792805, -0.75022316, -0.06554286), (-0.65792805, -0.75022316, -0.06554286), (-0.55437565, -0.82968175, -0.06554286), (-0.55437565, -0.82968175, -0.06554286), (-0.55437565, -0.82968175, -0.06554286), (-0.55437565, -0.82968175, -0.06554286), (-0.44133767, -0.89494425, -0.06554286), (-0.44133767, -0.89494425, -0.06554286), (-0.44133767, -0.89494425, -0.06554286), (-0.44133767, -0.89494425, -0.06554286), (-0.3207483, -0.944894, -0.06554286), (-0.3207483, -0.944894, -0.06554286), (-0.3207483, -0.944894, -0.06554286), (-0.3207483, -0.944894, -0.06554286), (-0.19467083, -0.9786764, -0.06554286), (-0.19467083, -0.9786764, -0.06554286), (-0.19467083, -0.9786764, -0.06554286), (-0.19467083, -0.9786764, -0.06554286), (-0.0652625, -0.9957133, -0.06554286), (-0.0652625, -0.9957133, -0.06554286), (-0.0652625, -0.9957133, -0.06554286), (-0.0652625, -0.9957133, -0.06554286)] (
                interpolation = "faceVarying"
            )
            point3f[] points = [(0.034074172, -0.25881904, 3.9828897), (-4.7954545e-17, -0.26105237, 3.9828897), (0, 0, 4), (0.06756533, -0.25215724, 3.9828897), (0.034074172, -0.25881904, 3.9828897), (0, 0, 4), (0.099900424, -0.24118096, 3.9828897), (0.06756533, -0.25215724, 3.9828897), (0, 0, 4), (0.13052619, -0.226078, 3.9828897), (0.099900424, -0.24118096, 3.9828897), (0, 0, 4), (0.15891862, -0.20710678, 3.9828897), (0.13052619, -0.226078, 3.9828897), (0, 0, 4), (0.1845919, -0.1845919, 3.9828897), (0.15891862, -0.20710678, 3.9828897), (0, 0, 4), (0.20710678, -0.15891862, 3.9828897), (0.1845919, -0.1845919, 3.9828897), (0, 0, 4), (0.226078, -0.13052619, 3.9828897), (0.20710678, -0.15891862, 3.9828897), (0, 0, 4), (0.24118096, -0.099900424, 3.9828897), (0.226078, -0.13052619, 3.9828897), (0, 0, 4), (0.25215724, -0.06756533, 3.9828897), (0.24118096, -0.099900424, 3.9828897), (0, 0, 4), (0.25881904, -0.034074172, 3.9828897), (0.25215724, -0.06756533, 3.9828897), (0, 0, 4), (0.26105237, -6.3939394e-17, 3.9828897), (0.25881904, -0.034074172, 3.9828897), (0, 0, 4), (0.034074172, -0.25881904, 3.9828897), (0.06756533, -0.51320964, 3.9318516), (-9.5088574e-17, -0.5176381, 3.9318516), (-4.7954545e-17, -0.26105237, 3.9828897), (0.06756533, -0.25215724, 3.9828897), (0.1339746, -0.5, 3.9318516), (0.06756533, -0.51320964, 3.9318516), (0.034074172, -0.25881904, 3.9828897), (0.099900424, -0.24118096, 3.9828897), (0.19809152, -0.47823524, 3.9318516), (0.1339746, -0.5, 3.9318516), (0.06756533, -0.25215724, 3.9828897), (0.13052619, -0.226078, 3.9828897), (0.25881904, -0.44828773, 3.9318516), (0.19809152, -0.47823524, 3.9318516), (0.099900424, -0.24118096, 3.9828897), (0.15891862, -0.20710678, 3.9828897), (0.3151181, -0.4106699, 3.9318516), (0.25881904, -0.44828773, 3.9318516), (0.13052619, -0.226078, 3.9828897), (0.1845919, -0.1845919, 3.9828897), (0.36602542, -0.36602542, 3.9318516), (0.3151181, -0.4106699, 3.9318516), (0.15891862, -0.20710678, 3.9828897), (0.20710678, -0.15891862, 3.9828897), (0.4106699, -0.3151181, 3.9318516), (0.36602542, -0.36602542, 3.9318516), (0.1845919, -0.1845919, 3.9828897), (0.226078, -0.13052619, 3.9828897), (0.44828773, -0.25881904, 3.9318516), (0.4106699, -0.3151181, 3.9318516), (0.20710678, -0.15891862, 3.9828897), (0.24118096, -0.099900424, 3.9828897), (0.47823524, -0.19809152, 3.9318516), (0.44828773, -0.25881904, 3.9318516), (0.226078, -0.13052619, 3.9828897), (0.25215724, -0.06756533, 3.9828897), (0.5, -0.1339746, 3.9318516), (0.47823524, -0.19809152, 3.9318516), (0.24118096, -0.099900424, 3.9828897), (0.25881904, -0.034074172, 3.9828897), (0.51320964, -0.06756533, 3.9318516), (0.5, -0.1339746, 3.9318516), (0.25215724, -0.06756533, 3.9828897), (0.26105237, -6.3939394e-17, 3.9828897), (0.5176381, -1.2678477e-16, 3.9318516), (0.51320964, -0.06756533, 3.9318516), (0.25881904, -0.034074172, 3.9828897), (0.06756533, -0.51320964, 3.9318516), (0.099900424, -0.75881904, 3.847759), (-1.4059561e-16, -0.76536685, 3.847759), (-9.5088574e-17, -0.5176381, 3.9318516), (0.1339746, -0.5, 3.9318516), (0.19809152, -0.7392876, 3.847759), (0.099900424, -0.75881904, 3.847759), (0.06756533, -0.51320964, 3.9318516), (0.19809152, -0.47823524, 3.9318516), (0.29289323, -0.70710677, 3.847759), (0.19809152, -0.7392876, 3.847759), (0.1339746, -0.5, 3.9318516), (0.25881904, -0.44828773, 3.9318516), (0.38268343, -0.66282713, 3.847759), (0.29289323, -0.70710677, 3.847759), (0.19809152, -0.47823524, 3.9318516), (0.3151181, -0.4106699, 3.9318516), (0.4659258, -0.60720634, 3.847759), (0.38268343, -0.66282713, 3.847759), (0.25881904, -0.44828773, 3.9318516), (0.36602542, -0.36602542, 3.9318516), (0.5411961, -0.5411961, 3.847759), (0.4659258, -0.60720634, 3.847759), (0.3151181, -0.4106699, 3.9318516), (0.4106699, -0.3151181, 3.9318516), (0.60720634, -0.4659258, 3.847759), (0.5411961, -0.5411961, 3.847759), (0.36602542, -0.36602542, 3.9318516), (0.44828773, -0.25881904, 3.9318516), (0.66282713, -0.38268343, 3.847759), (0.60720634, -0.4659258, 3.847759), (0.4106699, -0.3151181, 3.9318516), (0.47823524, -0.19809152, 3.9318516), (0.70710677, -0.29289323, 3.847759), (0.66282713, -0.38268343, 3.847759), (0.44828773, -0.25881904, 3.9318516), (0.5, -0.1339746, 3.9318516), (0.7392876, -0.19809152, 3.847759), (0.70710677, -0.29289323, 3.847759), (0.47823524, -0.19809152, 3.9318516), (0.51320964, -0.06756533, 3.9318516), (0.75881904, -0.099900424, 3.847759), (0.7392876, -0.19809152, 3.847759), (0.5, -0.1339746, 3.9318516), (0.5176381, -1.2678477e-16, 3.9318516), (0.76536685, -1.8746082e-16, 3.847759), (0.75881904, -0.099900424, 3.847759), (0.51320964, -0.06756533, 3.9318516), (0.099900424, -0.75881904, 3.847759), (0.13052619, -0.9914449, 3.732051), (-1.8369701e-16, -1, 3.732051), (-1.4059561e-16, -0.76536685, 3.847759), (0.19809152, -0.7392876, 3.847759), (0.25881904, -0.9659258, 3.732051), (0.13052619, -0.9914449, 3.732051), (0.099900424, -0.75881904, 3.847759), (0.29289323, -0.70710677, 3.847759), (0.38268343, -0.9238795, 3.732051), (0.25881904, -0.9659258, 3.732051), (0.19809152, -0.7392876, 3.847759), (0.38268343, -0.66282713, 3.847759), (0.5, -0.8660254, 3.732051), (0.38268343, -0.9238795, 3.732051), (0.29289323, -0.70710677, 3.847759), (0.4659258, -0.60720634, 3.847759), (0.6087614, -0.7933533, 3.732051), (0.5, -0.8660254, 3.732051), (0.38268343, -0.66282713, 3.847759), (0.5411961, -0.5411961, 3.847759), (0.70710677, -0.70710677, 3.732051), (0.6087614, -0.7933533, 3.732051), (0.4659258, -0.60720634, 3.847759), (0.60720634, -0.4659258, 3.847759), (0.7933533, -0.6087614, 3.732051), (0.70710677, -0.70710677, 3.732051), (0.5411961, -0.5411961, 3.847759), (0.66282713, -0.38268343, 3.847759), (0.8660254, -0.5, 3.732051), (0.7933533, -0.6087614, 3.732051), (0.60720634, -0.4659258, 3.847759), (0.70710677, -0.29289323, 3.847759), (0.9238795, -0.38268343, 3.732051), (0.8660254, -0.5, 3.732051), (0.66282713, -0.38268343, 3.847759), (0.7392876, -0.19809152, 3.847759), (0.9659258, -0.25881904, 3.732051), (0.9238795, -0.38268343, 3.732051), (0.70710677, -0.29289323, 3.847759), (0.75881904, -0.099900424, 3.847759), (0.9914449, -0.13052619, 3.732051), (0.9659258, -0.25881904, 3.732051), (0.7392876, -0.19809152, 3.847759), (0.76536685, -1.8746082e-16, 3.847759), (1, -2.4492937e-16, 3.732051), (0.9914449, -0.13052619, 3.732051), (0.75881904, -0.099900424, 3.847759), (0.13052619, -0.9914449, 3.732051), (0.15891862, -1.2071068, 3.5867066), (-2.2365532e-16, -1.2175229, 3.5867066), (-1.8369701e-16, -1, 3.732051), (0.25881904, -0.9659258, 3.732051), (0.3151181, -1.1760367, 3.5867066), (0.15891862, -1.2071068, 3.5867066), (0.13052619, -0.9914449, 3.732051), (0.38268343, -0.9238795, 3.732051), (0.4659258, -1.1248444, 3.5867066), (0.3151181, -1.1760367, 3.5867066), (0.25881904, -0.9659258, 3.732051), (0.5, -0.8660254, 3.732051), (0.6087614, -1.0544057, 3.5867066), (0.4659258, -1.1248444, 3.5867066), (0.38268343, -0.9238795, 3.732051), (0.6087614, -0.7933533, 3.732051), (0.74118096, -0.9659258, 3.5867066), (0.6087614, -1.0544057, 3.5867066), (0.5, -0.8660254, 3.732051), (0.70710677, -0.70710677, 3.732051), (0.86091864, -0.86091864, 3.5867066), (0.74118096, -0.9659258, 3.5867066), (0.6087614, -0.7933533, 3.732051), (0.7933533, -0.6087614, 3.732051), (0.9659258, -0.74118096, 3.5867066), (0.86091864, -0.86091864, 3.5867066), (0.70710677, -0.70710677, 3.732051), (0.8660254, -0.5, 3.732051), (1.0544057, -0.6087614, 3.5867066), (0.9659258, -0.74118096, 3.5867066), (0.7933533, -0.6087614, 3.732051), (0.9238795, -0.38268343, 3.732051), (1.1248444, -0.4659258, 3.5867066), (1.0544057, -0.6087614, 3.5867066), (0.8660254, -0.5, 3.732051), (0.9659258, -0.25881904, 3.732051), (1.1760367, -0.3151181, 3.5867066), (1.1248444, -0.4659258, 3.5867066), (0.9238795, -0.38268343, 3.732051), (0.9914449, -0.13052619, 3.732051), (1.2071068, -0.15891862, 3.5867066), (1.1760367, -0.3151181, 3.5867066), (0.9659258, -0.25881904, 3.732051), (1, -2.4492937e-16, 3.732051), (1.2175229, -2.9820708e-16, 3.5867066), (1.2071068, -0.15891862, 3.5867066), (0.9914449, -0.13052619, 3.732051), (0.15891862, -1.2071068, 3.5867066), (0.1845919, -1.4021147, 3.4142137), (-2.597868e-16, -1.4142135, 3.4142137), (-2.2365532e-16, -1.2175229, 3.5867066), (0.3151181, -1.1760367, 3.5867066), (0.36602542, -1.3660254, 3.4142137), (0.1845919, -1.4021147, 3.4142137), (0.15891862, -1.2071068, 3.5867066), (0.4659258, -1.1248444, 3.5867066), (0.5411961, -1.306563, 3.4142137), (0.36602542, -1.3660254, 3.4142137), (0.3151181, -1.1760367, 3.5867066), (0.6087614, -1.0544057, 3.5867066), (0.70710677, -1.2247449, 3.4142137), (0.5411961, -1.306563, 3.4142137), (0.4659258, -1.1248444, 3.5867066), (0.74118096, -0.9659258, 3.5867066), (0.86091864, -1.121971, 3.4142137), (0.70710677, -1.2247449, 3.4142137), (0.6087614, -1.0544057, 3.5867066), (0.86091864, -0.86091864, 3.5867066), (1, -1, 3.4142137), (0.86091864, -1.121971, 3.4142137), (0.74118096, -0.9659258, 3.5867066), (0.9659258, -0.74118096, 3.5867066), (1.121971, -0.86091864, 3.4142137), (1, -1, 3.4142137), (0.86091864, -0.86091864, 3.5867066), (1.0544057, -0.6087614, 3.5867066), (1.2247449, -0.70710677, 3.4142137), (1.121971, -0.86091864, 3.4142137), (0.9659258, -0.74118096, 3.5867066), (1.1248444, -0.4659258, 3.5867066), (1.306563, -0.5411961, 3.4142137), (1.2247449, -0.70710677, 3.4142137), (1.0544057, -0.6087614, 3.5867066), (1.1760367, -0.3151181, 3.5867066), (1.3660254, -0.36602542, 3.4142137), (1.306563, -0.5411961, 3.4142137), (1.1248444, -0.4659258, 3.5867066), (1.2071068, -0.15891862, 3.5867066), (1.4021147, -0.1845919, 3.4142137), (1.3660254, -0.36602542, 3.4142137), (1.1760367, -0.3151181, 3.5867066), (1.2175229, -2.9820708e-16, 3.5867066), (1.4142135, -3.4638242e-16, 3.4142137), (1.4021147, -0.1845919, 3.4142137), (1.2071068, -0.15891862, 3.5867066), (0.1845919, -1.4021147, 3.4142137), (0.20710678, -1.5731322, 3.2175229), (-2.914733e-16, -1.5867066, 3.2175229), (-2.597868e-16, -1.4142135, 3.4142137), (0.36602542, -1.3660254, 3.4142137), (0.4106699, -1.5326409, 3.2175229), (0.20710678, -1.5731322, 3.2175229), (0.1845919, -1.4021147, 3.4142137), (0.5411961, -1.306563, 3.4142137), (0.60720634, -1.4659258, 3.2175229), (0.4106699, -1.5326409, 3.2175229), (0.36602542, -1.3660254, 3.4142137), (0.70710677, -1.2247449, 3.4142137), (0.7933533, -1.3741283, 3.2175229), (0.60720634, -1.4659258, 3.2175229), (0.5411961, -1.306563, 3.4142137), (0.86091864, -1.121971, 3.4142137), (0.9659258, -1.2588191, 3.2175229), (0.7933533, -1.3741283, 3.2175229), (0.70710677, -1.2247449, 3.4142137), (1, -1, 3.4142137), (1.121971, -1.121971, 3.2175229), (0.9659258, -1.2588191, 3.2175229), (0.86091864, -1.121971, 3.4142137), (1.121971, -0.86091864, 3.4142137), (1.2588191, -0.9659258, 3.2175229), (1.121971, -1.121971, 3.2175229), (1, -1, 3.4142137), (1.2247449, -0.70710677, 3.4142137), (1.3741283, -0.7933533, 3.2175229), (1.2588191, -0.9659258, 3.2175229), (1.121971, -0.86091864, 3.4142137), (1.306563, -0.5411961, 3.4142137), (1.4659258, -0.60720634, 3.2175229), (1.3741283, -0.7933533, 3.2175229), (1.2247449, -0.70710677, 3.4142137), (1.3660254, -0.36602542, 3.4142137), (1.5326409, -0.4106699, 3.2175229), (1.4659258, -0.60720634, 3.2175229), (1.306563, -0.5411961, 3.4142137), (1.4021147, -0.1845919, 3.4142137), (1.5731322, -0.20710678, 3.2175229), (1.5326409, -0.4106699, 3.2175229), (1.3660254, -0.36602542, 3.4142137), (1.4142135, -3.4638242e-16, 3.4142137), (1.5867066, -3.8863105e-16, 3.2175229), (1.5731322, -0.20710678, 3.2175229), (1.4021147, -0.1845919, 3.4142137), (0.20710678, -1.5731322, 3.2175229), (0.226078, -1.7172328, 3), (-3.1817257e-16, -1.7320508, 3), (-2.914733e-16, -1.5867066, 3.2175229), (0.4106699, -1.5326409, 3.2175229), (0.44828773, -1.6730326, 3), (0.226078, -1.7172328, 3), (0.20710678, -1.5731322, 3.2175229), (0.60720634, -1.4659258, 3.2175229), (0.66282713, -1.6002063, 3), (0.44828773, -1.6730326, 3), (0.4106699, -1.5326409, 3.2175229), (0.7933533, -1.3741283, 3.2175229), (0.8660254, -1.5, 3), (0.66282713, -1.6002063, 3), (0.60720634, -1.4659258, 3.2175229), (0.9659258, -1.2588191, 3.2175229), (1.0544057, -1.3741283, 3), (0.8660254, -1.5, 3), (0.7933533, -1.3741283, 3.2175229), (1.121971, -1.121971, 3.2175229), (1.2247449, -1.2247449, 3), (1.0544057, -1.3741283, 3), (0.9659258, -1.2588191, 3.2175229), (1.2588191, -0.9659258, 3.2175229), (1.3741283, -1.0544057, 3), (1.2247449, -1.2247449, 3), (1.121971, -1.121971, 3.2175229), (1.3741283, -0.7933533, 3.2175229), (1.5, -0.8660254, 3), (1.3741283, -1.0544057, 3), (1.2588191, -0.9659258, 3.2175229), (1.4659258, -0.60720634, 3.2175229), (1.6002063, -0.66282713, 3), (1.5, -0.8660254, 3), (1.3741283, -0.7933533, 3.2175229), (1.5326409, -0.4106699, 3.2175229), (1.6730326, -0.44828773, 3), (1.6002063, -0.66282713, 3), (1.4659258, -0.60720634, 3.2175229), (1.5731322, -0.20710678, 3.2175229), (1.7172328, -0.226078, 3), (1.6730326, -0.44828773, 3), (1.5326409, -0.4106699, 3.2175229), (1.5867066, -3.8863105e-16, 3.2175229), (1.7320508, -4.242301e-16, 3), (1.7172328, -0.226078, 3), (1.5731322, -0.20710678, 3.2175229), (0.226078, -1.7172328, 3), (0.24118096, -1.8319513, 2.7653668), (-3.3942783e-16, -1.847759, 2.7653668), (-3.1817257e-16, -1.7320508, 3), (0.44828773, -1.6730326, 3), (0.47823524, -1.7847981, 2.7653668), (0.24118096, -1.8319513, 2.7653668), (0.226078, -1.7172328, 3), (0.66282713, -1.6002063, 3), (0.70710677, -1.7071068, 2.7653668), (0.47823524, -1.7847981, 2.7653668), (0.44828773, -1.6730326, 3), (0.8660254, -1.5, 3), (0.9238795, -1.6002063, 2.7653668), (0.70710677, -1.7071068, 2.7653668), (0.66282713, -1.6002063, 3), (1.0544057, -1.3741283, 3), (1.1248444, -1.4659258, 2.7653668), (0.9238795, -1.6002063, 2.7653668), (0.8660254, -1.5, 3), (1.2247449, -1.2247449, 3), (1.306563, -1.306563, 2.7653668), (1.1248444, -1.4659258, 2.7653668), (1.0544057, -1.3741283, 3), (1.3741283, -1.0544057, 3), (1.4659258, -1.1248444, 2.7653668), (1.306563, -1.306563, 2.7653668), (1.2247449, -1.2247449, 3), (1.5, -0.8660254, 3), (1.6002063, -0.9238795, 2.7653668), (1.4659258, -1.1248444, 2.7653668), (1.3741283, -1.0544057, 3), (1.6002063, -0.66282713, 3), (1.7071068, -0.70710677, 2.7653668), (1.6002063, -0.9238795, 2.7653668), (1.5, -0.8660254, 3), (1.6730326, -0.44828773, 3), (1.7847981, -0.47823524, 2.7653668), (1.7071068, -0.70710677, 2.7653668), (1.6002063, -0.66282713, 3), (1.7172328, -0.226078, 3), (1.8319513, -0.24118096, 2.7653668), (1.7847981, -0.47823524, 2.7653668), (1.6730326, -0.44828773, 3), (1.7320508, -4.242301e-16, 3), (1.847759, -4.5257044e-16, 2.7653668), (1.8319513, -0.24118096, 2.7653668), (1.7172328, -0.226078, 3), (0.24118096, -1.8319513, 2.7653668), (0.25215724, -1.9153244, 2.5176382), (-3.5487539e-16, -1.9318516, 2.5176382), (-3.3942783e-16, -1.847759, 2.7653668), (0.47823524, -1.7847981, 2.7653668), (0.5, -1.8660254, 2.5176382), (0.25215724, -1.9153244, 2.5176382), (0.24118096, -1.8319513, 2.7653668), (0.70710677, -1.7071068, 2.7653668), (0.7392876, -1.7847981, 2.5176382), (0.5, -1.8660254, 2.5176382), (0.47823524, -1.7847981, 2.7653668), (0.9238795, -1.6002063, 2.7653668), (0.9659258, -1.6730326, 2.5176382), (0.7392876, -1.7847981, 2.5176382), (0.70710677, -1.7071068, 2.7653668), (1.1248444, -1.4659258, 2.7653668), (1.1760367, -1.5326409, 2.5176382), (0.9659258, -1.6730326, 2.5176382), (0.9238795, -1.6002063, 2.7653668), (1.306563, -1.306563, 2.7653668), (1.3660254, -1.3660254, 2.5176382), (1.1760367, -1.5326409, 2.5176382), (1.1248444, -1.4659258, 2.7653668), (1.4659258, -1.1248444, 2.7653668), (1.5326409, -1.1760367, 2.5176382), (1.3660254, -1.3660254, 2.5176382), (1.306563, -1.306563, 2.7653668), (1.6002063, -0.9238795, 2.7653668), (1.6730326, -0.9659258, 2.5176382), (1.5326409, -1.1760367, 2.5176382), (1.4659258, -1.1248444, 2.7653668), (1.7071068, -0.70710677, 2.7653668), (1.7847981, -0.7392876, 2.5176382), (1.6730326, -0.9659258, 2.5176382), (1.6002063, -0.9238795, 2.7653668), (1.7847981, -0.47823524, 2.7653668), (1.8660254, -0.5, 2.5176382), (1.7847981, -0.7392876, 2.5176382), (1.7071068, -0.70710677, 2.7653668), (1.8319513, -0.24118096, 2.7653668), (1.9153244, -0.25215724, 2.5176382), (1.8660254, -0.5, 2.5176382), (1.7847981, -0.47823524, 2.7653668), (1.847759, -4.5257044e-16, 2.7653668), (1.9318516, -4.7316716e-16, 2.5176382), (1.9153244, -0.25215724, 2.5176382), (1.8319513, -0.24118096, 2.7653668), (0.25215724, -1.9153244, 2.5176382), (0.25881904, -1.9659258, 2.2610524), (-3.6425093e-16, -1.9828898, 2.2610524), (-3.5487539e-16, -1.9318516, 2.5176382), (0.5, -1.8660254, 2.5176382), (0.51320964, -1.9153244, 2.2610524), (0.25881904, -1.9659258, 2.2610524), (0.25215724, -1.9153244, 2.5176382), (0.7392876, -1.7847981, 2.5176382), (0.75881904, -1.8319513, 2.2610524), (0.51320964, -1.9153244, 2.2610524), (0.5, -1.8660254, 2.5176382), (0.9659258, -1.6730326, 2.5176382), (0.9914449, -1.7172328, 2.2610524), (0.75881904, -1.8319513, 2.2610524), (0.7392876, -1.7847981, 2.5176382), (1.1760367, -1.5326409, 2.5176382), (1.2071068, -1.5731322, 2.2610524), (0.9914449, -1.7172328, 2.2610524), (0.9659258, -1.6730326, 2.5176382), (1.3660254, -1.3660254, 2.5176382), (1.4021147, -1.4021147, 2.2610524), (1.2071068, -1.5731322, 2.2610524), (1.1760367, -1.5326409, 2.5176382), (1.5326409, -1.1760367, 2.5176382), (1.5731322, -1.2071068, 2.2610524), (1.4021147, -1.4021147, 2.2610524), (1.3660254, -1.3660254, 2.5176382), (1.6730326, -0.9659258, 2.5176382), (1.7172328, -0.9914449, 2.2610524), (1.5731322, -1.2071068, 2.2610524), (1.5326409, -1.1760367, 2.5176382), (1.7847981, -0.7392876, 2.5176382), (1.8319513, -0.75881904, 2.2610524), (1.7172328, -0.9914449, 2.2610524), (1.6730326, -0.9659258, 2.5176382), (1.8660254, -0.5, 2.5176382), (1.9153244, -0.51320964, 2.2610524), (1.8319513, -0.75881904, 2.2610524), (1.7847981, -0.7392876, 2.5176382), (1.9153244, -0.25215724, 2.5176382), (1.9659258, -0.25881904, 2.2610524), (1.9153244, -0.51320964, 2.2610524), (1.8660254, -0.5, 2.5176382), (1.9318516, -4.7316716e-16, 2.5176382), (1.9828898, -4.856679e-16, 2.2610524), (1.9659258, -0.25881904, 2.2610524), (1.9153244, -0.25215724, 2.5176382), (0.25881904, -1.9659258, 2.2610524), (0.26105237, -1.9828898, 2), (-3.6739403e-16, -2, 2), (-3.6425093e-16, -1.9828898, 2.2610524), (0.51320964, -1.9153244, 2.2610524), (0.5176381, -1.9318516, 2), (0.26105237, -1.9828898, 2), (0.25881904, -1.9659258, 2.2610524), (0.75881904, -1.8319513, 2.2610524), (0.76536685, -1.847759, 2), (0.5176381, -1.9318516, 2), (0.51320964, -1.9153244, 2.2610524), (0.9914449, -1.7172328, 2.2610524), (1, -1.7320508, 2), (0.76536685, -1.847759, 2), (0.75881904, -1.8319513, 2.2610524), (1.2071068, -1.5731322, 2.2610524), (1.2175229, -1.5867066, 2), (1, -1.7320508, 2), (0.9914449, -1.7172328, 2.2610524), (1.4021147, -1.4021147, 2.2610524), (1.4142135, -1.4142135, 2), (1.2175229, -1.5867066, 2), (1.2071068, -1.5731322, 2.2610524), (1.5731322, -1.2071068, 2.2610524), (1.5867066, -1.2175229, 2), (1.4142135, -1.4142135, 2), (1.4021147, -1.4021147, 2.2610524), (1.7172328, -0.9914449, 2.2610524), (1.7320508, -1, 2), (1.5867066, -1.2175229, 2), (1.5731322, -1.2071068, 2.2610524), (1.8319513, -0.75881904, 2.2610524), (1.847759, -0.76536685, 2), (1.7320508, -1, 2), (1.7172328, -0.9914449, 2.2610524), (1.9153244, -0.51320964, 2.2610524), (1.9318516, -0.5176381, 2), (1.847759, -0.76536685, 2), (1.8319513, -0.75881904, 2.2610524), (1.9659258, -0.25881904, 2.2610524), (1.9828898, -0.26105237, 2), (1.9318516, -0.5176381, 2), (1.9153244, -0.51320964, 2.2610524), (1.9828898, -4.856679e-16, 2.2610524), (2, -4.8985874e-16, 2), (1.9828898, -0.26105237, 2), (1.9659258, -0.25881904, 2.2610524), (0.25881904, 0.034074172, 3.9828897), (0.26105237, 0, 3.9828897), (0, 0, 4), (0.25215724, 0.06756533, 3.9828897), (0.25881904, 0.034074172, 3.9828897), (0, 0, 4), (0.24118096, 0.099900424, 3.9828897), (0.25215724, 0.06756533, 3.9828897), (0, 0, 4), (0.226078, 0.13052619, 3.9828897), (0.24118096, 0.099900424, 3.9828897), (0, 0, 4), (0.20710678, 0.15891862, 3.9828897), (0.226078, 0.13052619, 3.9828897), (0, 0, 4), (0.1845919, 0.1845919, 3.9828897), (0.20710678, 0.15891862, 3.9828897), (0, 0, 4), (0.15891862, 0.20710678, 3.9828897), (0.1845919, 0.1845919, 3.9828897), (0, 0, 4), (0.13052619, 0.226078, 3.9828897), (0.15891862, 0.20710678, 3.9828897), (0, 0, 4), (0.099900424, 0.24118096, 3.9828897), (0.13052619, 0.226078, 3.9828897), (0, 0, 4), (0.06756533, 0.25215724, 3.9828897), (0.099900424, 0.24118096, 3.9828897), (0, 0, 4), (0.034074172, 0.25881904, 3.9828897), (0.06756533, 0.25215724, 3.9828897), (0, 0, 4), (1.5984848e-17, 0.26105237, 3.9828897), (0.034074172, 0.25881904, 3.9828897), (0, 0, 4), (0.25881904, 0.034074172, 3.9828897), (0.51320964, 0.06756533, 3.9318516), (0.5176381, 0, 3.9318516), (0.26105237, 0, 3.9828897), (0.25215724, 0.06756533, 3.9828897), (0.5, 0.1339746, 3.9318516), (0.51320964, 0.06756533, 3.9318516), (0.25881904, 0.034074172, 3.9828897), (0.24118096, 0.099900424, 3.9828897), (0.47823524, 0.19809152, 3.9318516), (0.5, 0.1339746, 3.9318516), (0.25215724, 0.06756533, 3.9828897), (0.226078, 0.13052619, 3.9828897), (0.44828773, 0.25881904, 3.9318516), (0.47823524, 0.19809152, 3.9318516), (0.24118096, 0.099900424, 3.9828897), (0.20710678, 0.15891862, 3.9828897), (0.4106699, 0.3151181, 3.9318516), (0.44828773, 0.25881904, 3.9318516), (0.226078, 0.13052619, 3.9828897), (0.1845919, 0.1845919, 3.9828897), (0.36602542, 0.36602542, 3.9318516), (0.4106699, 0.3151181, 3.9318516), (0.20710678, 0.15891862, 3.9828897), (0.15891862, 0.20710678, 3.9828897), (0.3151181, 0.4106699, 3.9318516), (0.36602542, 0.36602542, 3.9318516), (0.1845919, 0.1845919, 3.9828897), (0.13052619, 0.226078, 3.9828897), (0.25881904, 0.44828773, 3.9318516), (0.3151181, 0.4106699, 3.9318516), (0.15891862, 0.20710678, 3.9828897), (0.099900424, 0.24118096, 3.9828897), (0.19809152, 0.47823524, 3.9318516), (0.25881904, 0.44828773, 3.9318516), (0.13052619, 0.226078, 3.9828897), (0.06756533, 0.25215724, 3.9828897), (0.1339746, 0.5, 3.9318516), (0.19809152, 0.47823524, 3.9318516), (0.099900424, 0.24118096, 3.9828897), (0.034074172, 0.25881904, 3.9828897), (0.06756533, 0.51320964, 3.9318516), (0.1339746, 0.5, 3.9318516), (0.06756533, 0.25215724, 3.9828897), (1.5984848e-17, 0.26105237, 3.9828897), (3.169619e-17, 0.5176381, 3.9318516), (0.06756533, 0.51320964, 3.9318516), (0.034074172, 0.25881904, 3.9828897), (0.51320964, 0.06756533, 3.9318516), (0.75881904, 0.099900424, 3.847759), (0.76536685, 0, 3.847759), (0.5176381, 0, 3.9318516), (0.5, 0.1339746, 3.9318516), (0.7392876, 0.19809152, 3.847759), (0.75881904, 0.099900424, 3.847759), (0.51320964, 0.06756533, 3.9318516), (0.47823524, 0.19809152, 3.9318516), (0.70710677, 0.29289323, 3.847759), (0.7392876, 0.19809152, 3.847759), (0.5, 0.1339746, 3.9318516), (0.44828773, 0.25881904, 3.9318516), (0.66282713, 0.38268343, 3.847759), (0.70710677, 0.29289323, 3.847759), (0.47823524, 0.19809152, 3.9318516), (0.4106699, 0.3151181, 3.9318516), (0.60720634, 0.4659258, 3.847759), (0.66282713, 0.38268343, 3.847759), (0.44828773, 0.25881904, 3.9318516), (0.36602542, 0.36602542, 3.9318516), (0.5411961, 0.5411961, 3.847759), (0.60720634, 0.4659258, 3.847759), (0.4106699, 0.3151181, 3.9318516), (0.3151181, 0.4106699, 3.9318516), (0.4659258, 0.60720634, 3.847759), (0.5411961, 0.5411961, 3.847759), (0.36602542, 0.36602542, 3.9318516), (0.25881904, 0.44828773, 3.9318516), (0.38268343, 0.66282713, 3.847759), (0.4659258, 0.60720634, 3.847759), (0.3151181, 0.4106699, 3.9318516), (0.19809152, 0.47823524, 3.9318516), (0.29289323, 0.70710677, 3.847759), (0.38268343, 0.66282713, 3.847759), (0.25881904, 0.44828773, 3.9318516), (0.1339746, 0.5, 3.9318516), (0.19809152, 0.7392876, 3.847759), (0.29289323, 0.70710677, 3.847759), (0.19809152, 0.47823524, 3.9318516), (0.06756533, 0.51320964, 3.9318516), (0.099900424, 0.75881904, 3.847759), (0.19809152, 0.7392876, 3.847759), (0.1339746, 0.5, 3.9318516), (3.169619e-17, 0.5176381, 3.9318516), (4.6865205e-17, 0.76536685, 3.847759), (0.099900424, 0.75881904, 3.847759), (0.06756533, 0.51320964, 3.9318516), (0.75881904, 0.099900424, 3.847759), (0.9914449, 0.13052619, 3.732051), (1, 0, 3.732051), (0.76536685, 0, 3.847759), (0.7392876, 0.19809152, 3.847759), (0.9659258, 0.25881904, 3.732051), (0.9914449, 0.13052619, 3.732051), (0.75881904, 0.099900424, 3.847759), (0.70710677, 0.29289323, 3.847759), (0.9238795, 0.38268343, 3.732051), (0.9659258, 0.25881904, 3.732051), (0.7392876, 0.19809152, 3.847759), (0.66282713, 0.38268343, 3.847759), (0.8660254, 0.5, 3.732051), (0.9238795, 0.38268343, 3.732051), (0.70710677, 0.29289323, 3.847759), (0.60720634, 0.4659258, 3.847759), (0.7933533, 0.6087614, 3.732051), (0.8660254, 0.5, 3.732051), (0.66282713, 0.38268343, 3.847759), (0.5411961, 0.5411961, 3.847759), (0.70710677, 0.70710677, 3.732051), (0.7933533, 0.6087614, 3.732051), (0.60720634, 0.4659258, 3.847759), (0.4659258, 0.60720634, 3.847759), (0.6087614, 0.7933533, 3.732051), (0.70710677, 0.70710677, 3.732051), (0.5411961, 0.5411961, 3.847759), (0.38268343, 0.66282713, 3.847759), (0.5, 0.8660254, 3.732051), (0.6087614, 0.7933533, 3.732051), (0.4659258, 0.60720634, 3.847759), (0.29289323, 0.70710677, 3.847759), (0.38268343, 0.9238795, 3.732051), (0.5, 0.8660254, 3.732051), (0.38268343, 0.66282713, 3.847759), (0.19809152, 0.7392876, 3.847759), (0.25881904, 0.9659258, 3.732051), (0.38268343, 0.9238795, 3.732051), (0.29289323, 0.70710677, 3.847759), (0.099900424, 0.75881904, 3.847759), (0.13052619, 0.9914449, 3.732051), (0.25881904, 0.9659258, 3.732051), (0.19809152, 0.7392876, 3.847759), (4.6865205e-17, 0.76536685, 3.847759), (6.123234e-17, 1, 3.732051), (0.13052619, 0.9914449, 3.732051), (0.099900424, 0.75881904, 3.847759), (0.9914449, 0.13052619, 3.732051), (1.2071068, 0.15891862, 3.5867066), (1.2175229, 0, 3.5867066), (1, 0, 3.732051), (0.9659258, 0.25881904, 3.732051), (1.1760367, 0.3151181, 3.5867066), (1.2071068, 0.15891862, 3.5867066), (0.9914449, 0.13052619, 3.732051), (0.9238795, 0.38268343, 3.732051), (1.1248444, 0.4659258, 3.5867066), (1.1760367, 0.3151181, 3.5867066), (0.9659258, 0.25881904, 3.732051), (0.8660254, 0.5, 3.732051), (1.0544057, 0.6087614, 3.5867066), (1.1248444, 0.4659258, 3.5867066), (0.9238795, 0.38268343, 3.732051), (0.7933533, 0.6087614, 3.732051), (0.9659258, 0.74118096, 3.5867066), (1.0544057, 0.6087614, 3.5867066), (0.8660254, 0.5, 3.732051), (0.70710677, 0.70710677, 3.732051), (0.86091864, 0.86091864, 3.5867066), (0.9659258, 0.74118096, 3.5867066), (0.7933533, 0.6087614, 3.732051), (0.6087614, 0.7933533, 3.732051), (0.74118096, 0.9659258, 3.5867066), (0.86091864, 0.86091864, 3.5867066), (0.70710677, 0.70710677, 3.732051), (0.5, 0.8660254, 3.732051), (0.6087614, 1.0544057, 3.5867066), (0.74118096, 0.9659258, 3.5867066), (0.6087614, 0.7933533, 3.732051), (0.38268343, 0.9238795, 3.732051), (0.4659258, 1.1248444, 3.5867066), (0.6087614, 1.0544057, 3.5867066), (0.5, 0.8660254, 3.732051), (0.25881904, 0.9659258, 3.732051), (0.3151181, 1.1760367, 3.5867066), (0.4659258, 1.1248444, 3.5867066), (0.38268343, 0.9238795, 3.732051), (0.13052619, 0.9914449, 3.732051), (0.15891862, 1.2071068, 3.5867066), (0.3151181, 1.1760367, 3.5867066), (0.25881904, 0.9659258, 3.732051), (6.123234e-17, 1, 3.732051), (7.455177e-17, 1.2175229, 3.5867066), (0.15891862, 1.2071068, 3.5867066), (0.13052619, 0.9914449, 3.732051), (1.2071068, 0.15891862, 3.5867066), (1.4021147, 0.1845919, 3.4142137), (1.4142135, 0, 3.4142137), (1.2175229, 0, 3.5867066), (1.1760367, 0.3151181, 3.5867066), (1.3660254, 0.36602542, 3.4142137), (1.4021147, 0.1845919, 3.4142137), (1.2071068, 0.15891862, 3.5867066), (1.1248444, 0.4659258, 3.5867066), (1.306563, 0.5411961, 3.4142137), (1.3660254, 0.36602542, 3.4142137), (1.1760367, 0.3151181, 3.5867066), (1.0544057, 0.6087614, 3.5867066), (1.2247449, 0.70710677, 3.4142137), (1.306563, 0.5411961, 3.4142137), (1.1248444, 0.4659258, 3.5867066), (0.9659258, 0.74118096, 3.5867066), (1.121971, 0.86091864, 3.4142137), (1.2247449, 0.70710677, 3.4142137), (1.0544057, 0.6087614, 3.5867066), (0.86091864, 0.86091864, 3.5867066), (1, 1, 3.4142137), (1.121971, 0.86091864, 3.4142137), (0.9659258, 0.74118096, 3.5867066), (0.74118096, 0.9659258, 3.5867066), (0.86091864, 1.121971, 3.4142137), (1, 1, 3.4142137), (0.86091864, 0.86091864, 3.5867066), (0.6087614, 1.0544057, 3.5867066), (0.70710677, 1.2247449, 3.4142137), (0.86091864, 1.121971, 3.4142137), (0.74118096, 0.9659258, 3.5867066), (0.4659258, 1.1248444, 3.5867066), (0.5411961, 1.306563, 3.4142137), (0.70710677, 1.2247449, 3.4142137), (0.6087614, 1.0544057, 3.5867066), (0.3151181, 1.1760367, 3.5867066), (0.36602542, 1.3660254, 3.4142137), (0.5411961, 1.306563, 3.4142137), (0.4659258, 1.1248444, 3.5867066), (0.15891862, 1.2071068, 3.5867066), (0.1845919, 1.4021147, 3.4142137), (0.36602542, 1.3660254, 3.4142137), (0.3151181, 1.1760367, 3.5867066), (7.455177e-17, 1.2175229, 3.5867066), (8.6595606e-17, 1.4142135, 3.4142137), (0.1845919, 1.4021147, 3.4142137), (0.15891862, 1.2071068, 3.5867066), (1.4021147, 0.1845919, 3.4142137), (1.5731322, 0.20710678, 3.2175229), (1.5867066, 0, 3.2175229), (1.4142135, 0, 3.4142137), (1.3660254, 0.36602542, 3.4142137), (1.5326409, 0.4106699, 3.2175229), (1.5731322, 0.20710678, 3.2175229), (1.4021147, 0.1845919, 3.4142137), (1.306563, 0.5411961, 3.4142137), (1.4659258, 0.60720634, 3.2175229), (1.5326409, 0.4106699, 3.2175229), (1.3660254, 0.36602542, 3.4142137), (1.2247449, 0.70710677, 3.4142137), (1.3741283, 0.7933533, 3.2175229), (1.4659258, 0.60720634, 3.2175229), (1.306563, 0.5411961, 3.4142137), (1.121971, 0.86091864, 3.4142137), (1.2588191, 0.9659258, 3.2175229), (1.3741283, 0.7933533, 3.2175229), (1.2247449, 0.70710677, 3.4142137), (1, 1, 3.4142137), (1.121971, 1.121971, 3.2175229), (1.2588191, 0.9659258, 3.2175229), (1.121971, 0.86091864, 3.4142137), (0.86091864, 1.121971, 3.4142137), (0.9659258, 1.2588191, 3.2175229), (1.121971, 1.121971, 3.2175229), (1, 1, 3.4142137), (0.70710677, 1.2247449, 3.4142137), (0.7933533, 1.3741283, 3.2175229), (0.9659258, 1.2588191, 3.2175229), (0.86091864, 1.121971, 3.4142137), (0.5411961, 1.306563, 3.4142137), (0.60720634, 1.4659258, 3.2175229), (0.7933533, 1.3741283, 3.2175229), (0.70710677, 1.2247449, 3.4142137), (0.36602542, 1.3660254, 3.4142137), (0.4106699, 1.5326409, 3.2175229), (0.60720634, 1.4659258, 3.2175229), (0.5411961, 1.306563, 3.4142137), (0.1845919, 1.4021147, 3.4142137), (0.20710678, 1.5731322, 3.2175229), (0.4106699, 1.5326409, 3.2175229), (0.36602542, 1.3660254, 3.4142137), (8.6595606e-17, 1.4142135, 3.4142137), (9.715776e-17, 1.5867066, 3.2175229), (0.20710678, 1.5731322, 3.2175229), (0.1845919, 1.4021147, 3.4142137), (1.5731322, 0.20710678, 3.2175229), (1.7172328, 0.226078, 3), (1.7320508, 0, 3), (1.5867066, 0, 3.2175229), (1.5326409, 0.4106699, 3.2175229), (1.6730326, 0.44828773, 3), (1.7172328, 0.226078, 3), (1.5731322, 0.20710678, 3.2175229), (1.4659258, 0.60720634, 3.2175229), (1.6002063, 0.66282713, 3), (1.6730326, 0.44828773, 3), (1.5326409, 0.4106699, 3.2175229), (1.3741283, 0.7933533, 3.2175229), (1.5, 0.8660254, 3), (1.6002063, 0.66282713, 3), (1.4659258, 0.60720634, 3.2175229), (1.2588191, 0.9659258, 3.2175229), (1.3741283, 1.0544057, 3), (1.5, 0.8660254, 3), (1.3741283, 0.7933533, 3.2175229), (1.121971, 1.121971, 3.2175229), (1.2247449, 1.2247449, 3), (1.3741283, 1.0544057, 3), (1.2588191, 0.9659258, 3.2175229), (0.9659258, 1.2588191, 3.2175229), (1.0544057, 1.3741283, 3), (1.2247449, 1.2247449, 3), (1.121971, 1.121971, 3.2175229), (0.7933533, 1.3741283, 3.2175229), (0.8660254, 1.5, 3), (1.0544057, 1.3741283, 3), (0.9659258, 1.2588191, 3.2175229), (0.60720634, 1.4659258, 3.2175229), (0.66282713, 1.6002063, 3), (0.8660254, 1.5, 3), (0.7933533, 1.3741283, 3.2175229), (0.4106699, 1.5326409, 3.2175229), (0.44828773, 1.6730326, 3), (0.66282713, 1.6002063, 3), (0.60720634, 1.4659258, 3.2175229), (0.20710678, 1.5731322, 3.2175229), (0.226078, 1.7172328, 3), (0.44828773, 1.6730326, 3), (0.4106699, 1.5326409, 3.2175229), (9.715776e-17, 1.5867066, 3.2175229), (1.06057525e-16, 1.7320508, 3), (0.226078, 1.7172328, 3), (0.20710678, 1.5731322, 3.2175229), (1.7172328, 0.226078, 3), (1.8319513, 0.24118096, 2.7653668), (1.847759, 0, 2.7653668), (1.7320508, 0, 3), (1.6730326, 0.44828773, 3), (1.7847981, 0.47823524, 2.7653668), (1.8319513, 0.24118096, 2.7653668), (1.7172328, 0.226078, 3), (1.6002063, 0.66282713, 3), (1.7071068, 0.70710677, 2.7653668), (1.7847981, 0.47823524, 2.7653668), (1.6730326, 0.44828773, 3), (1.5, 0.8660254, 3), (1.6002063, 0.9238795, 2.7653668), (1.7071068, 0.70710677, 2.7653668), (1.6002063, 0.66282713, 3), (1.3741283, 1.0544057, 3), (1.4659258, 1.1248444, 2.7653668), (1.6002063, 0.9238795, 2.7653668), (1.5, 0.8660254, 3), (1.2247449, 1.2247449, 3), (1.306563, 1.306563, 2.7653668), (1.4659258, 1.1248444, 2.7653668), (1.3741283, 1.0544057, 3), (1.0544057, 1.3741283, 3), (1.1248444, 1.4659258, 2.7653668), (1.306563, 1.306563, 2.7653668), (1.2247449, 1.2247449, 3), (0.8660254, 1.5, 3), (0.9238795, 1.6002063, 2.7653668), (1.1248444, 1.4659258, 2.7653668), (1.0544057, 1.3741283, 3), (0.66282713, 1.6002063, 3), (0.70710677, 1.7071068, 2.7653668), (0.9238795, 1.6002063, 2.7653668), (0.8660254, 1.5, 3), (0.44828773, 1.6730326, 3), (0.47823524, 1.7847981, 2.7653668), (0.70710677, 1.7071068, 2.7653668), (0.66282713, 1.6002063, 3), (0.226078, 1.7172328, 3), (0.24118096, 1.8319513, 2.7653668), (0.47823524, 1.7847981, 2.7653668), (0.44828773, 1.6730326, 3), (1.06057525e-16, 1.7320508, 3), (1.1314261e-16, 1.847759, 2.7653668), (0.24118096, 1.8319513, 2.7653668), (0.226078, 1.7172328, 3), (1.8319513, 0.24118096, 2.7653668), (1.9153244, 0.25215724, 2.5176382), (1.9318516, 0, 2.5176382), (1.847759, 0, 2.7653668), (1.7847981, 0.47823524, 2.7653668), (1.8660254, 0.5, 2.5176382), (1.9153244, 0.25215724, 2.5176382), (1.8319513, 0.24118096, 2.7653668), (1.7071068, 0.70710677, 2.7653668), (1.7847981, 0.7392876, 2.5176382), (1.8660254, 0.5, 2.5176382), (1.7847981, 0.47823524, 2.7653668), (1.6002063, 0.9238795, 2.7653668), (1.6730326, 0.9659258, 2.5176382), (1.7847981, 0.7392876, 2.5176382), (1.7071068, 0.70710677, 2.7653668), (1.4659258, 1.1248444, 2.7653668), (1.5326409, 1.1760367, 2.5176382), (1.6730326, 0.9659258, 2.5176382), (1.6002063, 0.9238795, 2.7653668), (1.306563, 1.306563, 2.7653668), (1.3660254, 1.3660254, 2.5176382), (1.5326409, 1.1760367, 2.5176382), (1.4659258, 1.1248444, 2.7653668), (1.1248444, 1.4659258, 2.7653668), (1.1760367, 1.5326409, 2.5176382), (1.3660254, 1.3660254, 2.5176382), (1.306563, 1.306563, 2.7653668), (0.9238795, 1.6002063, 2.7653668), (0.9659258, 1.6730326, 2.5176382), (1.1760367, 1.5326409, 2.5176382), (1.1248444, 1.4659258, 2.7653668), (0.70710677, 1.7071068, 2.7653668), (0.7392876, 1.7847981, 2.5176382), (0.9659258, 1.6730326, 2.5176382), (0.9238795, 1.6002063, 2.7653668), (0.47823524, 1.7847981, 2.7653668), (0.5, 1.8660254, 2.5176382), (0.7392876, 1.7847981, 2.5176382), (0.70710677, 1.7071068, 2.7653668), (0.24118096, 1.8319513, 2.7653668), (0.25215724, 1.9153244, 2.5176382), (0.5, 1.8660254, 2.5176382), (0.47823524, 1.7847981, 2.7653668), (1.1314261e-16, 1.847759, 2.7653668), (1.1829179e-16, 1.9318516, 2.5176382), (0.25215724, 1.9153244, 2.5176382), (0.24118096, 1.8319513, 2.7653668), (1.9153244, 0.25215724, 2.5176382), (1.9659258, 0.25881904, 2.2610524), (1.9828898, 0, 2.2610524), (1.9318516, 0, 2.5176382), (1.8660254, 0.5, 2.5176382), (1.9153244, 0.51320964, 2.2610524), (1.9659258, 0.25881904, 2.2610524), (1.9153244, 0.25215724, 2.5176382), (1.7847981, 0.7392876, 2.5176382), (1.8319513, 0.75881904, 2.2610524), (1.9153244, 0.51320964, 2.2610524), (1.8660254, 0.5, 2.5176382), (1.6730326, 0.9659258, 2.5176382), (1.7172328, 0.9914449, 2.2610524), (1.8319513, 0.75881904, 2.2610524), (1.7847981, 0.7392876, 2.5176382), (1.5326409, 1.1760367, 2.5176382), (1.5731322, 1.2071068, 2.2610524), (1.7172328, 0.9914449, 2.2610524), (1.6730326, 0.9659258, 2.5176382), (1.3660254, 1.3660254, 2.5176382), (1.4021147, 1.4021147, 2.2610524), (1.5731322, 1.2071068, 2.2610524), (1.5326409, 1.1760367, 2.5176382), (1.1760367, 1.5326409, 2.5176382), (1.2071068, 1.5731322, 2.2610524), (1.4021147, 1.4021147, 2.2610524), (1.3660254, 1.3660254, 2.5176382), (0.9659258, 1.6730326, 2.5176382), (0.9914449, 1.7172328, 2.2610524), (1.2071068, 1.5731322, 2.2610524), (1.1760367, 1.5326409, 2.5176382), (0.7392876, 1.7847981, 2.5176382), (0.75881904, 1.8319513, 2.2610524), (0.9914449, 1.7172328, 2.2610524), (0.9659258, 1.6730326, 2.5176382), (0.5, 1.8660254, 2.5176382), (0.51320964, 1.9153244, 2.2610524), (0.75881904, 1.8319513, 2.2610524), (0.7392876, 1.7847981, 2.5176382), (0.25215724, 1.9153244, 2.5176382), (0.25881904, 1.9659258, 2.2610524), (0.51320964, 1.9153244, 2.2610524), (0.5, 1.8660254, 2.5176382), (1.1829179e-16, 1.9318516, 2.5176382), (1.2141697e-16, 1.9828898, 2.2610524), (0.25881904, 1.9659258, 2.2610524), (0.25215724, 1.9153244, 2.5176382), (1.9659258, 0.25881904, 2.2610524), (1.9828898, 0.26105237, 2), (2, 0, 2), (1.9828898, 0, 2.2610524), (1.9153244, 0.51320964, 2.2610524), (1.9318516, 0.5176381, 2), (1.9828898, 0.26105237, 2), (1.9659258, 0.25881904, 2.2610524), (1.8319513, 0.75881904, 2.2610524), (1.847759, 0.76536685, 2), (1.9318516, 0.5176381, 2), (1.9153244, 0.51320964, 2.2610524), (1.7172328, 0.9914449, 2.2610524), (1.7320508, 1, 2), (1.847759, 0.76536685, 2), (1.8319513, 0.75881904, 2.2610524), (1.5731322, 1.2071068, 2.2610524), (1.5867066, 1.2175229, 2), (1.7320508, 1, 2), (1.7172328, 0.9914449, 2.2610524), (1.4021147, 1.4021147, 2.2610524), (1.4142135, 1.4142135, 2), (1.5867066, 1.2175229, 2), (1.5731322, 1.2071068, 2.2610524), (1.2071068, 1.5731322, 2.2610524), (1.2175229, 1.5867066, 2), (1.4142135, 1.4142135, 2), (1.4021147, 1.4021147, 2.2610524), (0.9914449, 1.7172328, 2.2610524), (1, 1.7320508, 2), (1.2175229, 1.5867066, 2), (1.2071068, 1.5731322, 2.2610524), (0.75881904, 1.8319513, 2.2610524), (0.76536685, 1.847759, 2), (1, 1.7320508, 2), (0.9914449, 1.7172328, 2.2610524), (0.51320964, 1.9153244, 2.2610524), (0.5176381, 1.9318516, 2), (0.76536685, 1.847759, 2), (0.75881904, 1.8319513, 2.2610524), (0.25881904, 1.9659258, 2.2610524), (0.26105237, 1.9828898, 2), (0.5176381, 1.9318516, 2), (0.51320964, 1.9153244, 2.2610524), (1.2141697e-16, 1.9828898, 2.2610524), (1.2246469e-16, 2, 2), (0.26105237, 1.9828898, 2), (0.25881904, 1.9659258, 2.2610524)]
            texCoord2f[] primvars:st = [(0.034074172, -0.25881904), (-4.7954545e-17, -0.26105237), (0, 0), (0.06756533, -0.25215724), (0.034074172, -0.25881904), (0, 0), (0.099900424, -0.24118096), (0.06756533, -0.25215724), (0, 0), (0.13052619, -0.226078), (0.099900424, -0.24118096), (0, 0), (0.15891862, -0.20710678), (0.13052619, -0.226078), (0, 0), (0.1845919, -0.1845919), (0.15891862, -0.20710678), (0, 0), (0.20710678, -0.15891862), (0.1845919, -0.1845919), (0, 0), (0.226078, -0.13052619), (0.20710678, -0.15891862), (0, 0), (0.24118096, -0.099900424), (0.226078, -0.13052619), (0, 0), (0.25215724, -0.06756533), (0.24118096, -0.099900424), (0, 0), (0.25881904, -0.034074172), (0.25215724, -0.06756533), (0, 0), (0.26105237, -6.3939394e-17), (0.25881904, -0.034074172), (0, 0), (0.034074172, -0.25881904), (0.06756533, -0.51320964), (-9.5088574e-17, -0.5176381), (-4.7954545e-17, -0.26105237), (0.06756533, -0.25215724), (0.1339746, -0.5), (0.06756533, -0.51320964), (0.034074172, -0.25881904), (0.099900424, -0.24118096), (0.19809152, -0.47823524), (0.1339746, -0.5), (0.06756533, -0.25215724), (0.13052619, -0.226078), (0.25881904, -0.44828773), (0.19809152, -0.47823524), (0.099900424, -0.24118096), (0.15891862, -0.20710678), (0.3151181, -0.4106699), (0.25881904, -0.44828773), (0.13052619, -0.226078), (0.1845919, -0.1845919), (0.36602542, -0.36602542), (0.3151181, -0.4106699), (0.15891862, -0.20710678), (0.20710678, -0.15891862), (0.4106699, -0.3151181), (0.36602542, -0.36602542), (0.1845919, -0.1845919), (0.226078, -0.13052619), (0.44828773, -0.25881904), (0.4106699, -0.3151181), (0.20710678, -0.15891862), (0.24118096, -0.099900424), (0.47823524, -0.19809152), (0.44828773, -0.25881904), (0.226078, -0.13052619), (0.25215724, -0.06756533), (0.5, -0.1339746), (0.47823524, -0.19809152), (0.24118096, -0.099900424), (0.25881904, -0.034074172), (0.51320964, -0.06756533), (0.5, -0.1339746), (0.25215724, -0.06756533), (0.26105237, -6.3939394e-17), (0.5176381, -1.2678477e-16), (0.51320964, -0.06756533), (0.25881904, -0.034074172), (0.06756533, -0.51320964), (0.099900424, -0.75881904), (-1.4059561e-16, -0.76536685), (-9.5088574e-17, -0.5176381), (0.1339746, -0.5), (0.19809152, -0.7392876), (0.099900424, -0.75881904), (0.06756533, -0.51320964), (0.19809152, -0.47823524), (0.29289323, -0.70710677), (0.19809152, -0.7392876), (0.1339746, -0.5), (0.25881904, -0.44828773), (0.38268343, -0.66282713), (0.29289323, -0.70710677), (0.19809152, -0.47823524), (0.3151181, -0.4106699), (0.4659258, -0.60720634), (0.38268343, -0.66282713), (0.25881904, -0.44828773), (0.36602542, -0.36602542), (0.5411961, -0.5411961), (0.4659258, -0.60720634), (0.3151181, -0.4106699), (0.4106699, -0.3151181), (0.60720634, -0.4659258), (0.5411961, -0.5411961), (0.36602542, -0.36602542), (0.44828773, -0.25881904), (0.66282713, -0.38268343), (0.60720634, -0.4659258), (0.4106699, -0.3151181), (0.47823524, -0.19809152), (0.70710677, -0.29289323), (0.66282713, -0.38268343), (0.44828773, -0.25881904), (0.5, -0.1339746), (0.7392876, -0.19809152), (0.70710677, -0.29289323), (0.47823524, -0.19809152), (0.51320964, -0.06756533), (0.75881904, -0.099900424), (0.7392876, -0.19809152), (0.5, -0.1339746), (0.5176381, -1.2678477e-16), (0.76536685, -1.8746082e-16), (0.75881904, -0.099900424), (0.51320964, -0.06756533), (0.099900424, -0.75881904), (0.13052619, -0.9914449), (-1.8369701e-16, -1), (-1.4059561e-16, -0.76536685), (0.19809152, -0.7392876), (0.25881904, -0.9659258), (0.13052619, -0.9914449), (0.099900424, -0.75881904), (0.29289323, -0.70710677), (0.38268343, -0.9238795), (0.25881904, -0.9659258), (0.19809152, -0.7392876), (0.38268343, -0.66282713), (0.5, -0.8660254), (0.38268343, -0.9238795), (0.29289323, -0.70710677), (0.4659258, -0.60720634), (0.6087614, -0.7933533), (0.5, -0.8660254), (0.38268343, -0.66282713), (0.5411961, -0.5411961), (0.70710677, -0.70710677), (0.6087614, -0.7933533), (0.4659258, -0.60720634), (0.60720634, -0.4659258), (0.7933533, -0.6087614), (0.70710677, -0.70710677), (0.5411961, -0.5411961), (0.66282713, -0.38268343), (0.8660254, -0.5), (0.7933533, -0.6087614), (0.60720634, -0.4659258), (0.70710677, -0.29289323), (0.9238795, -0.38268343), (0.8660254, -0.5), (0.66282713, -0.38268343), (0.7392876, -0.19809152), (0.9659258, -0.25881904), (0.9238795, -0.38268343), (0.70710677, -0.29289323), (0.75881904, -0.099900424), (0.9914449, -0.13052619), (0.9659258, -0.25881904), (0.7392876, -0.19809152), (0.76536685, -1.8746082e-16), (1, -2.4492937e-16), (0.9914449, -0.13052619), (0.75881904, -0.099900424), (0.13052619, -0.9914449), (0.15891862, -1.2071068), (-2.2365532e-16, -1.2175229), (-1.8369701e-16, -1), (0.25881904, -0.9659258), (0.3151181, -1.1760367), (0.15891862, -1.2071068), (0.13052619, -0.9914449), (0.38268343, -0.9238795), (0.4659258, -1.1248444), (0.3151181, -1.1760367), (0.25881904, -0.9659258), (0.5, -0.8660254), (0.6087614, -1.0544057), (0.4659258, -1.1248444), (0.38268343, -0.9238795), (0.6087614, -0.7933533), (0.74118096, -0.9659258), (0.6087614, -1.0544057), (0.5, -0.8660254), (0.70710677, -0.70710677), (0.86091864, -0.86091864), (0.74118096, -0.9659258), (0.6087614, -0.7933533), (0.7933533, -0.6087614), (0.9659258, -0.74118096), (0.86091864, -0.86091864), (0.70710677, -0.70710677), (0.8660254, -0.5), (1.0544057, -0.6087614), (0.9659258, -0.74118096), (0.7933533, -0.6087614), (0.9238795, -0.38268343), (1.1248444, -0.4659258), (1.0544057, -0.6087614), (0.8660254, -0.5), (0.9659258, -0.25881904), (1.1760367, -0.3151181), (1.1248444, -0.4659258), (0.9238795, -0.38268343), (0.9914449, -0.13052619), (1.2071068, -0.15891862), (1.1760367, -0.3151181), (0.9659258, -0.25881904), (1, -2.4492937e-16), (1.2175229, -2.9820708e-16), (1.2071068, -0.15891862), (0.9914449, -0.13052619), (0.15891862, -1.2071068), (0.1845919, -1.4021147), (-2.597868e-16, -1.4142135), (-2.2365532e-16, -1.2175229), (0.3151181, -1.1760367), (0.36602542, -1.3660254), (0.1845919, -1.4021147), (0.15891862, -1.2071068), (0.4659258, -1.1248444), (0.5411961, -1.306563), (0.36602542, -1.3660254), (0.3151181, -1.1760367), (0.6087614, -1.0544057), (0.70710677, -1.2247449), (0.5411961, -1.306563), (0.4659258, -1.1248444), (0.74118096, -0.9659258), (0.86091864, -1.121971), (0.70710677, -1.2247449), (0.6087614, -1.0544057), (0.86091864, -0.86091864), (1, -1), (0.86091864, -1.121971), (0.74118096, -0.9659258), (0.9659258, -0.74118096), (1.121971, -0.86091864), (1, -1), (0.86091864, -0.86091864), (1.0544057, -0.6087614), (1.2247449, -0.70710677), (1.121971, -0.86091864), (0.9659258, -0.74118096), (1.1248444, -0.4659258), (1.306563, -0.5411961), (1.2247449, -0.70710677), (1.0544057, -0.6087614), (1.1760367, -0.3151181), (1.3660254, -0.36602542), (1.306563, -0.5411961), (1.1248444, -0.4659258), (1.2071068, -0.15891862), (1.4021147, -0.1845919), (1.3660254, -0.36602542), (1.1760367, -0.3151181), (1.2175229, -2.9820708e-16), (1.4142135, -3.4638242e-16), (1.4021147, -0.1845919), (1.2071068, -0.15891862), (0.1845919, 3.4142137), (0.20710678, 3.2175229), (-2.914733e-16, 3.2175229), (-2.597868e-16, 3.4142137), (0.36602542, 3.4142137), (0.4106699, 3.2175229), (0.20710678, 3.2175229), (0.1845919, 3.4142137), (0.5411961, 3.4142137), (0.60720634, 3.2175229), (0.4106699, 3.2175229), (0.36602542, 3.4142137), (0.70710677, 3.4142137), (0.7933533, 3.2175229), (0.60720634, 3.2175229), (0.5411961, 3.4142137), (0.86091864, -1.121971), (0.9659258, -1.2588191), (0.7933533, -1.3741283), (0.70710677, -1.2247449), (1, -1), (1.121971, -1.121971), (0.9659258, -1.2588191), (0.86091864, -1.121971), (1.121971, -0.86091864), (1.2588191, -0.9659258), (1.121971, -1.121971), (1, -1), (1.2247449, -0.70710677), (1.3741283, -0.7933533), (1.2588191, -0.9659258), (1.121971, -0.86091864), (-0.5411961, 3.4142137), (-0.60720634, 3.2175229), (-0.7933533, 3.2175229), (-0.70710677, 3.4142137), (-0.36602542, 3.4142137), (-0.4106699, 3.2175229), (-0.60720634, 3.2175229), (-0.5411961, 3.4142137), (-0.1845919, 3.4142137), (-0.20710678, 3.2175229), (-0.4106699, 3.2175229), (-0.36602542, 3.4142137), (-3.4638242e-16, 3.4142137), (-3.8863105e-16, 3.2175229), (-0.20710678, 3.2175229), (-0.1845919, 3.4142137), (0.20710678, 3.2175229), (0.226078, 3), (-3.1817257e-16, 3), (-2.914733e-16, 3.2175229), (0.4106699, 3.2175229), (0.44828773, 3), (0.226078, 3), (0.20710678, 3.2175229), (0.60720634, 3.2175229), (0.66282713, 3), (0.44828773, 3), (0.4106699, 3.2175229), (0.7933533, 3.2175229), (0.8660254, 3), (0.66282713, 3), (0.60720634, 3.2175229), (0.9659258, 3.2175229), (1.0544057, 3), (0.8660254, 3), (0.7933533, 3.2175229), (1.121971, 3.2175229), (1.2247449, 3), (1.0544057, 3), (0.9659258, 3.2175229), (-0.9659258, 3.2175229), (-1.0544057, 3), (-1.2247449, 3), (-1.121971, 3.2175229), (-0.7933533, 3.2175229), (-0.8660254, 3), (-1.0544057, 3), (-0.9659258, 3.2175229), (-0.60720634, 3.2175229), (-0.66282713, 3), (-0.8660254, 3), (-0.7933533, 3.2175229), (-0.4106699, 3.2175229), (-0.44828773, 3), (-0.66282713, 3), (-0.60720634, 3.2175229), (-0.20710678, 3.2175229), (-0.226078, 3), (-0.44828773, 3), (-0.4106699, 3.2175229), (-3.8863105e-16, 3.2175229), (-4.242301e-16, 3), (-0.226078, 3), (-0.20710678, 3.2175229), (0.226078, 3), (0.24118096, 2.7653668), (-3.3942783e-16, 2.7653668), (-3.1817257e-16, 3), (0.44828773, 3), (0.47823524, 2.7653668), (0.24118096, 2.7653668), (0.226078, 3), (0.66282713, 3), (0.70710677, 2.7653668), (0.47823524, 2.7653668), (0.44828773, 3), (0.8660254, 3), (0.9238795, 2.7653668), (0.70710677, 2.7653668), (0.66282713, 3), (1.0544057, 3), (1.1248444, 2.7653668), (0.9238795, 2.7653668), (0.8660254, 3), (1.2247449, 3), (1.306563, 2.7653668), (1.1248444, 2.7653668), (1.0544057, 3), (-1.0544057, 3), (-1.1248444, 2.7653668), (-1.306563, 2.7653668), (-1.2247449, 3), (-0.8660254, 3), (-0.9238795, 2.7653668), (-1.1248444, 2.7653668), (-1.0544057, 3), (-0.66282713, 3), (-0.70710677, 2.7653668), (-0.9238795, 2.7653668), (-0.8660254, 3), (-0.44828773, 3), (-0.47823524, 2.7653668), (-0.70710677, 2.7653668), (-0.66282713, 3), (-0.226078, 3), (-0.24118096, 2.7653668), (-0.47823524, 2.7653668), (-0.44828773, 3), (-4.242301e-16, 3), (-4.5257044e-16, 2.7653668), (-0.24118096, 2.7653668), (-0.226078, 3), (0.24118096, 2.7653668), (0.25215724, 2.5176382), (-3.5487539e-16, 2.5176382), (-3.3942783e-16, 2.7653668), (0.47823524, 2.7653668), (0.5, 2.5176382), (0.25215724, 2.5176382), (0.24118096, 2.7653668), (0.70710677, 2.7653668), (0.7392876, 2.5176382), (0.5, 2.5176382), (0.47823524, 2.7653668), (0.9238795, 2.7653668), (0.9659258, 2.5176382), (0.7392876, 2.5176382), (0.70710677, 2.7653668), (1.1248444, 2.7653668), (1.1760367, 2.5176382), (0.9659258, 2.5176382), (0.9238795, 2.7653668), (1.306563, 2.7653668), (1.3660254, 2.5176382), (1.1760367, 2.5176382), (1.1248444, 2.7653668), (-1.1248444, 2.7653668), (-1.1760367, 2.5176382), (-1.3660254, 2.5176382), (-1.306563, 2.7653668), (-0.9238795, 2.7653668), (-0.9659258, 2.5176382), (-1.1760367, 2.5176382), (-1.1248444, 2.7653668), (-0.70710677, 2.7653668), (-0.7392876, 2.5176382), (-0.9659258, 2.5176382), (-0.9238795, 2.7653668), (-0.47823524, 2.7653668), (-0.5, 2.5176382), (-0.7392876, 2.5176382), (-0.70710677, 2.7653668), (-0.24118096, 2.7653668), (-0.25215724, 2.5176382), (-0.5, 2.5176382), (-0.47823524, 2.7653668), (-4.5257044e-16, 2.7653668), (-4.7316716e-16, 2.5176382), (-0.25215724, 2.5176382), (-0.24118096, 2.7653668), (0.25215724, 2.5176382), (0.25881904, 2.2610524), (-3.6425093e-16, 2.2610524), (-3.5487539e-16, 2.5176382), (0.5, 2.5176382), (0.51320964, 2.2610524), (0.25881904, 2.2610524), (0.25215724, 2.5176382), (0.7392876, 2.5176382), (0.75881904, 2.2610524), (0.51320964, 2.2610524), (0.5, 2.5176382), (0.9659258, 2.5176382), (0.9914449, 2.2610524), (0.75881904, 2.2610524), (0.7392876, 2.5176382), (1.1760367, 2.5176382), (1.2071068, 2.2610524), (0.9914449, 2.2610524), (0.9659258, 2.5176382), (1.3660254, 2.5176382), (1.4021147, 2.2610524), (1.2071068, 2.2610524), (1.1760367, 2.5176382), (-1.1760367, 2.5176382), (-1.2071068, 2.2610524), (-1.4021147, 2.2610524), (-1.3660254, 2.5176382), (-0.9659258, 2.5176382), (-0.9914449, 2.2610524), (-1.2071068, 2.2610524), (-1.1760367, 2.5176382), (-0.7392876, 2.5176382), (-0.75881904, 2.2610524), (-0.9914449, 2.2610524), (-0.9659258, 2.5176382), (-0.5, 2.5176382), (-0.51320964, 2.2610524), (-0.75881904, 2.2610524), (-0.7392876, 2.5176382), (-0.25215724, 2.5176382), (-0.25881904, 2.2610524), (-0.51320964, 2.2610524), (-0.5, 2.5176382), (-4.7316716e-16, 2.5176382), (-4.856679e-16, 2.2610524), (-0.25881904, 2.2610524), (-0.25215724, 2.5176382), (0.25881904, 2.2610524), (0.26105237, 2), (-3.6739403e-16, 2), (-3.6425093e-16, 2.2610524), (0.51320964, 2.2610524), (0.5176381, 2), (0.26105237, 2), (0.25881904, 2.2610524), (0.75881904, 2.2610524), (0.76536685, 2), (0.5176381, 2), (0.51320964, 2.2610524), (0.9914449, 2.2610524), (1, 2), (0.76536685, 2), (0.75881904, 2.2610524), (1.2071068, 2.2610524), (1.2175229, 2), (1, 2), (0.9914449, 2.2610524), (1.4021147, 2.2610524), (1.4142135, 2), (1.2175229, 2), (1.2071068, 2.2610524), (-1.2071068, 2.2610524), (-1.2175229, 2), (-1.4142135, 2), (-1.4021147, 2.2610524), (-0.9914449, 2.2610524), (-1, 2), (-1.2175229, 2), (-1.2071068, 2.2610524), (-0.75881904, 2.2610524), (-0.76536685, 2), (-1, 2), (-0.9914449, 2.2610524), (-0.51320964, 2.2610524), (-0.5176381, 2), (-0.76536685, 2), (-0.75881904, 2.2610524), (-0.25881904, 2.2610524), (-0.26105237, 2), (-0.5176381, 2), (-0.51320964, 2.2610524), (-4.856679e-16, 2.2610524), (-4.8985874e-16, 2), (-0.26105237, 2), (-0.25881904, 2.2610524), (0.25881904, 0.034074172), (0.26105237, 0), (0, 0), (0.25215724, 0.06756533), (0.25881904, 0.034074172), (0, 0), (0.24118096, 0.099900424), (0.25215724, 0.06756533), (0, 0), (0.226078, 0.13052619), (0.24118096, 0.099900424), (0, 0), (0.20710678, 0.15891862), (0.226078, 0.13052619), (0, 0), (0.1845919, 0.1845919), (0.20710678, 0.15891862), (0, 0), (0.15891862, 0.20710678), (0.1845919, 0.1845919), (0, 0), (0.13052619, 0.226078), (0.15891862, 0.20710678), (0, 0), (0.099900424, 0.24118096), (0.13052619, 0.226078), (0, 0), (0.06756533, 0.25215724), (0.099900424, 0.24118096), (0, 0), (0.034074172, 0.25881904), (0.06756533, 0.25215724), (0, 0), (1.5984848e-17, 0.26105237), (0.034074172, 0.25881904), (0, 0), (0.25881904, 0.034074172), (0.51320964, 0.06756533), (0.5176381, 0), (0.26105237, 0), (0.25215724, 0.06756533), (0.5, 0.1339746), (0.51320964, 0.06756533), (0.25881904, 0.034074172), (0.24118096, 0.099900424), (0.47823524, 0.19809152), (0.5, 0.1339746), (0.25215724, 0.06756533), (0.226078, 0.13052619), (0.44828773, 0.25881904), (0.47823524, 0.19809152), (0.24118096, 0.099900424), (0.20710678, 0.15891862), (0.4106699, 0.3151181), (0.44828773, 0.25881904), (0.226078, 0.13052619), (0.1845919, 0.1845919), (0.36602542, 0.36602542), (0.4106699, 0.3151181), (0.20710678, 0.15891862), (0.15891862, 0.20710678), (0.3151181, 0.4106699), (0.36602542, 0.36602542), (0.1845919, 0.1845919), (0.13052619, 0.226078), (0.25881904, 0.44828773), (0.3151181, 0.4106699), (0.15891862, 0.20710678), (0.099900424, 0.24118096), (0.19809152, 0.47823524), (0.25881904, 0.44828773), (0.13052619, 0.226078), (0.06756533, 0.25215724), (0.1339746, 0.5), (0.19809152, 0.47823524), (0.099900424, 0.24118096), (0.034074172, 0.25881904), (0.06756533, 0.51320964), (0.1339746, 0.5), (0.06756533, 0.25215724), (1.5984848e-17, 0.26105237), (3.169619e-17, 0.5176381), (0.06756533, 0.51320964), (0.034074172, 0.25881904), (0.51320964, 0.06756533), (0.75881904, 0.099900424), (0.76536685, 0), (0.5176381, 0), (0.5, 0.1339746), (0.7392876, 0.19809152), (0.75881904, 0.099900424), (0.51320964, 0.06756533), (0.47823524, 0.19809152), (0.70710677, 0.29289323), (0.7392876, 0.19809152), (0.5, 0.1339746), (0.44828773, 0.25881904), (0.66282713, 0.38268343), (0.70710677, 0.29289323), (0.47823524, 0.19809152), (0.4106699, 0.3151181), (0.60720634, 0.4659258), (0.66282713, 0.38268343), (0.44828773, 0.25881904), (0.36602542, 0.36602542), (0.5411961, 0.5411961), (0.60720634, 0.4659258), (0.4106699, 0.3151181), (0.3151181, 0.4106699), (0.4659258, 0.60720634), (0.5411961, 0.5411961), (0.36602542, 0.36602542), (0.25881904, 0.44828773), (0.38268343, 0.66282713), (0.4659258, 0.60720634), (0.3151181, 0.4106699), (0.19809152, 0.47823524), (0.29289323, 0.70710677), (0.38268343, 0.66282713), (0.25881904, 0.44828773), (0.1339746, 0.5), (0.19809152, 0.7392876), (0.29289323, 0.70710677), (0.19809152, 0.47823524), (0.06756533, 0.51320964), (0.099900424, 0.75881904), (0.19809152, 0.7392876), (0.1339746, 0.5), (3.169619e-17, 0.5176381), (4.6865205e-17, 0.76536685), (0.099900424, 0.75881904), (0.06756533, 0.51320964), (0.75881904, 0.099900424), (0.9914449, 0.13052619), (1, 0), (0.76536685, 0), (0.7392876, 0.19809152), (0.9659258, 0.25881904), (0.9914449, 0.13052619), (0.75881904, 0.099900424), (0.70710677, 0.29289323), (0.9238795, 0.38268343), (0.9659258, 0.25881904), (0.7392876, 0.19809152), (0.66282713, 0.38268343), (0.8660254, 0.5), (0.9238795, 0.38268343), (0.70710677, 0.29289323), (0.60720634, 0.4659258), (0.7933533, 0.6087614), (0.8660254, 0.5), (0.66282713, 0.38268343), (0.5411961, 0.5411961), (0.70710677, 0.70710677), (0.7933533, 0.6087614), (0.60720634, 0.4659258), (0.4659258, 0.60720634), (0.6087614, 0.7933533), (0.70710677, 0.70710677), (0.5411961, 0.5411961), (0.38268343, 0.66282713), (0.5, 0.8660254), (0.6087614, 0.7933533), (0.4659258, 0.60720634), (0.29289323, 0.70710677), (0.38268343, 0.9238795), (0.5, 0.8660254), (0.38268343, 0.66282713), (0.19809152, 0.7392876), (0.25881904, 0.9659258), (0.38268343, 0.9238795), (0.29289323, 0.70710677), (0.099900424, 0.75881904), (0.13052619, 0.9914449), (0.25881904, 0.9659258), (0.19809152, 0.7392876), (4.6865205e-17, 0.76536685), (6.123234e-17, 1), (0.13052619, 0.9914449), (0.099900424, 0.75881904), (0.9914449, 0.13052619), (1.2071068, 0.15891862), (1.2175229, 0), (1, 0), (0.9659258, 0.25881904), (1.1760367, 0.3151181), (1.2071068, 0.15891862), (0.9914449, 0.13052619), (0.9238795, 0.38268343), (1.1248444, 0.4659258), (1.1760367, 0.3151181), (0.9659258, 0.25881904), (0.8660254, 0.5), (1.0544057, 0.6087614), (1.1248444, 0.4659258), (0.9238795, 0.38268343), (0.7933533, 0.6087614), (0.9659258, 0.74118096), (1.0544057, 0.6087614), (0.8660254, 0.5), (0.70710677, 0.70710677), (0.86091864, 0.86091864), (0.9659258, 0.74118096), (0.7933533, 0.6087614), (0.6087614, 0.7933533), (0.74118096, 0.9659258), (0.86091864, 0.86091864), (0.70710677, 0.70710677), (0.5, 0.8660254), (0.6087614, 1.0544057), (0.74118096, 0.9659258), (0.6087614, 0.7933533), (0.38268343, 0.9238795), (0.4659258, 1.1248444), (0.6087614, 1.0544057), (0.5, 0.8660254), (0.25881904, 0.9659258), (0.3151181, 1.1760367), (0.4659258, 1.1248444), (0.38268343, 0.9238795), (0.13052619, 0.9914449), (0.15891862, 1.2071068), (0.3151181, 1.1760367), (0.25881904, 0.9659258), (6.123234e-17, 1), (7.455177e-17, 1.2175229), (0.15891862, 1.2071068), (0.13052619, 0.9914449), (1.2071068, 0.15891862), (1.4021147, 0.1845919), (1.4142135, 0), (1.2175229, 0), (1.1760367, 0.3151181), (1.3660254, 0.36602542), (1.4021147, 0.1845919), (1.2071068, 0.15891862), (1.1248444, 0.4659258), (1.306563, 0.5411961), (1.3660254, 0.36602542), (1.1760367, 0.3151181), (1.0544057, 0.6087614), (1.2247449, 0.70710677), (1.306563, 0.5411961), (1.1248444, 0.4659258), (0.9659258, 0.74118096), (1.121971, 0.86091864), (1.2247449, 0.70710677), (1.0544057, 0.6087614), (0.86091864, 0.86091864), (1, 1), (1.121971, 0.86091864), (0.9659258, 0.74118096), (0.74118096, 0.9659258), (0.86091864, 1.121971), (1, 1), (0.86091864, 0.86091864), (0.6087614, 1.0544057), (0.70710677, 1.2247449), (0.86091864, 1.121971), (0.74118096, 0.9659258), (0.4659258, 1.1248444), (0.5411961, 1.306563), (0.70710677, 1.2247449), (0.6087614, 1.0544057), (0.3151181, 1.1760367), (0.36602542, 1.3660254), (0.5411961, 1.306563), (0.4659258, 1.1248444), (0.15891862, 1.2071068), (0.1845919, 1.4021147), (0.36602542, 1.3660254), (0.3151181, 1.1760367), (7.455177e-17, 1.2175229), (8.6595606e-17, 1.4142135), (0.1845919, 1.4021147), (0.15891862, 1.2071068), (0.1845919, 3.4142137), (0.20710678, 3.2175229), (0, 3.2175229), (0, 3.4142137), (0.36602542, 3.4142137), (0.4106699, 3.2175229), (0.20710678, 3.2175229), (0.1845919, 3.4142137), (0.5411961, 3.4142137), (0.60720634, 3.2175229), (0.4106699, 3.2175229), (0.36602542, 3.4142137), (0.70710677, 3.4142137), (0.7933533, 3.2175229), (0.60720634, 3.2175229), (0.5411961, 3.4142137), (1.121971, 0.86091864), (1.2588191, 0.9659258), (1.3741283, 0.7933533), (1.2247449, 0.70710677), (1, 1), (1.121971, 1.121971), (1.2588191, 0.9659258), (1.121971, 0.86091864), (0.86091864, 1.121971), (0.9659258, 1.2588191), (1.121971, 1.121971), (1, 1), (0.70710677, 1.2247449), (0.7933533, 1.3741283), (0.9659258, 1.2588191), (0.86091864, 1.121971), (0.5411961, 3.4142137), (0.60720634, 3.2175229), (0.7933533, 3.2175229), (0.70710677, 3.4142137), (0.36602542, 3.4142137), (0.4106699, 3.2175229), (0.60720634, 3.2175229), (0.5411961, 3.4142137), (0.1845919, 3.4142137), (0.20710678, 3.2175229), (0.4106699, 3.2175229), (0.36602542, 3.4142137), (8.6595606e-17, 3.4142137), (9.715776e-17, 3.2175229), (0.20710678, 3.2175229), (0.1845919, 3.4142137), (0.20710678, 3.2175229), (0.226078, 3), (0, 3), (0, 3.2175229), (0.4106699, 3.2175229), (0.44828773, 3), (0.226078, 3), (0.20710678, 3.2175229), (0.60720634, 3.2175229), (0.66282713, 3), (0.44828773, 3), (0.4106699, 3.2175229), (0.7933533, 3.2175229), (0.8660254, 3), (0.66282713, 3), (0.60720634, 3.2175229), (0.9659258, 3.2175229), (1.0544057, 3), (0.8660254, 3), (0.7933533, 3.2175229), (1.121971, 3.2175229), (1.2247449, 3), (1.0544057, 3), (0.9659258, 3.2175229), (0.9659258, 3.2175229), (1.0544057, 3), (1.2247449, 3), (1.121971, 3.2175229), (0.7933533, 3.2175229), (0.8660254, 3), (1.0544057, 3), (0.9659258, 3.2175229), (0.60720634, 3.2175229), (0.66282713, 3), (0.8660254, 3), (0.7933533, 3.2175229), (0.4106699, 3.2175229), (0.44828773, 3), (0.66282713, 3), (0.60720634, 3.2175229), (0.20710678, 3.2175229), (0.226078, 3), (0.44828773, 3), (0.4106699, 3.2175229), (9.715776e-17, 3.2175229), (1.06057525e-16, 3), (0.226078, 3), (0.20710678, 3.2175229), (0.226078, 3), (0.24118096, 2.7653668), (0, 2.7653668), (0, 3), (0.44828773, 3), (0.47823524, 2.7653668), (0.24118096, 2.7653668), (0.226078, 3), (0.66282713, 3), (0.70710677, 2.7653668), (0.47823524, 2.7653668), (0.44828773, 3), (0.8660254, 3), (0.9238795, 2.7653668), (0.70710677, 2.7653668), (0.66282713, 3), (1.0544057, 3), (1.1248444, 2.7653668), (0.9238795, 2.7653668), (0.8660254, 3), (1.2247449, 3), (1.306563, 2.7653668), (1.1248444, 2.7653668), (1.0544057, 3), (1.0544057, 3), (1.1248444, 2.7653668), (1.306563, 2.7653668), (1.2247449, 3), (0.8660254, 3), (0.9238795, 2.7653668), (1.1248444, 2.7653668), (1.0544057, 3), (0.66282713, 3), (0.70710677, 2.7653668), (0.9238795, 2.7653668), (0.8660254, 3), (0.44828773, 3), (0.47823524, 2.7653668), (0.70710677, 2.7653668), (0.66282713, 3), (0.226078, 3), (0.24118096, 2.7653668), (0.47823524, 2.7653668), (0.44828773, 3), (1.06057525e-16, 3), (1.1314261e-16, 2.7653668), (0.24118096, 2.7653668), (0.226078, 3), (0.24118096, 2.7653668), (0.25215724, 2.5176382), (0, 2.5176382), (0, 2.7653668), (0.47823524, 2.7653668), (0.5, 2.5176382), (0.25215724, 2.5176382), (0.24118096, 2.7653668), (0.70710677, 2.7653668), (0.7392876, 2.5176382), (0.5, 2.5176382), (0.47823524, 2.7653668), (0.9238795, 2.7653668), (0.9659258, 2.5176382), (0.7392876, 2.5176382), (0.70710677, 2.7653668), (1.1248444, 2.7653668), (1.1760367, 2.5176382), (0.9659258, 2.5176382), (0.9238795, 2.7653668), (1.306563, 2.7653668), (1.3660254, 2.5176382), (1.1760367, 2.5176382), (1.1248444, 2.7653668), (1.1248444, 2.7653668), (1.1760367, 2.5176382), (1.3660254, 2.5176382), (1.306563, 2.7653668), (0.9238795, 2.7653668), (0.9659258, 2.5176382), (1.1760367, 2.5176382), (1.1248444, 2.7653668), (0.70710677, 2.7653668), (0.7392876, 2.5176382), (0.9659258, 2.5176382), (0.9238795, 2.7653668), (0.47823524, 2.7653668), (0.5, 2.5176382), (0.7392876, 2.5176382), (0.70710677, 2.7653668), (0.24118096, 2.7653668), (0.25215724, 2.5176382), (0.5, 2.5176382), (0.47823524, 2.7653668), (1.1314261e-16, 2.7653668), (1.1829179e-16, 2.5176382), (0.25215724, 2.5176382), (0.24118096, 2.7653668), (0.25215724, 2.5176382), (0.25881904, 2.2610524), (0, 2.2610524), (0, 2.5176382), (0.5, 2.5176382), (0.51320964, 2.2610524), (0.25881904, 2.2610524), (0.25215724, 2.5176382), (0.7392876, 2.5176382), (0.75881904, 2.2610524), (0.51320964, 2.2610524), (0.5, 2.5176382), (0.9659258, 2.5176382), (0.9914449, 2.2610524), (0.75881904, 2.2610524), (0.7392876, 2.5176382), (1.1760367, 2.5176382), (1.2071068, 2.2610524), (0.9914449, 2.2610524), (0.9659258, 2.5176382), (1.3660254, 2.5176382), (1.4021147, 2.2610524), (1.2071068, 2.2610524), (1.1760367, 2.5176382), (1.1760367, 2.5176382), (1.2071068, 2.2610524), (1.4021147, 2.2610524), (1.3660254, 2.5176382), (0.9659258, 2.5176382), (0.9914449, 2.2610524), (1.2071068, 2.2610524), (1.1760367, 2.5176382), (0.7392876, 2.5176382), (0.75881904, 2.2610524), (0.9914449, 2.2610524), (0.9659258, 2.5176382), (0.5, 2.5176382), (0.51320964, 2.2610524), (0.75881904, 2.2610524), (0.7392876, 2.5176382), (0.25215724, 2.5176382), (0.25881904, 2.2610524), (0.51320964, 2.2610524), (0.5, 2.5176382), (1.1829179e-16, 2.5176382), (1.2141697e-16, 2.2610524), (0.25881904, 2.2610524), (0.25215724, 2.5176382), (0.25881904, 2.2610524), (0.26105237, 2), (0, 2), (0, 2.2610524), (0.51320964, 2.2610524), (0.5176381, 2), (0.26105237, 2), (0.25881904, 2.2610524), (0.75881904, 2.2610524), (0.76536685, 2), (0.5176381, 2), (0.51320964, 2.2610524), (0.9914449, 2.2610524), (1, 2), (0.76536685, 2), (0.75881904, 2.2610524), (1.2071068, 2.2610524), (1.2175229, 2), (1, 2), (0.9914449, 2.2610524), (1.4021147, 2.2610524), (1.4142135, 2), (1.2175229, 2), (1.2071068, 2.2610524), (1.2071068, 2.2610524), (1.2175229, 2), (1.4142135, 2), (1.4021147, 2.2610524), (0.9914449, 2.2610524), (1, 2), (1.2175229, 2), (1.2071068, 2.2610524), (0.75881904, 2.2610524), (0.76536685, 2), (1, 2), (0.9914449, 2.2610524), (0.51320964, 2.2610524), (0.5176381, 2), (0.76536685, 2), (0.75881904, 2.2610524), (0.25881904, 2.2610524), (0.26105237, 2), (0.5176381, 2), (0.51320964, 2.2610524), (1.2141697e-16, 2.2610524), (1.2246469e-16, 2), (0.26105237, 2), (0.25881904, 2.2610524)] (
                interpolation = "faceVarying"
            )
            uniform token subdivisionScheme = "none"
        }

        def Mesh "ShellUW" (
            prepend apiSchemas = ["MaterialBindingAPI"]
        )
        {
            float3[] extent = [(-2, -2, 2), (1.2246469e-16, 2, 4)]
            int[] faceVertexCounts = [3, 3, 3, 3, 3, 3, 3, 3, 3, 3, 3, 3, 3, 3, 3, 3, 3, 3, 3, 3, 3, 3, 3, 3, 4, 4, 4, 4, 4, 4, 4, 4, 4, 4, 4, 4, 4, 4, 4, 4, 4, 4, 4, 4, 4, 4, 4, 4, 4, 4, 4, 4, 4, 4, 4, 4, 4, 4, 4, 4, 4, 4, 4, 4, 4, 4, 4, 4, 4, 4, 4, 4, 4, 4, 4, 4, 4, 4, 4, 4, 4, 4, 4, 4, 4, 4, 4, 4, 4, 4, 4, 4, 4, 4, 4, 4, 4, 4, 4, 4, 4, 4, 4, 4, 4, 4, 4, 4, 4, 4, 4, 4, 4, 4, 4, 4, 4, 4, 4, 4, 4, 4, 4, 4, 4, 4, 4, 4, 4, 4, 4, 4, 4, 4, 4, 4, 4, 4, 4, 4, 4, 4, 4, 4, 4, 4, 4, 4, 4, 4, 4, 4, 4, 4, 4, 4, 4, 4, 4, 4, 4, 4, 4, 4, 4, 4, 4, 4, 4, 4, 4, 4, 4, 4, 4, 4, 4, 4, 4, 4, 4, 4, 4, 4, 4, 4, 4, 4, 4, 4, 4, 4, 4, 4, 4, 4, 4, 4, 4, 4, 4, 4, 4, 4, 4, 4, 4, 4, 4, 4, 4, 4, 4, 4, 4, 4, 4, 4, 4, 4, 4, 4, 4, 4, 4, 4, 4, 4, 4, 4, 4, 4, 4, 4, 4, 4, 4, 4, 4, 4, 4, 4, 4, 4, 4, 4, 4, 4, 4, 4, 4, 4, 4, 4, 4, 4, 4, 4, 4, 4, 4, 4, 4, 4, 4, 4, 4, 4, 4, 4, 4, 4, 4, 4, 4, 4, 4, 4, 4, 4, 4, 4, 4, 4, 4, 4, 4, 4]
            int[] faceVertexIndices = [0, 1, 2, 3, 4, 5, 6, 7, 8, 9, 10, 11, 12, 13, 14, 15, 16, 17, 18, 19, 20, 21, 22, 23, 24, 25, 26, 27, 28, 29, 30, 31, 32, 33, 34, 35, 36, 37, 38, 39, 40, 41, 42, 43, 44, 45, 46, 47, 48, 49, 50, 51, 52, 53, 54, 55, 56, 57, 58, 59, 60, 61, 62, 63, 64, 65, 66, 67, 68, 69, 70, 71, 72, 73, 74, 75, 76, 77, 78, 79, 80, 81, 82, 83, 84, 85, 86, 87, 88, 89, 90, 91, 92, 93, 94, 95, 96, 97, 98, 99, 100, 101, 102, 103, 104, 105, 106, 107, 108, 109, 110, 111, 112, 113, 114, 115, 116, 117, 118, 119, 120, 121, 122, 123, 124, 125, 126, 127, 128, 129, 130, 131, 132, 133, 134, 135, 136, 137, 138, 139, 140, 141, 142, 143, 144, 145, 146, 147, 148, 149, 150, 151, 152, 153, 154, 155, 156, 157, 158, 159, 160, 161, 162, 163, 164, 165, 166, 167, 168, 169, 170, 171, 172, 173, 174, 175, 176, 177, 178, 179, 180, 181, 182, 183, 184, 185, 186, 187, 188, 189, 190, 191, 192, 193, 194, 195, 196, 197, 198, 199, 200, 201, 202, 203, 204, 205, 206, 207, 208, 209, 210, 211, 212, 213, 214, 215, 216, 217, 218, 219, 220, 221, 222, 223, 224, 225, 226, 227, 228, 229, 230, 231, 232, 233, 234, 235, 236, 237, 238, 239, 240, 241, 242, 243, 244, 245, 246, 247, 248, 249, 250, 251, 252, 253, 254, 255, 256, 257, 258, 259, 260, 261, 262, 263, 264, 265, 266, 267, 268, 269, 270, 271, 272, 273, 274, 275, 276, 277, 278, 279, 280, 281, 282, 283, 284, 285, 286, 287, 288, 289, 290, 291, 292, 293, 294, 295, 296, 297, 298, 299, 300, 301, 302, 303, 304, 305, 306, 307, 308, 309, 310, 311, 312, 313, 314, 315, 316, 317, 318, 319, 320, 321, 322, 323, 324, 325, 326, 327, 328, 329, 330, 331, 332, 333, 334, 335, 336, 337, 338, 339, 340, 341, 342, 343, 344, 345, 346, 347, 348, 349, 350, 351, 352, 353, 354, 355, 356, 357, 358, 359, 360, 361, 362, 363, 364, 365, 366, 367, 368, 369, 370, 371, 372, 373, 374, 375, 376, 377, 378, 379, 380, 381, 382, 383, 384, 385, 386, 387, 388, 389, 390, 391, 392, 393, 394, 395, 396, 397, 398, 399, 400, 401, 402, 403, 404, 405, 406, 407, 408, 409, 410, 411, 412, 413, 414, 415, 416, 417, 418, 419, 420, 421, 422, 423, 424, 425, 426, 427, 428, 429, 430, 431, 432, 433, 434, 435, 436, 437, 438, 439, 440, 441, 442, 443, 444, 445, 446, 447, 448, 449, 450, 451, 452, 453, 454, 455, 456, 457, 458, 459, 460, 461, 462, 463, 464, 465, 466, 467, 468, 469, 470, 471, 472, 473, 474, 475, 476, 477, 478, 479, 480, 481, 482, 483, 484, 485, 486, 487, 488, 489, 490, 491, 492, 493, 494, 495, 496, 497, 498, 499, 500, 501, 502, 503, 504, 505, 506, 507, 508, 509, 510, 511, 512, 513, 514, 515, 516, 517, 518, 519, 520, 521, 522, 523, 524, 525, 526, 527, 528, 529, 530, 531, 532, 533, 534, 535, 536, 537, 538, 539, 540, 541, 542, 543, 544, 545, 546, 547, 548, 549, 550, 551, 552, 553, 554, 555, 556, 557, 558, 559, 560, 561, 562, 563, 564, 565, 566, 567, 568, 569, 570, 571, 572, 573, 574, 575, 576, 577, 578, 579, 580, 581, 582, 583, 584, 585, 586, 587, 588, 589, 590, 591, 592, 593, 594, 595, 596, 597, 598, 599, 600, 601, 602, 603, 604, 605, 606, 607, 608, 609, 610, 611, 612, 613, 614, 615, 616, 617, 618, 619, 620, 621, 622, 623, 624, 625, 626, 627, 628, 629, 630, 631, 632, 633, 634, 635, 636, 637, 638, 639, 640, 641, 642, 643, 644, 645, 646, 647, 648, 649, 650, 651, 652, 653, 654, 655, 656, 657, 658, 659, 660, 661, 662, 663, 664, 665, 666, 667, 668, 669, 670, 671, 672, 673, 674, 675, 676, 677, 678, 679, 680, 681, 682, 683, 684, 685, 686, 687, 688, 689, 690, 691, 692, 693, 694, 695, 696, 697, 698, 699, 700, 701, 702, 703, 704, 705, 706, 707, 708, 709, 710, 711, 712, 713, 714, 715, 716, 717, 718, 719, 720, 721, 722, 723, 724, 725, 726, 727, 728, 729, 730, 731, 732, 733, 734, 735, 736, 737, 738, 739, 740, 741, 742, 743, 744, 745, 746, 747, 748, 749, 750, 751, 752, 753, 754, 755, 756, 757, 758, 759, 760, 761, 762, 763, 764, 765, 766, 767, 768, 769, 770, 771, 772, 773, 774, 775, 776, 777, 778, 779, 780, 781, 782, 783, 784, 785, 786, 787, 788, 789, 790, 791, 792, 793, 794, 795, 796, 797, 798, 799, 800, 801, 802, 803, 804, 805, 806, 807, 808, 809, 810, 811, 812, 813, 814, 815, 816, 817, 818, 819, 820, 821, 822, 823, 824, 825, 826, 827, 828, 829, 830, 831, 832, 833, 834, 835, 836, 837, 838, 839, 840, 841, 842, 843, 844, 845, 846, 847, 848, 849, 850, 851, 852, 853, 854, 855, 856, 857, 858, 859, 860, 861, 862, 863, 864, 865, 866, 867, 868, 869, 870, 871, 872, 873, 874, 875, 876, 877, 878, 879, 880, 881, 882, 883, 884, 885, 886, 887, 888, 889, 890, 891, 892, 893, 894, 895, 896, 897, 898, 899, 900, 901, 902, 903, 904, 905, 906, 907, 908, 909, 910, 911, 912, 913, 914, 915, 916, 917, 918, 919, 920, 921, 922, 923, 924, 925, 926, 927, 928, 929, 930, 931, 932, 933, 934, 935, 936, 937, 938, 939, 940, 941, 942, 943, 944, 945, 946, 947, 948, 949, 950, 951, 952, 953, 954, 955, 956, 957, 958, 959, 960, 961, 962, 963, 964, 965, 966, 967, 968, 969, 970, 971, 972, 973, 974, 975, 976, 977, 978, 979, 980, 981, 982, 983, 984, 985, 986, 987, 988, 989, 990, 991, 992, 993, 994, 995, 996, 997, 998, 999, 1000, 1001, 1002, 1003, 1004, 1005, 1006, 1007, 1008, 1009, 1010, 1011, 1012, 1013, 1014, 1015, 1016, 1017, 1018, 1019, 1020, 1021, 1022, 1023, 1024, 1025, 1026, 1027, 1028, 1029, 1030, 1031, 1032, 1033, 1034, 1035, 1036, 1037, 1038, 1039, 1040, 1041, 1042, 1043, 1044, 1045, 1046, 1047, 1048, 1049, 1050, 1051, 1052, 1053, 1054, 1055, 1056, 1057, 1058, 1059, 1060, 1061, 1062, 1063, 1064, 1065, 1066, 1067, 1068, 1069, 1070, 1071, 1072, 1073, 1074, 1075, 1076, 1077, 1078, 1079, 1080, 1081, 1082, 1083, 1084, 1085, 1086, 1087, 1088, 1089, 1090, 1091, 1092, 1093, 1094, 1095, 1096, 1097, 1098, 1099, 1100, 1101, 1102, 1103, 1104, 1105, 1106, 1107, 1108, 1109, 1110, 1111, 1112, 1113, 1114, 1115, 1116, 1117, 1118, 1119, 1120, 1121, 1122, 1123, 1124, 1125, 1126, 1127]
            rel material:binding = </GalleryIntegratingSphere/Looks/Shell>
            normal3f[] normals = [(0.005689949, -0.08681185, -0.9962085), (0.005689949, -0.08681185, -0.9962085), (0.005689949, -0.08681185, -0.9962085), (0.01697249, -0.08532647, -0.9962085), (0.01697249, -0.08532647, -0.9962085), (0.01697249, -0.08532647, -0.9962085), (0.027964627, -0.08238114, -0.9962085), (0.027964627, -0.08238114, -0.9962085), (0.027964627, -0.08238114, -0.9962085), (0.03847828, -0.078026235, -0.9962085), (0.03847828, -0.078026235, -0.9962085), (0.03847828, -0.078026235, -0.9962085), (0.048333563, -0.07233629, -0.9962085), (0.048333563, -0.07233629, -0.9962085), (0.048333563, -0.07233629, -0.9962085), (0.057361845, -0.06540865, -0.9962085), (0.057361845, -0.06540865, -0.9962085), (0.057361845, -0.06540865, -0.9962085), (0.06540865, -0.057361845, -0.9962085), (0.06540865, -0.057361845, -0.9962085), (0.06540865, -0.057361845, -0.9962085), (0.07233629, -0.048333563, -0.9962085), (0.07233629, -0.048333563, -0.9962085), (0.07233629, -0.048333563, -0.9962085), (0.078026235, -0.03847828, -0.9962085), (0.078026235, -0.03847828, -0.9962085), (0.078026235, -0.03847828, -0.9962085), (0.08238114, -0.027964627, -0.9962085), (0.08238114, -0.027964627, -0.9962085), (0.08238114, -0.027964627, -0.9962085), (0.08532647, -0.01697249, -0.9962085), (0.08532647, -0.01697249, -0.9962085), (0.08532647, -0.01697249, -0.9962085), (0.08681185, -0.005689949, -0.9962085), (0.08681185, -0.005689949, -0.9962085), (0.08681185, -0.005689949, -0.9962085), (0.08681185, 0.005689949, -0.9962085), (0.08681185, 0.005689949, -0.9962085), (0.08681185, 0.005689949, -0.9962085), (0.08532647, 0.01697249, -0.9962085), (0.08532647, 0.01697249, -0.9962085), (0.08532647, 0.01697249, -0.9962085), (0.08238114, 0.027964627, -0.9962085), (0.08238114, 0.027964627, -0.9962085), (0.08238114, 0.027964627, -0.9962085), (0.078026235, 0.03847828, -0.9962085), (0.078026235, 0.03847828, -0.9962085), (0.078026235, 0.03847828, -0.9962085), (0.07233629, 0.048333563, -0.9962085), (0.07233629, 0.048333563, -0.9962085), (0.07233629, 0.048333563, -0.9962085), (0.06540865, 0.057361845, -0.9962085), (0.06540865, 0.057361845, -0.9962085), (0.06540865, 0.057361845, -0.9962085), (0.057361845, 0.06540865, -0.9962085), (0.057361845, 0.06540865, -0.9962085), (0.057361845, 0.06540865, -0.9962085), (0.048333563, 0.07233629, -0.9962085), (0.048333563, 0.07233629, -0.9962085), (0.048333563, 0.07233629, -0.9962085), (0.03847828, 0.078026235, -0.9962085), (0.03847828, 0.078026235, -0.9962085), (0.03847828, 0.078026235, -0.9962085), (0.027964627, 0.08238114, -0.9962085), (0.027964627, 0.08238114, -0.9962085), (0.027964627, 0.08238114, -0.9962085), (0.01697249, 0.08532647, -0.9962085), (0.01697249, 0.08532647, -0.9962085), (0.01697249, 0.08532647, -0.9962085), (0.005689949, 0.08681185, -0.9962085), (0.005689949, 0.08681185, -0.9962085), (0.005689949, 0.08681185, -0.9962085), (0.012733235, -0.19427162, -0.9808651), (0.012733235, -0.19427162, -0.9808651), (0.012733235, -0.19427162, -0.9808651), (0.012733235, -0.19427162, -0.9808651), (0.037981834, -0.19094758, -0.9808651), (0.037981834, -0.19094758, -0.9808651), (0.037981834, -0.19094758, -0.9808651), (0.037981834, -0.19094758, -0.9808651), (0.062580556, -0.18435638, -0.9808651), (0.062580556, -0.18435638, -0.9808651), (0.062580556, -0.18435638, -0.9808651), (0.062580556, -0.18435638, -0.9808651), (0.086108506, -0.17461078, -0.9808651), (0.086108506, -0.17461078, -0.9808651), (0.086108506, -0.17461078, -0.9808651), (0.086108506, -0.17461078, -0.9808651), (0.10816312, -0.16187754, -0.9808651), (0.10816312, -0.16187754, -0.9808651), (0.10816312, -0.16187754, -0.9808651), (0.10816312, -0.16187754, -0.9808651), (0.12836702, -0.14637454, -0.9808651), (0.12836702, -0.14637454, -0.9808651), (0.12836702, -0.14637454, -0.9808651), (0.12836702, -0.14637454, -0.9808651), (0.14637454, -0.12836702, -0.9808651), (0.14637454, -0.12836702, -0.9808651), (0.14637454, -0.12836702, -0.9808651), (0.14637454, -0.12836702, -0.9808651), (0.16187754, -0.10816312, -0.9808651), (0.16187754, -0.10816312, -0.9808651), (0.16187754, -0.10816312, -0.9808651), (0.16187754, -0.10816312, -0.9808651), (0.17461078, -0.086108506, -0.9808651), (0.17461078, -0.086108506, -0.9808651), (0.17461078, -0.086108506, -0.9808651), (0.17461078, -0.086108506, -0.9808651), (0.18435638, -0.062580556, -0.9808651), (0.18435638, -0.062580556, -0.9808651), (0.18435638, -0.062580556, -0.9808651), (0.18435638, -0.062580556, -0.9808651), (0.19094758, -0.037981834, -0.9808651), (0.19094758, -0.037981834, -0.9808651), (0.19094758, -0.037981834, -0.9808651), (0.19094758, -0.037981834, -0.9808651), (0.19427162, -0.012733235, -0.9808651), (0.19427162, -0.012733235, -0.9808651), (0.19427162, -0.012733235, -0.9808651), (0.19427162, -0.012733235, -0.9808651), (0.19427162, 0.012733235, -0.9808651), (0.19427162, 0.012733235, -0.9808651), (0.19427162, 0.012733235, -0.9808651), (0.19427162, 0.012733235, -0.9808651), (0.19094758, 0.037981834, -0.9808651), (0.19094758, 0.037981834, -0.9808651), (0.19094758, 0.037981834, -0.9808651), (0.19094758, 0.037981834, -0.9808651), (0.18435638, 0.062580556, -0.9808651), (0.18435638, 0.062580556, -0.9808651), (0.18435638, 0.062580556, -0.9808651), (0.18435638, 0.062580556, -0.9808651), (0.17461078, 0.086108506, -0.9808651), (0.17461078, 0.086108506, -0.9808651), (0.17461078, 0.086108506, -0.9808651), (0.17461078, 0.086108506, -0.9808651), (0.16187754, 0.10816312, -0.9808651), (0.16187754, 0.10816312, -0.9808651), (0.16187754, 0.10816312, -0.9808651), (0.16187754, 0.10816312, -0.9808651), (0.14637454, 0.12836702, -0.9808651), (0.14637454, 0.12836702, -0.9808651), (0.14637454, 0.12836702, -0.9808651), (0.14637454, 0.12836702, -0.9808651), (0.12836702, 0.14637454, -0.9808651), (0.12836702, 0.14637454, -0.9808651), (0.12836702, 0.14637454, -0.9808651), (0.12836702, 0.14637454, -0.9808651), (0.10816312, 0.16187754, -0.9808651), (0.10816312, 0.16187754, -0.9808651), (0.10816312, 0.16187754, -0.9808651), (0.10816312, 0.16187754, -0.9808651), (0.086108506, 0.17461078, -0.9808651), (0.086108506, 0.17461078, -0.9808651), (0.086108506, 0.17461078, -0.9808651), (0.086108506, 0.17461078, -0.9808651), (0.062580556, 0.18435638, -0.9808651), (0.062580556, 0.18435638, -0.9808651), (0.062580556, 0.18435638, -0.9808651), (0.062580556, 0.18435638, -0.9808651), (0.037981834, 0.19094758, -0.9808651), (0.037981834, 0.19094758, -0.9808651), (0.037981834, 0.19094758, -0.9808651), (0.037981834, 0.19094758, -0.9808651), (0.012733235, 0.19427162, -0.9808651), (0.012733235, 0.19427162, -0.9808651), (0.012733235, 0.19427162, -0.9808651), (0.012733235, 0.19427162, -0.9808651), (0.020982772, -0.32013524, -0.94713944), (0.020982772, -0.32013524, -0.94713944), (0.020982772, -0.32013524, -0.94713944), (0.020982772, -0.32013524, -0.94713944), (0.062589295, -0.31465763, -0.94713944), (0.062589295, -0.31465763, -0.94713944), (0.062589295, -0.31465763, -0.94713944), (0.062589295, -0.31465763, -0.94713944), (0.1031249, -0.30379614, -0.94713944), (0.1031249, -0.30379614, -0.94713944), (0.1031249, -0.30379614, -0.94713944), (0.1031249, -0.30379614, -0.94713944), (0.14189601, -0.28773662, -0.94713944), (0.14189601, -0.28773662, -0.94713944), (0.14189601, -0.28773662, -0.94713944), (0.14189601, -0.28773662, -0.94713944), (0.17823923, -0.26675385, -0.94713944), (0.17823923, -0.26675385, -0.94713944), (0.17823923, -0.26675385, -0.94713944), (0.17823923, -0.26675385, -0.94713944), (0.21153274, -0.24120685, -0.94713944), (0.21153274, -0.24120685, -0.94713944), (0.21153274, -0.24120685, -0.94713944), (0.21153274, -0.24120685, -0.94713944), (0.24120685, -0.21153274, -0.94713944), (0.24120685, -0.21153274, -0.94713944), (0.24120685, -0.21153274, -0.94713944), (0.24120685, -0.21153274, -0.94713944), (0.26675385, -0.17823923, -0.94713944), (0.26675385, -0.17823923, -0.94713944), (0.26675385, -0.17823923, -0.94713944), (0.26675385, -0.17823923, -0.94713944), (0.28773662, -0.14189601, -0.94713944), (0.28773662, -0.14189601, -0.94713944), (0.28773662, -0.14189601, -0.94713944), (0.28773662, -0.14189601, -0.94713944), (0.30379614, -0.1031249, -0.94713944), (0.30379614, -0.1031249, -0.94713944), (0.30379614, -0.1031249, -0.94713944), (0.30379614, -0.1031249, -0.94713944), (0.31465763, -0.062589295, -0.94713944), (0.31465763, -0.062589295, -0.94713944), (0.31465763, -0.062589295, -0.94713944), (0.31465763, -0.062589295, -0.94713944), (0.32013524, -0.020982772, -0.94713944), (0.32013524, -0.020982772, -0.94713944), (0.32013524, -0.020982772, -0.94713944), (0.32013524, -0.020982772, -0.94713944), (0.32013524, 0.020982772, -0.94713944), (0.32013524, 0.020982772, -0.94713944), (0.32013524, 0.020982772, -0.94713944), (0.32013524, 0.020982772, -0.94713944), (0.31465763, 0.062589295, -0.94713944), (0.31465763, 0.062589295, -0.94713944), (0.31465763, 0.062589295, -0.94713944), (0.31465763, 0.062589295, -0.94713944), (0.30379614, 0.1031249, -0.94713944), (0.30379614, 0.1031249, -0.94713944), (0.30379614, 0.1031249, -0.94713944), (0.30379614, 0.1031249, -0.94713944), (0.28773662, 0.14189601, -0.94713944), (0.28773662, 0.14189601, -0.94713944), (0.28773662, 0.14189601, -0.94713944), (0.28773662, 0.14189601, -0.94713944), (0.26675385, 0.17823923, -0.94713944), (0.26675385, 0.17823923, -0.94713944), (0.26675385, 0.17823923, -0.94713944), (0.26675385, 0.17823923, -0.94713944), (0.24120685, 0.21153274, -0.94713944), (0.24120685, 0.21153274, -0.94713944), (0.24120685, 0.21153274, -0.94713944), (0.24120685, 0.21153274, -0.94713944), (0.21153274, 0.24120685, -0.94713944), (0.21153274, 0.24120685, -0.94713944), (0.21153274, 0.24120685, -0.94713944), (0.21153274, 0.24120685, -0.94713944), (0.17823923, 0.26675385, -0.94713944), (0.17823923, 0.26675385, -0.94713944), (0.17823923, 0.26675385, -0.94713944), (0.17823923, 0.26675385, -0.94713944), (0.14189601, 0.28773662, -0.94713944), (0.14189601, 0.28773662, -0.94713944), (0.14189601, 0.28773662, -0.94713944), (0.14189601, 0.28773662, -0.94713944), (0.1031249, 0.30379614, -0.94713944), (0.1031249, 0.30379614, -0.94713944), (0.1031249, 0.30379614, -0.94713944), (0.1031249, 0.30379614, -0.94713944), (0.062589295, 0.31465763, -0.94713944), (0.062589295, 0.31465763, -0.94713944), (0.062589295, 0.31465763, -0.94713944), (0.062589295, 0.31465763, -0.94713944), (0.020982772, 0.32013524, -0.94713944), (0.020982772, 0.32013524, -0.94713944), (0.020982772, 0.32013524, -0.94713944), (0.020982772, 0.32013524, -0.94713944), (0.028877214, -0.44058114, -0.8972482), (0.028877214, -0.44058114, -0.8972482), (0.028877214, -0.44058114, -0.8972482), (0.028877214, -0.44058114, -0.8972482), (0.08613754, -0.43304268, -0.8972482), (0.08613754, -0.43304268, -0.8972482), (0.08613754, -0.43304268, -0.8972482), (0.08613754, -0.43304268, -0.8972482), (0.14192404, -0.41809472, -0.8972482), (0.14192404, -0.41809472, -0.8972482), (0.14192404, -0.41809472, -0.8972482), (0.14192404, -0.41809472, -0.8972482), (0.19528218, -0.39599305, -0.8972482), (0.19528218, -0.39599305, -0.8972482), (0.19528218, -0.39599305, -0.8972482), (0.19528218, -0.39599305, -0.8972482), (0.24529897, -0.36711586, -0.8972482), (0.24529897, -0.36711586, -0.8972482), (0.24529897, -0.36711586, -0.8972482), (0.24529897, -0.36711586, -0.8972482), (0.29111865, -0.3319572, -0.8972482), (0.29111865, -0.3319572, -0.8972482), (0.29111865, -0.3319572, -0.8972482), (0.29111865, -0.3319572, -0.8972482), (0.3319572, -0.29111865, -0.8972482), (0.3319572, -0.29111865, -0.8972482), (0.3319572, -0.29111865, -0.8972482), (0.3319572, -0.29111865, -0.8972482), (0.36711586, -0.24529897, -0.8972482), (0.36711586, -0.24529897, -0.8972482), (0.36711586, -0.24529897, -0.8972482), (0.36711586, -0.24529897, -0.8972482), (0.39599305, -0.19528218, -0.8972482), (0.39599305, -0.19528218, -0.8972482), (0.39599305, -0.19528218, -0.8972482), (0.39599305, -0.19528218, -0.8972482), (0.41809472, -0.14192404, -0.8972482), (0.41809472, -0.14192404, -0.8972482), (0.41809472, -0.14192404, -0.8972482), (0.41809472, -0.14192404, -0.8972482), (0.43304268, -0.08613754, -0.8972482), (0.43304268, -0.08613754, -0.8972482), (0.43304268, -0.08613754, -0.8972482), (0.43304268, -0.08613754, -0.8972482), (0.44058114, -0.028877214, -0.8972482), (0.44058114, -0.028877214, -0.8972482), (0.44058114, -0.028877214, -0.8972482), (0.44058114, -0.028877214, -0.8972482), (0.44058114, 0.028877214, -0.8972482), (0.44058114, 0.028877214, -0.8972482), (0.44058114, 0.028877214, -0.8972482), (0.44058114, 0.028877214, -0.8972482), (0.43304268, 0.08613754, -0.8972482), (0.43304268, 0.08613754, -0.8972482), (0.43304268, 0.08613754, -0.8972482), (0.43304268, 0.08613754, -0.8972482), (0.41809472, 0.14192404, -0.8972482), (0.41809472, 0.14192404, -0.8972482), (0.41809472, 0.14192404, -0.8972482), (0.41809472, 0.14192404, -0.8972482), (0.39599305, 0.19528218, -0.8972482), (0.39599305, 0.19528218, -0.8972482), (0.39599305, 0.19528218, -0.8972482), (0.39599305, 0.19528218, -0.8972482), (0.36711586, 0.24529897, -0.8972482), (0.36711586, 0.24529897, -0.8972482), (0.36711586, 0.24529897, -0.8972482), (0.36711586, 0.24529897, -0.8972482), (0.3319572, 0.29111865, -0.8972482), (0.3319572, 0.29111865, -0.8972482), (0.3319572, 0.29111865, -0.8972482), (0.3319572, 0.29111865, -0.8972482), (0.29111865, 0.3319572, -0.8972482), (0.29111865, 0.3319572, -0.8972482), (0.29111865, 0.3319572, -0.8972482), (0.29111865, 0.3319572, -0.8972482), (0.24529897, 0.36711586, -0.8972482), (0.24529897, 0.36711586, -0.8972482), (0.24529897, 0.36711586, -0.8972482), (0.24529897, 0.36711586, -0.8972482), (0.19528218, 0.39599305, -0.8972482), (0.19528218, 0.39599305, -0.8972482), (0.19528218, 0.39599305, -0.8972482), (0.19528218, 0.39599305, -0.8972482), (0.14192404, 0.41809472, -0.8972482), (0.14192404, 0.41809472, -0.8972482), (0.14192404, 0.41809472, -0.8972482), (0.14192404, 0.41809472, -0.8972482), (0.08613754, 0.43304268, -0.8972482), (0.08613754, 0.43304268, -0.8972482), (0.08613754, 0.43304268, -0.8972482), (0.08613754, 0.43304268, -0.8972482), (0.028877214, 0.44058114, -0.8972482), (0.028877214, 0.44058114, -0.8972482), (0.028877214, 0.44058114, -0.8972482), (0.028877214, 0.44058114, -0.8972482), (0.036282193, -0.5535593, -0.83201903), (0.036282193, -0.5535593, -0.83201903), (0.036282193, -0.5535593, -0.83201903), (0.036282193, -0.5535593, -0.83201903), (0.10822578, -0.54408777, -0.83201903), (0.10822578, -0.54408777, -0.83201903), (0.10822578, -0.54408777, -0.83201903), (0.10822578, -0.54408777, -0.83201903), (0.17831759, -0.5253067, -0.83201903), (0.17831759, -0.5253067, -0.83201903), (0.17831759, -0.5253067, -0.83201903), (0.17831759, -0.5253067, -0.83201903), (0.24535835, -0.49753752, -0.83201903), (0.24535835, -0.49753752, -0.83201903), (0.24535835, -0.49753752, -0.83201903), (0.24535835, -0.49753752, -0.83201903), (0.30820096, -0.4612553, -0.83201903), (0.30820096, -0.4612553, -0.83201903), (0.30820096, -0.4612553, -0.83201903), (0.30820096, -0.4612553, -0.83201903), (0.36577016, -0.4170809, -0.83201903), (0.36577016, -0.4170809, -0.83201903), (0.36577016, -0.4170809, -0.83201903), (0.36577016, -0.4170809, -0.83201903), (0.4170809, -0.36577016, -0.83201903), (0.4170809, -0.36577016, -0.83201903), (0.4170809, -0.36577016, -0.83201903), (0.4170809, -0.36577016, -0.83201903), (0.4612553, -0.30820096, -0.83201903), (0.4612553, -0.30820096, -0.83201903), (0.4612553, -0.30820096, -0.83201903), (0.4612553, -0.30820096, -0.83201903), (0.49753752, -0.24535835, -0.83201903), (0.49753752, -0.24535835, -0.83201903), (0.49753752, -0.24535835, -0.83201903), (0.49753752, -0.24535835, -0.83201903), (0.5253067, -0.17831759, -0.83201903), (0.5253067, -0.17831759, -0.83201903), (0.5253067, -0.17831759, -0.83201903), (0.5253067, -0.17831759, -0.83201903), (0.54408777, -0.10822578, -0.83201903), (0.54408777, -0.10822578, -0.83201903), (0.54408777, -0.10822578, -0.83201903), (0.54408777, -0.10822578, -0.83201903), (0.5535593, -0.036282193, -0.83201903), (0.5535593, -0.036282193, -0.83201903), (0.5535593, -0.036282193, -0.83201903), (0.5535593, -0.036282193, -0.83201903), (0.5535593, 0.036282193, -0.83201903), (0.5535593, 0.036282193, -0.83201903), (0.5535593, 0.036282193, -0.83201903), (0.5535593, 0.036282193, -0.83201903), (0.54408777, 0.10822578, -0.83201903), (0.54408777, 0.10822578, -0.83201903), (0.54408777, 0.10822578, -0.83201903), (0.54408777, 0.10822578, -0.83201903), (0.5253067, 0.17831759, -0.83201903), (0.5253067, 0.17831759, -0.83201903), (0.5253067, 0.17831759, -0.83201903), (0.5253067, 0.17831759, -0.83201903), (0.49753752, 0.24535835, -0.83201903), (0.49753752, 0.24535835, -0.83201903), (0.49753752, 0.24535835, -0.83201903), (0.49753752, 0.24535835, -0.83201903), (0.4612553, 0.30820096, -0.83201903), (0.4612553, 0.30820096, -0.83201903), (0.4612553, 0.30820096, -0.83201903), (0.4612553, 0.30820096, -0.83201903), (0.4170809, 0.36577016, -0.83201903), (0.4170809, 0.36577016, -0.83201903), (0.4170809, 0.36577016, -0.83201903), (0.4170809, 0.36577016, -0.83201903), (0.36577016, 0.4170809, -0.83201903), (0.36577016, 0.4170809, -0.83201903), (0.36577016, 0.4170809, -0.83201903), (0.36577016, 0.4170809, -0.83201903), (0.30820096, 0.4612553, -0.83201903), (0.30820096, 0.4612553, -0.83201903), (0.30820096, 0.4612553, -0.83201903), (0.30820096, 0.4612553, -0.83201903), (0.24535835, 0.49753752, -0.83201903), (0.24535835, 0.49753752, -0.83201903), (0.24535835, 0.49753752, -0.83201903), (0.24535835, 0.49753752, -0.83201903), (0.17831759, 0.5253067, -0.83201903), (0.17831759, 0.5253067, -0.83201903), (0.17831759, 0.5253067, -0.83201903), (0.17831759, 0.5253067, -0.83201903), (0.10822578, 0.54408777, -0.83201903), (0.10822578, 0.54408777, -0.83201903), (0.10822578, 0.54408777, -0.83201903), (0.10822578, 0.54408777, -0.83201903), (0.036282193, 0.5535593, -0.83201903), (0.036282193, 0.5535593, -0.83201903), (0.036282193, 0.5535593, -0.83201903), (0.036282193, 0.5535593, -0.83201903), (0.043071017, -0.65713674, -0.7525399), (0.043071017, -0.65713674, -0.7525399), (0.043071017, -0.65713674, -0.7525399), (0.043071017, -0.65713674, -0.7525399), (0.12847608, -0.6458929, -0.7525399), (0.12847608, -0.6458929, -0.7525399), (0.12847608, -0.6458929, -0.7525399), (0.12847608, -0.6458929, -0.7525399), (0.2116829, -0.62359774, -0.7525399), (0.2116829, -0.62359774, -0.7525399), (0.2116829, -0.62359774, -0.7525399), (0.2116829, -0.62359774, -0.7525399), (0.29126775, -0.5906326, -0.7525399), (0.29126775, -0.5906326, -0.7525399), (0.29126775, -0.5906326, -0.7525399), (0.29126775, -0.5906326, -0.7525399), (0.36586896, -0.5475616, -0.7525399), (0.36586896, -0.5475616, -0.7525399), (0.36586896, -0.5475616, -0.7525399), (0.36586896, -0.5475616, -0.7525399), (0.43421003, -0.49512163, -0.7525399), (0.43421003, -0.49512163, -0.7525399), (0.43421003, -0.49512163, -0.7525399), (0.43421003, -0.49512163, -0.7525399), (0.49512163, -0.43421003, -0.7525399), (0.49512163, -0.43421003, -0.7525399), (0.49512163, -0.43421003, -0.7525399), (0.49512163, -0.43421003, -0.7525399), (0.5475616, -0.36586896, -0.7525399), (0.5475616, -0.36586896, -0.7525399), (0.5475616, -0.36586896, -0.7525399), (0.5475616, -0.36586896, -0.7525399), (0.5906326, -0.29126775, -0.7525399), (0.5906326, -0.29126775, -0.7525399), (0.5906326, -0.29126775, -0.7525399), (0.5906326, -0.29126775, -0.7525399), (0.62359774, -0.2116829, -0.7525399), (0.62359774, -0.2116829, -0.7525399), (0.62359774, -0.2116829, -0.7525399), (0.62359774, -0.2116829, -0.7525399), (0.6458929, -0.12847608, -0.7525399), (0.6458929, -0.12847608, -0.7525399), (0.6458929, -0.12847608, -0.7525399), (0.6458929, -0.12847608, -0.7525399), (0.65713674, -0.043071017, -0.7525399), (0.65713674, -0.043071017, -0.7525399), (0.65713674, -0.043071017, -0.7525399), (0.65713674, -0.043071017, -0.7525399), (0.65713674, 0.043071017, -0.7525399), (0.65713674, 0.043071017, -0.7525399), (0.65713674, 0.043071017, -0.7525399), (0.65713674, 0.043071017, -0.7525399), (0.6458929, 0.12847608, -0.7525399), (0.6458929, 0.12847608, -0.7525399), (0.6458929, 0.12847608, -0.7525399), (0.6458929, 0.12847608, -0.7525399), (0.62359774, 0.2116829, -0.7525399), (0.62359774, 0.2116829, -0.7525399), (0.62359774, 0.2116829, -0.7525399), (0.62359774, 0.2116829, -0.7525399), (0.5906326, 0.29126775, -0.7525399), (0.5906326, 0.29126775, -0.7525399), (0.5906326, 0.29126775, -0.7525399), (0.5906326, 0.29126775, -0.7525399), (0.5475616, 0.36586896, -0.7525399), (0.5475616, 0.36586896, -0.7525399), (0.5475616, 0.36586896, -0.7525399), (0.5475616, 0.36586896, -0.7525399), (0.49512163, 0.43421003, -0.7525399), (0.49512163, 0.43421003, -0.7525399), (0.49512163, 0.43421003, -0.7525399), (0.49512163, 0.43421003, -0.7525399), (0.43421003, 0.49512163, -0.7525399), (0.43421003, 0.49512163, -0.7525399), (0.43421003, 0.49512163, -0.7525399), (0.43421003, 0.49512163, -0.7525399), (0.36586896, 0.5475616, -0.7525399), (0.36586896, 0.5475616, -0.7525399), (0.36586896, 0.5475616, -0.7525399), (0.36586896, 0.5475616, -0.7525399), (0.29126775, 0.5906326, -0.7525399), (0.29126775, 0.5906326, -0.7525399), (0.29126775, 0.5906326, -0.7525399), (0.29126775, 0.5906326, -0.7525399), (0.2116829, 0.62359774, -0.7525399), (0.2116829, 0.62359774, -0.7525399), (0.2116829, 0.62359774, -0.7525399), (0.2116829, 0.62359774, -0.7525399), (0.12847608, 0.6458929, -0.7525399), (0.12847608, 0.6458929, -0.7525399), (0.12847608, 0.6458929, -0.7525399), (0.12847608, 0.6458929, -0.7525399), (0.043071017, 0.65713674, -0.7525399), (0.043071017, 0.65713674, -0.7525399), (0.043071017, 0.65713674, -0.7525399), (0.043071017, 0.65713674, -0.7525399), (0.049126823, -0.7495305, -0.6601444), (0.049126823, -0.7495305, -0.6601444), (0.049126823, -0.7495305, -0.6601444), (0.049126823, -0.7495305, -0.6601444), (0.1465399, -0.7367058, -0.6601444), (0.1465399, -0.7367058, -0.6601444), (0.1465399, -0.7367058, -0.6601444), (0.1465399, -0.7367058, -0.6601444), (0.24144563, -0.7112759, -0.6601444), (0.24144563, -0.7112759, -0.6601444), (0.24144563, -0.7112759, -0.6601444), (0.24144563, -0.7112759, -0.6601444), (0.33222017, -0.67367584, -0.6601444), (0.33222017, -0.67367584, -0.6601444), (0.33222017, -0.67367584, -0.6601444), (0.33222017, -0.67367584, -0.6601444), (0.41731033, -0.62454903, -0.6601444), (0.41731033, -0.62454903, -0.6601444), (0.41731033, -0.62454903, -0.6601444), (0.41731033, -0.62454903, -0.6601444), (0.49526018, -0.564736, -0.6601444), (0.49526018, -0.564736, -0.6601444), (0.49526018, -0.564736, -0.6601444), (0.49526018, -0.564736, -0.6601444), (0.564736, -0.49526018, -0.6601444), (0.564736, -0.49526018, -0.6601444), (0.564736, -0.49526018, -0.6601444), (0.564736, -0.49526018, -0.6601444), (0.62454903, -0.41731033, -0.6601444), (0.62454903, -0.41731033, -0.6601444), (0.62454903, -0.41731033, -0.6601444), (0.62454903, -0.41731033, -0.6601444), (0.67367584, -0.33222017, -0.6601444), (0.67367584, -0.33222017, -0.6601444), (0.67367584, -0.33222017, -0.6601444), (0.67367584, -0.33222017, -0.6601444), (0.7112759, -0.24144563, -0.6601444), (0.7112759, -0.24144563, -0.6601444), (0.7112759, -0.24144563, -0.6601444), (0.7112759, -0.24144563, -0.6601444), (0.7367058, -0.1465399, -0.6601444), (0.7367058, -0.1465399, -0.6601444), (0.7367058, -0.1465399, -0.6601444), (0.7367058, -0.1465399, -0.6601444), (0.7495305, -0.049126823, -0.6601444), (0.7495305, -0.049126823, -0.6601444), (0.7495305, -0.049126823, -0.6601444), (0.7495305, -0.049126823, -0.6601444), (0.7495305, 0.049126823, -0.6601444), (0.7495305, 0.049126823, -0.6601444), (0.7495305, 0.049126823, -0.6601444), (0.7495305, 0.049126823, -0.6601444), (0.7367058, 0.1465399, -0.6601444), (0.7367058, 0.1465399, -0.6601444), (0.7367058, 0.1465399, -0.6601444), (0.7367058, 0.1465399, -0.6601444), (0.7112759, 0.24144563, -0.6601444), (0.7112759, 0.24144563, -0.6601444), (0.7112759, 0.24144563, -0.6601444), (0.7112759, 0.24144563, -0.6601444), (0.67367584, 0.33222017, -0.6601444), (0.67367584, 0.33222017, -0.6601444), (0.67367584, 0.33222017, -0.6601444), (0.67367584, 0.33222017, -0.6601444), (0.62454903, 0.41731033, -0.6601444), (0.62454903, 0.41731033, -0.6601444), (0.62454903, 0.41731033, -0.6601444), (0.62454903, 0.41731033, -0.6601444), (0.564736, 0.49526018, -0.6601444), (0.564736, 0.49526018, -0.6601444), (0.564736, 0.49526018, -0.6601444), (0.564736, 0.49526018, -0.6601444), (0.49526018, 0.564736, -0.6601444), (0.49526018, 0.564736, -0.6601444), (0.49526018, 0.564736, -0.6601444), (0.49526018, 0.564736, -0.6601444), (0.41731033, 0.62454903, -0.6601444), (0.41731033, 0.62454903, -0.6601444), (0.41731033, 0.62454903, -0.6601444), (0.41731033, 0.62454903, -0.6601444), (0.33222017, 0.67367584, -0.6601444), (0.33222017, 0.67367584, -0.6601444), (0.33222017, 0.67367584, -0.6601444), (0.33222017, 0.67367584, -0.6601444), (0.24144563, 0.7112759, -0.6601444), (0.24144563, 0.7112759, -0.6601444), (0.24144563, 0.7112759, -0.6601444), (0.24144563, 0.7112759, -0.6601444), (0.1465399, 0.7367058, -0.6601444), (0.1465399, 0.7367058, -0.6601444), (0.1465399, 0.7367058, -0.6601444), (0.1465399, 0.7367058, -0.6601444), (0.049126823, 0.7495305, -0.6601444), (0.049126823, 0.7495305, -0.6601444), (0.049126823, 0.7495305, -0.6601444), (0.049126823, 0.7495305, -0.6601444), (0.054344695, -0.8291398, -0.55639356), (0.054344695, -0.8291398, -0.55639356), (0.054344695, -0.8291398, -0.55639356), (0.054344695, -0.8291398, -0.55639356), (0.16210423, -0.814953, -0.55639356), (0.16210423, -0.814953, -0.55639356), (0.16210423, -0.814953, -0.55639356), (0.16210423, -0.814953, -0.55639356), (0.26709014, -0.78682214, -0.55639356), (0.26709014, -0.78682214, -0.55639356), (0.26709014, -0.78682214, -0.55639356), (0.26709014, -0.78682214, -0.55639356), (0.36750603, -0.7452285, -0.55639356), (0.36750603, -0.7452285, -0.55639356), (0.36750603, -0.7452285, -0.55639356), (0.36750603, -0.7452285, -0.55639356), (0.4616338, -0.6908838, -0.55639356), (0.4616338, -0.6908838, -0.55639356), (0.4616338, -0.6908838, -0.55639356), (0.4616338, -0.6908838, -0.55639356), (0.5478629, -0.6247179, -0.55639356), (0.5478629, -0.6247179, -0.55639356), (0.5478629, -0.6247179, -0.55639356), (0.5478629, -0.6247179, -0.55639356), (0.6247179, -0.5478629, -0.55639356), (0.6247179, -0.5478629, -0.55639356), (0.6247179, -0.5478629, -0.55639356), (0.6247179, -0.5478629, -0.55639356), (0.6908838, -0.4616338, -0.55639356), (0.6908838, -0.4616338, -0.55639356), (0.6908838, -0.4616338, -0.55639356), (0.6908838, -0.4616338, -0.55639356), (0.7452285, -0.36750603, -0.55639356), (0.7452285, -0.36750603, -0.55639356), (0.7452285, -0.36750603, -0.55639356), (0.7452285, -0.36750603, -0.55639356), (0.78682214, -0.26709014, -0.55639356), (0.78682214, -0.26709014, -0.55639356), (0.78682214, -0.26709014, -0.55639356), (0.78682214, -0.26709014, -0.55639356), (0.814953, -0.16210423, -0.55639356), (0.814953, -0.16210423, -0.55639356), (0.814953, -0.16210423, -0.55639356), (0.814953, -0.16210423, -0.55639356), (0.8291398, -0.054344695, -0.55639356), (0.8291398, -0.054344695, -0.55639356), (0.8291398, -0.054344695, -0.55639356), (0.8291398, -0.054344695, -0.55639356), (0.8291398, 0.054344695, -0.55639356), (0.8291398, 0.054344695, -0.55639356), (0.8291398, 0.054344695, -0.55639356), (0.8291398, 0.054344695, -0.55639356), (0.814953, 0.16210423, -0.55639356), (0.814953, 0.16210423, -0.55639356), (0.814953, 0.16210423, -0.55639356), (0.814953, 0.16210423, -0.55639356), (0.78682214, 0.26709014, -0.55639356), (0.78682214, 0.26709014, -0.55639356), (0.78682214, 0.26709014, -0.55639356), (0.78682214, 0.26709014, -0.55639356), (0.7452285, 0.36750603, -0.55639356), (0.7452285, 0.36750603, -0.55639356), (0.7452285, 0.36750603, -0.55639356), (0.7452285, 0.36750603, -0.55639356), (0.6908838, 0.4616338, -0.55639356), (0.6908838, 0.4616338, -0.55639356), (0.6908838, 0.4616338, -0.55639356), (0.6908838, 0.4616338, -0.55639356), (0.6247179, 0.5478629, -0.55639356), (0.6247179, 0.5478629, -0.55639356), (0.6247179, 0.5478629, -0.55639356), (0.6247179, 0.5478629, -0.55639356), (0.5478629, 0.6247179, -0.55639356), (0.5478629, 0.6247179, -0.55639356), (0.5478629, 0.6247179, -0.55639356), (0.5478629, 0.6247179, -0.55639356), (0.4616338, 0.6908838, -0.55639356), (0.4616338, 0.6908838, -0.55639356), (0.4616338, 0.6908838, -0.55639356), (0.4616338, 0.6908838, -0.55639356), (0.36750603, 0.7452285, -0.55639356), (0.36750603, 0.7452285, -0.55639356), (0.36750603, 0.7452285, -0.55639356), (0.36750603, 0.7452285, -0.55639356), (0.26709014, 0.78682214, -0.55639356), (0.26709014, 0.78682214, -0.55639356), (0.26709014, 0.78682214, -0.55639356), (0.26709014, 0.78682214, -0.55639356), (0.16210423, 0.814953, -0.55639356), (0.16210423, 0.814953, -0.55639356), (0.16210423, 0.814953, -0.55639356), (0.16210423, 0.814953, -0.55639356), (0.054344695, 0.8291398, -0.55639356), (0.054344695, 0.8291398, -0.55639356), (0.054344695, 0.8291398, -0.55639356), (0.054344695, 0.8291398, -0.55639356), (0.05863365, -0.89457667, -0.44305158), (0.05863365, -0.89457667, -0.44305158), (0.05863365, -0.89457667, -0.44305158), (0.05863365, -0.89457667, -0.44305158), (0.17489772, -0.8792702, -0.44305158), (0.17489772, -0.8792702, -0.44305158), (0.17489772, -0.8792702, -0.44305158), (0.17489772, -0.8792702, -0.44305158), (0.28816923, -0.8489192, -0.44305158), (0.28816923, -0.8489192, -0.44305158), (0.28816923, -0.8489192, -0.44305158), (0.28816923, -0.8489192, -0.44305158), (0.3965101, -0.80404294, -0.44305158), (0.3965101, -0.80404294, -0.44305158), (0.3965101, -0.80404294, -0.44305158), (0.3965101, -0.80404294, -0.44305158), (0.49806657, -0.7454093, -0.44305158), (0.49806657, -0.7454093, -0.44305158), (0.49806657, -0.7454093, -0.44305158), (0.49806657, -0.7454093, -0.44305158), (0.591101, -0.6740215, -0.44305158), (0.591101, -0.6740215, -0.44305158), (0.591101, -0.6740215, -0.44305158), (0.591101, -0.6740215, -0.44305158), (0.6740215, -0.591101, -0.44305158), (0.6740215, -0.591101, -0.44305158), (0.6740215, -0.591101, -0.44305158), (0.6740215, -0.591101, -0.44305158), (0.7454093, -0.49806657, -0.44305158), (0.7454093, -0.49806657, -0.44305158), (0.7454093, -0.49806657, -0.44305158), (0.7454093, -0.49806657, -0.44305158), (0.80404294, -0.3965101, -0.44305158), (0.80404294, -0.3965101, -0.44305158), (0.80404294, -0.3965101, -0.44305158), (0.80404294, -0.3965101, -0.44305158), (0.8489192, -0.28816923, -0.44305158), (0.8489192, -0.28816923, -0.44305158), (0.8489192, -0.28816923, -0.44305158), (0.8489192, -0.28816923, -0.44305158), (0.8792702, -0.17489772, -0.44305158), (0.8792702, -0.17489772, -0.44305158), (0.8792702, -0.17489772, -0.44305158), (0.8792702, -0.17489772, -0.44305158), (0.89457667, -0.05863365, -0.44305158), (0.89457667, -0.05863365, -0.44305158), (0.89457667, -0.05863365, -0.44305158), (0.89457667, -0.05863365, -0.44305158), (0.89457667, 0.05863365, -0.44305158), (0.89457667, 0.05863365, -0.44305158), (0.89457667, 0.05863365, -0.44305158), (0.89457667, 0.05863365, -0.44305158), (0.8792702, 0.17489772, -0.44305158), (0.8792702, 0.17489772, -0.44305158), (0.8792702, 0.17489772, -0.44305158), (0.8792702, 0.17489772, -0.44305158), (0.8489192, 0.28816923, -0.44305158), (0.8489192, 0.28816923, -0.44305158), (0.8489192, 0.28816923, -0.44305158), (0.8489192, 0.28816923, -0.44305158), (0.80404294, 0.3965101, -0.44305158), (0.80404294, 0.3965101, -0.44305158), (0.80404294, 0.3965101, -0.44305158), (0.80404294, 0.3965101, -0.44305158), (0.7454093, 0.49806657, -0.44305158), (0.7454093, 0.49806657, -0.44305158), (0.7454093, 0.49806657, -0.44305158), (0.7454093, 0.49806657, -0.44305158), (0.6740215, 0.591101, -0.44305158), (0.6740215, 0.591101, -0.44305158), (0.6740215, 0.591101, -0.44305158), (0.6740215, 0.591101, -0.44305158), (0.591101, 0.6740215, -0.44305158), (0.591101, 0.6740215, -0.44305158), (0.591101, 0.6740215, -0.44305158), (0.591101, 0.6740215, -0.44305158), (0.49806657, 0.7454093, -0.44305158), (0.49806657, 0.7454093, -0.44305158), (0.49806657, 0.7454093, -0.44305158), (0.49806657, 0.7454093, -0.44305158), (0.3965101, 0.80404294, -0.44305158), (0.3965101, 0.80404294, -0.44305158), (0.3965101, 0.80404294, -0.44305158), (0.3965101, 0.80404294, -0.44305158), (0.28816923, 0.8489192, -0.44305158), (0.28816923, 0.8489192, -0.44305158), (0.28816923, 0.8489192, -0.44305158), (0.28816923, 0.8489192, -0.44305158), (0.17489772, 0.8792702, -0.44305158), (0.17489772, 0.8792702, -0.44305158), (0.17489772, 0.8792702, -0.44305158), (0.17489772, 0.8792702, -0.44305158), (0.05863365, 0.89457667, -0.44305158), (0.05863365, 0.89457667, -0.44305158), (0.05863365, 0.89457667, -0.44305158), (0.05863365, 0.89457667, -0.44305158), (0.061918452, -0.944693, -0.3220577), (0.061918452, -0.944693, -0.3220577), (0.061918452, -0.944693, -0.3220577), (0.061918452, -0.944693, -0.3220577), (0.18469591, -0.9285291, -0.3220577), (0.18469591, -0.9285291, -0.3220577), (0.18469591, -0.9285291, -0.3220577), (0.18469591, -0.9285291, -0.3220577), (0.30431318, -0.89647776, -0.3220577), (0.30431318, -0.89647776, -0.3220577), (0.30431318, -0.89647776, -0.3220577), (0.30431318, -0.89647776, -0.3220577), (0.41872355, -0.8490874, -0.3220577), (0.41872355, -0.8490874, -0.3220577), (0.41872355, -0.8490874, -0.3220577), (0.41872355, -0.8490874, -0.3220577), (0.52596945, -0.7871689, -0.3220577), (0.52596945, -0.7871689, -0.3220577), (0.52596945, -0.7871689, -0.3220577), (0.52596945, -0.7871689, -0.3220577), (0.6242159, -0.7117818, -0.3220577), (0.6242159, -0.7117818, -0.3220577), (0.6242159, -0.7117818, -0.3220577), (0.6242159, -0.7117818, -0.3220577), (0.7117818, -0.6242159, -0.3220577), (0.7117818, -0.6242159, -0.3220577), (0.7117818, -0.6242159, -0.3220577), (0.7117818, -0.6242159, -0.3220577), (0.7871689, -0.52596945, -0.3220577), (0.7871689, -0.52596945, -0.3220577), (0.7871689, -0.52596945, -0.3220577), (0.7871689, -0.52596945, -0.3220577), (0.8490874, -0.41872355, -0.3220577), (0.8490874, -0.41872355, -0.3220577), (0.8490874, -0.41872355, -0.3220577), (0.8490874, -0.41872355, -0.3220577), (0.89647776, -0.30431318, -0.3220577), (0.89647776, -0.30431318, -0.3220577), (0.89647776, -0.30431318, -0.3220577), (0.89647776, -0.30431318, -0.3220577), (0.9285291, -0.18469591, -0.3220577), (0.9285291, -0.18469591, -0.3220577), (0.9285291, -0.18469591, -0.3220577), (0.9285291, -0.18469591, -0.3220577), (0.944693, -0.061918452, -0.3220577), (0.944693, -0.061918452, -0.3220577), (0.944693, -0.061918452, -0.3220577), (0.944693, -0.061918452, -0.3220577), (0.944693, 0.061918452, -0.3220577), (0.944693, 0.061918452, -0.3220577), (0.944693, 0.061918452, -0.3220577), (0.944693, 0.061918452, -0.3220577), (0.9285291, 0.18469591, -0.3220577), (0.9285291, 0.18469591, -0.3220577), (0.9285291, 0.18469591, -0.3220577), (0.9285291, 0.18469591, -0.3220577), (0.89647776, 0.30431318, -0.3220577), (0.89647776, 0.30431318, -0.3220577), (0.89647776, 0.30431318, -0.3220577), (0.89647776, 0.30431318, -0.3220577), (0.8490874, 0.41872355, -0.3220577), (0.8490874, 0.41872355, -0.3220577), (0.8490874, 0.41872355, -0.3220577), (0.8490874, 0.41872355, -0.3220577), (0.7871689, 0.52596945, -0.3220577), (0.7871689, 0.52596945, -0.3220577), (0.7871689, 0.52596945, -0.3220577), (0.7871689, 0.52596945, -0.3220577), (0.7117818, 0.6242159, -0.3220577), (0.7117818, 0.6242159, -0.3220577), (0.7117818, 0.6242159, -0.3220577), (0.7117818, 0.6242159, -0.3220577), (0.6242159, 0.7117818, -0.3220577), (0.6242159, 0.7117818, -0.3220577), (0.6242159, 0.7117818, -0.3220577), (0.6242159, 0.7117818, -0.3220577), (0.52596945, 0.7871689, -0.3220577), (0.52596945, 0.7871689, -0.3220577), (0.52596945, 0.7871689, -0.3220577), (0.52596945, 0.7871689, -0.3220577), (0.41872355, 0.8490874, -0.3220577), (0.41872355, 0.8490874, -0.3220577), (0.41872355, 0.8490874, -0.3220577), (0.41872355, 0.8490874, -0.3220577), (0.30431318, 0.89647776, -0.3220577), (0.30431318, 0.89647776, -0.3220577), (0.30431318, 0.89647776, -0.3220577), (0.30431318, 0.89647776, -0.3220577), (0.18469591, 0.9285291, -0.3220577), (0.18469591, 0.9285291, -0.3220577), (0.18469591, 0.9285291, -0.3220577), (0.18469591, 0.9285291, -0.3220577), (0.061918452, 0.944693, -0.3220577), (0.061918452, 0.944693, -0.3220577), (0.061918452, 0.944693, -0.3220577), (0.061918452, 0.944693, -0.3220577), (0.064141184, -0.97860533, -0.19549294), (0.064141184, -0.97860533, -0.19549294), (0.064141184, -0.97860533, -0.19549294), (0.064141184, -0.97860533, -0.19549294), (0.19132608, -0.96186113, -0.19549294), (0.19132608, -0.96186113, -0.19549294), (0.19132608, -0.96186113, -0.19549294), (0.19132608, -0.96186113, -0.19549294), (0.3152373, -0.9286592, -0.19549294), (0.3152373, -0.9286592, -0.19549294), (0.3152373, -0.9286592, -0.19549294), (0.3152373, -0.9286592, -0.19549294), (0.43375477, -0.8795677, -0.19549294), (0.43375477, -0.8795677, -0.19549294), (0.43375477, -0.8795677, -0.19549294), (0.43375477, -0.8795677, -0.19549294), (0.5448506, -0.81542647, -0.19549294), (0.5448506, -0.81542647, -0.19549294), (0.5448506, -0.81542647, -0.19549294), (0.5448506, -0.81542647, -0.19549294), (0.6466238, -0.7373331, -0.19549294), (0.6466238, -0.7373331, -0.19549294), (0.6466238, -0.7373331, -0.19549294), (0.6466238, -0.7373331, -0.19549294), (0.7373331, -0.6466238, -0.19549294), (0.7373331, -0.6466238, -0.19549294), (0.7373331, -0.6466238, -0.19549294), (0.7373331, -0.6466238, -0.19549294), (0.81542647, -0.5448506, -0.19549294), (0.81542647, -0.5448506, -0.19549294), (0.81542647, -0.5448506, -0.19549294), (0.81542647, -0.5448506, -0.19549294), (0.8795677, -0.43375477, -0.19549294), (0.8795677, -0.43375477, -0.19549294), (0.8795677, -0.43375477, -0.19549294), (0.8795677, -0.43375477, -0.19549294), (0.9286592, -0.3152373, -0.19549294), (0.9286592, -0.3152373, -0.19549294), (0.9286592, -0.3152373, -0.19549294), (0.9286592, -0.3152373, -0.19549294), (0.96186113, -0.19132608, -0.19549294), (0.96186113, -0.19132608, -0.19549294), (0.96186113, -0.19132608, -0.19549294), (0.96186113, -0.19132608, -0.19549294), (0.97860533, -0.064141184, -0.19549294), (0.97860533, -0.064141184, -0.19549294), (0.97860533, -0.064141184, -0.19549294), (0.97860533, -0.064141184, -0.19549294), (0.97860533, 0.064141184, -0.19549294), (0.97860533, 0.064141184, -0.19549294), (0.97860533, 0.064141184, -0.19549294), (0.97860533, 0.064141184, -0.19549294), (0.96186113, 0.19132608, -0.19549294), (0.96186113, 0.19132608, -0.19549294), (0.96186113, 0.19132608, -0.19549294), (0.96186113, 0.19132608, -0.19549294), (0.9286592, 0.3152373, -0.19549294), (0.9286592, 0.3152373, -0.19549294), (0.9286592, 0.3152373, -0.19549294), (0.9286592, 0.3152373, -0.19549294), (0.8795677, 0.43375477, -0.19549294), (0.8795677, 0.43375477, -0.19549294), (0.8795677, 0.43375477, -0.19549294), (0.8795677, 0.43375477, -0.19549294), (0.81542647, 0.5448506, -0.19549294), (0.81542647, 0.5448506, -0.19549294), (0.81542647, 0.5448506, -0.19549294), (0.81542647, 0.5448506, -0.19549294), (0.7373331, 0.6466238, -0.19549294), (0.7373331, 0.6466238, -0.19549294), (0.7373331, 0.6466238, -0.19549294), (0.7373331, 0.6466238, -0.19549294), (0.6466238, 0.7373331, -0.19549294), (0.6466238, 0.7373331, -0.19549294), (0.6466238, 0.7373331, -0.19549294), (0.6466238, 0.7373331, -0.19549294), (0.5448506, 0.81542647, -0.19549294), (0.5448506, 0.81542647, -0.19549294), (0.5448506, 0.81542647, -0.19549294), (0.5448506, 0.81542647, -0.19549294), (0.43375477, 0.8795677, -0.19549294), (0.43375477, 0.8795677, -0.19549294), (0.43375477, 0.8795677, -0.19549294), (0.43375477, 0.8795677, -0.19549294), (0.3152373, 0.9286592, -0.19549294), (0.3152373, 0.9286592, -0.19549294), (0.3152373, 0.9286592, -0.19549294), (0.3152373, 0.9286592, -0.19549294), (0.19132608, 0.96186113, -0.19549294), (0.19132608, 0.96186113, -0.19549294), (0.19132608, 0.96186113, -0.19549294), (0.19132608, 0.96186113, -0.19549294), (0.064141184, 0.97860533, -0.19549294), (0.064141184, 0.97860533, -0.19549294), (0.064141184, 0.97860533, -0.19549294), (0.064141184, 0.97860533, -0.19549294), (0.0652625, -0.9957133, -0.06554286), (0.0652625, -0.9957133, -0.06554286), (0.0652625, -0.9957133, -0.06554286), (0.0652625, -0.9957133, -0.06554286), (0.19467083, -0.9786764, -0.06554286), (0.19467083, -0.9786764, -0.06554286), (0.19467083, -0.9786764, -0.06554286), (0.19467083, -0.9786764, -0.06554286), (0.3207483, -0.944894, -0.06554286), (0.3207483, -0.944894, -0.06554286), (0.3207483, -0.944894, -0.06554286), (0.3207483, -0.944894, -0.06554286), (0.44133767, -0.89494425, -0.06554286), (0.44133767, -0.89494425, -0.06554286), (0.44133767, -0.89494425, -0.06554286), (0.44133767, -0.89494425, -0.06554286), (0.55437565, -0.82968175, -0.06554286), (0.55437565, -0.82968175, -0.06554286), (0.55437565, -0.82968175, -0.06554286), (0.55437565, -0.82968175, -0.06554286), (0.65792805, -0.75022316, -0.06554286), (0.65792805, -0.75022316, -0.06554286), (0.65792805, -0.75022316, -0.06554286), (0.65792805, -0.75022316, -0.06554286), (0.75022316, -0.65792805, -0.06554286), (0.75022316, -0.65792805, -0.06554286), (0.75022316, -0.65792805, -0.06554286), (0.75022316, -0.65792805, -0.06554286), (0.82968175, -0.55437565, -0.06554286), (0.82968175, -0.55437565, -0.06554286), (0.82968175, -0.55437565, -0.06554286), (0.82968175, -0.55437565, -0.06554286), (0.89494425, -0.44133767, -0.06554286), (0.89494425, -0.44133767, -0.06554286), (0.89494425, -0.44133767, -0.06554286), (0.89494425, -0.44133767, -0.06554286), (0.944894, -0.3207483, -0.06554286), (0.944894, -0.3207483, -0.06554286), (0.944894, -0.3207483, -0.06554286), (0.944894, -0.3207483, -0.06554286), (0.9786764, -0.19467083, -0.06554286), (0.9786764, -0.19467083, -0.06554286), (0.9786764, -0.19467083, -0.06554286), (0.9786764, -0.19467083, -0.06554286), (0.9957133, -0.0652625, -0.06554286), (0.9957133, -0.0652625, -0.06554286), (0.9957133, -0.0652625, -0.06554286), (0.9957133, -0.0652625, -0.06554286), (0.9957133, 0.0652625, -0.06554286), (0.9957133, 0.0652625, -0.06554286), (0.9957133, 0.0652625, -0.06554286), (0.9957133, 0.0652625, -0.06554286), (0.9786764, 0.19467083, -0.06554286), (0.9786764, 0.19467083, -0.06554286), (0.9786764, 0.19467083, -0.06554286), (0.9786764, 0.19467083, -0.06554286), (0.944894, 0.3207483, -0.06554286), (0.944894, 0.3207483, -0.06554286), (0.944894, 0.3207483, -0.06554286), (0.944894, 0.3207483, -0.06554286), (0.89494425, 0.44133767, -0.06554286), (0.89494425, 0.44133767, -0.06554286), (0.89494425, 0.44133767, -0.06554286), (0.89494425, 0.44133767, -0.06554286), (0.82968175, 0.55437565, -0.06554286), (0.82968175, 0.55437565, -0.06554286), (0.82968175, 0.55437565, -0.06554286), (0.82968175, 0.55437565, -0.06554286), (0.75022316, 0.65792805, -0.06554286), (0.75022316, 0.65792805, -0.06554286), (0.75022316, 0.65792805, -0.06554286), (0.75022316, 0.65792805, -0.06554286), (0.65792805, 0.75022316, -0.06554286), (0.65792805, 0.75022316, -0.06554286), (0.65792805, 0.75022316, -0.06554286), (0.65792805, 0.75022316, -0.06554286), (0.55437565, 0.82968175, -0.06554286), (0.55437565, 0.82968175, -0.06554286), (0.55437565, 0.82968175, -0.06554286), (0.55437565, 0.82968175, -0.06554286), (0.44133767, 0.89494425, -0.06554286), (0.44133767, 0.89494425, -0.06554286), (0.44133767, 0.89494425, -0.06554286), (0.44133767, 0.89494425, -0.06554286), (0.3207483, 0.944894, -0.06554286), (0.3207483, 0.944894, -0.06554286), (0.3207483, 0.944894, -0.06554286), (0.3207483, 0.944894, -0.06554286), (0.19467083, 0.9786764, -0.06554286), (0.19467083, 0.9786764, -0.06554286), (0.19467083, 0.9786764, -0.06554286), (0.19467083, 0.9786764, -0.06554286), (0.0652625, 0.9957133, -0.06554286), (0.0652625, 0.9957133, -0.06554286), (0.0652625, 0.9957133, -0.06554286), (0.0652625, 0.9957133, -0.06554286)] (
                interpolation = "faceVarying"
            )
            point3f[] points = [(-0.034074172, 0.25881904, 3.9828897), (1.5984848e-17, 0.26105237, 3.9828897), (0, 0, 4), (-0.06756533, 0.25215724, 3.9828897), (-0.034074172, 0.25881904, 3.9828897), (0, 0, 4), (-0.099900424, 0.24118096, 3.9828897), (-0.06756533, 0.25215724, 3.9828897), (0, 0, 4), (-0.13052619, 0.226078, 3.9828897), (-0.099900424, 0.24118096, 3.9828897), (0, 0, 4), (-0.15891862, 0.20710678, 3.9828897), (-0.13052619, 0.226078, 3.9828897), (0, 0, 4), (-0.1845919, 0.1845919, 3.9828897), (-0.15891862, 0.20710678, 3.9828897), (0, 0, 4), (-0.20710678, 0.15891862, 3.9828897), (-0.1845919, 0.1845919, 3.9828897), (0, 0, 4), (-0.226078, 0.13052619, 3.9828897), (-0.20710678, 0.15891862, 3.9828897), (0, 0, 4), (-0.24118096, 0.099900424, 3.9828897), (-0.226078, 0.13052619, 3.9828897), (0, 0, 4), (-0.25215724, 0.06756533, 3.9828897), (-0.24118096, 0.099900424, 3.9828897), (0, 0, 4), (-0.25881904, 0.034074172, 3.9828897), (-0.25215724, 0.06756533, 3.9828897), (0, 0, 4), (-0.26105237, 3.1969697e-17, 3.9828897), (-0.25881904, 0.034074172, 3.9828897), (0, 0, 4), (-0.25881904, -0.034074172, 3.9828897), (-0.26105237, 3.1969697e-17, 3.9828897), (0, 0, 4), (-0.25215724, -0.06756533, 3.9828897), (-0.25881904, -0.034074172, 3.9828897), (0, 0, 4), (-0.24118096, -0.099900424, 3.9828897), (-0.25215724, -0.06756533, 3.9828897), (0, 0, 4), (-0.226078, -0.13052619, 3.9828897), (-0.24118096, -0.099900424, 3.9828897), (0, 0, 4), (-0.20710678, -0.15891862, 3.9828897), (-0.226078, -0.13052619, 3.9828897), (0, 0, 4), (-0.1845919, -0.1845919, 3.9828897), (-0.20710678, -0.15891862, 3.9828897), (0, 0, 4), (-0.15891862, -0.20710678, 3.9828897), (-0.1845919, -0.1845919, 3.9828897), (0, 0, 4), (-0.13052619, -0.226078, 3.9828897), (-0.15891862, -0.20710678, 3.9828897), (0, 0, 4), (-0.099900424, -0.24118096, 3.9828897), (-0.13052619, -0.226078, 3.9828897), (0, 0, 4), (-0.06756533, -0.25215724, 3.9828897), (-0.099900424, -0.24118096, 3.9828897), (0, 0, 4), (-0.034074172, -0.25881904, 3.9828897), (-0.06756533, -0.25215724, 3.9828897), (0, 0, 4), (-4.7954545e-17, -0.26105237, 3.9828897), (-0.034074172, -0.25881904, 3.9828897), (0, 0, 4), (-0.034074172, 0.25881904, 3.9828897), (-0.06756533, 0.51320964, 3.9318516), (3.169619e-17, 0.5176381, 3.9318516), (1.5984848e-17, 0.26105237, 3.9828897), (-0.06756533, 0.25215724, 3.9828897), (-0.1339746, 0.5, 3.9318516), (-0.06756533, 0.51320964, 3.9318516), (-0.034074172, 0.25881904, 3.9828897), (-0.099900424, 0.24118096, 3.9828897), (-0.19809152, 0.47823524, 3.9318516), (-0.1339746, 0.5, 3.9318516), (-0.06756533, 0.25215724, 3.9828897), (-0.13052619, 0.226078, 3.9828897), (-0.25881904, 0.44828773, 3.9318516), (-0.19809152, 0.47823524, 3.9318516), (-0.099900424, 0.24118096, 3.9828897), (-0.15891862, 0.20710678, 3.9828897), (-0.3151181, 0.4106699, 3.9318516), (-0.25881904, 0.44828773, 3.9318516), (-0.13052619, 0.226078, 3.9828897), (-0.1845919, 0.1845919, 3.9828897), (-0.36602542, 0.36602542, 3.9318516), (-0.3151181, 0.4106699, 3.9318516), (-0.15891862, 0.20710678, 3.9828897), (-0.20710678, 0.15891862, 3.9828897), (-0.4106699, 0.3151181, 3.9318516), (-0.36602542, 0.36602542, 3.9318516), (-0.1845919, 0.1845919, 3.9828897), (-0.226078, 0.13052619, 3.9828897), (-0.44828773, 0.25881904, 3.9318516), (-0.4106699, 0.3151181, 3.9318516), (-0.20710678, 0.15891862, 3.9828897), (-0.24118096, 0.099900424, 3.9828897), (-0.47823524, 0.19809152, 3.9318516), (-0.44828773, 0.25881904, 3.9318516), (-0.226078, 0.13052619, 3.9828897), (-0.25215724, 0.06756533, 3.9828897), (-0.5, 0.1339746, 3.9318516), (-0.47823524, 0.19809152, 3.9318516), (-0.24118096, 0.099900424, 3.9828897), (-0.25881904, 0.034074172, 3.9828897), (-0.51320964, 0.06756533, 3.9318516), (-0.5, 0.1339746, 3.9318516), (-0.25215724, 0.06756533, 3.9828897), (-0.26105237, 3.1969697e-17, 3.9828897), (-0.5176381, 6.339238e-17, 3.9318516), (-0.51320964, 0.06756533, 3.9318516), (-0.25881904, 0.034074172, 3.9828897), (-0.25881904, -0.034074172, 3.9828897), (-0.51320964, -0.06756533, 3.9318516), (-0.5176381, 6.339238e-17, 3.9318516), (-0.26105237, 3.1969697e-17, 3.9828897), (-0.25215724, -0.06756533, 3.9828897), (-0.5, -0.1339746, 3.9318516), (-0.51320964, -0.06756533, 3.9318516), (-0.25881904, -0.034074172, 3.9828897), (-0.24118096, -0.099900424, 3.9828897), (-0.47823524, -0.19809152, 3.9318516), (-0.5, -0.1339746, 3.9318516), (-0.25215724, -0.06756533, 3.9828897), (-0.226078, -0.13052619, 3.9828897), (-0.44828773, -0.25881904, 3.9318516), (-0.47823524, -0.19809152, 3.9318516), (-0.24118096, -0.099900424, 3.9828897), (-0.20710678, -0.15891862, 3.9828897), (-0.4106699, -0.3151181, 3.9318516), (-0.44828773, -0.25881904, 3.9318516), (-0.226078, -0.13052619, 3.9828897), (-0.1845919, -0.1845919, 3.9828897), (-0.36602542, -0.36602542, 3.9318516), (-0.4106699, -0.3151181, 3.9318516), (-0.20710678, -0.15891862, 3.9828897), (-0.15891862, -0.20710678, 3.9828897), (-0.3151181, -0.4106699, 3.9318516), (-0.36602542, -0.36602542, 3.9318516), (-0.1845919, -0.1845919, 3.9828897), (-0.13052619, -0.226078, 3.9828897), (-0.25881904, -0.44828773, 3.9318516), (-0.3151181, -0.4106699, 3.9318516), (-0.15891862, -0.20710678, 3.9828897), (-0.099900424, -0.24118096, 3.9828897), (-0.19809152, -0.47823524, 3.9318516), (-0.25881904, -0.44828773, 3.9318516), (-0.13052619, -0.226078, 3.9828897), (-0.06756533, -0.25215724, 3.9828897), (-0.1339746, -0.5, 3.9318516), (-0.19809152, -0.47823524, 3.9318516), (-0.099900424, -0.24118096, 3.9828897), (-0.034074172, -0.25881904, 3.9828897), (-0.06756533, -0.51320964, 3.9318516), (-0.1339746, -0.5, 3.9318516), (-0.06756533, -0.25215724, 3.9828897), (-4.7954545e-17, -0.26105237, 3.9828897), (-9.5088574e-17, -0.5176381, 3.9318516), (-0.06756533, -0.51320964, 3.9318516), (-0.034074172, -0.25881904, 3.9828897), (-0.06756533, 0.51320964, 3.9318516), (-0.099900424, 0.75881904, 3.847759), (4.6865205e-17, 0.76536685, 3.847759), (3.169619e-17, 0.5176381, 3.9318516), (-0.1339746, 0.5, 3.9318516), (-0.19809152, 0.7392876, 3.847759), (-0.099900424, 0.75881904, 3.847759), (-0.06756533, 0.51320964, 3.9318516), (-0.19809152, 0.47823524, 3.9318516), (-0.29289323, 0.70710677, 3.847759), (-0.19809152, 0.7392876, 3.847759), (-0.1339746, 0.5, 3.9318516), (-0.25881904, 0.44828773, 3.9318516), (-0.38268343, 0.66282713, 3.847759), (-0.29289323, 0.70710677, 3.847759), (-0.19809152, 0.47823524, 3.9318516), (-0.3151181, 0.4106699, 3.9318516), (-0.4659258, 0.60720634, 3.847759), (-0.38268343, 0.66282713, 3.847759), (-0.25881904, 0.44828773, 3.9318516), (-0.36602542, 0.36602542, 3.9318516), (-0.5411961, 0.5411961, 3.847759), (-0.4659258, 0.60720634, 3.847759), (-0.3151181, 0.4106699, 3.9318516), (-0.4106699, 0.3151181, 3.9318516), (-0.60720634, 0.4659258, 3.847759), (-0.5411961, 0.5411961, 3.847759), (-0.36602542, 0.36602542, 3.9318516), (-0.44828773, 0.25881904, 3.9318516), (-0.66282713, 0.38268343, 3.847759), (-0.60720634, 0.4659258, 3.847759), (-0.4106699, 0.3151181, 3.9318516), (-0.47823524, 0.19809152, 3.9318516), (-0.70710677, 0.29289323, 3.847759), (-0.66282713, 0.38268343, 3.847759), (-0.44828773, 0.25881904, 3.9318516), (-0.5, 0.1339746, 3.9318516), (-0.7392876, 0.19809152, 3.847759), (-0.70710677, 0.29289323, 3.847759), (-0.47823524, 0.19809152, 3.9318516), (-0.51320964, 0.06756533, 3.9318516), (-0.75881904, 0.099900424, 3.847759), (-0.7392876, 0.19809152, 3.847759), (-0.5, 0.1339746, 3.9318516), (-0.5176381, 6.339238e-17, 3.9318516), (-0.76536685, 9.373041e-17, 3.847759), (-0.75881904, 0.099900424, 3.847759), (-0.51320964, 0.06756533, 3.9318516), (-0.51320964, -0.06756533, 3.9318516), (-0.75881904, -0.099900424, 3.847759), (-0.76536685, 9.373041e-17, 3.847759), (-0.5176381, 6.339238e-17, 3.9318516), (-0.5, -0.1339746, 3.9318516), (-0.7392876, -0.19809152, 3.847759), (-0.75881904, -0.099900424, 3.847759), (-0.51320964, -0.06756533, 3.9318516), (-0.47823524, -0.19809152, 3.9318516), (-0.70710677, -0.29289323, 3.847759), (-0.7392876, -0.19809152, 3.847759), (-0.5, -0.1339746, 3.9318516), (-0.44828773, -0.25881904, 3.9318516), (-0.66282713, -0.38268343, 3.847759), (-0.70710677, -0.29289323, 3.847759), (-0.47823524, -0.19809152, 3.9318516), (-0.4106699, -0.3151181, 3.9318516), (-0.60720634, -0.4659258, 3.847759), (-0.66282713, -0.38268343, 3.847759), (-0.44828773, -0.25881904, 3.9318516), (-0.36602542, -0.36602542, 3.9318516), (-0.5411961, -0.5411961, 3.847759), (-0.60720634, -0.4659258, 3.847759), (-0.4106699, -0.3151181, 3.9318516), (-0.3151181, -0.4106699, 3.9318516), (-0.4659258, -0.60720634, 3.847759), (-0.5411961, -0.5411961, 3.847759), (-0.36602542, -0.36602542, 3.9318516), (-0.25881904, -0.44828773, 3.9318516), (-0.38268343, -0.66282713, 3.847759), (-0.4659258, -0.60720634, 3.847759), (-0.3151181, -0.4106699, 3.9318516), (-0.19809152, -0.47823524, 3.9318516), (-0.29289323, -0.70710677, 3.847759), (-0.38268343, -0.66282713, 3.847759), (-0.25881904, -0.44828773, 3.9318516), (-0.1339746, -0.5, 3.9318516), (-0.19809152, -0.7392876, 3.847759), (-0.29289323, -0.70710677, 3.847759), (-0.19809152, -0.47823524, 3.9318516), (-0.06756533, -0.51320964, 3.9318516), (-0.099900424, -0.75881904, 3.847759), (-0.19809152, -0.7392876, 3.847759), (-0.1339746, -0.5, 3.9318516), (-9.5088574e-17, -0.5176381, 3.9318516), (-1.4059561e-16, -0.76536685, 3.847759), (-0.099900424, -0.75881904, 3.847759), (-0.06756533, -0.51320964, 3.9318516), (-0.099900424, 0.75881904, 3.847759), (-0.13052619, 0.9914449, 3.732051), (6.123234e-17, 1, 3.732051), (4.6865205e-17, 0.76536685, 3.847759), (-0.19809152, 0.7392876, 3.847759), (-0.25881904, 0.9659258, 3.732051), (-0.13052619, 0.9914449, 3.732051), (-0.099900424, 0.75881904, 3.847759), (-0.29289323, 0.70710677, 3.847759), (-0.38268343, 0.9238795, 3.732051), (-0.25881904, 0.9659258, 3.732051), (-0.19809152, 0.7392876, 3.847759), (-0.38268343, 0.66282713, 3.847759), (-0.5, 0.8660254, 3.732051), (-0.38268343, 0.9238795, 3.732051), (-0.29289323, 0.70710677, 3.847759), (-0.4659258, 0.60720634, 3.847759), (-0.6087614, 0.7933533, 3.732051), (-0.5, 0.8660254, 3.732051), (-0.38268343, 0.66282713, 3.847759), (-0.5411961, 0.5411961, 3.847759), (-0.70710677, 0.70710677, 3.732051), (-0.6087614, 0.7933533, 3.732051), (-0.4659258, 0.60720634, 3.847759), (-0.60720634, 0.4659258, 3.847759), (-0.7933533, 0.6087614, 3.732051), (-0.70710677, 0.70710677, 3.732051), (-0.5411961, 0.5411961, 3.847759), (-0.66282713, 0.38268343, 3.847759), (-0.8660254, 0.5, 3.732051), (-0.7933533, 0.6087614, 3.732051), (-0.60720634, 0.4659258, 3.847759), (-0.70710677, 0.29289323, 3.847759), (-0.9238795, 0.38268343, 3.732051), (-0.8660254, 0.5, 3.732051), (-0.66282713, 0.38268343, 3.847759), (-0.7392876, 0.19809152, 3.847759), (-0.9659258, 0.25881904, 3.732051), (-0.9238795, 0.38268343, 3.732051), (-0.70710677, 0.29289323, 3.847759), (-0.75881904, 0.099900424, 3.847759), (-0.9914449, 0.13052619, 3.732051), (-0.9659258, 0.25881904, 3.732051), (-0.7392876, 0.19809152, 3.847759), (-0.76536685, 9.373041e-17, 3.847759), (-1, 1.2246469e-16, 3.732051), (-0.9914449, 0.13052619, 3.732051), (-0.75881904, 0.099900424, 3.847759), (-0.75881904, -0.099900424, 3.847759), (-0.9914449, -0.13052619, 3.732051), (-1, 1.2246469e-16, 3.732051), (-0.76536685, 9.373041e-17, 3.847759), (-0.7392876, -0.19809152, 3.847759), (-0.9659258, -0.25881904, 3.732051), (-0.9914449, -0.13052619, 3.732051), (-0.75881904, -0.099900424, 3.847759), (-0.70710677, -0.29289323, 3.847759), (-0.9238795, -0.38268343, 3.732051), (-0.9659258, -0.25881904, 3.732051), (-0.7392876, -0.19809152, 3.847759), (-0.66282713, -0.38268343, 3.847759), (-0.8660254, -0.5, 3.732051), (-0.9238795, -0.38268343, 3.732051), (-0.70710677, -0.29289323, 3.847759), (-0.60720634, -0.4659258, 3.847759), (-0.7933533, -0.6087614, 3.732051), (-0.8660254, -0.5, 3.732051), (-0.66282713, -0.38268343, 3.847759), (-0.5411961, -0.5411961, 3.847759), (-0.70710677, -0.70710677, 3.732051), (-0.7933533, -0.6087614, 3.732051), (-0.60720634, -0.4659258, 3.847759), (-0.4659258, -0.60720634, 3.847759), (-0.6087614, -0.7933533, 3.732051), (-0.70710677, -0.70710677, 3.732051), (-0.5411961, -0.5411961, 3.847759), (-0.38268343, -0.66282713, 3.847759), (-0.5, -0.8660254, 3.732051), (-0.6087614, -0.7933533, 3.732051), (-0.4659258, -0.60720634, 3.847759), (-0.29289323, -0.70710677, 3.847759), (-0.38268343, -0.9238795, 3.732051), (-0.5, -0.8660254, 3.732051), (-0.38268343, -0.66282713, 3.847759), (-0.19809152, -0.7392876, 3.847759), (-0.25881904, -0.9659258, 3.732051), (-0.38268343, -0.9238795, 3.732051), (-0.29289323, -0.70710677, 3.847759), (-0.099900424, -0.75881904, 3.847759), (-0.13052619, -0.9914449, 3.732051), (-0.25881904, -0.9659258, 3.732051), (-0.19809152, -0.7392876, 3.847759), (-1.4059561e-16, -0.76536685, 3.847759), (-1.8369701e-16, -1, 3.732051), (-0.13052619, -0.9914449, 3.732051), (-0.099900424, -0.75881904, 3.847759), (-0.13052619, 0.9914449, 3.732051), (-0.15891862, 1.2071068, 3.5867066), (7.455177e-17, 1.2175229, 3.5867066), (6.123234e-17, 1, 3.732051), (-0.25881904, 0.9659258, 3.732051), (-0.3151181, 1.1760367, 3.5867066), (-0.15891862, 1.2071068, 3.5867066), (-0.13052619, 0.9914449, 3.732051), (-0.38268343, 0.9238795, 3.732051), (-0.4659258, 1.1248444, 3.5867066), (-0.3151181, 1.1760367, 3.5867066), (-0.25881904, 0.9659258, 3.732051), (-0.5, 0.8660254, 3.732051), (-0.6087614, 1.0544057, 3.5867066), (-0.4659258, 1.1248444, 3.5867066), (-0.38268343, 0.9238795, 3.732051), (-0.6087614, 0.7933533, 3.732051), (-0.74118096, 0.9659258, 3.5867066), (-0.6087614, 1.0544057, 3.5867066), (-0.5, 0.8660254, 3.732051), (-0.70710677, 0.70710677, 3.732051), (-0.86091864, 0.86091864, 3.5867066), (-0.74118096, 0.9659258, 3.5867066), (-0.6087614, 0.7933533, 3.732051), (-0.7933533, 0.6087614, 3.732051), (-0.9659258, 0.74118096, 3.5867066), (-0.86091864, 0.86091864, 3.5867066), (-0.70710677, 0.70710677, 3.732051), (-0.8660254, 0.5, 3.732051), (-1.0544057, 0.6087614, 3.5867066), (-0.9659258, 0.74118096, 3.5867066), (-0.7933533, 0.6087614, 3.732051), (-0.9238795, 0.38268343, 3.732051), (-1.1248444, 0.4659258, 3.5867066), (-1.0544057, 0.6087614, 3.5867066), (-0.8660254, 0.5, 3.732051), (-0.9659258, 0.25881904, 3.732051), (-1.1760367, 0.3151181, 3.5867066), (-1.1248444, 0.4659258, 3.5867066), (-0.9238795, 0.38268343, 3.732051), (-0.9914449, 0.13052619, 3.732051), (-1.2071068, 0.15891862, 3.5867066), (-1.1760367, 0.3151181, 3.5867066), (-0.9659258, 0.25881904, 3.732051), (-1, 1.2246469e-16, 3.732051), (-1.2175229, 1.4910354e-16, 3.5867066), (-1.2071068, 0.15891862, 3.5867066), (-0.9914449, 0.13052619, 3.732051), (-0.9914449, -0.13052619, 3.732051), (-1.2071068, -0.15891862, 3.5867066), (-1.2175229, 1.4910354e-16, 3.5867066), (-1, 1.2246469e-16, 3.732051), (-0.9659258, -0.25881904, 3.732051), (-1.1760367, -0.3151181, 3.5867066), (-1.2071068, -0.15891862, 3.5867066), (-0.9914449, -0.13052619, 3.732051), (-0.9238795, -0.38268343, 3.732051), (-1.1248444, -0.4659258, 3.5867066), (-1.1760367, -0.3151181, 3.5867066), (-0.9659258, -0.25881904, 3.732051), (-0.8660254, -0.5, 3.732051), (-1.0544057, -0.6087614, 3.5867066), (-1.1248444, -0.4659258, 3.5867066), (-0.9238795, -0.38268343, 3.732051), (-0.7933533, -0.6087614, 3.732051), (-0.9659258, -0.74118096, 3.5867066), (-1.0544057, -0.6087614, 3.5867066), (-0.8660254, -0.5, 3.732051), (-0.70710677, -0.70710677, 3.732051), (-0.86091864, -0.86091864, 3.5867066), (-0.9659258, -0.74118096, 3.5867066), (-0.7933533, -0.6087614, 3.732051), (-0.6087614, -0.7933533, 3.732051), (-0.74118096, -0.9659258, 3.5867066), (-0.86091864, -0.86091864, 3.5867066), (-0.70710677, -0.70710677, 3.732051), (-0.5, -0.8660254, 3.732051), (-0.6087614, -1.0544057, 3.5867066), (-0.74118096, -0.9659258, 3.5867066), (-0.6087614, -0.7933533, 3.732051), (-0.38268343, -0.9238795, 3.732051), (-0.4659258, -1.1248444, 3.5867066), (-0.6087614, -1.0544057, 3.5867066), (-0.5, -0.8660254, 3.732051), (-0.25881904, -0.9659258, 3.732051), (-0.3151181, -1.1760367, 3.5867066), (-0.4659258, -1.1248444, 3.5867066), (-0.38268343, -0.9238795, 3.732051), (-0.13052619, -0.9914449, 3.732051), (-0.15891862, -1.2071068, 3.5867066), (-0.3151181, -1.1760367, 3.5867066), (-0.25881904, -0.9659258, 3.732051), (-1.8369701e-16, -1, 3.732051), (-2.2365532e-16, -1.2175229, 3.5867066), (-0.15891862, -1.2071068, 3.5867066), (-0.13052619, -0.9914449, 3.732051), (-0.15891862, 1.2071068, 3.5867066), (-0.1845919, 1.4021147, 3.4142137), (8.6595606e-17, 1.4142135, 3.4142137), (7.455177e-17, 1.2175229, 3.5867066), (-0.3151181, 1.1760367, 3.5867066), (-0.36602542, 1.3660254, 3.4142137), (-0.1845919, 1.4021147, 3.4142137), (-0.15891862, 1.2071068, 3.5867066), (-0.4659258, 1.1248444, 3.5867066), (-0.5411961, 1.306563, 3.4142137), (-0.36602542, 1.3660254, 3.4142137), (-0.3151181, 1.1760367, 3.5867066), (-0.6087614, 1.0544057, 3.5867066), (-0.70710677, 1.2247449, 3.4142137), (-0.5411961, 1.306563, 3.4142137), (-0.4659258, 1.1248444, 3.5867066), (-0.74118096, 0.9659258, 3.5867066), (-0.86091864, 1.121971, 3.4142137), (-0.70710677, 1.2247449, 3.4142137), (-0.6087614, 1.0544057, 3.5867066), (-0.86091864, 0.86091864, 3.5867066), (-1, 1, 3.4142137), (-0.86091864, 1.121971, 3.4142137), (-0.74118096, 0.9659258, 3.5867066), (-0.9659258, 0.74118096, 3.5867066), (-1.121971, 0.86091864, 3.4142137), (-1, 1, 3.4142137), (-0.86091864, 0.86091864, 3.5867066), (-1.0544057, 0.6087614, 3.5867066), (-1.2247449, 0.70710677, 3.4142137), (-1.121971, 0.86091864, 3.4142137), (-0.9659258, 0.74118096, 3.5867066), (-1.1248444, 0.4659258, 3.5867066), (-1.306563, 0.5411961, 3.4142137), (-1.2247449, 0.70710677, 3.4142137), (-1.0544057, 0.6087614, 3.5867066), (-1.1760367, 0.3151181, 3.5867066), (-1.3660254, 0.36602542, 3.4142137), (-1.306563, 0.5411961, 3.4142137), (-1.1248444, 0.4659258, 3.5867066), (-1.2071068, 0.15891862, 3.5867066), (-1.4021147, 0.1845919, 3.4142137), (-1.3660254, 0.36602542, 3.4142137), (-1.1760367, 0.3151181, 3.5867066), (-1.2175229, 1.4910354e-16, 3.5867066), (-1.4142135, 1.7319121e-16, 3.4142137), (-1.4021147, 0.1845919, 3.4142137), (-1.2071068, 0.15891862, 3.5867066), (-1.2071068, -0.15891862, 3.5867066), (-1.4021147, -0.1845919, 3.4142137), (-1.4142135, 1.7319121e-16, 3.4142137), (-1.2175229, 1.4910354e-16, 3.5867066), (-1.1760367, -0.3151181, 3.5867066), (-1.3660254, -0.36602542, 3.4142137), (-1.4021147, -0.1845919, 3.4142137), (-1.2071068, -0.15891862, 3.5867066), (-1.1248444, -0.4659258, 3.5867066), (-1.306563, -0.5411961, 3.4142137), (-1.3660254, -0.36602542, 3.4142137), (-1.1760367, -0.3151181, 3.5867066), (-1.0544057, -0.6087614, 3.5867066), (-1.2247449, -0.70710677, 3.4142137), (-1.306563, -0.5411961, 3.4142137), (-1.1248444, -0.4659258, 3.5867066), (-0.9659258, -0.74118096, 3.5867066), (-1.121971, -0.86091864, 3.4142137), (-1.2247449, -0.70710677, 3.4142137), (-1.0544057, -0.6087614, 3.5867066), (-0.86091864, -0.86091864, 3.5867066), (-1, -1, 3.4142137), (-1.121971, -0.86091864, 3.4142137), (-0.9659258, -0.74118096, 3.5867066), (-0.74118096, -0.9659258, 3.5867066), (-0.86091864, -1.121971, 3.4142137), (-1, -1, 3.4142137), (-0.86091864, -0.86091864, 3.5867066), (-0.6087614, -1.0544057, 3.5867066), (-0.70710677, -1.2247449, 3.4142137), (-0.86091864, -1.121971, 3.4142137), (-0.74118096, -0.9659258, 3.5867066), (-0.4659258, -1.1248444, 3.5867066), (-0.5411961, -1.306563, 3.4142137), (-0.70710677, -1.2247449, 3.4142137), (-0.6087614, -1.0544057, 3.5867066), (-0.3151181, -1.1760367, 3.5867066), (-0.36602542, -1.3660254, 3.4142137), (-0.5411961, -1.306563, 3.4142137), (-0.4659258, -1.1248444, 3.5867066), (-0.15891862, -1.2071068, 3.5867066), (-0.1845919, -1.4021147, 3.4142137), (-0.36602542, -1.3660254, 3.4142137), (-0.3151181, -1.1760367, 3.5867066), (-2.2365532e-16, -1.2175229, 3.5867066), (-2.597868e-16, -1.4142135, 3.4142137), (-0.1845919, -1.4021147, 3.4142137), (-0.15891862, -1.2071068, 3.5867066), (-0.1845919, 1.4021147, 3.4142137), (-0.20710678, 1.5731322, 3.2175229), (9.715776e-17, 1.5867066, 3.2175229), (8.6595606e-17, 1.4142135, 3.4142137), (-0.36602542, 1.3660254, 3.4142137), (-0.4106699, 1.5326409, 3.2175229), (-0.20710678, 1.5731322, 3.2175229), (-0.1845919, 1.4021147, 3.4142137), (-0.5411961, 1.306563, 3.4142137), (-0.60720634, 1.4659258, 3.2175229), (-0.4106699, 1.5326409, 3.2175229), (-0.36602542, 1.3660254, 3.4142137), (-0.70710677, 1.2247449, 3.4142137), (-0.7933533, 1.3741283, 3.2175229), (-0.60720634, 1.4659258, 3.2175229), (-0.5411961, 1.306563, 3.4142137), (-0.86091864, 1.121971, 3.4142137), (-0.9659258, 1.2588191, 3.2175229), (-0.7933533, 1.3741283, 3.2175229), (-0.70710677, 1.2247449, 3.4142137), (-1, 1, 3.4142137), (-1.121971, 1.121971, 3.2175229), (-0.9659258, 1.2588191, 3.2175229), (-0.86091864, 1.121971, 3.4142137), (-1.121971, 0.86091864, 3.4142137), (-1.2588191, 0.9659258, 3.2175229), (-1.121971, 1.121971, 3.2175229), (-1, 1, 3.4142137), (-1.2247449, 0.70710677, 3.4142137), (-1.3741283, 0.7933533, 3.2175229), (-1.2588191, 0.9659258, 3.2175229), (-1.121971, 0.86091864, 3.4142137), (-1.306563, 0.5411961, 3.4142137), (-1.4659258, 0.60720634, 3.2175229), (-1.3741283, 0.7933533, 3.2175229), (-1.2247449, 0.70710677, 3.4142137), (-1.3660254, 0.36602542, 3.4142137), (-1.5326409, 0.4106699, 3.2175229), (-1.4659258, 0.60720634, 3.2175229), (-1.306563, 0.5411961, 3.4142137), (-1.4021147, 0.1845919, 3.4142137), (-1.5731322, 0.20710678, 3.2175229), (-1.5326409, 0.4106699, 3.2175229), (-1.3660254, 0.36602542, 3.4142137), (-1.4142135, 1.7319121e-16, 3.4142137), (-1.5867066, 1.9431553e-16, 3.2175229), (-1.5731322, 0.20710678, 3.2175229), (-1.4021147, 0.1845919, 3.4142137), (-1.4021147, -0.1845919, 3.4142137), (-1.5731322, -0.20710678, 3.2175229), (-1.5867066, 1.9431553e-16, 3.2175229), (-1.4142135, 1.7319121e-16, 3.4142137), (-1.3660254, -0.36602542, 3.4142137), (-1.5326409, -0.4106699, 3.2175229), (-1.5731322, -0.20710678, 3.2175229), (-1.4021147, -0.1845919, 3.4142137), (-1.306563, -0.5411961, 3.4142137), (-1.4659258, -0.60720634, 3.2175229), (-1.5326409, -0.4106699, 3.2175229), (-1.3660254, -0.36602542, 3.4142137), (-1.2247449, -0.70710677, 3.4142137), (-1.3741283, -0.7933533, 3.2175229), (-1.4659258, -0.60720634, 3.2175229), (-1.306563, -0.5411961, 3.4142137), (-1.121971, -0.86091864, 3.4142137), (-1.2588191, -0.9659258, 3.2175229), (-1.3741283, -0.7933533, 3.2175229), (-1.2247449, -0.70710677, 3.4142137), (-1, -1, 3.4142137), (-1.121971, -1.121971, 3.2175229), (-1.2588191, -0.9659258, 3.2175229), (-1.121971, -0.86091864, 3.4142137), (-0.86091864, -1.121971, 3.4142137), (-0.9659258, -1.2588191, 3.2175229), (-1.121971, -1.121971, 3.2175229), (-1, -1, 3.4142137), (-0.70710677, -1.2247449, 3.4142137), (-0.7933533, -1.3741283, 3.2175229), (-0.9659258, -1.2588191, 3.2175229), (-0.86091864, -1.121971, 3.4142137), (-0.5411961, -1.306563, 3.4142137), (-0.60720634, -1.4659258, 3.2175229), (-0.7933533, -1.3741283, 3.2175229), (-0.70710677, -1.2247449, 3.4142137), (-0.36602542, -1.3660254, 3.4142137), (-0.4106699, -1.5326409, 3.2175229), (-0.60720634, -1.4659258, 3.2175229), (-0.5411961, -1.306563, 3.4142137), (-0.1845919, -1.4021147, 3.4142137), (-0.20710678, -1.5731322, 3.2175229), (-0.4106699, -1.5326409, 3.2175229), (-0.36602542, -1.3660254, 3.4142137), (-2.597868e-16, -1.4142135, 3.4142137), (-2.914733e-16, -1.5867066, 3.2175229), (-0.20710678, -1.5731322, 3.2175229), (-0.1845919, -1.4021147, 3.4142137), (-0.20710678, 1.5731322, 3.2175229), (-0.226078, 1.7172328, 3), (1.06057525e-16, 1.7320508, 3), (9.715776e-17, 1.5867066, 3.2175229), (-0.4106699, 1.5326409, 3.2175229), (-0.44828773, 1.6730326, 3), (-0.226078, 1.7172328, 3), (-0.20710678, 1.5731322, 3.2175229), (-0.60720634, 1.4659258, 3.2175229), (-0.66282713, 1.6002063, 3), (-0.44828773, 1.6730326, 3), (-0.4106699, 1.5326409, 3.2175229), (-0.7933533, 1.3741283, 3.2175229), (-0.8660254, 1.5, 3), (-0.66282713, 1.6002063, 3), (-0.60720634, 1.4659258, 3.2175229), (-0.9659258, 1.2588191, 3.2175229), (-1.0544057, 1.3741283, 3), (-0.8660254, 1.5, 3), (-0.7933533, 1.3741283, 3.2175229), (-1.121971, 1.121971, 3.2175229), (-1.2247449, 1.2247449, 3), (-1.0544057, 1.3741283, 3), (-0.9659258, 1.2588191, 3.2175229), (-1.2588191, 0.9659258, 3.2175229), (-1.3741283, 1.0544057, 3), (-1.2247449, 1.2247449, 3), (-1.121971, 1.121971, 3.2175229), (-1.3741283, 0.7933533, 3.2175229), (-1.5, 0.8660254, 3), (-1.3741283, 1.0544057, 3), (-1.2588191, 0.9659258, 3.2175229), (-1.4659258, 0.60720634, 3.2175229), (-1.6002063, 0.66282713, 3), (-1.5, 0.8660254, 3), (-1.3741283, 0.7933533, 3.2175229), (-1.5326409, 0.4106699, 3.2175229), (-1.6730326, 0.44828773, 3), (-1.6002063, 0.66282713, 3), (-1.4659258, 0.60720634, 3.2175229), (-1.5731322, 0.20710678, 3.2175229), (-1.7172328, 0.226078, 3), (-1.6730326, 0.44828773, 3), (-1.5326409, 0.4106699, 3.2175229), (-1.5867066, 1.9431553e-16, 3.2175229), (-1.7320508, 2.1211505e-16, 3), (-1.7172328, 0.226078, 3), (-1.5731322, 0.20710678, 3.2175229), (-1.5731322, -0.20710678, 3.2175229), (-1.7172328, -0.226078, 3), (-1.7320508, 2.1211505e-16, 3), (-1.5867066, 1.9431553e-16, 3.2175229), (-1.5326409, -0.4106699, 3.2175229), (-1.6730326, -0.44828773, 3), (-1.7172328, -0.226078, 3), (-1.5731322, -0.20710678, 3.2175229), (-1.4659258, -0.60720634, 3.2175229), (-1.6002063, -0.66282713, 3), (-1.6730326, -0.44828773, 3), (-1.5326409, -0.4106699, 3.2175229), (-1.3741283, -0.7933533, 3.2175229), (-1.5, -0.8660254, 3), (-1.6002063, -0.66282713, 3), (-1.4659258, -0.60720634, 3.2175229), (-1.2588191, -0.9659258, 3.2175229), (-1.3741283, -1.0544057, 3), (-1.5, -0.8660254, 3), (-1.3741283, -0.7933533, 3.2175229), (-1.121971, -1.121971, 3.2175229), (-1.2247449, -1.2247449, 3), (-1.3741283, -1.0544057, 3), (-1.2588191, -0.9659258, 3.2175229), (-0.9659258, -1.2588191, 3.2175229), (-1.0544057, -1.3741283, 3), (-1.2247449, -1.2247449, 3), (-1.121971, -1.121971, 3.2175229), (-0.7933533, -1.3741283, 3.2175229), (-0.8660254, -1.5, 3), (-1.0544057, -1.3741283, 3), (-0.9659258, -1.2588191, 3.2175229), (-0.60720634, -1.4659258, 3.2175229), (-0.66282713, -1.6002063, 3), (-0.8660254, -1.5, 3), (-0.7933533, -1.3741283, 3.2175229), (-0.4106699, -1.5326409, 3.2175229), (-0.44828773, -1.6730326, 3), (-0.66282713, -1.6002063, 3), (-0.60720634, -1.4659258, 3.2175229), (-0.20710678, -1.5731322, 3.2175229), (-0.226078, -1.7172328, 3), (-0.44828773, -1.6730326, 3), (-0.4106699, -1.5326409, 3.2175229), (-2.914733e-16, -1.5867066, 3.2175229), (-3.1817257e-16, -1.7320508, 3), (-0.226078, -1.7172328, 3), (-0.20710678, -1.5731322, 3.2175229), (-0.226078, 1.7172328, 3), (-0.24118096, 1.8319513, 2.7653668), (1.1314261e-16, 1.847759, 2.7653668), (1.06057525e-16, 1.7320508, 3), (-0.44828773, 1.6730326, 3), (-0.47823524, 1.7847981, 2.7653668), (-0.24118096, 1.8319513, 2.7653668), (-0.226078, 1.7172328, 3), (-0.66282713, 1.6002063, 3), (-0.70710677, 1.7071068, 2.7653668), (-0.47823524, 1.7847981, 2.7653668), (-0.44828773, 1.6730326, 3), (-0.8660254, 1.5, 3), (-0.9238795, 1.6002063, 2.7653668), (-0.70710677, 1.7071068, 2.7653668), (-0.66282713, 1.6002063, 3), (-1.0544057, 1.3741283, 3), (-1.1248444, 1.4659258, 2.7653668), (-0.9238795, 1.6002063, 2.7653668), (-0.8660254, 1.5, 3), (-1.2247449, 1.2247449, 3), (-1.306563, 1.306563, 2.7653668), (-1.1248444, 1.4659258, 2.7653668), (-1.0544057, 1.3741283, 3), (-1.3741283, 1.0544057, 3), (-1.4659258, 1.1248444, 2.7653668), (-1.306563, 1.306563, 2.7653668), (-1.2247449, 1.2247449, 3), (-1.5, 0.8660254, 3), (-1.6002063, 0.9238795, 2.7653668), (-1.4659258, 1.1248444, 2.7653668), (-1.3741283, 1.0544057, 3), (-1.6002063, 0.66282713, 3), (-1.7071068, 0.70710677, 2.7653668), (-1.6002063, 0.9238795, 2.7653668), (-1.5, 0.8660254, 3), (-1.6730326, 0.44828773, 3), (-1.7847981, 0.47823524, 2.7653668), (-1.7071068, 0.70710677, 2.7653668), (-1.6002063, 0.66282713, 3), (-1.7172328, 0.226078, 3), (-1.8319513, 0.24118096, 2.7653668), (-1.7847981, 0.47823524, 2.7653668), (-1.6730326, 0.44828773, 3), (-1.7320508, 2.1211505e-16, 3), (-1.847759, 2.2628522e-16, 2.7653668), (-1.8319513, 0.24118096, 2.7653668), (-1.7172328, 0.226078, 3), (-1.7172328, -0.226078, 3), (-1.8319513, -0.24118096, 2.7653668), (-1.847759, 2.2628522e-16, 2.7653668), (-1.7320508, 2.1211505e-16, 3), (-1.6730326, -0.44828773, 3), (-1.7847981, -0.47823524, 2.7653668), (-1.8319513, -0.24118096, 2.7653668), (-1.7172328, -0.226078, 3), (-1.6002063, -0.66282713, 3), (-1.7071068, -0.70710677, 2.7653668), (-1.7847981, -0.47823524, 2.7653668), (-1.6730326, -0.44828773, 3), (-1.5, -0.8660254, 3), (-1.6002063, -0.9238795, 2.7653668), (-1.7071068, -0.70710677, 2.7653668), (-1.6002063, -0.66282713, 3), (-1.3741283, -1.0544057, 3), (-1.4659258, -1.1248444, 2.7653668), (-1.6002063, -0.9238795, 2.7653668), (-1.5, -0.8660254, 3), (-1.2247449, -1.2247449, 3), (-1.306563, -1.306563, 2.7653668), (-1.4659258, -1.1248444, 2.7653668), (-1.3741283, -1.0544057, 3), (-1.0544057, -1.3741283, 3), (-1.1248444, -1.4659258, 2.7653668), (-1.306563, -1.306563, 2.7653668), (-1.2247449, -1.2247449, 3), (-0.8660254, -1.5, 3), (-0.9238795, -1.6002063, 2.7653668), (-1.1248444, -1.4659258, 2.7653668), (-1.0544057, -1.3741283, 3), (-0.66282713, -1.6002063, 3), (-0.70710677, -1.7071068, 2.7653668), (-0.9238795, -1.6002063, 2.7653668), (-0.8660254, -1.5, 3), (-0.44828773, -1.6730326, 3), (-0.47823524, -1.7847981, 2.7653668), (-0.70710677, -1.7071068, 2.7653668), (-0.66282713, -1.6002063, 3), (-0.226078, -1.7172328, 3), (-0.24118096, -1.8319513, 2.7653668), (-0.47823524, -1.7847981, 2.7653668), (-0.44828773, -1.6730326, 3), (-3.1817257e-16, -1.7320508, 3), (-3.3942783e-16, -1.847759, 2.7653668), (-0.24118096, -1.8319513, 2.7653668), (-0.226078, -1.7172328, 3), (-0.24118096, 1.8319513, 2.7653668), (-0.25215724, 1.9153244, 2.5176382), (1.1829179e-16, 1.9318516, 2.5176382), (1.1314261e-16, 1.847759, 2.7653668), (-0.47823524, 1.7847981, 2.7653668), (-0.5, 1.8660254, 2.5176382), (-0.25215724, 1.9153244, 2.5176382), (-0.24118096, 1.8319513, 2.7653668), (-0.70710677, 1.7071068, 2.7653668), (-0.7392876, 1.7847981, 2.5176382), (-0.5, 1.8660254, 2.5176382), (-0.47823524, 1.7847981, 2.7653668), (-0.9238795, 1.6002063, 2.7653668), (-0.9659258, 1.6730326, 2.5176382), (-0.7392876, 1.7847981, 2.5176382), (-0.70710677, 1.7071068, 2.7653668), (-1.1248444, 1.4659258, 2.7653668), (-1.1760367, 1.5326409, 2.5176382), (-0.9659258, 1.6730326, 2.5176382), (-0.9238795, 1.6002063, 2.7653668), (-1.306563, 1.306563, 2.7653668), (-1.3660254, 1.3660254, 2.5176382), (-1.1760367, 1.5326409, 2.5176382), (-1.1248444, 1.4659258, 2.7653668), (-1.4659258, 1.1248444, 2.7653668), (-1.5326409, 1.1760367, 2.5176382), (-1.3660254, 1.3660254, 2.5176382), (-1.306563, 1.306563, 2.7653668), (-1.6002063, 0.9238795, 2.7653668), (-1.6730326, 0.9659258, 2.5176382), (-1.5326409, 1.1760367, 2.5176382), (-1.4659258, 1.1248444, 2.7653668), (-1.7071068, 0.70710677, 2.7653668), (-1.7847981, 0.7392876, 2.5176382), (-1.6730326, 0.9659258, 2.5176382), (-1.6002063, 0.9238795, 2.7653668), (-1.7847981, 0.47823524, 2.7653668), (-1.8660254, 0.5, 2.5176382), (-1.7847981, 0.7392876, 2.5176382), (-1.7071068, 0.70710677, 2.7653668), (-1.8319513, 0.24118096, 2.7653668), (-1.9153244, 0.25215724, 2.5176382), (-1.8660254, 0.5, 2.5176382), (-1.7847981, 0.47823524, 2.7653668), (-1.847759, 2.2628522e-16, 2.7653668), (-1.9318516, 2.3658358e-16, 2.5176382), (-1.9153244, 0.25215724, 2.5176382), (-1.8319513, 0.24118096, 2.7653668), (-1.8319513, -0.24118096, 2.7653668), (-1.9153244, -0.25215724, 2.5176382), (-1.9318516, 2.3658358e-16, 2.5176382), (-1.847759, 2.2628522e-16, 2.7653668), (-1.7847981, -0.47823524, 2.7653668), (-1.8660254, -0.5, 2.5176382), (-1.9153244, -0.25215724, 2.5176382), (-1.8319513, -0.24118096, 2.7653668), (-1.7071068, -0.70710677, 2.7653668), (-1.7847981, -0.7392876, 2.5176382), (-1.8660254, -0.5, 2.5176382), (-1.7847981, -0.47823524, 2.7653668), (-1.6002063, -0.9238795, 2.7653668), (-1.6730326, -0.9659258, 2.5176382), (-1.7847981, -0.7392876, 2.5176382), (-1.7071068, -0.70710677, 2.7653668), (-1.4659258, -1.1248444, 2.7653668), (-1.5326409, -1.1760367, 2.5176382), (-1.6730326, -0.9659258, 2.5176382), (-1.6002063, -0.9238795, 2.7653668), (-1.306563, -1.306563, 2.7653668), (-1.3660254, -1.3660254, 2.5176382), (-1.5326409, -1.1760367, 2.5176382), (-1.4659258, -1.1248444, 2.7653668), (-1.1248444, -1.4659258, 2.7653668), (-1.1760367, -1.5326409, 2.5176382), (-1.3660254, -1.3660254, 2.5176382), (-1.306563, -1.306563, 2.7653668), (-0.9238795, -1.6002063, 2.7653668), (-0.9659258, -1.6730326, 2.5176382), (-1.1760367, -1.5326409, 2.5176382), (-1.1248444, -1.4659258, 2.7653668), (-0.70710677, -1.7071068, 2.7653668), (-0.7392876, -1.7847981, 2.5176382), (-0.9659258, -1.6730326, 2.5176382), (-0.9238795, -1.6002063, 2.7653668), (-0.47823524, -1.7847981, 2.7653668), (-0.5, -1.8660254, 2.5176382), (-0.7392876, -1.7847981, 2.5176382), (-0.70710677, -1.7071068, 2.7653668), (-0.24118096, -1.8319513, 2.7653668), (-0.25215724, -1.9153244, 2.5176382), (-0.5, -1.8660254, 2.5176382), (-0.47823524, -1.7847981, 2.7653668), (-3.3942783e-16, -1.847759, 2.7653668), (-3.5487539e-16, -1.9318516, 2.5176382), (-0.25215724, -1.9153244, 2.5176382), (-0.24118096, -1.8319513, 2.7653668), (-0.25215724, 1.9153244, 2.5176382), (-0.25881904, 1.9659258, 2.2610524), (1.2141697e-16, 1.9828898, 2.2610524), (1.1829179e-16, 1.9318516, 2.5176382), (-0.5, 1.8660254, 2.5176382), (-0.51320964, 1.9153244, 2.2610524), (-0.25881904, 1.9659258, 2.2610524), (-0.25215724, 1.9153244, 2.5176382), (-0.7392876, 1.7847981, 2.5176382), (-0.75881904, 1.8319513, 2.2610524), (-0.51320964, 1.9153244, 2.2610524), (-0.5, 1.8660254, 2.5176382), (-0.9659258, 1.6730326, 2.5176382), (-0.9914449, 1.7172328, 2.2610524), (-0.75881904, 1.8319513, 2.2610524), (-0.7392876, 1.7847981, 2.5176382), (-1.1760367, 1.5326409, 2.5176382), (-1.2071068, 1.5731322, 2.2610524), (-0.9914449, 1.7172328, 2.2610524), (-0.9659258, 1.6730326, 2.5176382), (-1.3660254, 1.3660254, 2.5176382), (-1.4021147, 1.4021147, 2.2610524), (-1.2071068, 1.5731322, 2.2610524), (-1.1760367, 1.5326409, 2.5176382), (-1.5326409, 1.1760367, 2.5176382), (-1.5731322, 1.2071068, 2.2610524), (-1.4021147, 1.4021147, 2.2610524), (-1.3660254, 1.3660254, 2.5176382), (-1.6730326, 0.9659258, 2.5176382), (-1.7172328, 0.9914449, 2.2610524), (-1.5731322, 1.2071068, 2.2610524), (-1.5326409, 1.1760367, 2.5176382), (-1.7847981, 0.7392876, 2.5176382), (-1.8319513, 0.75881904, 2.2610524), (-1.7172328, 0.9914449, 2.2610524), (-1.6730326, 0.9659258, 2.5176382), (-1.8660254, 0.5, 2.5176382), (-1.9153244, 0.51320964, 2.2610524), (-1.8319513, 0.75881904, 2.2610524), (-1.7847981, 0.7392876, 2.5176382), (-1.9153244, 0.25215724, 2.5176382), (-1.9659258, 0.25881904, 2.2610524), (-1.9153244, 0.51320964, 2.2610524), (-1.8660254, 0.5, 2.5176382), (-1.9318516, 2.3658358e-16, 2.5176382), (-1.9828898, 2.4283394e-16, 2.2610524), (-1.9659258, 0.25881904, 2.2610524), (-1.9153244, 0.25215724, 2.5176382), (-1.9153244, -0.25215724, 2.5176382), (-1.9659258, -0.25881904, 2.2610524), (-1.9828898, 2.4283394e-16, 2.2610524), (-1.9318516, 2.3658358e-16, 2.5176382), (-1.8660254, -0.5, 2.5176382), (-1.9153244, -0.51320964, 2.2610524), (-1.9659258, -0.25881904, 2.2610524), (-1.9153244, -0.25215724, 2.5176382), (-1.7847981, -0.7392876, 2.5176382), (-1.8319513, -0.75881904, 2.2610524), (-1.9153244, -0.51320964, 2.2610524), (-1.8660254, -0.5, 2.5176382), (-1.6730326, -0.9659258, 2.5176382), (-1.7172328, -0.9914449, 2.2610524), (-1.8319513, -0.75881904, 2.2610524), (-1.7847981, -0.7392876, 2.5176382), (-1.5326409, -1.1760367, 2.5176382), (-1.5731322, -1.2071068, 2.2610524), (-1.7172328, -0.9914449, 2.2610524), (-1.6730326, -0.9659258, 2.5176382), (-1.3660254, -1.3660254, 2.5176382), (-1.4021147, -1.4021147, 2.2610524), (-1.5731322, -1.2071068, 2.2610524), (-1.5326409, -1.1760367, 2.5176382), (-1.1760367, -1.5326409, 2.5176382), (-1.2071068, -1.5731322, 2.2610524), (-1.4021147, -1.4021147, 2.2610524), (-1.3660254, -1.3660254, 2.5176382), (-0.9659258, -1.6730326, 2.5176382), (-0.9914449, -1.7172328, 2.2610524), (-1.2071068, -1.5731322, 2.2610524), (-1.1760367, -1.5326409, 2.5176382), (-0.7392876, -1.7847981, 2.5176382), (-0.75881904, -1.8319513, 2.2610524), (-0.9914449, -1.7172328, 2.2610524), (-0.9659258, -1.6730326, 2.5176382), (-0.5, -1.8660254, 2.5176382), (-0.51320964, -1.9153244, 2.2610524), (-0.75881904, -1.8319513, 2.2610524), (-0.7392876, -1.7847981, 2.5176382), (-0.25215724, -1.9153244, 2.5176382), (-0.25881904, -1.9659258, 2.2610524), (-0.51320964, -1.9153244, 2.2610524), (-0.5, -1.8660254, 2.5176382), (-3.5487539e-16, -1.9318516, 2.5176382), (-3.6425093e-16, -1.9828898, 2.2610524), (-0.25881904, -1.9659258, 2.2610524), (-0.25215724, -1.9153244, 2.5176382), (-0.25881904, 1.9659258, 2.2610524), (-0.26105237, 1.9828898, 2), (1.2246469e-16, 2, 2), (1.2141697e-16, 1.9828898, 2.2610524), (-0.51320964, 1.9153244, 2.2610524), (-0.5176381, 1.9318516, 2), (-0.26105237, 1.9828898, 2), (-0.25881904, 1.9659258, 2.2610524), (-0.75881904, 1.8319513, 2.2610524), (-0.76536685, 1.847759, 2), (-0.5176381, 1.9318516, 2), (-0.51320964, 1.9153244, 2.2610524), (-0.9914449, 1.7172328, 2.2610524), (-1, 1.7320508, 2), (-0.76536685, 1.847759, 2), (-0.75881904, 1.8319513, 2.2610524), (-1.2071068, 1.5731322, 2.2610524), (-1.2175229, 1.5867066, 2), (-1, 1.7320508, 2), (-0.9914449, 1.7172328, 2.2610524), (-1.4021147, 1.4021147, 2.2610524), (-1.4142135, 1.4142135, 2), (-1.2175229, 1.5867066, 2), (-1.2071068, 1.5731322, 2.2610524), (-1.5731322, 1.2071068, 2.2610524), (-1.5867066, 1.2175229, 2), (-1.4142135, 1.4142135, 2), (-1.4021147, 1.4021147, 2.2610524), (-1.7172328, 0.9914449, 2.2610524), (-1.7320508, 1, 2), (-1.5867066, 1.2175229, 2), (-1.5731322, 1.2071068, 2.2610524), (-1.8319513, 0.75881904, 2.2610524), (-1.847759, 0.76536685, 2), (-1.7320508, 1, 2), (-1.7172328, 0.9914449, 2.2610524), (-1.9153244, 0.51320964, 2.2610524), (-1.9318516, 0.5176381, 2), (-1.847759, 0.76536685, 2), (-1.8319513, 0.75881904, 2.2610524), (-1.9659258, 0.25881904, 2.2610524), (-1.9828898, 0.26105237, 2), (-1.9318516, 0.5176381, 2), (-1.9153244, 0.51320964, 2.2610524), (-1.9828898, 2.4283394e-16, 2.2610524), (-2, 2.4492937e-16, 2), (-1.9828898, 0.26105237, 2), (-1.9659258, 0.25881904, 2.2610524), (-1.9659258, -0.25881904, 2.2610524), (-1.9828898, -0.26105237, 2), (-2, 2.4492937e-16, 2), (-1.9828898, 2.4283394e-16, 2.2610524), (-1.9153244, -0.51320964, 2.2610524), (-1.9318516, -0.5176381, 2), (-1.9828898, -0.26105237, 2), (-1.9659258, -0.25881904, 2.2610524), (-1.8319513, -0.75881904, 2.2610524), (-1.847759, -0.76536685, 2), (-1.9318516, -0.5176381, 2), (-1.9153244, -0.51320964, 2.2610524), (-1.7172328, -0.9914449, 2.2610524), (-1.7320508, -1, 2), (-1.847759, -0.76536685, 2), (-1.8319513, -0.75881904, 2.2610524), (-1.5731322, -1.2071068, 2.2610524), (-1.5867066, -1.2175229, 2), (-1.7320508, -1, 2), (-1.7172328, -0.9914449, 2.2610524), (-1.4021147, -1.4021147, 2.2610524), (-1.4142135, -1.4142135, 2), (-1.5867066, -1.2175229, 2), (-1.5731322, -1.2071068, 2.2610524), (-1.2071068, -1.5731322, 2.2610524), (-1.2175229, -1.5867066, 2), (-1.4142135, -1.4142135, 2), (-1.4021147, -1.4021147, 2.2610524), (-0.9914449, -1.7172328, 2.2610524), (-1, -1.7320508, 2), (-1.2175229, -1.5867066, 2), (-1.2071068, -1.5731322, 2.2610524), (-0.75881904, -1.8319513, 2.2610524), (-0.76536685, -1.847759, 2), (-1, -1.7320508, 2), (-0.9914449, -1.7172328, 2.2610524), (-0.51320964, -1.9153244, 2.2610524), (-0.5176381, -1.9318516, 2), (-0.76536685, -1.847759, 2), (-0.75881904, -1.8319513, 2.2610524), (-0.25881904, -1.9659258, 2.2610524), (-0.26105237, -1.9828898, 2), (-0.5176381, -1.9318516, 2), (-0.51320964, -1.9153244, 2.2610524), (-3.6425093e-16, -1.9828898, 2.2610524), (-3.6739403e-16, -2, 2), (-0.26105237, -1.9828898, 2), (-0.25881904, -1.9659258, 2.2610524)]
            texCoord2f[] primvars:st = [(-0.034074172, 0.25881904), (1.5984848e-17, 0.26105237), (0, 0), (-0.06756533, 0.25215724), (-0.034074172, 0.25881904), (0, 0), (-0.099900424, 0.24118096), (-0.06756533, 0.25215724), (0, 0), (-0.13052619, 0.226078), (-0.099900424, 0.24118096), (0, 0), (-0.15891862, 0.20710678), (-0.13052619, 0.226078), (0, 0), (-0.1845919, 0.1845919), (-0.15891862, 0.20710678), (0, 0), (-0.20710678, 0.15891862), (-0.1845919, 0.1845919), (0, 0), (-0.226078, 0.13052619), (-0.20710678, 0.15891862), (0, 0), (-0.24118096, 0.099900424), (-0.226078, 0.13052619), (0, 0), (-0.25215724, 0.06756533), (-0.24118096, 0.099900424), (0, 0), (-0.25881904, 0.034074172), (-0.25215724, 0.06756533), (0, 0), (-0.26105237, 3.1969697e-17), (-0.25881904, 0.034074172), (0, 0), (-0.25881904, -0.034074172), (-0.26105237, 3.1969697e-17), (0, 0), (-0.25215724, -0.06756533), (-0.25881904, -0.034074172), (0, 0), (-0.24118096, -0.099900424), (-0.25215724, -0.06756533), (0, 0), (-0.226078, -0.13052619), (-0.24118096, -0.099900424), (0, 0), (-0.20710678, -0.15891862), (-0.226078, -0.13052619), (0, 0), (-0.1845919, -0.1845919), (-0.20710678, -0.15891862), (0, 0), (-0.15891862, -0.20710678), (-0.1845919, -0.1845919), (0, 0), (-0.13052619, -0.226078), (-0.15891862, -0.20710678), (0, 0), (-0.099900424, -0.24118096), (-0.13052619, -0.226078), (0, 0), (-0.06756533, -0.25215724), (-0.099900424, -0.24118096), (0, 0), (-0.034074172, -0.25881904), (-0.06756533, -0.25215724), (0, 0), (-4.7954545e-17, -0.26105237), (-0.034074172, -0.25881904), (0, 0), (-0.034074172, 0.25881904), (-0.06756533, 0.51320964), (3.169619e-17, 0.5176381), (1.5984848e-17, 0.26105237), (-0.06756533, 0.25215724), (-0.1339746, 0.5), (-0.06756533, 0.51320964), (-0.034074172, 0.25881904), (-0.099900424, 0.24118096), (-0.19809152, 0.47823524), (-0.1339746, 0.5), (-0.06756533, 0.25215724), (-0.13052619, 0.226078), (-0.25881904, 0.44828773), (-0.19809152, 0.47823524), (-0.099900424, 0.24118096), (-0.15891862, 0.20710678), (-0.3151181, 0.4106699), (-0.25881904, 0.44828773), (-0.13052619, 0.226078), (-0.1845919, 0.1845919), (-0.36602542, 0.36602542), (-0.3151181, 0.4106699), (-0.15891862, 0.20710678), (-0.20710678, 0.15891862), (-0.4106699, 0.3151181), (-0.36602542, 0.36602542), (-0.1845919, 0.1845919), (-0.226078, 0.13052619), (-0.44828773, 0.25881904), (-0.4106699, 0.3151181), (-0.20710678, 0.15891862), (-0.24118096, 0.099900424), (-0.47823524, 0.19809152), (-0.44828773, 0.25881904), (-0.226078, 0.13052619), (-0.25215724, 0.06756533), (-0.5, 0.1339746), (-0.47823524, 0.19809152), (-0.24118096, 0.099900424), (-0.25881904, 0.034074172), (-0.51320964, 0.06756533), (-0.5, 0.1339746), (-0.25215724, 0.06756533), (-0.26105237, 3.1969697e-17), (-0.5176381, 6.339238e-17), (-0.51320964, 0.06756533), (-0.25881904, 0.034074172), (-0.25881904, -0.034074172), (-0.51320964, -0.06756533), (-0.5176381, 6.339238e-17), (-0.26105237, 3.1969697e-17), (-0.25215724, -0.06756533), (-0.5, -0.1339746), (-0.51320964, -0.06756533), (-0.25881904, -0.034074172), (-0.24118096, -0.099900424), (-0.47823524, -0.19809152), (-0.5, -0.1339746), (-0.25215724, -0.06756533), (-0.226078, -0.13052619), (-0.44828773, -0.25881904), (-0.47823524, -0.19809152), (-0.24118096, -0.099900424), (-0.20710678, -0.15891862), (-0.4106699, -0.3151181), (-0.44828773, -0.25881904), (-0.226078, -0.13052619), (-0.1845919, -0.1845919), (-0.36602542, -0.36602542), (-0.4106699, -0.3151181), (-0.20710678, -0.15891862), (-0.15891862, -0.20710678), (-0.3151181, -0.4106699), (-0.36602542, -0.36602542), (-0.1845919, -0.1845919), (-0.13052619, -0.226078), (-0.25881904, -0.44828773), (-0.3151181, -0.4106699), (-0.15891862, -0.20710678), (-0.099900424, -0.24118096), (-0.19809152, -0.47823524), (-0.25881904, -0.44828773), (-0.13052619, -0.226078), (-0.06756533, -0.25215724), (-0.1339746, -0.5), (-0.19809152, -0.47823524), (-0.099900424, -0.24118096), (-0.034074172, -0.25881904), (-0.06756533, -0.51320964), (-0.1339746, -0.5), (-0.06756533, -0.25215724), (-4.7954545e-17, -0.26105237), (-9.5088574e-17, -0.5176381), (-0.06756533, -0.51320964), (-0.034074172, -0.25881904), (-0.06756533, 0.51320964), (-0.099900424, 0.75881904), (4.6865205e-17, 0.76536685), (3.169619e-17, 0.5176381), (-0.1339746, 0.5), (-0.19809152, 0.7392876), (-0.099900424, 0.75881904), (-0.06756533, 0.51320964), (-0.19809152, 0.47823524), (-0.29289323, 0.70710677), (-0.19809152, 0.7392876), (-0.1339746, 0.5), (-0.25881904, 0.44828773), (-0.38268343, 0.66282713), (-0.29289323, 0.70710677), (-0.19809152, 0.47823524), (-0.3151181, 0.4106699), (-0.4659258, 0.60720634), (-0.38268343, 0.66282713), (-0.25881904, 0.44828773), (-0.36602542, 0.36602542), (-0.5411961, 0.5411961), (-0.4659258, 0.60720634), (-0.3151181, 0.4106699), (-0.4106699, 0.3151181), (-0.60720634, 0.4659258), (-0.5411961, 0.5411961), (-0.36602542, 0.36602542), (-0.44828773, 0.25881904), (-0.66282713, 0.38268343), (-0.60720634, 0.4659258), (-0.4106699, 0.3151181), (-0.47823524, 0.19809152), (-0.70710677, 0.29289323), (-0.66282713, 0.38268343), (-0.44828773, 0.25881904), (-0.5, 0.1339746), (-0.7392876, 0.19809152), (-0.70710677, 0.29289323), (-0.47823524, 0.19809152), (-0.51320964, 0.06756533), (-0.75881904, 0.099900424), (-0.7392876, 0.19809152), (-0.5, 0.1339746), (-0.5176381, 6.339238e-17), (-0.76536685, 9.373041e-17), (-0.75881904, 0.099900424), (-0.51320964, 0.06756533), (-0.51320964, -0.06756533), (-0.75881904, -0.099900424), (-0.76536685, 9.373041e-17), (-0.5176381, 6.339238e-17), (-0.5, -0.1339746), (-0.7392876, -0.19809152), (-0.75881904, -0.099900424), (-0.51320964, -0.06756533), (-0.47823524, -0.19809152), (-0.70710677, -0.29289323), (-0.7392876, -0.19809152), (-0.5, -0.1339746), (-0.44828773, -0.25881904), (-0.66282713, -0.38268343), (-0.70710677, -0.29289323), (-0.47823524, -0.19809152), (-0.4106699, -0.3151181), (-0.60720634, -0.4659258), (-0.66282713, -0.38268343), (-0.44828773, -0.25881904), (-0.36602542, -0.36602542), (-0.5411961, -0.5411961), (-0.60720634, -0.4659258), (-0.4106699, -0.3151181), (-0.3151181, -0.4106699), (-0.4659258, -0.60720634), (-0.5411961, -0.5411961), (-0.36602542, -0.36602542), (-0.25881904, -0.44828773), (-0.38268343, -0.66282713), (-0.4659258, -0.60720634), (-0.3151181, -0.4106699), (-0.19809152, -0.47823524), (-0.29289323, -0.70710677), (-0.38268343, -0.66282713), (-0.25881904, -0.44828773), (-0.1339746, -0.5), (-0.19809152, -0.7392876), (-0.29289323, -0.70710677), (-0.19809152, -0.47823524), (-0.06756533, -0.51320964), (-0.099900424, -0.75881904), (-0.19809152, -0.7392876), (-0.1339746, -0.5), (-9.5088574e-17, -0.5176381), (-1.4059561e-16, -0.76536685), (-0.099900424, -0.75881904), (-0.06756533, -0.51320964), (-0.099900424, 0.75881904), (-0.13052619, 0.9914449), (6.123234e-17, 1), (4.6865205e-17, 0.76536685), (-0.19809152, 0.7392876), (-0.25881904, 0.9659258), (-0.13052619, 0.9914449), (-0.099900424, 0.75881904), (-0.29289323, 0.70710677), (-0.38268343, 0.9238795), (-0.25881904, 0.9659258), (-0.19809152, 0.7392876), (-0.38268343, 0.66282713), (-0.5, 0.8660254), (-0.38268343, 0.9238795), (-0.29289323, 0.70710677), (-0.4659258, 0.60720634), (-0.6087614, 0.7933533), (-0.5, 0.8660254), (-0.38268343, 0.66282713), (-0.5411961, 0.5411961), (-0.70710677, 0.70710677), (-0.6087614, 0.7933533), (-0.4659258, 0.60720634), (-0.60720634, 0.4659258), (-0.7933533, 0.6087614), (-0.70710677, 0.70710677), (-0.5411961, 0.5411961), (-0.66282713, 0.38268343), (-0.8660254, 0.5), (-0.7933533, 0.6087614), (-0.60720634, 0.4659258), (-0.70710677, 0.29289323), (-0.9238795, 0.38268343), (-0.8660254, 0.5), (-0.66282713, 0.38268343), (-0.7392876, 0.19809152), (-0.9659258, 0.25881904), (-0.9238795, 0.38268343), (-0.70710677, 0.29289323), (-0.75881904, 0.099900424), (-0.9914449, 0.13052619), (-0.9659258, 0.25881904), (-0.7392876, 0.19809152), (-0.76536685, 9.373041e-17), (-1, 1.2246469e-16), (-0.9914449, 0.13052619), (-0.75881904, 0.099900424), (-0.75881904, -0.099900424), (-0.9914449, -0.13052619), (-1, 1.2246469e-16), (-0.76536685, 9.373041e-17), (-0.7392876, -0.19809152), (-0.9659258, -0.25881904), (-0.9914449, -0.13052619), (-0.75881904, -0.099900424), (-0.70710677, -0.29289323), (-0.9238795, -0.38268343), (-0.9659258, -0.25881904), (-0.7392876, -0.19809152), (-0.66282713, -0.38268343), (-0.8660254, -0.5), (-0.9238795, -0.38268343), (-0.70710677, -0.29289323), (-0.60720634, -0.4659258), (-0.7933533, -0.6087614), (-0.8660254, -0.5), (-0.66282713, -0.38268343), (-0.5411961, -0.5411961), (-0.70710677, -0.70710677), (-0.7933533, -0.6087614), (-0.60720634, -0.4659258), (-0.4659258, -0.60720634), (-0.6087614, -0.7933533), (-0.70710677, -0.70710677), (-0.5411961, -0.5411961), (-0.38268343, -0.66282713), (-0.5, -0.8660254), (-0.6087614, -0.7933533), (-0.4659258, -0.60720634), (-0.29289323, -0.70710677), (-0.38268343, -0.9238795), (-0.5, -0.8660254), (-0.38268343, -0.66282713), (-0.19809152, -0.7392876), (-0.25881904, -0.9659258), (-0.38268343, -0.9238795), (-0.29289323, -0.70710677), (-0.099900424, -0.75881904), (-0.13052619, -0.9914449), (-0.25881904, -0.9659258), (-0.19809152, -0.7392876), (-1.4059561e-16, -0.76536685), (-1.8369701e-16, -1), (-0.13052619, -0.9914449), (-0.099900424, -0.75881904), (-0.13052619, 0.9914449), (-0.15891862, 1.2071068), (7.455177e-17, 1.2175229), (6.123234e-17, 1), (-0.25881904, 0.9659258), (-0.3151181, 1.1760367), (-0.15891862, 1.2071068), (-0.13052619, 0.9914449), (-0.38268343, 0.9238795), (-0.4659258, 1.1248444), (-0.3151181, 1.1760367), (-0.25881904, 0.9659258), (-0.5, 0.8660254), (-0.6087614, 1.0544057), (-0.4659258, 1.1248444), (-0.38268343, 0.9238795), (-0.6087614, 0.7933533), (-0.74118096, 0.9659258), (-0.6087614, 1.0544057), (-0.5, 0.8660254), (-0.70710677, 0.70710677), (-0.86091864, 0.86091864), (-0.74118096, 0.9659258), (-0.6087614, 0.7933533), (-0.7933533, 0.6087614), (-0.9659258, 0.74118096), (-0.86091864, 0.86091864), (-0.70710677, 0.70710677), (-0.8660254, 0.5), (-1.0544057, 0.6087614), (-0.9659258, 0.74118096), (-0.7933533, 0.6087614), (-0.9238795, 0.38268343), (-1.1248444, 0.4659258), (-1.0544057, 0.6087614), (-0.8660254, 0.5), (-0.9659258, 0.25881904), (-1.1760367, 0.3151181), (-1.1248444, 0.4659258), (-0.9238795, 0.38268343), (-0.9914449, 0.13052619), (-1.2071068, 0.15891862), (-1.1760367, 0.3151181), (-0.9659258, 0.25881904), (-1, 1.2246469e-16), (-1.2175229, 1.4910354e-16), (-1.2071068, 0.15891862), (-0.9914449, 0.13052619), (-0.9914449, -0.13052619), (-1.2071068, -0.15891862), (-1.2175229, 1.4910354e-16), (-1, 1.2246469e-16), (-0.9659258, -0.25881904), (-1.1760367, -0.3151181), (-1.2071068, -0.15891862), (-0.9914449, -0.13052619), (-0.9238795, -0.38268343), (-1.1248444, -0.4659258), (-1.1760367, -0.3151181), (-0.9659258, -0.25881904), (-0.8660254, -0.5), (-1.0544057, -0.6087614), (-1.1248444, -0.4659258), (-0.9238795, -0.38268343), (-0.7933533, -0.6087614), (-0.9659258, -0.74118096), (-1.0544057, -0.6087614), (-0.8660254, -0.5), (-0.70710677, -0.70710677), (-0.86091864, -0.86091864), (-0.9659258, -0.74118096), (-0.7933533, -0.6087614), (-0.6087614, -0.7933533), (-0.74118096, -0.9659258), (-0.86091864, -0.86091864), (-0.70710677, -0.70710677), (-0.5, -0.8660254), (-0.6087614, -1.0544057), (-0.74118096, -0.9659258), (-0.6087614, -0.7933533), (-0.38268343, -0.9238795), (-0.4659258, -1.1248444), (-0.6087614, -1.0544057), (-0.5, -0.8660254), (-0.25881904, -0.9659258), (-0.3151181, -1.1760367), (-0.4659258, -1.1248444), (-0.38268343, -0.9238795), (-0.13052619, -0.9914449), (-0.15891862, -1.2071068), (-0.3151181, -1.1760367), (-0.25881904, -0.9659258), (-1.8369701e-16, -1), (-2.2365532e-16, -1.2175229), (-0.15891862, -1.2071068), (-0.13052619, -0.9914449), (-0.15891862, 1.2071068), (-0.1845919, 1.4021147), (8.6595606e-17, 1.4142135), (7.455177e-17, 1.2175229), (-0.3151181, 1.1760367), (-0.36602542, 1.3660254), (-0.1845919, 1.4021147), (-0.15891862, 1.2071068), (-0.4659258, 1.1248444), (-0.5411961, 1.306563), (-0.36602542, 1.3660254), (-0.3151181, 1.1760367), (-0.6087614, 1.0544057), (-0.70710677, 1.2247449), (-0.5411961, 1.306563), (-0.4659258, 1.1248444), (-0.74118096, 0.9659258), (-0.86091864, 1.121971), (-0.70710677, 1.2247449), (-0.6087614, 1.0544057), (-0.86091864, 0.86091864), (-1, 1), (-0.86091864, 1.121971), (-0.74118096, 0.9659258), (-0.9659258, 0.74118096), (-1.121971, 0.86091864), (-1, 1), (-0.86091864, 0.86091864), (-1.0544057, 0.6087614), (-1.2247449, 0.70710677), (-1.121971, 0.86091864), (-0.9659258, 0.74118096), (-1.1248444, 0.4659258), (-1.306563, 0.5411961), (-1.2247449, 0.70710677), (-1.0544057, 0.6087614), (-1.1760367, 0.3151181), (-1.3660254, 0.36602542), (-1.306563, 0.5411961), (-1.1248444, 0.4659258), (-1.2071068, 0.15891862), (-1.4021147, 0.1845919), (-1.3660254, 0.36602542), (-1.1760367, 0.3151181), (-1.2175229, 1.4910354e-16), (-1.4142135, 1.7319121e-16), (-1.4021147, 0.1845919), (-1.2071068, 0.15891862), (-1.2071068, -0.15891862), (-1.4021147, -0.1845919), (-1.4142135, 1.7319121e-16), (-1.2175229, 1.4910354e-16), (-1.1760367, -0.3151181), (-1.3660254, -0.36602542), (-1.4021147, -0.1845919), (-1.2071068, -0.15891862), (-1.1248444, -0.4659258), (-1.306563, -0.5411961), (-1.3660254, -0.36602542), (-1.1760367, -0.3151181), (-1.0544057, -0.6087614), (-1.2247449, -0.70710677), (-1.306563, -0.5411961), (-1.1248444, -0.4659258), (-0.9659258, -0.74118096), (-1.121971, -0.86091864), (-1.2247449, -0.70710677), (-1.0544057, -0.6087614), (-0.86091864, -0.86091864), (-1, -1), (-1.121971, -0.86091864), (-0.9659258, -0.74118096), (-0.74118096, -0.9659258), (-0.86091864, -1.121971), (-1, -1), (-0.86091864, -0.86091864), (-0.6087614, -1.0544057), (-0.70710677, -1.2247449), (-0.86091864, -1.121971), (-0.74118096, -0.9659258), (-0.4659258, -1.1248444), (-0.5411961, -1.306563), (-0.70710677, -1.2247449), (-0.6087614, -1.0544057), (-0.3151181, -1.1760367), (-0.36602542, -1.3660254), (-0.5411961, -1.306563), (-0.4659258, -1.1248444), (-0.15891862, -1.2071068), (-0.1845919, -1.4021147), (-0.36602542, -1.3660254), (-0.3151181, -1.1760367), (-2.2365532e-16, -1.2175229), (-2.597868e-16, -1.4142135), (-0.1845919, -1.4021147), (-0.15891862, -1.2071068), (-0.1845919, 3.4142137), (-0.20710678, 3.2175229), (9.715776e-17, 3.2175229), (8.6595606e-17, 3.4142137), (-0.36602542, 3.4142137), (-0.4106699, 3.2175229), (-0.20710678, 3.2175229), (-0.1845919, 3.4142137), (-0.5411961, 3.4142137), (-0.60720634, 3.2175229), (-0.4106699, 3.2175229), (-0.36602542, 3.4142137), (-0.70710677, 3.4142137), (-0.7933533, 3.2175229), (-0.60720634, 3.2175229), (-0.5411961, 3.4142137), (-0.86091864, 1.121971), (-0.9659258, 1.2588191), (-0.7933533, 1.3741283), (-0.70710677, 1.2247449), (-1, 1), (-1.121971, 1.121971), (-0.9659258, 1.2588191), (-0.86091864, 1.121971), (-1.121971, 0.86091864), (-1.2588191, 0.9659258), (-1.121971, 1.121971), (-1, 1), (-1.2247449, 0.70710677), (-1.3741283, 0.7933533), (-1.2588191, 0.9659258), (-1.121971, 0.86091864), (0.5411961, 3.4142137), (0.60720634, 3.2175229), (0.7933533, 3.2175229), (0.70710677, 3.4142137), (0.36602542, 3.4142137), (0.4106699, 3.2175229), (0.60720634, 3.2175229), (0.5411961, 3.4142137), (0.1845919, 3.4142137), (0.20710678, 3.2175229), (0.4106699, 3.2175229), (0.36602542, 3.4142137), (1.7319121e-16, 3.4142137), (1.9431553e-16, 3.2175229), (0.20710678, 3.2175229), (0.1845919, 3.4142137), (-0.1845919, 3.4142137), (-0.20710678, 3.2175229), (1.9431553e-16, 3.2175229), (1.7319121e-16, 3.4142137), (-0.36602542, 3.4142137), (-0.4106699, 3.2175229), (-0.20710678, 3.2175229), (-0.1845919, 3.4142137), (-0.5411961, 3.4142137), (-0.60720634, 3.2175229), (-0.4106699, 3.2175229), (-0.36602542, 3.4142137), (-0.70710677, 3.4142137), (-0.7933533, 3.2175229), (-0.60720634, 3.2175229), (-0.5411961, 3.4142137), (-1.121971, -0.86091864), (-1.2588191, -0.9659258), (-1.3741283, -0.7933533), (-1.2247449, -0.70710677), (-1, -1), (-1.121971, -1.121971), (-1.2588191, -0.9659258), (-1.121971, -0.86091864), (-0.86091864, -1.121971), (-0.9659258, -1.2588191), (-1.121971, -1.121971), (-1, -1), (-0.70710677, -1.2247449), (-0.7933533, -1.3741283), (-0.9659258, -1.2588191), (-0.86091864, -1.121971), (-0.5411961, 3.4142137), (-0.60720634, 3.2175229), (-0.7933533, 3.2175229), (-0.70710677, 3.4142137), (-0.36602542, 3.4142137), (-0.4106699, 3.2175229), (-0.60720634, 3.2175229), (-0.5411961, 3.4142137), (-0.1845919, 3.4142137), (-0.20710678, 3.2175229), (-0.4106699, 3.2175229), (-0.36602542, 3.4142137), (-2.597868e-16, 3.4142137), (-2.914733e-16, 3.2175229), (-0.20710678, 3.2175229), (-0.1845919, 3.4142137), (-0.20710678, 3.2175229), (-0.226078, 3), (1.06057525e-16, 3), (9.715776e-17, 3.2175229), (-0.4106699, 3.2175229), (-0.44828773, 3), (-0.226078, 3), (-0.20710678, 3.2175229), (-0.60720634, 3.2175229), (-0.66282713, 3), (-0.44828773, 3), (-0.4106699, 3.2175229), (-0.7933533, 3.2175229), (-0.8660254, 3), (-0.66282713, 3), (-0.60720634, 3.2175229), (-0.9659258, 3.2175229), (-1.0544057, 3), (-0.8660254, 3), (-0.7933533, 3.2175229), (-1.121971, 3.2175229), (-1.2247449, 3), (-1.0544057, 3), (-0.9659258, 3.2175229), (0.9659258, 3.2175229), (1.0544057, 3), (1.2247449, 3), (1.121971, 3.2175229), (0.7933533, 3.2175229), (0.8660254, 3), (1.0544057, 3), (0.9659258, 3.2175229), (0.60720634, 3.2175229), (0.66282713, 3), (0.8660254, 3), (0.7933533, 3.2175229), (0.4106699, 3.2175229), (0.44828773, 3), (0.66282713, 3), (0.60720634, 3.2175229), (0.20710678, 3.2175229), (0.226078, 3), (0.44828773, 3), (0.4106699, 3.2175229), (1.9431553e-16, 3.2175229), (2.1211505e-16, 3), (0.226078, 3), (0.20710678, 3.2175229), (-0.20710678, 3.2175229), (-0.226078, 3), (2.1211505e-16, 3), (1.9431553e-16, 3.2175229), (-0.4106699, 3.2175229), (-0.44828773, 3), (-0.226078, 3), (-0.20710678, 3.2175229), (-0.60720634, 3.2175229), (-0.66282713, 3), (-0.44828773, 3), (-0.4106699, 3.2175229), (-0.7933533, 3.2175229), (-0.8660254, 3), (-0.66282713, 3), (-0.60720634, 3.2175229), (-0.9659258, 3.2175229), (-1.0544057, 3), (-0.8660254, 3), (-0.7933533, 3.2175229), (-1.121971, 3.2175229), (-1.2247449, 3), (-1.0544057, 3), (-0.9659258, 3.2175229), (-0.9659258, 3.2175229), (-1.0544057, 3), (-1.2247449, 3), (-1.121971, 3.2175229), (-0.7933533, 3.2175229), (-0.8660254, 3), (-1.0544057, 3), (-0.9659258, 3.2175229), (-0.60720634, 3.2175229), (-0.66282713, 3), (-0.8660254, 3), (-0.7933533, 3.2175229), (-0.4106699, 3.2175229), (-0.44828773, 3), (-0.66282713, 3), (-0.60720634, 3.2175229), (-0.20710678, 3.2175229), (-0.226078, 3), (-0.44828773, 3), (-0.4106699, 3.2175229), (-2.914733e-16, 3.2175229), (-3.1817257e-16, 3), (-0.226078, 3), (-0.20710678, 3.2175229), (-0.226078, 3), (-0.24118096, 2.7653668), (1.1314261e-16, 2.7653668), (1.06057525e-16, 3), (-0.44828773, 3), (-0.47823524, 2.7653668), (-0.24118096, 2.7653668), (-0.226078, 3), (-0.66282713, 3), (-0.70710677, 2.7653668), (-0.47823524, 2.7653668), (-0.44828773, 3), (-0.8660254, 3), (-0.9238795, 2.7653668), (-0.70710677, 2.7653668), (-0.66282713, 3), (-1.0544057, 3), (-1.1248444, 2.7653668), (-0.9238795, 2.7653668), (-0.8660254, 3), (-1.2247449, 3), (-1.306563, 2.7653668), (-1.1248444, 2.7653668), (-1.0544057, 3), (1.0544057, 3), (1.1248444, 2.7653668), (1.306563, 2.7653668), (1.2247449, 3), (0.8660254, 3), (0.9238795, 2.7653668), (1.1248444, 2.7653668), (1.0544057, 3), (0.66282713, 3), (0.70710677, 2.7653668), (0.9238795, 2.7653668), (0.8660254, 3), (0.44828773, 3), (0.47823524, 2.7653668), (0.70710677, 2.7653668), (0.66282713, 3), (0.226078, 3), (0.24118096, 2.7653668), (0.47823524, 2.7653668), (0.44828773, 3), (2.1211505e-16, 3), (2.2628522e-16, 2.7653668), (0.24118096, 2.7653668), (0.226078, 3), (-0.226078, 3), (-0.24118096, 2.7653668), (2.2628522e-16, 2.7653668), (2.1211505e-16, 3), (-0.44828773, 3), (-0.47823524, 2.7653668), (-0.24118096, 2.7653668), (-0.226078, 3), (-0.66282713, 3), (-0.70710677, 2.7653668), (-0.47823524, 2.7653668), (-0.44828773, 3), (-0.8660254, 3), (-0.9238795, 2.7653668), (-0.70710677, 2.7653668), (-0.66282713, 3), (-1.0544057, 3), (-1.1248444, 2.7653668), (-0.9238795, 2.7653668), (-0.8660254, 3), (-1.2247449, 3), (-1.306563, 2.7653668), (-1.1248444, 2.7653668), (-1.0544057, 3), (-1.0544057, 3), (-1.1248444, 2.7653668), (-1.306563, 2.7653668), (-1.2247449, 3), (-0.8660254, 3), (-0.9238795, 2.7653668), (-1.1248444, 2.7653668), (-1.0544057, 3), (-0.66282713, 3), (-0.70710677, 2.7653668), (-0.9238795, 2.7653668), (-0.8660254, 3), (-0.44828773, 3), (-0.47823524, 2.7653668), (-0.70710677, 2.7653668), (-0.66282713, 3), (-0.226078, 3), (-0.24118096, 2.7653668), (-0.47823524, 2.7653668), (-0.44828773, 3), (-3.1817257e-16, 3), (-3.3942783e-16, 2.7653668), (-0.24118096, 2.7653668), (-0.226078, 3), (-0.24118096, 2.7653668), (-0.25215724, 2.5176382), (1.1829179e-16, 2.5176382), (1.1314261e-16, 2.7653668), (-0.47823524, 2.7653668), (-0.5, 2.5176382), (-0.25215724, 2.5176382), (-0.24118096, 2.7653668), (-0.70710677, 2.7653668), (-0.7392876, 2.5176382), (-0.5, 2.5176382), (-0.47823524, 2.7653668), (-0.9238795, 2.7653668), (-0.9659258, 2.5176382), (-0.7392876, 2.5176382), (-0.70710677, 2.7653668), (-1.1248444, 2.7653668), (-1.1760367, 2.5176382), (-0.9659258, 2.5176382), (-0.9238795, 2.7653668), (-1.306563, 2.7653668), (-1.3660254, 2.5176382), (-1.1760367, 2.5176382), (-1.1248444, 2.7653668), (1.1248444, 2.7653668), (1.1760367, 2.5176382), (1.3660254, 2.5176382), (1.306563, 2.7653668), (0.9238795, 2.7653668), (0.9659258, 2.5176382), (1.1760367, 2.5176382), (1.1248444, 2.7653668), (0.70710677, 2.7653668), (0.7392876, 2.5176382), (0.9659258, 2.5176382), (0.9238795, 2.7653668), (0.47823524, 2.7653668), (0.5, 2.5176382), (0.7392876, 2.5176382), (0.70710677, 2.7653668), (0.24118096, 2.7653668), (0.25215724, 2.5176382), (0.5, 2.5176382), (0.47823524, 2.7653668), (2.2628522e-16, 2.7653668), (2.3658358e-16, 2.5176382), (0.25215724, 2.5176382), (0.24118096, 2.7653668), (-0.24118096, 2.7653668), (-0.25215724, 2.5176382), (2.3658358e-16, 2.5176382), (2.2628522e-16, 2.7653668), (-0.47823524, 2.7653668), (-0.5, 2.5176382), (-0.25215724, 2.5176382), (-0.24118096, 2.7653668), (-0.70710677, 2.7653668), (-0.7392876, 2.5176382), (-0.5, 2.5176382), (-0.47823524, 2.7653668), (-0.9238795, 2.7653668), (-0.9659258, 2.5176382), (-0.7392876, 2.5176382), (-0.70710677, 2.7653668), (-1.1248444, 2.7653668), (-1.1760367, 2.5176382), (-0.9659258, 2.5176382), (-0.9238795, 2.7653668), (-1.306563, 2.7653668), (-1.3660254, 2.5176382), (-1.1760367, 2.5176382), (-1.1248444, 2.7653668), (-1.1248444, 2.7653668), (-1.1760367, 2.5176382), (-1.3660254, 2.5176382), (-1.306563, 2.7653668), (-0.9238795, 2.7653668), (-0.9659258, 2.5176382), (-1.1760367, 2.5176382), (-1.1248444, 2.7653668), (-0.70710677, 2.7653668), (-0.7392876, 2.5176382), (-0.9659258, 2.5176382), (-0.9238795, 2.7653668), (-0.47823524, 2.7653668), (-0.5, 2.5176382), (-0.7392876, 2.5176382), (-0.70710677, 2.7653668), (-0.24118096, 2.7653668), (-0.25215724, 2.5176382), (-0.5, 2.5176382), (-0.47823524, 2.7653668), (-3.3942783e-16, 2.7653668), (-3.5487539e-16, 2.5176382), (-0.25215724, 2.5176382), (-0.24118096, 2.7653668), (-0.25215724, 2.5176382), (-0.25881904, 2.2610524), (1.2141697e-16, 2.2610524), (1.1829179e-16, 2.5176382), (-0.5, 2.5176382), (-0.51320964, 2.2610524), (-0.25881904, 2.2610524), (-0.25215724, 2.5176382), (-0.7392876, 2.5176382), (-0.75881904, 2.2610524), (-0.51320964, 2.2610524), (-0.5, 2.5176382), (-0.9659258, 2.5176382), (-0.9914449, 2.2610524), (-0.75881904, 2.2610524), (-0.7392876, 2.5176382), (-1.1760367, 2.5176382), (-1.2071068, 2.2610524), (-0.9914449, 2.2610524), (-0.9659258, 2.5176382), (-1.3660254, 2.5176382), (-1.4021147, 2.2610524), (-1.2071068, 2.2610524), (-1.1760367, 2.5176382), (1.1760367, 2.5176382), (1.2071068, 2.2610524), (1.4021147, 2.2610524), (1.3660254, 2.5176382), (0.9659258, 2.5176382), (0.9914449, 2.2610524), (1.2071068, 2.2610524), (1.1760367, 2.5176382), (0.7392876, 2.5176382), (0.75881904, 2.2610524), (0.9914449, 2.2610524), (0.9659258, 2.5176382), (0.5, 2.5176382), (0.51320964, 2.2610524), (0.75881904, 2.2610524), (0.7392876, 2.5176382), (0.25215724, 2.5176382), (0.25881904, 2.2610524), (0.51320964, 2.2610524), (0.5, 2.5176382), (2.3658358e-16, 2.5176382), (2.4283394e-16, 2.2610524), (0.25881904, 2.2610524), (0.25215724, 2.5176382), (-0.25215724, 2.5176382), (-0.25881904, 2.2610524), (2.4283394e-16, 2.2610524), (2.3658358e-16, 2.5176382), (-0.5, 2.5176382), (-0.51320964, 2.2610524), (-0.25881904, 2.2610524), (-0.25215724, 2.5176382), (-0.7392876, 2.5176382), (-0.75881904, 2.2610524), (-0.51320964, 2.2610524), (-0.5, 2.5176382), (-0.9659258, 2.5176382), (-0.9914449, 2.2610524), (-0.75881904, 2.2610524), (-0.7392876, 2.5176382), (-1.1760367, 2.5176382), (-1.2071068, 2.2610524), (-0.9914449, 2.2610524), (-0.9659258, 2.5176382), (-1.3660254, 2.5176382), (-1.4021147, 2.2610524), (-1.2071068, 2.2610524), (-1.1760367, 2.5176382), (-1.1760367, 2.5176382), (-1.2071068, 2.2610524), (-1.4021147, 2.2610524), (-1.3660254, 2.5176382), (-0.9659258, 2.5176382), (-0.9914449, 2.2610524), (-1.2071068, 2.2610524), (-1.1760367, 2.5176382), (-0.7392876, 2.5176382), (-0.75881904, 2.2610524), (-0.9914449, 2.2610524), (-0.9659258, 2.5176382), (-0.5, 2.5176382), (-0.51320964, 2.2610524), (-0.75881904, 2.2610524), (-0.7392876, 2.5176382), (-0.25215724, 2.5176382), (-0.25881904, 2.2610524), (-0.51320964, 2.2610524), (-0.5, 2.5176382), (-3.5487539e-16, 2.5176382), (-3.6425093e-16, 2.2610524), (-0.25881904, 2.2610524), (-0.25215724, 2.5176382), (-0.25881904, 2.2610524), (-0.26105237, 2), (1.2246469e-16, 2), (1.2141697e-16, 2.2610524), (-0.51320964, 2.2610524), (-0.5176381, 2), (-0.26105237, 2), (-0.25881904, 2.2610524), (-0.75881904, 2.2610524), (-0.76536685, 2), (-0.5176381, 2), (-0.51320964, 2.2610524), (-0.9914449, 2.2610524), (-1, 2), (-0.76536685, 2), (-0.75881904, 2.2610524), (-1.2071068, 2.2610524), (-1.2175229, 2), (-1, 2), (-0.9914449, 2.2610524), (-1.4021147, 2.2610524), (-1.4142135, 2), (-1.2175229, 2), (-1.2071068, 2.2610524), (1.2071068, 2.2610524), (1.2175229, 2), (1.4142135, 2), (1.4021147, 2.2610524), (0.9914449, 2.2610524), (1, 2), (1.2175229, 2), (1.2071068, 2.2610524), (0.75881904, 2.2610524), (0.76536685, 2), (1, 2), (0.9914449, 2.2610524), (0.51320964, 2.2610524), (0.5176381, 2), (0.76536685, 2), (0.75881904, 2.2610524), (0.25881904, 2.2610524), (0.26105237, 2), (0.5176381, 2), (0.51320964, 2.2610524), (2.4283394e-16, 2.2610524), (2.4492937e-16, 2), (0.26105237, 2), (0.25881904, 2.2610524), (-0.25881904, 2.2610524), (-0.26105237, 2), (2.4492937e-16, 2), (2.4283394e-16, 2.2610524), (-0.51320964, 2.2610524), (-0.5176381, 2), (-0.26105237, 2), (-0.25881904, 2.2610524), (-0.75881904, 2.2610524), (-0.76536685, 2), (-0.5176381, 2), (-0.51320964, 2.2610524), (-0.9914449, 2.2610524), (-1, 2), (-0.76536685, 2), (-0.75881904, 2.2610524), (-1.2071068, 2.2610524), (-1.2175229, 2), (-1, 2), (-0.9914449, 2.2610524), (-1.4021147, 2.2610524), (-1.4142135, 2), (-1.2175229, 2), (-1.2071068, 2.2610524), (-1.2071068, 2.2610524), (-1.2175229, 2), (-1.4142135, 2), (-1.4021147, 2.2610524), (-0.9914449, 2.2610524), (-1, 2), (-1.2175229, 2), (-1.2071068, 2.2610524), (-0.75881904, 2.2610524), (-0.76536685, 2), (-1, 2), (-0.9914449, 2.2610524), (-0.51320964, 2.2610524), (-0.5176381, 2), (-0.76536685, 2), (-0.75881904, 2.2610524), (-0.25881904, 2.2610524), (-0.26105237, 2), (-0.5176381, 2), (-0.51320964, 2.2610524), (-3.6425093e-16, 2.2610524), (-3.6739403e-16, 2), (-0.26105237, 2), (-0.25881904, 2.2610524)] (
                interpolation = "faceVarying"
            )
            uniform token subdivisionScheme = "none"
        }

        def Mesh "ShellLE" (
            prepend apiSchemas = ["MaterialBindingAPI"]
        )
        {
            float3[] extent = [(-3.6739403e-16, -2, 0), (2, 2, 2)]
            int[] faceVertexCounts = [4, 4, 4, 4, 4, 4, 4, 4, 4, 4, 4, 4, 4, 4, 4, 4, 4, 4, 4, 4, 4, 4, 4, 4, 4, 4, 4, 4, 4, 4, 4, 4, 4, 4, 4, 4, 4, 4, 4, 4, 4, 4, 4, 4, 4, 4, 4, 4, 4, 4, 4, 4, 4, 4, 4, 4, 4, 4, 4, 4, 4, 4, 4, 4, 4, 4, 4, 4, 4, 4, 4, 4, 4, 4, 4, 4, 4, 4, 4, 4, 4, 4, 4, 4, 4, 4, 4, 4, 4, 4, 4, 4, 4, 4, 4, 4, 4, 4, 4, 4, 4, 4, 4, 4, 4, 4, 4, 4, 4, 4, 4, 4, 4, 4, 4, 4, 4, 4, 4, 4, 4, 4, 4, 4, 4, 4, 4, 4, 4, 4, 4, 4, 3, 3, 3, 3, 3, 3, 3, 3, 3, 3, 3, 3, 4, 4, 4, 4, 4, 4, 4, 4, 4, 4, 4, 4, 4, 4, 4, 4, 4, 4, 4, 4, 4, 4, 4, 4, 4, 4, 4, 4, 4, 4, 4, 4, 4, 4, 4, 4, 4, 4, 4, 4, 4, 4, 4, 4, 4, 4, 4, 4, 4, 4, 4, 4, 4, 4, 4, 4, 4, 4, 4, 4, 4, 4, 4, 4, 4, 4, 4, 4, 4, 4, 4, 4, 4, 4, 4, 4, 4, 4, 4, 4, 4, 4, 4, 4, 4, 4, 4, 4, 4, 4, 4, 4, 4, 4, 4, 4, 4, 4, 4, 4, 4, 4, 4, 4, 4, 4, 4, 4, 4, 4, 4, 4, 4, 4, 4, 4, 4, 4, 4, 4, 4, 4, 4, 4, 4, 4, 4, 4, 4, 4, 4, 4, 3, 3, 3, 3, 3, 3, 3, 3, 3, 3, 3, 3]
            int[] faceVertexIndices = [0, 1, 2, 3, 4, 5, 6, 7, 8, 9, 10, 11, 12, 13, 14, 15, 16, 17, 18, 19, 20, 21, 22, 23, 24, 25, 26, 27, 28, 29, 30, 31, 32, 33, 34, 35, 36, 37, 38, 39, 40, 41, 42, 43, 44, 45, 46, 47, 48, 49, 50, 51, 52, 53, 54, 55, 56, 57, 58, 59, 60, 61, 62, 63, 64, 65, 66, 67, 68, 69, 70, 71, 72, 73, 74, 75, 76, 77, 78, 79, 80, 81, 82, 83, 84, 85, 86, 87, 88, 89, 90, 91, 92, 93, 94, 95, 96, 97, 98, 99, 100, 101, 102, 103, 104, 105, 106, 107, 108, 109, 110, 111, 112, 113, 114, 115, 116, 117, 118, 119, 120, 121, 122, 123, 124, 125, 126, 127, 128, 129, 130, 131, 132, 133, 134, 135, 136, 137, 138, 139, 140, 141, 142, 143, 144, 145, 146, 147, 148, 149, 150, 151, 152, 153, 154, 155, 156, 157, 158, 159, 160, 161, 162, 163, 164, 165, 166, 167, 168, 169, 170, 171, 172, 173, 174, 175, 176, 177, 178, 179, 180, 181, 182, 183, 184, 185, 186, 187, 188, 189, 190, 191, 192, 193, 194, 195, 196, 197, 198, 199, 200, 201, 202, 203, 204, 205, 206, 207, 208, 209, 210, 211, 212, 213, 214, 215, 216, 217, 218, 219, 220, 221, 222, 223, 224, 225, 226, 227, 228, 229, 230, 231, 232, 233, 234, 235, 236, 237, 238, 239, 240, 241, 242, 243, 244, 245, 246, 247, 248, 249, 250, 251, 252, 253, 254, 255, 256, 257, 258, 259, 260, 261, 262, 263, 264, 265, 266, 267, 268, 269, 270, 271, 272, 273, 274, 275, 276, 277, 278, 279, 280, 281, 282, 283, 284, 285, 286, 287, 288, 289, 290, 291, 292, 293, 294, 295, 296, 297, 298, 299, 300, 301, 302, 303, 304, 305, 306, 307, 308, 309, 310, 311, 312, 313, 314, 315, 316, 317, 318, 319, 320, 321, 322, 323, 324, 325, 326, 327, 328, 329, 330, 331, 332, 333, 334, 335, 336, 337, 338, 339, 340, 341, 342, 343, 344, 345, 346, 347, 348, 349, 350, 351, 352, 353, 354, 355, 356, 357, 358, 359, 360, 361, 362, 363, 364, 365, 366, 367, 368, 369, 370, 371, 372, 373, 374, 375, 376, 377, 378, 379, 380, 381, 382, 383, 384, 385, 386, 387, 388, 389, 390, 391, 392, 393, 394, 395, 396, 397, 398, 399, 400, 401, 402, 403, 404, 405, 406, 407, 408, 409, 410, 411, 412, 413, 414, 415, 416, 417, 418, 419, 420, 421, 422, 423, 424, 425, 426, 427, 428, 429, 430, 431, 432, 433, 434, 435, 436, 437, 438, 439, 440, 441, 442, 443, 444, 445, 446, 447, 448, 449, 450, 451, 452, 453, 454, 455, 456, 457, 458, 459, 460, 461, 462, 463, 464, 465, 466, 467, 468, 469, 470, 471, 472, 473, 474, 475, 476, 477, 478, 479, 480, 481, 482, 483, 484, 485, 486, 487, 488, 489, 490, 491, 492, 493, 494, 495, 496, 497, 498, 499, 500, 501, 502, 503, 504, 505, 506, 507, 508, 509, 510, 511, 512, 513, 514, 515, 516, 517, 518, 519, 520, 521, 522, 523, 524, 525, 526, 527, 528, 529, 530, 531, 532, 533, 534, 535, 536, 537, 538, 539, 540, 541, 542, 543, 544, 545, 546, 547, 548, 549, 550, 551, 552, 553, 554, 555, 556, 557, 558, 559, 560, 561, 562, 563, 564, 565, 566, 567, 568, 569, 570, 571, 572, 573, 574, 575, 576, 577, 578, 579, 580, 581, 582, 583, 584, 585, 586, 587, 588, 589, 590, 591, 592, 593, 594, 595, 596, 597, 598, 599, 600, 601, 602, 603, 604, 605, 606, 607, 608, 609, 610, 611, 612, 613, 614, 615, 616, 617, 618, 619, 620, 621, 622, 623, 624, 625, 626, 627, 628, 629, 630, 631, 632, 633, 634, 635, 636, 637, 638, 639, 640, 641, 642, 643, 644, 645, 646, 647, 648, 649, 650, 651, 652, 653, 654, 655, 656, 657, 658, 659, 660, 661, 662, 663, 664, 665, 666, 667, 668, 669, 670, 671, 672, 673, 674, 675, 676, 677, 678, 679, 680, 681, 682, 683, 684, 685, 686, 687, 688, 689, 690, 691, 692, 693, 694, 695, 696, 697, 698, 699, 700, 701, 702, 703, 704, 705, 706, 707, 708, 709, 710, 711, 712, 713, 714, 715, 716, 717, 718, 719, 720, 721, 722, 723, 724, 725, 726, 727, 728, 729, 730, 731, 732, 733, 734, 735, 736, 737, 738, 739, 740, 741, 742, 743, 744, 745, 746, 747, 748, 749, 750, 751, 752, 753, 754, 755, 756, 757, 758, 759, 760, 761, 762, 763, 764, 765, 766, 767, 768, 769, 770, 771, 772, 773, 774, 775, 776, 777, 778, 779, 780, 781, 782, 783, 784, 785, 786, 787, 788, 789, 790, 791, 792, 793, 794, 795, 796, 797, 798, 799, 800, 801, 802, 803, 804, 805, 806, 807, 808, 809, 810, 811, 812, 813, 814, 815, 816, 817, 818, 819, 820, 821, 822, 823, 824, 825, 826, 827, 828, 829, 830, 831, 832, 833, 834, 835, 836, 837, 838, 839, 840, 841, 842, 843, 844, 845, 846, 847, 848, 849, 850, 851, 852, 853, 854, 855, 856, 857, 858, 859, 860, 861, 862, 863, 864, 865, 866, 867, 868, 869, 870, 871, 872, 873, 874, 875, 876, 877, 878, 879, 880, 881, 882, 883, 884, 885, 886, 887, 888, 889, 890, 891, 892, 893, 894, 895, 896, 897, 898, 899, 900, 901, 902, 903, 904, 905, 906, 907, 908, 909, 910, 911, 912, 913, 914, 915, 916, 917, 918, 919, 920, 921, 922, 923, 924, 925, 926, 927, 928, 929, 930, 931, 932, 933, 934, 935, 936, 937, 938, 939, 940, 941, 942, 943, 944, 945, 946, 947, 948, 949, 950, 951, 952, 953, 954, 955, 956, 957, 958, 959, 960, 961, 962, 963, 964, 965, 966, 967, 968, 969, 970, 971, 972, 973, 974, 975, 976, 977, 978, 979, 980, 981, 982, 983, 984, 985, 986, 987, 988, 989, 990, 991, 992, 993, 994, 995, 996, 997, 998, 999, 1000, 1001, 1002, 1003, 1004, 1005, 1006, 1007, 1008, 1009, 1010, 1011, 1012, 1013, 1014, 1015, 1016, 1017, 1018, 1019, 1020, 1021, 1022, 1023, 1024, 1025, 1026, 1027, 1028, 1029, 1030, 1031, 1032, 1033, 1034, 1035, 1036, 1037, 1038, 1039, 1040, 1041, 1042, 1043, 1044, 1045, 1046, 1047, 1048, 1049, 1050, 1051, 1052, 1053, 1054, 1055, 1056, 1057, 1058, 1059, 1060, 1061, 1062, 1063, 1064, 1065, 1066, 1067, 1068, 1069, 1070, 1071, 1072, 1073, 1074, 1075, 1076, 1077, 1078, 1079, 1080, 1081, 1082, 1083, 1084, 1085, 1086, 1087, 1088, 1089, 1090, 1091, 1092, 1093, 1094, 1095, 1096, 1097, 1098, 1099, 1100, 1101, 1102, 1103, 1104, 1105, 1106, 1107, 1108, 1109, 1110, 1111, 1112, 1113, 1114, 1115, 1116, 1117, 1118, 1119, 1120, 1121, 1122, 1123, 1124, 1125, 1126, 1127]
            rel material:binding = </GalleryIntegratingSphere/Looks/Shell>
            normal3f[] normals = [(-0.0652625, 0.9957133, 0.06554286), (-0.0652625, 0.9957133, 0.06554286), (-0.0652625, 0.9957133, 0.06554286), (-0.0652625, 0.9957133, 0.06554286), (-0.19467083, 0.9786764, 0.06554286), (-0.19467083, 0.9786764, 0.06554286), (-0.19467083, 0.9786764, 0.06554286), (-0.19467083, 0.9786764, 0.06554286), (-0.3207483, 0.944894, 0.06554286), (-0.3207483, 0.944894, 0.06554286), (-0.3207483, 0.944894, 0.06554286), (-0.3207483, 0.944894, 0.06554286), (-0.44133767, 0.89494425, 0.06554286), (-0.44133767, 0.89494425, 0.06554286), (-0.44133767, 0.89494425, 0.06554286), (-0.44133767, 0.89494425, 0.06554286), (-0.55437565, 0.82968175, 0.06554286), (-0.55437565, 0.82968175, 0.06554286), (-0.55437565, 0.82968175, 0.06554286), (-0.55437565, 0.82968175, 0.06554286), (-0.65792805, 0.75022316, 0.06554286), (-0.65792805, 0.75022316, 0.06554286), (-0.65792805, 0.75022316, 0.06554286), (-0.65792805, 0.75022316, 0.06554286), (-0.75022316, 0.65792805, 0.06554286), (-0.75022316, 0.65792805, 0.06554286), (-0.75022316, 0.65792805, 0.06554286), (-0.75022316, 0.65792805, 0.06554286), (-0.82968175, 0.55437565, 0.06554286), (-0.82968175, 0.55437565, 0.06554286), (-0.82968175, 0.55437565, 0.06554286), (-0.82968175, 0.55437565, 0.06554286), (-0.89494425, 0.44133767, 0.06554286), (-0.89494425, 0.44133767, 0.06554286), (-0.89494425, 0.44133767, 0.06554286), (-0.89494425, 0.44133767, 0.06554286), (-0.944894, 0.3207483, 0.06554286), (-0.944894, 0.3207483, 0.06554286), (-0.944894, 0.3207483, 0.06554286), (-0.944894, 0.3207483, 0.06554286), (-0.9786764, 0.19467083, 0.06554286), (-0.9786764, 0.19467083, 0.06554286), (-0.9786764, 0.19467083, 0.06554286), (-0.9786764, 0.19467083, 0.06554286), (-0.9957133, 0.0652625, 0.06554286), (-0.9957133, 0.0652625, 0.06554286), (-0.9957133, 0.0652625, 0.06554286), (-0.9957133, 0.0652625, 0.06554286), (-0.064141184, 0.97860533, 0.19549294), (-0.064141184, 0.97860533, 0.19549294), (-0.064141184, 0.97860533, 0.19549294), (-0.064141184, 0.97860533, 0.19549294), (-0.19132608, 0.96186113, 0.19549294), (-0.19132608, 0.96186113, 0.19549294), (-0.19132608, 0.96186113, 0.19549294), (-0.19132608, 0.96186113, 0.19549294), (-0.3152373, 0.9286592, 0.19549294), (-0.3152373, 0.9286592, 0.19549294), (-0.3152373, 0.9286592, 0.19549294), (-0.3152373, 0.9286592, 0.19549294), (-0.43375477, 0.8795677, 0.19549294), (-0.43375477, 0.8795677, 0.19549294), (-0.43375477, 0.8795677, 0.19549294), (-0.43375477, 0.8795677, 0.19549294), (-0.5448506, 0.81542647, 0.19549294), (-0.5448506, 0.81542647, 0.19549294), (-0.5448506, 0.81542647, 0.19549294), (-0.5448506, 0.81542647, 0.19549294), (-0.6466238, 0.7373331, 0.19549294), (-0.6466238, 0.7373331, 0.19549294), (-0.6466238, 0.7373331, 0.19549294), (-0.6466238, 0.7373331, 0.19549294), (-0.7373331, 0.6466238, 0.19549294), (-0.7373331, 0.6466238, 0.19549294), (-0.7373331, 0.6466238, 0.19549294), (-0.7373331, 0.6466238, 0.19549294), (-0.81542647, 0.5448506, 0.19549294), (-0.81542647, 0.5448506, 0.19549294), (-0.81542647, 0.5448506, 0.19549294), (-0.81542647, 0.5448506, 0.19549294), (-0.8795677, 0.43375477, 0.19549294), (-0.8795677, 0.43375477, 0.19549294), (-0.8795677, 0.43375477, 0.19549294), (-0.8795677, 0.43375477, 0.19549294), (-0.9286592, 0.3152373, 0.19549294), (-0.9286592, 0.3152373, 0.19549294), (-0.9286592, 0.3152373, 0.19549294), (-0.9286592, 0.3152373, 0.19549294), (-0.96186113, 0.19132608, 0.19549294), (-0.96186113, 0.19132608, 0.19549294), (-0.96186113, 0.19132608, 0.19549294), (-0.96186113, 0.19132608, 0.19549294), (-0.97860533, 0.064141184, 0.19549294), (-0.97860533, 0.064141184, 0.19549294), (-0.97860533, 0.064141184, 0.19549294), (-0.97860533, 0.064141184, 0.19549294), (-0.061918452, 0.944693, 0.3220577), (-0.061918452, 0.944693, 0.3220577), (-0.061918452, 0.944693, 0.3220577), (-0.061918452, 0.944693, 0.3220577), (-0.18469591, 0.9285291, 0.3220577), (-0.18469591, 0.9285291, 0.3220577), (-0.18469591, 0.9285291, 0.3220577), (-0.18469591, 0.9285291, 0.3220577), (-0.30431318, 0.89647776, 0.3220577), (-0.30431318, 0.89647776, 0.3220577), (-0.30431318, 0.89647776, 0.3220577), (-0.30431318, 0.89647776, 0.3220577), (-0.41872355, 0.8490874, 0.3220577), (-0.41872355, 0.8490874, 0.3220577), (-0.41872355, 0.8490874, 0.3220577), (-0.41872355, 0.8490874, 0.3220577), (-0.52596945, 0.7871689, 0.3220577), (-0.52596945, 0.7871689, 0.3220577), (-0.52596945, 0.7871689, 0.3220577), (-0.52596945, 0.7871689, 0.3220577), (-0.6242159, 0.7117818, 0.3220577), (-0.6242159, 0.7117818, 0.3220577), (-0.6242159, 0.7117818, 0.3220577), (-0.6242159, 0.7117818, 0.3220577), (-0.7117818, 0.6242159, 0.3220577), (-0.7117818, 0.6242159, 0.3220577), (-0.7117818, 0.6242159, 0.3220577), (-0.7117818, 0.6242159, 0.3220577), (-0.7871689, 0.52596945, 0.3220577), (-0.7871689, 0.52596945, 0.3220577), (-0.7871689, 0.52596945, 0.3220577), (-0.7871689, 0.52596945, 0.3220577), (-0.8490874, 0.41872355, 0.3220577), (-0.8490874, 0.41872355, 0.3220577), (-0.8490874, 0.41872355, 0.3220577), (-0.8490874, 0.41872355, 0.3220577), (-0.89647776, 0.30431318, 0.3220577), (-0.89647776, 0.30431318, 0.3220577), (-0.89647776, 0.30431318, 0.3220577), (-0.89647776, 0.30431318, 0.3220577), (-0.9285291, 0.18469591, 0.3220577), (-0.9285291, 0.18469591, 0.3220577), (-0.9285291, 0.18469591, 0.3220577), (-0.9285291, 0.18469591, 0.3220577), (-0.944693, 0.061918452, 0.3220577), (-0.944693, 0.061918452, 0.3220577), (-0.944693, 0.061918452, 0.3220577), (-0.944693, 0.061918452, 0.3220577), (-0.05863365, 0.89457667, 0.44305158), (-0.05863365, 0.89457667, 0.44305158), (-0.05863365, 0.89457667, 0.44305158), (-0.05863365, 0.89457667, 0.44305158), (-0.17489772, 0.8792702, 0.44305158), (-0.17489772, 0.8792702, 0.44305158), (-0.17489772, 0.8792702, 0.44305158), (-0.17489772, 0.8792702, 0.44305158), (-0.28816923, 0.8489192, 0.44305158), (-0.28816923, 0.8489192, 0.44305158), (-0.28816923, 0.8489192, 0.44305158), (-0.28816923, 0.8489192, 0.44305158), (-0.3965101, 0.80404294, 0.44305158), (-0.3965101, 0.80404294, 0.44305158), (-0.3965101, 0.80404294, 0.44305158), (-0.3965101, 0.80404294, 0.44305158), (-0.49806657, 0.7454093, 0.44305158), (-0.49806657, 0.7454093, 0.44305158), (-0.49806657, 0.7454093, 0.44305158), (-0.49806657, 0.7454093, 0.44305158), (-0.591101, 0.6740215, 0.44305158), (-0.591101, 0.6740215, 0.44305158), (-0.591101, 0.6740215, 0.44305158), (-0.591101, 0.6740215, 0.44305158), (-0.6740215, 0.591101, 0.44305158), (-0.6740215, 0.591101, 0.44305158), (-0.6740215, 0.591101, 0.44305158), (-0.6740215, 0.591101, 0.44305158), (-0.7454093, 0.49806657, 0.44305158), (-0.7454093, 0.49806657, 0.44305158), (-0.7454093, 0.49806657, 0.44305158), (-0.7454093, 0.49806657, 0.44305158), (-0.80404294, 0.3965101, 0.44305158), (-0.80404294, 0.3965101, 0.44305158), (-0.80404294, 0.3965101, 0.44305158), (-0.80404294, 0.3965101, 0.44305158), (-0.8489192, 0.28816923, 0.44305158), (-0.8489192, 0.28816923, 0.44305158), (-0.8489192, 0.28816923, 0.44305158), (-0.8489192, 0.28816923, 0.44305158), (-0.8792702, 0.17489772, 0.44305158), (-0.8792702, 0.17489772, 0.44305158), (-0.8792702, 0.17489772, 0.44305158), (-0.8792702, 0.17489772, 0.44305158), (-0.89457667, 0.05863365, 0.44305158), (-0.89457667, 0.05863365, 0.44305158), (-0.89457667, 0.05863365, 0.44305158), (-0.89457667, 0.05863365, 0.44305158), (-0.054344695, 0.8291398, 0.55639356), (-0.054344695, 0.8291398, 0.55639356), (-0.054344695, 0.8291398, 0.55639356), (-0.054344695, 0.8291398, 0.55639356), (-0.16210423, 0.814953, 0.55639356), (-0.16210423, 0.814953, 0.55639356), (-0.16210423, 0.814953, 0.55639356), (-0.16210423, 0.814953, 0.55639356), (-0.26709014, 0.78682214, 0.55639356), (-0.26709014, 0.78682214, 0.55639356), (-0.26709014, 0.78682214, 0.55639356), (-0.26709014, 0.78682214, 0.55639356), (-0.36750603, 0.7452285, 0.55639356), (-0.36750603, 0.7452285, 0.55639356), (-0.36750603, 0.7452285, 0.55639356), (-0.36750603, 0.7452285, 0.55639356), (-0.4616338, 0.6908838, 0.55639356), (-0.4616338, 0.6908838, 0.55639356), (-0.4616338, 0.6908838, 0.55639356), (-0.4616338, 0.6908838, 0.55639356), (-0.5478629, 0.6247179, 0.55639356), (-0.5478629, 0.6247179, 0.55639356), (-0.5478629, 0.6247179, 0.55639356), (-0.5478629, 0.6247179, 0.55639356), (-0.6247179, 0.5478629, 0.55639356), (-0.6247179, 0.5478629, 0.55639356), (-0.6247179, 0.5478629, 0.55639356), (-0.6247179, 0.5478629, 0.55639356), (-0.6908838, 0.4616338, 0.55639356), (-0.6908838, 0.4616338, 0.55639356), (-0.6908838, 0.4616338, 0.55639356), (-0.6908838, 0.4616338, 0.55639356), (-0.7452285, 0.36750603, 0.55639356), (-0.7452285, 0.36750603, 0.55639356), (-0.7452285, 0.36750603, 0.55639356), (-0.7452285, 0.36750603, 0.55639356), (-0.78682214, 0.26709014, 0.55639356), (-0.78682214, 0.26709014, 0.55639356), (-0.78682214, 0.26709014, 0.55639356), (-0.78682214, 0.26709014, 0.55639356), (-0.814953, 0.16210423, 0.55639356), (-0.814953, 0.16210423, 0.55639356), (-0.814953, 0.16210423, 0.55639356), (-0.814953, 0.16210423, 0.55639356), (-0.8291398, 0.054344695, 0.55639356), (-0.8291398, 0.054344695, 0.55639356), (-0.8291398, 0.054344695, 0.55639356), (-0.8291398, 0.054344695, 0.55639356), (-0.049126823, 0.7495305, 0.6601444), (-0.049126823, 0.7495305, 0.6601444), (-0.049126823, 0.7495305, 0.6601444), (-0.049126823, 0.7495305, 0.6601444), (-0.1465399, 0.7367058, 0.6601444), (-0.1465399, 0.7367058, 0.6601444), (-0.1465399, 0.7367058, 0.6601444), (-0.1465399, 0.7367058, 0.6601444), (-0.24144563, 0.7112759, 0.6601444), (-0.24144563, 0.7112759, 0.6601444), (-0.24144563, 0.7112759, 0.6601444), (-0.24144563, 0.7112759, 0.6601444), (-0.33222017, 0.67367584, 0.6601444), (-0.33222017, 0.67367584, 0.6601444), (-0.33222017, 0.67367584, 0.6601444), (-0.33222017, 0.67367584, 0.6601444), (-0.41731033, 0.62454903, 0.6601444), (-0.41731033, 0.62454903, 0.6601444), (-0.41731033, 0.62454903, 0.6601444), (-0.41731033, 0.62454903, 0.6601444), (-0.49526018, 0.564736, 0.6601444), (-0.49526018, 0.564736, 0.6601444), (-0.49526018, 0.564736, 0.6601444), (-0.49526018, 0.564736, 0.6601444), (-0.564736, 0.49526018, 0.6601444), (-0.564736, 0.49526018, 0.6601444), (-0.564736, 0.49526018, 0.6601444), (-0.564736, 0.49526018, 0.6601444), (-0.62454903, 0.41731033, 0.6601444), (-0.62454903, 0.41731033, 0.6601444), (-0.62454903, 0.41731033, 0.6601444), (-0.62454903, 0.41731033, 0.6601444), (-0.67367584, 0.33222017, 0.6601444), (-0.67367584, 0.33222017, 0.6601444), (-0.67367584, 0.33222017, 0.6601444), (-0.67367584, 0.33222017, 0.6601444), (-0.7112759, 0.24144563, 0.6601444), (-0.7112759, 0.24144563, 0.6601444), (-0.7112759, 0.24144563, 0.6601444), (-0.7112759, 0.24144563, 0.6601444), (-0.7367058, 0.1465399, 0.6601444), (-0.7367058, 0.1465399, 0.6601444), (-0.7367058, 0.1465399, 0.6601444), (-0.7367058, 0.1465399, 0.6601444), (-0.7495305, 0.049126823, 0.6601444), (-0.7495305, 0.049126823, 0.6601444), (-0.7495305, 0.049126823, 0.6601444), (-0.7495305, 0.049126823, 0.6601444), (-0.043071017, 0.65713674, 0.7525399), (-0.043071017, 0.65713674, 0.7525399), (-0.043071017, 0.65713674, 0.7525399), (-0.043071017, 0.65713674, 0.7525399), (-0.12847608, 0.6458929, 0.7525399), (-0.12847608, 0.6458929, 0.7525399), (-0.12847608, 0.6458929, 0.7525399), (-0.12847608, 0.6458929, 0.7525399), (-0.2116829, 0.62359774, 0.7525399), (-0.2116829, 0.62359774, 0.7525399), (-0.2116829, 0.62359774, 0.7525399), (-0.2116829, 0.62359774, 0.7525399), (-0.29126775, 0.5906326, 0.7525399), (-0.29126775, 0.5906326, 0.7525399), (-0.29126775, 0.5906326, 0.7525399), (-0.29126775, 0.5906326, 0.7525399), (-0.36586896, 0.5475616, 0.7525399), (-0.36586896, 0.5475616, 0.7525399), (-0.36586896, 0.5475616, 0.7525399), (-0.36586896, 0.5475616, 0.7525399), (-0.43421003, 0.49512163, 0.7525399), (-0.43421003, 0.49512163, 0.7525399), (-0.43421003, 0.49512163, 0.7525399), (-0.43421003, 0.49512163, 0.7525399), (-0.49512163, 0.43421003, 0.7525399), (-0.49512163, 0.43421003, 0.7525399), (-0.49512163, 0.43421003, 0.7525399), (-0.49512163, 0.43421003, 0.7525399), (-0.5475616, 0.36586896, 0.7525399), (-0.5475616, 0.36586896, 0.7525399), (-0.5475616, 0.36586896, 0.7525399), (-0.5475616, 0.36586896, 0.7525399), (-0.5906326, 0.29126775, 0.7525399), (-0.5906326, 0.29126775, 0.7525399), (-0.5906326, 0.29126775, 0.7525399), (-0.5906326, 0.29126775, 0.7525399), (-0.62359774, 0.2116829, 0.7525399), (-0.62359774, 0.2116829, 0.7525399), (-0.62359774, 0.2116829, 0.7525399), (-0.62359774, 0.2116829, 0.7525399), (-0.6458929, 0.12847608, 0.7525399), (-0.6458929, 0.12847608, 0.7525399), (-0.6458929, 0.12847608, 0.7525399), (-0.6458929, 0.12847608, 0.7525399), (-0.65713674, 0.043071017, 0.7525399), (-0.65713674, 0.043071017, 0.7525399), (-0.65713674, 0.043071017, 0.7525399), (-0.65713674, 0.043071017, 0.7525399), (-0.036282193, 0.5535593, 0.83201903), (-0.036282193, 0.5535593, 0.83201903), (-0.036282193, 0.5535593, 0.83201903), (-0.036282193, 0.5535593, 0.83201903), (-0.10822578, 0.54408777, 0.83201903), (-0.10822578, 0.54408777, 0.83201903), (-0.10822578, 0.54408777, 0.83201903), (-0.10822578, 0.54408777, 0.83201903), (-0.17831759, 0.5253067, 0.83201903), (-0.17831759, 0.5253067, 0.83201903), (-0.17831759, 0.5253067, 0.83201903), (-0.17831759, 0.5253067, 0.83201903), (-0.24535835, 0.49753752, 0.83201903), (-0.24535835, 0.49753752, 0.83201903), (-0.24535835, 0.49753752, 0.83201903), (-0.24535835, 0.49753752, 0.83201903), (-0.30820096, 0.4612553, 0.83201903), (-0.30820096, 0.4612553, 0.83201903), (-0.30820096, 0.4612553, 0.83201903), (-0.30820096, 0.4612553, 0.83201903), (-0.36577016, 0.4170809, 0.83201903), (-0.36577016, 0.4170809, 0.83201903), (-0.36577016, 0.4170809, 0.83201903), (-0.36577016, 0.4170809, 0.83201903), (-0.4170809, 0.36577016, 0.83201903), (-0.4170809, 0.36577016, 0.83201903), (-0.4170809, 0.36577016, 0.83201903), (-0.4170809, 0.36577016, 0.83201903), (-0.4612553, 0.30820096, 0.83201903), (-0.4612553, 0.30820096, 0.83201903), (-0.4612553, 0.30820096, 0.83201903), (-0.4612553, 0.30820096, 0.83201903), (-0.49753752, 0.24535835, 0.83201903), (-0.49753752, 0.24535835, 0.83201903), (-0.49753752, 0.24535835, 0.83201903), (-0.49753752, 0.24535835, 0.83201903), (-0.5253067, 0.17831759, 0.83201903), (-0.5253067, 0.17831759, 0.83201903), (-0.5253067, 0.17831759, 0.83201903), (-0.5253067, 0.17831759, 0.83201903), (-0.54408777, 0.10822578, 0.83201903), (-0.54408777, 0.10822578, 0.83201903), (-0.54408777, 0.10822578, 0.83201903), (-0.54408777, 0.10822578, 0.83201903), (-0.5535593, 0.036282193, 0.83201903), (-0.5535593, 0.036282193, 0.83201903), (-0.5535593, 0.036282193, 0.83201903), (-0.5535593, 0.036282193, 0.83201903), (-0.028877214, 0.44058114, 0.8972482), (-0.028877214, 0.44058114, 0.8972482), (-0.028877214, 0.44058114, 0.8972482), (-0.028877214, 0.44058114, 0.8972482), (-0.08613754, 0.43304268, 0.8972482), (-0.08613754, 0.43304268, 0.8972482), (-0.08613754, 0.43304268, 0.8972482), (-0.08613754, 0.43304268, 0.8972482), (-0.14192404, 0.41809472, 0.8972482), (-0.14192404, 0.41809472, 0.8972482), (-0.14192404, 0.41809472, 0.8972482), (-0.14192404, 0.41809472, 0.8972482), (-0.19528218, 0.39599305, 0.8972482), (-0.19528218, 0.39599305, 0.8972482), (-0.19528218, 0.39599305, 0.8972482), (-0.19528218, 0.39599305, 0.8972482), (-0.24529897, 0.36711586, 0.8972482), (-0.24529897, 0.36711586, 0.8972482), (-0.24529897, 0.36711586, 0.8972482), (-0.24529897, 0.36711586, 0.8972482), (-0.29111865, 0.3319572, 0.8972482), (-0.29111865, 0.3319572, 0.8972482), (-0.29111865, 0.3319572, 0.8972482), (-0.29111865, 0.3319572, 0.8972482), (-0.3319572, 0.29111865, 0.8972482), (-0.3319572, 0.29111865, 0.8972482), (-0.3319572, 0.29111865, 0.8972482), (-0.3319572, 0.29111865, 0.8972482), (-0.36711586, 0.24529897, 0.8972482), (-0.36711586, 0.24529897, 0.8972482), (-0.36711586, 0.24529897, 0.8972482), (-0.36711586, 0.24529897, 0.8972482), (-0.39599305, 0.19528218, 0.8972482), (-0.39599305, 0.19528218, 0.8972482), (-0.39599305, 0.19528218, 0.8972482), (-0.39599305, 0.19528218, 0.8972482), (-0.41809472, 0.14192404, 0.8972482), (-0.41809472, 0.14192404, 0.8972482), (-0.41809472, 0.14192404, 0.8972482), (-0.41809472, 0.14192404, 0.8972482), (-0.43304268, 0.08613754, 0.8972482), (-0.43304268, 0.08613754, 0.8972482), (-0.43304268, 0.08613754, 0.8972482), (-0.43304268, 0.08613754, 0.8972482), (-0.44058114, 0.028877214, 0.8972482), (-0.44058114, 0.028877214, 0.8972482), (-0.44058114, 0.028877214, 0.8972482), (-0.44058114, 0.028877214, 0.8972482), (-0.020982772, 0.32013524, 0.94713944), (-0.020982772, 0.32013524, 0.94713944), (-0.020982772, 0.32013524, 0.94713944), (-0.020982772, 0.32013524, 0.94713944), (-0.062589295, 0.31465763, 0.94713944), (-0.062589295, 0.31465763, 0.94713944), (-0.062589295, 0.31465763, 0.94713944), (-0.062589295, 0.31465763, 0.94713944), (-0.1031249, 0.30379614, 0.94713944), (-0.1031249, 0.30379614, 0.94713944), (-0.1031249, 0.30379614, 0.94713944), (-0.1031249, 0.30379614, 0.94713944), (-0.14189601, 0.28773662, 0.94713944), (-0.14189601, 0.28773662, 0.94713944), (-0.14189601, 0.28773662, 0.94713944), (-0.14189601, 0.28773662, 0.94713944), (-0.17823923, 0.26675385, 0.94713944), (-0.17823923, 0.26675385, 0.94713944), (-0.17823923, 0.26675385, 0.94713944), (-0.17823923, 0.26675385, 0.94713944), (-0.21153274, 0.24120685, 0.94713944), (-0.21153274, 0.24120685, 0.94713944), (-0.21153274, 0.24120685, 0.94713944), (-0.21153274, 0.24120685, 0.94713944), (-0.24120685, 0.21153274, 0.94713944), (-0.24120685, 0.21153274, 0.94713944), (-0.24120685, 0.21153274, 0.94713944), (-0.24120685, 0.21153274, 0.94713944), (-0.26675385, 0.17823923, 0.94713944), (-0.26675385, 0.17823923, 0.94713944), (-0.26675385, 0.17823923, 0.94713944), (-0.26675385, 0.17823923, 0.94713944), (-0.28773662, 0.14189601, 0.94713944), (-0.28773662, 0.14189601, 0.94713944), (-0.28773662, 0.14189601, 0.94713944), (-0.28773662, 0.14189601, 0.94713944), (-0.30379614, 0.1031249, 0.94713944), (-0.30379614, 0.1031249, 0.94713944), (-0.30379614, 0.1031249, 0.94713944), (-0.30379614, 0.1031249, 0.94713944), (-0.31465763, 0.062589295, 0.94713944), (-0.31465763, 0.062589295, 0.94713944), (-0.31465763, 0.062589295, 0.94713944), (-0.31465763, 0.062589295, 0.94713944), (-0.32013524, 0.020982772, 0.94713944), (-0.32013524, 0.020982772, 0.94713944), (-0.32013524, 0.020982772, 0.94713944), (-0.32013524, 0.020982772, 0.94713944), (-0.012733235, 0.19427162, 0.9808651), (-0.012733235, 0.19427162, 0.9808651), (-0.012733235, 0.19427162, 0.9808651), (-0.012733235, 0.19427162, 0.9808651), (-0.037981834, 0.19094758, 0.9808651), (-0.037981834, 0.19094758, 0.9808651), (-0.037981834, 0.19094758, 0.9808651), (-0.037981834, 0.19094758, 0.9808651), (-0.062580556, 0.18435638, 0.9808651), (-0.062580556, 0.18435638, 0.9808651), (-0.062580556, 0.18435638, 0.9808651), (-0.062580556, 0.18435638, 0.9808651), (-0.086108506, 0.17461078, 0.9808651), (-0.086108506, 0.17461078, 0.9808651), (-0.086108506, 0.17461078, 0.9808651), (-0.086108506, 0.17461078, 0.9808651), (-0.10816312, 0.16187754, 0.9808651), (-0.10816312, 0.16187754, 0.9808651), (-0.10816312, 0.16187754, 0.9808651), (-0.10816312, 0.16187754, 0.9808651), (-0.12836702, 0.14637454, 0.9808651), (-0.12836702, 0.14637454, 0.9808651), (-0.12836702, 0.14637454, 0.9808651), (-0.12836702, 0.14637454, 0.9808651), (-0.14637454, 0.12836702, 0.9808651), (-0.14637454, 0.12836702, 0.9808651), (-0.14637454, 0.12836702, 0.9808651), (-0.14637454, 0.12836702, 0.9808651), (-0.16187754, 0.10816312, 0.9808651), (-0.16187754, 0.10816312, 0.9808651), (-0.16187754, 0.10816312, 0.9808651), (-0.16187754, 0.10816312, 0.9808651), (-0.17461078, 0.086108506, 0.9808651), (-0.17461078, 0.086108506, 0.9808651), (-0.17461078, 0.086108506, 0.9808651), (-0.17461078, 0.086108506, 0.9808651), (-0.18435638, 0.062580556, 0.9808651), (-0.18435638, 0.062580556, 0.9808651), (-0.18435638, 0.062580556, 0.9808651), (-0.18435638, 0.062580556, 0.9808651), (-0.19094758, 0.037981834, 0.9808651), (-0.19094758, 0.037981834, 0.9808651), (-0.19094758, 0.037981834, 0.9808651), (-0.19094758, 0.037981834, 0.9808651), (-0.19427162, 0.012733235, 0.9808651), (-0.19427162, 0.012733235, 0.9808651), (-0.19427162, 0.012733235, 0.9808651), (-0.19427162, 0.012733235, 0.9808651), (-0.005689949, 0.08681185, 0.9962085), (-0.005689949, 0.08681185, 0.9962085), (-0.005689949, 0.08681185, 0.9962085), (-0.01697249, 0.08532647, 0.9962085), (-0.01697249, 0.08532647, 0.9962085), (-0.01697249, 0.08532647, 0.9962085), (-0.027964627, 0.08238114, 0.9962085), (-0.027964627, 0.08238114, 0.9962085), (-0.027964627, 0.08238114, 0.9962085), (-0.03847828, 0.078026235, 0.9962085), (-0.03847828, 0.078026235, 0.9962085), (-0.03847828, 0.078026235, 0.9962085), (-0.048333563, 0.07233629, 0.9962085), (-0.048333563, 0.07233629, 0.9962085), (-0.048333563, 0.07233629, 0.9962085), (-0.057361845, 0.06540865, 0.9962085), (-0.057361845, 0.06540865, 0.9962085), (-0.057361845, 0.06540865, 0.9962085), (-0.06540865, 0.057361845, 0.9962085), (-0.06540865, 0.057361845, 0.9962085), (-0.06540865, 0.057361845, 0.9962085), (-0.07233629, 0.048333563, 0.9962085), (-0.07233629, 0.048333563, 0.9962085), (-0.07233629, 0.048333563, 0.9962085), (-0.078026235, 0.03847828, 0.9962085), (-0.078026235, 0.03847828, 0.9962085), (-0.078026235, 0.03847828, 0.9962085), (-0.08238114, 0.027964627, 0.9962085), (-0.08238114, 0.027964627, 0.9962085), (-0.08238114, 0.027964627, 0.9962085), (-0.08532647, 0.01697249, 0.9962085), (-0.08532647, 0.01697249, 0.9962085), (-0.08532647, 0.01697249, 0.9962085), (-0.08681185, 0.005689949, 0.9962085), (-0.08681185, 0.005689949, 0.9962085), (-0.08681185, 0.005689949, 0.9962085), (-0.9957133, -0.0652625, 0.06554286), (-0.9957133, -0.0652625, 0.06554286), (-0.9957133, -0.0652625, 0.06554286), (-0.9957133, -0.0652625, 0.06554286), (-0.9786764, -0.19467083, 0.06554286), (-0.9786764, -0.19467083, 0.06554286), (-0.9786764, -0.19467083, 0.06554286), (-0.9786764, -0.19467083, 0.06554286), (-0.944894, -0.3207483, 0.06554286), (-0.944894, -0.3207483, 0.06554286), (-0.944894, -0.3207483, 0.06554286), (-0.944894, -0.3207483, 0.06554286), (-0.89494425, -0.44133767, 0.06554286), (-0.89494425, -0.44133767, 0.06554286), (-0.89494425, -0.44133767, 0.06554286), (-0.89494425, -0.44133767, 0.06554286), (-0.82968175, -0.55437565, 0.06554286), (-0.82968175, -0.55437565, 0.06554286), (-0.82968175, -0.55437565, 0.06554286), (-0.82968175, -0.55437565, 0.06554286), (-0.75022316, -0.65792805, 0.06554286), (-0.75022316, -0.65792805, 0.06554286), (-0.75022316, -0.65792805, 0.06554286), (-0.75022316, -0.65792805, 0.06554286), (-0.65792805, -0.75022316, 0.06554286), (-0.65792805, -0.75022316, 0.06554286), (-0.65792805, -0.75022316, 0.06554286), (-0.65792805, -0.75022316, 0.06554286), (-0.55437565, -0.82968175, 0.06554286), (-0.55437565, -0.82968175, 0.06554286), (-0.55437565, -0.82968175, 0.06554286), (-0.55437565, -0.82968175, 0.06554286), (-0.44133767, -0.89494425, 0.06554286), (-0.44133767, -0.89494425, 0.06554286), (-0.44133767, -0.89494425, 0.06554286), (-0.44133767, -0.89494425, 0.06554286), (-0.3207483, -0.944894, 0.06554286), (-0.3207483, -0.944894, 0.06554286), (-0.3207483, -0.944894, 0.06554286), (-0.3207483, -0.944894, 0.06554286), (-0.19467083, -0.9786764, 0.06554286), (-0.19467083, -0.9786764, 0.06554286), (-0.19467083, -0.9786764, 0.06554286), (-0.19467083, -0.9786764, 0.06554286), (-0.0652625, -0.9957133, 0.06554286), (-0.0652625, -0.9957133, 0.06554286), (-0.0652625, -0.9957133, 0.06554286), (-0.0652625, -0.9957133, 0.06554286), (-0.97860533, -0.064141184, 0.19549294), (-0.97860533, -0.064141184, 0.19549294), (-0.97860533, -0.064141184, 0.19549294), (-0.97860533, -0.064141184, 0.19549294), (-0.96186113, -0.19132608, 0.19549294), (-0.96186113, -0.19132608, 0.19549294), (-0.96186113, -0.19132608, 0.19549294), (-0.96186113, -0.19132608, 0.19549294), (-0.9286592, -0.3152373, 0.19549294), (-0.9286592, -0.3152373, 0.19549294), (-0.9286592, -0.3152373, 0.19549294), (-0.9286592, -0.3152373, 0.19549294), (-0.8795677, -0.43375477, 0.19549294), (-0.8795677, -0.43375477, 0.19549294), (-0.8795677, -0.43375477, 0.19549294), (-0.8795677, -0.43375477, 0.19549294), (-0.81542647, -0.5448506, 0.19549294), (-0.81542647, -0.5448506, 0.19549294), (-0.81542647, -0.5448506, 0.19549294), (-0.81542647, -0.5448506, 0.19549294), (-0.7373331, -0.6466238, 0.19549294), (-0.7373331, -0.6466238, 0.19549294), (-0.7373331, -0.6466238, 0.19549294), (-0.7373331, -0.6466238, 0.19549294), (-0.6466238, -0.7373331, 0.19549294), (-0.6466238, -0.7373331, 0.19549294), (-0.6466238, -0.7373331, 0.19549294), (-0.6466238, -0.7373331, 0.19549294), (-0.5448506, -0.81542647, 0.19549294), (-0.5448506, -0.81542647, 0.19549294), (-0.5448506, -0.81542647, 0.19549294), (-0.5448506, -0.81542647, 0.19549294), (-0.43375477, -0.8795677, 0.19549294), (-0.43375477, -0.8795677, 0.19549294), (-0.43375477, -0.8795677, 0.19549294), (-0.43375477, -0.8795677, 0.19549294), (-0.3152373, -0.9286592, 0.19549294), (-0.3152373, -0.9286592, 0.19549294), (-0.3152373, -0.9286592, 0.19549294), (-0.3152373, -0.9286592, 0.19549294), (-0.19132608, -0.96186113, 0.19549294), (-0.19132608, -0.96186113, 0.19549294), (-0.19132608, -0.96186113, 0.19549294), (-0.19132608, -0.96186113, 0.19549294), (-0.064141184, -0.97860533, 0.19549294), (-0.064141184, -0.97860533, 0.19549294), (-0.064141184, -0.97860533, 0.19549294), (-0.064141184, -0.97860533, 0.19549294), (-0.944693, -0.061918452, 0.3220577), (-0.944693, -0.061918452, 0.3220577), (-0.944693, -0.061918452, 0.3220577), (-0.944693, -0.061918452, 0.3220577), (-0.9285291, -0.18469591, 0.3220577), (-0.9285291, -0.18469591, 0.3220577), (-0.9285291, -0.18469591, 0.3220577), (-0.9285291, -0.18469591, 0.3220577), (-0.89647776, -0.30431318, 0.3220577), (-0.89647776, -0.30431318, 0.3220577), (-0.89647776, -0.30431318, 0.3220577), (-0.89647776, -0.30431318, 0.3220577), (-0.8490874, -0.41872355, 0.3220577), (-0.8490874, -0.41872355, 0.3220577), (-0.8490874, -0.41872355, 0.3220577), (-0.8490874, -0.41872355, 0.3220577), (-0.7871689, -0.52596945, 0.3220577), (-0.7871689, -0.52596945, 0.3220577), (-0.7871689, -0.52596945, 0.3220577), (-0.7871689, -0.52596945, 0.3220577), (-0.7117818, -0.6242159, 0.3220577), (-0.7117818, -0.6242159, 0.3220577), (-0.7117818, -0.6242159, 0.3220577), (-0.7117818, -0.6242159, 0.3220577), (-0.6242159, -0.7117818, 0.3220577), (-0.6242159, -0.7117818, 0.3220577), (-0.6242159, -0.7117818, 0.3220577), (-0.6242159, -0.7117818, 0.3220577), (-0.52596945, -0.7871689, 0.3220577), (-0.52596945, -0.7871689, 0.3220577), (-0.52596945, -0.7871689, 0.3220577), (-0.52596945, -0.7871689, 0.3220577), (-0.41872355, -0.8490874, 0.3220577), (-0.41872355, -0.8490874, 0.3220577), (-0.41872355, -0.8490874, 0.3220577), (-0.41872355, -0.8490874, 0.3220577), (-0.30431318, -0.89647776, 0.3220577), (-0.30431318, -0.89647776, 0.3220577), (-0.30431318, -0.89647776, 0.3220577), (-0.30431318, -0.89647776, 0.3220577), (-0.18469591, -0.9285291, 0.3220577), (-0.18469591, -0.9285291, 0.3220577), (-0.18469591, -0.9285291, 0.3220577), (-0.18469591, -0.9285291, 0.3220577), (-0.061918452, -0.944693, 0.3220577), (-0.061918452, -0.944693, 0.3220577), (-0.061918452, -0.944693, 0.3220577), (-0.061918452, -0.944693, 0.3220577), (-0.89457667, -0.05863365, 0.44305158), (-0.89457667, -0.05863365, 0.44305158), (-0.89457667, -0.05863365, 0.44305158), (-0.89457667, -0.05863365, 0.44305158), (-0.8792702, -0.17489772, 0.44305158), (-0.8792702, -0.17489772, 0.44305158), (-0.8792702, -0.17489772, 0.44305158), (-0.8792702, -0.17489772, 0.44305158), (-0.8489192, -0.28816923, 0.44305158), (-0.8489192, -0.28816923, 0.44305158), (-0.8489192, -0.28816923, 0.44305158), (-0.8489192, -0.28816923, 0.44305158), (-0.80404294, -0.3965101, 0.44305158), (-0.80404294, -0.3965101, 0.44305158), (-0.80404294, -0.3965101, 0.44305158), (-0.80404294, -0.3965101, 0.44305158), (-0.7454093, -0.49806657, 0.44305158), (-0.7454093, -0.49806657, 0.44305158), (-0.7454093, -0.49806657, 0.44305158), (-0.7454093, -0.49806657, 0.44305158), (-0.6740215, -0.591101, 0.44305158), (-0.6740215, -0.591101, 0.44305158), (-0.6740215, -0.591101, 0.44305158), (-0.6740215, -0.591101, 0.44305158), (-0.591101, -0.6740215, 0.44305158), (-0.591101, -0.6740215, 0.44305158), (-0.591101, -0.6740215, 0.44305158), (-0.591101, -0.6740215, 0.44305158), (-0.49806657, -0.7454093, 0.44305158), (-0.49806657, -0.7454093, 0.44305158), (-0.49806657, -0.7454093, 0.44305158), (-0.49806657, -0.7454093, 0.44305158), (-0.3965101, -0.80404294, 0.44305158), (-0.3965101, -0.80404294, 0.44305158), (-0.3965101, -0.80404294, 0.44305158), (-0.3965101, -0.80404294, 0.44305158), (-0.28816923, -0.8489192, 0.44305158), (-0.28816923, -0.8489192, 0.44305158), (-0.28816923, -0.8489192, 0.44305158), (-0.28816923, -0.8489192, 0.44305158), (-0.17489772, -0.8792702, 0.44305158), (-0.17489772, -0.8792702, 0.44305158), (-0.17489772, -0.8792702, 0.44305158), (-0.17489772, -0.8792702, 0.44305158), (-0.05863365, -0.89457667, 0.44305158), (-0.05863365, -0.89457667, 0.44305158), (-0.05863365, -0.89457667, 0.44305158), (-0.05863365, -0.89457667, 0.44305158), (-0.8291398, -0.054344695, 0.55639356), (-0.8291398, -0.054344695, 0.55639356), (-0.8291398, -0.054344695, 0.55639356), (-0.8291398, -0.054344695, 0.55639356), (-0.814953, -0.16210423, 0.55639356), (-0.814953, -0.16210423, 0.55639356), (-0.814953, -0.16210423, 0.55639356), (-0.814953, -0.16210423, 0.55639356), (-0.78682214, -0.26709014, 0.55639356), (-0.78682214, -0.26709014, 0.55639356), (-0.78682214, -0.26709014, 0.55639356), (-0.78682214, -0.26709014, 0.55639356), (-0.7452285, -0.36750603, 0.55639356), (-0.7452285, -0.36750603, 0.55639356), (-0.7452285, -0.36750603, 0.55639356), (-0.7452285, -0.36750603, 0.55639356), (-0.6908838, -0.4616338, 0.55639356), (-0.6908838, -0.4616338, 0.55639356), (-0.6908838, -0.4616338, 0.55639356), (-0.6908838, -0.4616338, 0.55639356), (-0.6247179, -0.5478629, 0.55639356), (-0.6247179, -0.5478629, 0.55639356), (-0.6247179, -0.5478629, 0.55639356), (-0.6247179, -0.5478629, 0.55639356), (-0.5478629, -0.6247179, 0.55639356), (-0.5478629, -0.6247179, 0.55639356), (-0.5478629, -0.6247179, 0.55639356), (-0.5478629, -0.6247179, 0.55639356), (-0.4616338, -0.6908838, 0.55639356), (-0.4616338, -0.6908838, 0.55639356), (-0.4616338, -0.6908838, 0.55639356), (-0.4616338, -0.6908838, 0.55639356), (-0.36750603, -0.7452285, 0.55639356), (-0.36750603, -0.7452285, 0.55639356), (-0.36750603, -0.7452285, 0.55639356), (-0.36750603, -0.7452285, 0.55639356), (-0.26709014, -0.78682214, 0.55639356), (-0.26709014, -0.78682214, 0.55639356), (-0.26709014, -0.78682214, 0.55639356), (-0.26709014, -0.78682214, 0.55639356), (-0.16210423, -0.814953, 0.55639356), (-0.16210423, -0.814953, 0.55639356), (-0.16210423, -0.814953, 0.55639356), (-0.16210423, -0.814953, 0.55639356), (-0.054344695, -0.8291398, 0.55639356), (-0.054344695, -0.8291398, 0.55639356), (-0.054344695, -0.8291398, 0.55639356), (-0.054344695, -0.8291398, 0.55639356), (-0.7495305, -0.049126823, 0.6601444), (-0.7495305, -0.049126823, 0.6601444), (-0.7495305, -0.049126823, 0.6601444), (-0.7495305, -0.049126823, 0.6601444), (-0.7367058, -0.1465399, 0.6601444), (-0.7367058, -0.1465399, 0.6601444), (-0.7367058, -0.1465399, 0.6601444), (-0.7367058, -0.1465399, 0.6601444), (-0.7112759, -0.24144563, 0.6601444), (-0.7112759, -0.24144563, 0.6601444), (-0.7112759, -0.24144563, 0.6601444), (-0.7112759, -0.24144563, 0.6601444), (-0.67367584, -0.33222017, 0.6601444), (-0.67367584, -0.33222017, 0.6601444), (-0.67367584, -0.33222017, 0.6601444), (-0.67367584, -0.33222017, 0.6601444), (-0.62454903, -0.41731033, 0.6601444), (-0.62454903, -0.41731033, 0.6601444), (-0.62454903, -0.41731033, 0.6601444), (-0.62454903, -0.41731033, 0.6601444), (-0.564736, -0.49526018, 0.6601444), (-0.564736, -0.49526018, 0.6601444), (-0.564736, -0.49526018, 0.6601444), (-0.564736, -0.49526018, 0.6601444), (-0.49526018, -0.564736, 0.6601444), (-0.49526018, -0.564736, 0.6601444), (-0.49526018, -0.564736, 0.6601444), (-0.49526018, -0.564736, 0.6601444), (-0.41731033, -0.62454903, 0.6601444), (-0.41731033, -0.62454903, 0.6601444), (-0.41731033, -0.62454903, 0.6601444), (-0.41731033, -0.62454903, 0.6601444), (-0.33222017, -0.67367584, 0.6601444), (-0.33222017, -0.67367584, 0.6601444), (-0.33222017, -0.67367584, 0.6601444), (-0.33222017, -0.67367584, 0.6601444), (-0.24144563, -0.7112759, 0.6601444), (-0.24144563, -0.7112759, 0.6601444), (-0.24144563, -0.7112759, 0.6601444), (-0.24144563, -0.7112759, 0.6601444), (-0.1465399, -0.7367058, 0.6601444), (-0.1465399, -0.7367058, 0.6601444), (-0.1465399, -0.7367058, 0.6601444), (-0.1465399, -0.7367058, 0.6601444), (-0.049126823, -0.7495305, 0.6601444), (-0.049126823, -0.7495305, 0.6601444), (-0.049126823, -0.7495305, 0.6601444), (-0.049126823, -0.7495305, 0.6601444), (-0.65713674, -0.043071017, 0.7525399), (-0.65713674, -0.043071017, 0.7525399), (-0.65713674, -0.043071017, 0.7525399), (-0.65713674, -0.043071017, 0.7525399), (-0.6458929, -0.12847608, 0.7525399), (-0.6458929, -0.12847608, 0.7525399), (-0.6458929, -0.12847608, 0.7525399), (-0.6458929, -0.12847608, 0.7525399), (-0.62359774, -0.2116829, 0.7525399), (-0.62359774, -0.2116829, 0.7525399), (-0.62359774, -0.2116829, 0.7525399), (-0.62359774, -0.2116829, 0.7525399), (-0.5906326, -0.29126775, 0.7525399), (-0.5906326, -0.29126775, 0.7525399), (-0.5906326, -0.29126775, 0.7525399), (-0.5906326, -0.29126775, 0.7525399), (-0.5475616, -0.36586896, 0.7525399), (-0.5475616, -0.36586896, 0.7525399), (-0.5475616, -0.36586896, 0.7525399), (-0.5475616, -0.36586896, 0.7525399), (-0.49512163, -0.43421003, 0.7525399), (-0.49512163, -0.43421003, 0.7525399), (-0.49512163, -0.43421003, 0.7525399), (-0.49512163, -0.43421003, 0.7525399), (-0.43421003, -0.49512163, 0.7525399), (-0.43421003, -0.49512163, 0.7525399), (-0.43421003, -0.49512163, 0.7525399), (-0.43421003, -0.49512163, 0.7525399), (-0.36586896, -0.5475616, 0.7525399), (-0.36586896, -0.5475616, 0.7525399), (-0.36586896, -0.5475616, 0.7525399), (-0.36586896, -0.5475616, 0.7525399), (-0.29126775, -0.5906326, 0.7525399), (-0.29126775, -0.5906326, 0.7525399), (-0.29126775, -0.5906326, 0.7525399), (-0.29126775, -0.5906326, 0.7525399), (-0.2116829, -0.62359774, 0.7525399), (-0.2116829, -0.62359774, 0.7525399), (-0.2116829, -0.62359774, 0.7525399), (-0.2116829, -0.62359774, 0.7525399), (-0.12847608, -0.6458929, 0.7525399), (-0.12847608, -0.6458929, 0.7525399), (-0.12847608, -0.6458929, 0.7525399), (-0.12847608, -0.6458929, 0.7525399), (-0.043071017, -0.65713674, 0.7525399), (-0.043071017, -0.65713674, 0.7525399), (-0.043071017, -0.65713674, 0.7525399), (-0.043071017, -0.65713674, 0.7525399), (-0.5535593, -0.036282193, 0.83201903), (-0.5535593, -0.036282193, 0.83201903), (-0.5535593, -0.036282193, 0.83201903), (-0.5535593, -0.036282193, 0.83201903), (-0.54408777, -0.10822578, 0.83201903), (-0.54408777, -0.10822578, 0.83201903), (-0.54408777, -0.10822578, 0.83201903), (-0.54408777, -0.10822578, 0.83201903), (-0.5253067, -0.17831759, 0.83201903), (-0.5253067, -0.17831759, 0.83201903), (-0.5253067, -0.17831759, 0.83201903), (-0.5253067, -0.17831759, 0.83201903), (-0.49753752, -0.24535835, 0.83201903), (-0.49753752, -0.24535835, 0.83201903), (-0.49753752, -0.24535835, 0.83201903), (-0.49753752, -0.24535835, 0.83201903), (-0.4612553, -0.30820096, 0.83201903), (-0.4612553, -0.30820096, 0.83201903), (-0.4612553, -0.30820096, 0.83201903), (-0.4612553, -0.30820096, 0.83201903), (-0.4170809, -0.36577016, 0.83201903), (-0.4170809, -0.36577016, 0.83201903), (-0.4170809, -0.36577016, 0.83201903), (-0.4170809, -0.36577016, 0.83201903), (-0.36577016, -0.4170809, 0.83201903), (-0.36577016, -0.4170809, 0.83201903), (-0.36577016, -0.4170809, 0.83201903), (-0.36577016, -0.4170809, 0.83201903), (-0.30820096, -0.4612553, 0.83201903), (-0.30820096, -0.4612553, 0.83201903), (-0.30820096, -0.4612553, 0.83201903), (-0.30820096, -0.4612553, 0.83201903), (-0.24535835, -0.49753752, 0.83201903), (-0.24535835, -0.49753752, 0.83201903), (-0.24535835, -0.49753752, 0.83201903), (-0.24535835, -0.49753752, 0.83201903), (-0.17831759, -0.5253067, 0.83201903), (-0.17831759, -0.5253067, 0.83201903), (-0.17831759, -0.5253067, 0.83201903), (-0.17831759, -0.5253067, 0.83201903), (-0.10822578, -0.54408777, 0.83201903), (-0.10822578, -0.54408777, 0.83201903), (-0.10822578, -0.54408777, 0.83201903), (-0.10822578, -0.54408777, 0.83201903), (-0.036282193, -0.5535593, 0.83201903), (-0.036282193, -0.5535593, 0.83201903), (-0.036282193, -0.5535593, 0.83201903), (-0.036282193, -0.5535593, 0.83201903), (-0.44058114, -0.028877214, 0.8972482), (-0.44058114, -0.028877214, 0.8972482), (-0.44058114, -0.028877214, 0.8972482), (-0.44058114, -0.028877214, 0.8972482), (-0.43304268, -0.08613754, 0.8972482), (-0.43304268, -0.08613754, 0.8972482), (-0.43304268, -0.08613754, 0.8972482), (-0.43304268, -0.08613754, 0.8972482), (-0.41809472, -0.14192404, 0.8972482), (-0.41809472, -0.14192404, 0.8972482), (-0.41809472, -0.14192404, 0.8972482), (-0.41809472, -0.14192404, 0.8972482), (-0.39599305, -0.19528218, 0.8972482), (-0.39599305, -0.19528218, 0.8972482), (-0.39599305, -0.19528218, 0.8972482), (-0.39599305, -0.19528218, 0.8972482), (-0.36711586, -0.24529897, 0.8972482), (-0.36711586, -0.24529897, 0.8972482), (-0.36711586, -0.24529897, 0.8972482), (-0.36711586, -0.24529897, 0.8972482), (-0.3319572, -0.29111865, 0.8972482), (-0.3319572, -0.29111865, 0.8972482), (-0.3319572, -0.29111865, 0.8972482), (-0.3319572, -0.29111865, 0.8972482), (-0.29111865, -0.3319572, 0.8972482), (-0.29111865, -0.3319572, 0.8972482), (-0.29111865, -0.3319572, 0.8972482), (-0.29111865, -0.3319572, 0.8972482), (-0.24529897, -0.36711586, 0.8972482), (-0.24529897, -0.36711586, 0.8972482), (-0.24529897, -0.36711586, 0.8972482), (-0.24529897, -0.36711586, 0.8972482), (-0.19528218, -0.39599305, 0.8972482), (-0.19528218, -0.39599305, 0.8972482), (-0.19528218, -0.39599305, 0.8972482), (-0.19528218, -0.39599305, 0.8972482), (-0.14192404, -0.41809472, 0.8972482), (-0.14192404, -0.41809472, 0.8972482), (-0.14192404, -0.41809472, 0.8972482), (-0.14192404, -0.41809472, 0.8972482), (-0.08613754, -0.43304268, 0.8972482), (-0.08613754, -0.43304268, 0.8972482), (-0.08613754, -0.43304268, 0.8972482), (-0.08613754, -0.43304268, 0.8972482), (-0.028877214, -0.44058114, 0.8972482), (-0.028877214, -0.44058114, 0.8972482), (-0.028877214, -0.44058114, 0.8972482), (-0.028877214, -0.44058114, 0.8972482), (-0.32013524, -0.020982772, 0.94713944), (-0.32013524, -0.020982772, 0.94713944), (-0.32013524, -0.020982772, 0.94713944), (-0.32013524, -0.020982772, 0.94713944), (-0.31465763, -0.062589295, 0.94713944), (-0.31465763, -0.062589295, 0.94713944), (-0.31465763, -0.062589295, 0.94713944), (-0.31465763, -0.062589295, 0.94713944), (-0.30379614, -0.1031249, 0.94713944), (-0.30379614, -0.1031249, 0.94713944), (-0.30379614, -0.1031249, 0.94713944), (-0.30379614, -0.1031249, 0.94713944), (-0.28773662, -0.14189601, 0.94713944), (-0.28773662, -0.14189601, 0.94713944), (-0.28773662, -0.14189601, 0.94713944), (-0.28773662, -0.14189601, 0.94713944), (-0.26675385, -0.17823923, 0.94713944), (-0.26675385, -0.17823923, 0.94713944), (-0.26675385, -0.17823923, 0.94713944), (-0.26675385, -0.17823923, 0.94713944), (-0.24120685, -0.21153274, 0.94713944), (-0.24120685, -0.21153274, 0.94713944), (-0.24120685, -0.21153274, 0.94713944), (-0.24120685, -0.21153274, 0.94713944), (-0.21153274, -0.24120685, 0.94713944), (-0.21153274, -0.24120685, 0.94713944), (-0.21153274, -0.24120685, 0.94713944), (-0.21153274, -0.24120685, 0.94713944), (-0.17823923, -0.26675385, 0.94713944), (-0.17823923, -0.26675385, 0.94713944), (-0.17823923, -0.26675385, 0.94713944), (-0.17823923, -0.26675385, 0.94713944), (-0.14189601, -0.28773662, 0.94713944), (-0.14189601, -0.28773662, 0.94713944), (-0.14189601, -0.28773662, 0.94713944), (-0.14189601, -0.28773662, 0.94713944), (-0.1031249, -0.30379614, 0.94713944), (-0.1031249, -0.30379614, 0.94713944), (-0.1031249, -0.30379614, 0.94713944), (-0.1031249, -0.30379614, 0.94713944), (-0.062589295, -0.31465763, 0.94713944), (-0.062589295, -0.31465763, 0.94713944), (-0.062589295, -0.31465763, 0.94713944), (-0.062589295, -0.31465763, 0.94713944), (-0.020982772, -0.32013524, 0.94713944), (-0.020982772, -0.32013524, 0.94713944), (-0.020982772, -0.32013524, 0.94713944), (-0.020982772, -0.32013524, 0.94713944), (-0.19427162, -0.012733235, 0.9808651), (-0.19427162, -0.012733235, 0.9808651), (-0.19427162, -0.012733235, 0.9808651), (-0.19427162, -0.012733235, 0.9808651), (-0.19094758, -0.037981834, 0.9808651), (-0.19094758, -0.037981834, 0.9808651), (-0.19094758, -0.037981834, 0.9808651), (-0.19094758, -0.037981834, 0.9808651), (-0.18435638, -0.062580556, 0.9808651), (-0.18435638, -0.062580556, 0.9808651), (-0.18435638, -0.062580556, 0.9808651), (-0.18435638, -0.062580556, 0.9808651), (-0.17461078, -0.086108506, 0.9808651), (-0.17461078, -0.086108506, 0.9808651), (-0.17461078, -0.086108506, 0.9808651), (-0.17461078, -0.086108506, 0.9808651), (-0.16187754, -0.10816312, 0.9808651), (-0.16187754, -0.10816312, 0.9808651), (-0.16187754, -0.10816312, 0.9808651), (-0.16187754, -0.10816312, 0.9808651), (-0.14637454, -0.12836702, 0.9808651), (-0.14637454, -0.12836702, 0.9808651), (-0.14637454, -0.12836702, 0.9808651), (-0.14637454, -0.12836702, 0.9808651), (-0.12836702, -0.14637454, 0.9808651), (-0.12836702, -0.14637454, 0.9808651), (-0.12836702, -0.14637454, 0.9808651), (-0.12836702, -0.14637454, 0.9808651), (-0.10816312, -0.16187754, 0.9808651), (-0.10816312, -0.16187754, 0.9808651), (-0.10816312, -0.16187754, 0.9808651), (-0.10816312, -0.16187754, 0.9808651), (-0.086108506, -0.17461078, 0.9808651), (-0.086108506, -0.17461078, 0.9808651), (-0.086108506, -0.17461078, 0.9808651), (-0.086108506, -0.17461078, 0.9808651), (-0.062580556, -0.18435638, 0.9808651), (-0.062580556, -0.18435638, 0.9808651), (-0.062580556, -0.18435638, 0.9808651), (-0.062580556, -0.18435638, 0.9808651), (-0.037981834, -0.19094758, 0.9808651), (-0.037981834, -0.19094758, 0.9808651), (-0.037981834, -0.19094758, 0.9808651), (-0.037981834, -0.19094758, 0.9808651), (-0.012733235, -0.19427162, 0.9808651), (-0.012733235, -0.19427162, 0.9808651), (-0.012733235, -0.19427162, 0.9808651), (-0.012733235, -0.19427162, 0.9808651), (-0.08681185, -0.005689949, 0.9962085), (-0.08681185, -0.005689949, 0.9962085), (-0.08681185, -0.005689949, 0.9962085), (-0.08532647, -0.01697249, 0.9962085), (-0.08532647, -0.01697249, 0.9962085), (-0.08532647, -0.01697249, 0.9962085), (-0.08238114, -0.027964627, 0.9962085), (-0.08238114, -0.027964627, 0.9962085), (-0.08238114, -0.027964627, 0.9962085), (-0.078026235, -0.03847828, 0.9962085), (-0.078026235, -0.03847828, 0.9962085), (-0.078026235, -0.03847828, 0.9962085), (-0.07233629, -0.048333563, 0.9962085), (-0.07233629, -0.048333563, 0.9962085), (-0.07233629, -0.048333563, 0.9962085), (-0.06540865, -0.057361845, 0.9962085), (-0.06540865, -0.057361845, 0.9962085), (-0.06540865, -0.057361845, 0.9962085), (-0.057361845, -0.06540865, 0.9962085), (-0.057361845, -0.06540865, 0.9962085), (-0.057361845, -0.06540865, 0.9962085), (-0.048333563, -0.07233629, 0.9962085), (-0.048333563, -0.07233629, 0.9962085), (-0.048333563, -0.07233629, 0.9962085), (-0.03847828, -0.078026235, 0.9962085), (-0.03847828, -0.078026235, 0.9962085), (-0.03847828, -0.078026235, 0.9962085), (-0.027964627, -0.08238114, 0.9962085), (-0.027964627, -0.08238114, 0.9962085), (-0.027964627, -0.08238114, 0.9962085), (-0.01697249, -0.08532647, 0.9962085), (-0.01697249, -0.08532647, 0.9962085), (-0.01697249, -0.08532647, 0.9962085), (-0.005689949, -0.08681185, 0.9962085), (-0.005689949, -0.08681185, 0.9962085), (-0.005689949, -0.08681185, 0.9962085)] (
                interpolation = "faceVarying"
            )
            point3f[] points = [(0.26105237, -1.9828898, 2), (0.25881904, -1.9659258, 1.7389476), (-3.6425093e-16, -1.9828898, 1.7389476), (-3.6739403e-16, -2, 2), (0.5176381, -1.9318516, 2), (0.51320964, -1.9153244, 1.7389476), (0.25881904, -1.9659258, 1.7389476), (0.26105237, -1.9828898, 2), (0.76536685, -1.847759, 2), (0.75881904, -1.8319513, 1.7389476), (0.51320964, -1.9153244, 1.7389476), (0.5176381, -1.9318516, 2), (1, -1.7320508, 2), (0.9914449, -1.7172328, 1.7389476), (0.75881904, -1.8319513, 1.7389476), (0.76536685, -1.847759, 2), (1.2175229, -1.5867066, 2), (1.2071068, -1.5731322, 1.7389476), (0.9914449, -1.7172328, 1.7389476), (1, -1.7320508, 2), (1.4142135, -1.4142135, 2), (1.4021147, -1.4021147, 1.7389476), (1.2071068, -1.5731322, 1.7389476), (1.2175229, -1.5867066, 2), (1.5867066, -1.2175229, 2), (1.5731322, -1.2071068, 1.7389476), (1.4021147, -1.4021147, 1.7389476), (1.4142135, -1.4142135, 2), (1.7320508, -1, 2), (1.7172328, -0.9914449, 1.7389476), (1.5731322, -1.2071068, 1.7389476), (1.5867066, -1.2175229, 2), (1.847759, -0.76536685, 2), (1.8319513, -0.75881904, 1.7389476), (1.7172328, -0.9914449, 1.7389476), (1.7320508, -1, 2), (1.9318516, -0.5176381, 2), (1.9153244, -0.51320964, 1.7389476), (1.8319513, -0.75881904, 1.7389476), (1.847759, -0.76536685, 2), (1.9828898, -0.26105237, 2), (1.9659258, -0.25881904, 1.7389476), (1.9153244, -0.51320964, 1.7389476), (1.9318516, -0.5176381, 2), (2, -4.8985874e-16, 2), (1.9828898, -4.856679e-16, 1.7389476), (1.9659258, -0.25881904, 1.7389476), (1.9828898, -0.26105237, 2), (0.25881904, -1.9659258, 1.7389476), (0.25215724, -1.9153244, 1.4823619), (-3.5487539e-16, -1.9318516, 1.4823619), (-3.6425093e-16, -1.9828898, 1.7389476), (0.51320964, -1.9153244, 1.7389476), (0.5, -1.8660254, 1.4823619), (0.25215724, -1.9153244, 1.4823619), (0.25881904, -1.9659258, 1.7389476), (0.75881904, -1.8319513, 1.7389476), (0.7392876, -1.7847981, 1.4823619), (0.5, -1.8660254, 1.4823619), (0.51320964, -1.9153244, 1.7389476), (0.9914449, -1.7172328, 1.7389476), (0.9659258, -1.6730326, 1.4823619), (0.7392876, -1.7847981, 1.4823619), (0.75881904, -1.8319513, 1.7389476), (1.2071068, -1.5731322, 1.7389476), (1.1760367, -1.5326409, 1.4823619), (0.9659258, -1.6730326, 1.4823619), (0.9914449, -1.7172328, 1.7389476), (1.4021147, -1.4021147, 1.7389476), (1.3660254, -1.3660254, 1.4823619), (1.1760367, -1.5326409, 1.4823619), (1.2071068, -1.5731322, 1.7389476), (1.5731322, -1.2071068, 1.7389476), (1.5326409, -1.1760367, 1.4823619), (1.3660254, -1.3660254, 1.4823619), (1.4021147, -1.4021147, 1.7389476), (1.7172328, -0.9914449, 1.7389476), (1.6730326, -0.9659258, 1.4823619), (1.5326409, -1.1760367, 1.4823619), (1.5731322, -1.2071068, 1.7389476), (1.8319513, -0.75881904, 1.7389476), (1.7847981, -0.7392876, 1.4823619), (1.6730326, -0.9659258, 1.4823619), (1.7172328, -0.9914449, 1.7389476), (1.9153244, -0.51320964, 1.7389476), (1.8660254, -0.5, 1.4823619), (1.7847981, -0.7392876, 1.4823619), (1.8319513, -0.75881904, 1.7389476), (1.9659258, -0.25881904, 1.7389476), (1.9153244, -0.25215724, 1.4823619), (1.8660254, -0.5, 1.4823619), (1.9153244, -0.51320964, 1.7389476), (1.9828898, -4.856679e-16, 1.7389476), (1.9318516, -4.7316716e-16, 1.4823619), (1.9153244, -0.25215724, 1.4823619), (1.9659258, -0.25881904, 1.7389476), (0.25215724, -1.9153244, 1.4823619), (0.24118096, -1.8319513, 1.2346331), (-3.3942783e-16, -1.847759, 1.2346331), (-3.5487539e-16, -1.9318516, 1.4823619), (0.5, -1.8660254, 1.4823619), (0.47823524, -1.7847981, 1.2346331), (0.24118096, -1.8319513, 1.2346331), (0.25215724, -1.9153244, 1.4823619), (0.7392876, -1.7847981, 1.4823619), (0.70710677, -1.7071068, 1.2346331), (0.47823524, -1.7847981, 1.2346331), (0.5, -1.8660254, 1.4823619), (0.9659258, -1.6730326, 1.4823619), (0.9238795, -1.6002063, 1.2346331), (0.70710677, -1.7071068, 1.2346331), (0.7392876, -1.7847981, 1.4823619), (1.1760367, -1.5326409, 1.4823619), (1.1248444, -1.4659258, 1.2346331), (0.9238795, -1.6002063, 1.2346331), (0.9659258, -1.6730326, 1.4823619), (1.3660254, -1.3660254, 1.4823619), (1.306563, -1.306563, 1.2346331), (1.1248444, -1.4659258, 1.2346331), (1.1760367, -1.5326409, 1.4823619), (1.5326409, -1.1760367, 1.4823619), (1.4659258, -1.1248444, 1.2346331), (1.306563, -1.306563, 1.2346331), (1.3660254, -1.3660254, 1.4823619), (1.6730326, -0.9659258, 1.4823619), (1.6002063, -0.9238795, 1.2346331), (1.4659258, -1.1248444, 1.2346331), (1.5326409, -1.1760367, 1.4823619), (1.7847981, -0.7392876, 1.4823619), (1.7071068, -0.70710677, 1.2346331), (1.6002063, -0.9238795, 1.2346331), (1.6730326, -0.9659258, 1.4823619), (1.8660254, -0.5, 1.4823619), (1.7847981, -0.47823524, 1.2346331), (1.7071068, -0.70710677, 1.2346331), (1.7847981, -0.7392876, 1.4823619), (1.9153244, -0.25215724, 1.4823619), (1.8319513, -0.24118096, 1.2346331), (1.7847981, -0.47823524, 1.2346331), (1.8660254, -0.5, 1.4823619), (1.9318516, -4.7316716e-16, 1.4823619), (1.847759, -4.5257044e-16, 1.2346331), (1.8319513, -0.24118096, 1.2346331), (1.9153244, -0.25215724, 1.4823619), (0.24118096, -1.8319513, 1.2346331), (0.226078, -1.7172328, 1), (-3.1817257e-16, -1.7320508, 1), (-3.3942783e-16, -1.847759, 1.2346331), (0.47823524, -1.7847981, 1.2346331), (0.44828773, -1.6730326, 1), (0.226078, -1.7172328, 1), (0.24118096, -1.8319513, 1.2346331), (0.70710677, -1.7071068, 1.2346331), (0.66282713, -1.6002063, 1), (0.44828773, -1.6730326, 1), (0.47823524, -1.7847981, 1.2346331), (0.9238795, -1.6002063, 1.2346331), (0.8660254, -1.5, 1), (0.66282713, -1.6002063, 1), (0.70710677, -1.7071068, 1.2346331), (1.1248444, -1.4659258, 1.2346331), (1.0544057, -1.3741283, 1), (0.8660254, -1.5, 1), (0.9238795, -1.6002063, 1.2346331), (1.306563, -1.306563, 1.2346331), (1.2247449, -1.2247449, 1), (1.0544057, -1.3741283, 1), (1.1248444, -1.4659258, 1.2346331), (1.4659258, -1.1248444, 1.2346331), (1.3741283, -1.0544057, 1), (1.2247449, -1.2247449, 1), (1.306563, -1.306563, 1.2346331), (1.6002063, -0.9238795, 1.2346331), (1.5, -0.8660254, 1), (1.3741283, -1.0544057, 1), (1.4659258, -1.1248444, 1.2346331), (1.7071068, -0.70710677, 1.2346331), (1.6002063, -0.66282713, 1), (1.5, -0.8660254, 1), (1.6002063, -0.9238795, 1.2346331), (1.7847981, -0.47823524, 1.2346331), (1.6730326, -0.44828773, 1), (1.6002063, -0.66282713, 1), (1.7071068, -0.70710677, 1.2346331), (1.8319513, -0.24118096, 1.2346331), (1.7172328, -0.226078, 1), (1.6730326, -0.44828773, 1), (1.7847981, -0.47823524, 1.2346331), (1.847759, -4.5257044e-16, 1.2346331), (1.7320508, -4.242301e-16, 1), (1.7172328, -0.226078, 1), (1.8319513, -0.24118096, 1.2346331), (0.226078, -1.7172328, 1), (0.20710678, -1.5731322, 0.78247714), (-2.914733e-16, -1.5867066, 0.78247714), (-3.1817257e-16, -1.7320508, 1), (0.44828773, -1.6730326, 1), (0.4106699, -1.5326409, 0.78247714), (0.20710678, -1.5731322, 0.78247714), (0.226078, -1.7172328, 1), (0.66282713, -1.6002063, 1), (0.60720634, -1.4659258, 0.78247714), (0.4106699, -1.5326409, 0.78247714), (0.44828773, -1.6730326, 1), (0.8660254, -1.5, 1), (0.7933533, -1.3741283, 0.78247714), (0.60720634, -1.4659258, 0.78247714), (0.66282713, -1.6002063, 1), (1.0544057, -1.3741283, 1), (0.9659258, -1.2588191, 0.78247714), (0.7933533, -1.3741283, 0.78247714), (0.8660254, -1.5, 1), (1.2247449, -1.2247449, 1), (1.121971, -1.121971, 0.78247714), (0.9659258, -1.2588191, 0.78247714), (1.0544057, -1.3741283, 1), (1.3741283, -1.0544057, 1), (1.2588191, -0.9659258, 0.78247714), (1.121971, -1.121971, 0.78247714), (1.2247449, -1.2247449, 1), (1.5, -0.8660254, 1), (1.3741283, -0.7933533, 0.78247714), (1.2588191, -0.9659258, 0.78247714), (1.3741283, -1.0544057, 1), (1.6002063, -0.66282713, 1), (1.4659258, -0.60720634, 0.78247714), (1.3741283, -0.7933533, 0.78247714), (1.5, -0.8660254, 1), (1.6730326, -0.44828773, 1), (1.5326409, -0.4106699, 0.78247714), (1.4659258, -0.60720634, 0.78247714), (1.6002063, -0.66282713, 1), (1.7172328, -0.226078, 1), (1.5731322, -0.20710678, 0.78247714), (1.5326409, -0.4106699, 0.78247714), (1.6730326, -0.44828773, 1), (1.7320508, -4.242301e-16, 1), (1.5867066, -3.8863105e-16, 0.78247714), (1.5731322, -0.20710678, 0.78247714), (1.7172328, -0.226078, 1), (0.20710678, -1.5731322, 0.78247714), (0.1845919, -1.4021147, 0.58578646), (-2.597868e-16, -1.4142135, 0.58578646), (-2.914733e-16, -1.5867066, 0.78247714), (0.4106699, -1.5326409, 0.78247714), (0.36602542, -1.3660254, 0.58578646), (0.1845919, -1.4021147, 0.58578646), (0.20710678, -1.5731322, 0.78247714), (0.60720634, -1.4659258, 0.78247714), (0.5411961, -1.306563, 0.58578646), (0.36602542, -1.3660254, 0.58578646), (0.4106699, -1.5326409, 0.78247714), (0.7933533, -1.3741283, 0.78247714), (0.70710677, -1.2247449, 0.58578646), (0.5411961, -1.306563, 0.58578646), (0.60720634, -1.4659258, 0.78247714), (0.9659258, -1.2588191, 0.78247714), (0.86091864, -1.121971, 0.58578646), (0.70710677, -1.2247449, 0.58578646), (0.7933533, -1.3741283, 0.78247714), (1.121971, -1.121971, 0.78247714), (1, -1, 0.58578646), (0.86091864, -1.121971, 0.58578646), (0.9659258, -1.2588191, 0.78247714), (1.2588191, -0.9659258, 0.78247714), (1.121971, -0.86091864, 0.58578646), (1, -1, 0.58578646), (1.121971, -1.121971, 0.78247714), (1.3741283, -0.7933533, 0.78247714), (1.2247449, -0.70710677, 0.58578646), (1.121971, -0.86091864, 0.58578646), (1.2588191, -0.9659258, 0.78247714), (1.4659258, -0.60720634, 0.78247714), (1.306563, -0.5411961, 0.58578646), (1.2247449, -0.70710677, 0.58578646), (1.3741283, -0.7933533, 0.78247714), (1.5326409, -0.4106699, 0.78247714), (1.3660254, -0.36602542, 0.58578646), (1.306563, -0.5411961, 0.58578646), (1.4659258, -0.60720634, 0.78247714), (1.5731322, -0.20710678, 0.78247714), (1.4021147, -0.1845919, 0.58578646), (1.3660254, -0.36602542, 0.58578646), (1.5326409, -0.4106699, 0.78247714), (1.5867066, -3.8863105e-16, 0.78247714), (1.4142135, -3.4638242e-16, 0.58578646), (1.4021147, -0.1845919, 0.58578646), (1.5731322, -0.20710678, 0.78247714), (0.1845919, -1.4021147, 0.58578646), (0.15891862, -1.2071068, 0.41329333), (-2.2365532e-16, -1.2175229, 0.41329333), (-2.597868e-16, -1.4142135, 0.58578646), (0.36602542, -1.3660254, 0.58578646), (0.3151181, -1.1760367, 0.41329333), (0.15891862, -1.2071068, 0.41329333), (0.1845919, -1.4021147, 0.58578646), (0.5411961, -1.306563, 0.58578646), (0.4659258, -1.1248444, 0.41329333), (0.3151181, -1.1760367, 0.41329333), (0.36602542, -1.3660254, 0.58578646), (0.70710677, -1.2247449, 0.58578646), (0.6087614, -1.0544057, 0.41329333), (0.4659258, -1.1248444, 0.41329333), (0.5411961, -1.306563, 0.58578646), (0.86091864, -1.121971, 0.58578646), (0.74118096, -0.9659258, 0.41329333), (0.6087614, -1.0544057, 0.41329333), (0.70710677, -1.2247449, 0.58578646), (1, -1, 0.58578646), (0.86091864, -0.86091864, 0.41329333), (0.74118096, -0.9659258, 0.41329333), (0.86091864, -1.121971, 0.58578646), (1.121971, -0.86091864, 0.58578646), (0.9659258, -0.74118096, 0.41329333), (0.86091864, -0.86091864, 0.41329333), (1, -1, 0.58578646), (1.2247449, -0.70710677, 0.58578646), (1.0544057, -0.6087614, 0.41329333), (0.9659258, -0.74118096, 0.41329333), (1.121971, -0.86091864, 0.58578646), (1.306563, -0.5411961, 0.58578646), (1.1248444, -0.4659258, 0.41329333), (1.0544057, -0.6087614, 0.41329333), (1.2247449, -0.70710677, 0.58578646), (1.3660254, -0.36602542, 0.58578646), (1.1760367, -0.3151181, 0.41329333), (1.1248444, -0.4659258, 0.41329333), (1.306563, -0.5411961, 0.58578646), (1.4021147, -0.1845919, 0.58578646), (1.2071068, -0.15891862, 0.41329333), (1.1760367, -0.3151181, 0.41329333), (1.3660254, -0.36602542, 0.58578646), (1.4142135, -3.4638242e-16, 0.58578646), (1.2175229, -2.9820708e-16, 0.41329333), (1.2071068, -0.15891862, 0.41329333), (1.4021147, -0.1845919, 0.58578646), (0.15891862, -1.2071068, 0.41329333), (0.13052619, -0.9914449, 0.2679492), (-1.8369701e-16, -1, 0.2679492), (-2.2365532e-16, -1.2175229, 0.41329333), (0.3151181, -1.1760367, 0.41329333), (0.25881904, -0.9659258, 0.2679492), (0.13052619, -0.9914449, 0.2679492), (0.15891862, -1.2071068, 0.41329333), (0.4659258, -1.1248444, 0.41329333), (0.38268343, -0.9238795, 0.2679492), (0.25881904, -0.9659258, 0.2679492), (0.3151181, -1.1760367, 0.41329333), (0.6087614, -1.0544057, 0.41329333), (0.5, -0.8660254, 0.2679492), (0.38268343, -0.9238795, 0.2679492), (0.4659258, -1.1248444, 0.41329333), (0.74118096, -0.9659258, 0.41329333), (0.6087614, -0.7933533, 0.2679492), (0.5, -0.8660254, 0.2679492), (0.6087614, -1.0544057, 0.41329333), (0.86091864, -0.86091864, 0.41329333), (0.70710677, -0.70710677, 0.2679492), (0.6087614, -0.7933533, 0.2679492), (0.74118096, -0.9659258, 0.41329333), (0.9659258, -0.74118096, 0.41329333), (0.7933533, -0.6087614, 0.2679492), (0.70710677, -0.70710677, 0.2679492), (0.86091864, -0.86091864, 0.41329333), (1.0544057, -0.6087614, 0.41329333), (0.8660254, -0.5, 0.2679492), (0.7933533, -0.6087614, 0.2679492), (0.9659258, -0.74118096, 0.41329333), (1.1248444, -0.4659258, 0.41329333), (0.9238795, -0.38268343, 0.2679492), (0.8660254, -0.5, 0.2679492), (1.0544057, -0.6087614, 0.41329333), (1.1760367, -0.3151181, 0.41329333), (0.9659258, -0.25881904, 0.2679492), (0.9238795, -0.38268343, 0.2679492), (1.1248444, -0.4659258, 0.41329333), (1.2071068, -0.15891862, 0.41329333), (0.9914449, -0.13052619, 0.2679492), (0.9659258, -0.25881904, 0.2679492), (1.1760367, -0.3151181, 0.41329333), (1.2175229, -2.9820708e-16, 0.41329333), (1, -2.4492937e-16, 0.2679492), (0.9914449, -0.13052619, 0.2679492), (1.2071068, -0.15891862, 0.41329333), (0.13052619, -0.9914449, 0.2679492), (0.099900424, -0.75881904, 0.15224093), (-1.4059561e-16, -0.76536685, 0.15224093), (-1.8369701e-16, -1, 0.2679492), (0.25881904, -0.9659258, 0.2679492), (0.19809152, -0.7392876, 0.15224093), (0.099900424, -0.75881904, 0.15224093), (0.13052619, -0.9914449, 0.2679492), (0.38268343, -0.9238795, 0.2679492), (0.29289323, -0.70710677, 0.15224093), (0.19809152, -0.7392876, 0.15224093), (0.25881904, -0.9659258, 0.2679492), (0.5, -0.8660254, 0.2679492), (0.38268343, -0.66282713, 0.15224093), (0.29289323, -0.70710677, 0.15224093), (0.38268343, -0.9238795, 0.2679492), (0.6087614, -0.7933533, 0.2679492), (0.4659258, -0.60720634, 0.15224093), (0.38268343, -0.66282713, 0.15224093), (0.5, -0.8660254, 0.2679492), (0.70710677, -0.70710677, 0.2679492), (0.5411961, -0.5411961, 0.15224093), (0.4659258, -0.60720634, 0.15224093), (0.6087614, -0.7933533, 0.2679492), (0.7933533, -0.6087614, 0.2679492), (0.60720634, -0.4659258, 0.15224093), (0.5411961, -0.5411961, 0.15224093), (0.70710677, -0.70710677, 0.2679492), (0.8660254, -0.5, 0.2679492), (0.66282713, -0.38268343, 0.15224093), (0.60720634, -0.4659258, 0.15224093), (0.7933533, -0.6087614, 0.2679492), (0.9238795, -0.38268343, 0.2679492), (0.70710677, -0.29289323, 0.15224093), (0.66282713, -0.38268343, 0.15224093), (0.8660254, -0.5, 0.2679492), (0.9659258, -0.25881904, 0.2679492), (0.7392876, -0.19809152, 0.15224093), (0.70710677, -0.29289323, 0.15224093), (0.9238795, -0.38268343, 0.2679492), (0.9914449, -0.13052619, 0.2679492), (0.75881904, -0.099900424, 0.15224093), (0.7392876, -0.19809152, 0.15224093), (0.9659258, -0.25881904, 0.2679492), (1, -2.4492937e-16, 0.2679492), (0.76536685, -1.8746082e-16, 0.15224093), (0.75881904, -0.099900424, 0.15224093), (0.9914449, -0.13052619, 0.2679492), (0.099900424, -0.75881904, 0.15224093), (0.06756533, -0.51320964, 0.068148345), (-9.5088574e-17, -0.5176381, 0.068148345), (-1.4059561e-16, -0.76536685, 0.15224093), (0.19809152, -0.7392876, 0.15224093), (0.1339746, -0.5, 0.068148345), (0.06756533, -0.51320964, 0.068148345), (0.099900424, -0.75881904, 0.15224093), (0.29289323, -0.70710677, 0.15224093), (0.19809152, -0.47823524, 0.068148345), (0.1339746, -0.5, 0.068148345), (0.19809152, -0.7392876, 0.15224093), (0.38268343, -0.66282713, 0.15224093), (0.25881904, -0.44828773, 0.068148345), (0.19809152, -0.47823524, 0.068148345), (0.29289323, -0.70710677, 0.15224093), (0.4659258, -0.60720634, 0.15224093), (0.3151181, -0.4106699, 0.068148345), (0.25881904, -0.44828773, 0.068148345), (0.38268343, -0.66282713, 0.15224093), (0.5411961, -0.5411961, 0.15224093), (0.36602542, -0.36602542, 0.068148345), (0.3151181, -0.4106699, 0.068148345), (0.4659258, -0.60720634, 0.15224093), (0.60720634, -0.4659258, 0.15224093), (0.4106699, -0.3151181, 0.068148345), (0.36602542, -0.36602542, 0.068148345), (0.5411961, -0.5411961, 0.15224093), (0.66282713, -0.38268343, 0.15224093), (0.44828773, -0.25881904, 0.068148345), (0.4106699, -0.3151181, 0.068148345), (0.60720634, -0.4659258, 0.15224093), (0.70710677, -0.29289323, 0.15224093), (0.47823524, -0.19809152, 0.068148345), (0.44828773, -0.25881904, 0.068148345), (0.66282713, -0.38268343, 0.15224093), (0.7392876, -0.19809152, 0.15224093), (0.5, -0.1339746, 0.068148345), (0.47823524, -0.19809152, 0.068148345), (0.70710677, -0.29289323, 0.15224093), (0.75881904, -0.099900424, 0.15224093), (0.51320964, -0.06756533, 0.068148345), (0.5, -0.1339746, 0.068148345), (0.7392876, -0.19809152, 0.15224093), (0.76536685, -1.8746082e-16, 0.15224093), (0.5176381, -1.2678477e-16, 0.068148345), (0.51320964, -0.06756533, 0.068148345), (0.75881904, -0.099900424, 0.15224093), (0.06756533, -0.51320964, 0.068148345), (0.034074172, -0.25881904, 0.017110277), (-4.7954545e-17, -0.26105237, 0.017110277), (-9.5088574e-17, -0.5176381, 0.068148345), (0.1339746, -0.5, 0.068148345), (0.06756533, -0.25215724, 0.017110277), (0.034074172, -0.25881904, 0.017110277), (0.06756533, -0.51320964, 0.068148345), (0.19809152, -0.47823524, 0.068148345), (0.099900424, -0.24118096, 0.017110277), (0.06756533, -0.25215724, 0.017110277), (0.1339746, -0.5, 0.068148345), (0.25881904, -0.44828773, 0.068148345), (0.13052619, -0.226078, 0.017110277), (0.099900424, -0.24118096, 0.017110277), (0.19809152, -0.47823524, 0.068148345), (0.3151181, -0.4106699, 0.068148345), (0.15891862, -0.20710678, 0.017110277), (0.13052619, -0.226078, 0.017110277), (0.25881904, -0.44828773, 0.068148345), (0.36602542, -0.36602542, 0.068148345), (0.1845919, -0.1845919, 0.017110277), (0.15891862, -0.20710678, 0.017110277), (0.3151181, -0.4106699, 0.068148345), (0.4106699, -0.3151181, 0.068148345), (0.20710678, -0.15891862, 0.017110277), (0.1845919, -0.1845919, 0.017110277), (0.36602542, -0.36602542, 0.068148345), (0.44828773, -0.25881904, 0.068148345), (0.226078, -0.13052619, 0.017110277), (0.20710678, -0.15891862, 0.017110277), (0.4106699, -0.3151181, 0.068148345), (0.47823524, -0.19809152, 0.068148345), (0.24118096, -0.099900424, 0.017110277), (0.226078, -0.13052619, 0.017110277), (0.44828773, -0.25881904, 0.068148345), (0.5, -0.1339746, 0.068148345), (0.25215724, -0.06756533, 0.017110277), (0.24118096, -0.099900424, 0.017110277), (0.47823524, -0.19809152, 0.068148345), (0.51320964, -0.06756533, 0.068148345), (0.25881904, -0.034074172, 0.017110277), (0.25215724, -0.06756533, 0.017110277), (0.5, -0.1339746, 0.068148345), (0.5176381, -1.2678477e-16, 0.068148345), (0.26105237, -6.3939394e-17, 0.017110277), (0.25881904, -0.034074172, 0.017110277), (0.51320964, -0.06756533, 0.068148345), (0.034074172, -0.25881904, 0.017110277), (-4.4992793e-32, -2.4492937e-16, 0), (-4.7954545e-17, -0.26105237, 0.017110277), (0.06756533, -0.25215724, 0.017110277), (3.1969697e-17, -2.4283394e-16, 0), (0.034074172, -0.25881904, 0.017110277), (0.099900424, -0.24118096, 0.017110277), (6.339238e-17, -2.3658358e-16, 0), (0.06756533, -0.25215724, 0.017110277), (0.13052619, -0.226078, 0.017110277), (9.373041e-17, -2.2628522e-16, 0), (0.099900424, -0.24118096, 0.017110277), (0.15891862, -0.20710678, 0.017110277), (1.2246469e-16, -2.1211505e-16, 0), (0.13052619, -0.226078, 0.017110277), (0.1845919, -0.1845919, 0.017110277), (1.4910354e-16, -1.9431553e-16, 0), (0.15891862, -0.20710678, 0.017110277), (0.20710678, -0.15891862, 0.017110277), (1.7319121e-16, -1.7319121e-16, 0), (0.1845919, -0.1845919, 0.017110277), (0.226078, -0.13052619, 0.017110277), (1.9431553e-16, -1.4910354e-16, 0), (0.20710678, -0.15891862, 0.017110277), (0.24118096, -0.099900424, 0.017110277), (2.1211505e-16, -1.2246469e-16, 0), (0.226078, -0.13052619, 0.017110277), (0.25215724, -0.06756533, 0.017110277), (2.2628522e-16, -9.373041e-17, 0), (0.24118096, -0.099900424, 0.017110277), (0.25881904, -0.034074172, 0.017110277), (2.3658358e-16, -6.339238e-17, 0), (0.25215724, -0.06756533, 0.017110277), (0.26105237, -6.3939394e-17, 0.017110277), (2.4283394e-16, -3.1969697e-17, 0), (0.25881904, -0.034074172, 0.017110277), (1.9828898, 0.26105237, 2), (1.9659258, 0.25881904, 1.7389476), (1.9828898, 0, 1.7389476), (2, 0, 2), (1.9318516, 0.5176381, 2), (1.9153244, 0.51320964, 1.7389476), (1.9659258, 0.25881904, 1.7389476), (1.9828898, 0.26105237, 2), (1.847759, 0.76536685, 2), (1.8319513, 0.75881904, 1.7389476), (1.9153244, 0.51320964, 1.7389476), (1.9318516, 0.5176381, 2), (1.7320508, 1, 2), (1.7172328, 0.9914449, 1.7389476), (1.8319513, 0.75881904, 1.7389476), (1.847759, 0.76536685, 2), (1.5867066, 1.2175229, 2), (1.5731322, 1.2071068, 1.7389476), (1.7172328, 0.9914449, 1.7389476), (1.7320508, 1, 2), (1.4142135, 1.4142135, 2), (1.4021147, 1.4021147, 1.7389476), (1.5731322, 1.2071068, 1.7389476), (1.5867066, 1.2175229, 2), (1.2175229, 1.5867066, 2), (1.2071068, 1.5731322, 1.7389476), (1.4021147, 1.4021147, 1.7389476), (1.4142135, 1.4142135, 2), (1, 1.7320508, 2), (0.9914449, 1.7172328, 1.7389476), (1.2071068, 1.5731322, 1.7389476), (1.2175229, 1.5867066, 2), (0.76536685, 1.847759, 2), (0.75881904, 1.8319513, 1.7389476), (0.9914449, 1.7172328, 1.7389476), (1, 1.7320508, 2), (0.5176381, 1.9318516, 2), (0.51320964, 1.9153244, 1.7389476), (0.75881904, 1.8319513, 1.7389476), (0.76536685, 1.847759, 2), (0.26105237, 1.9828898, 2), (0.25881904, 1.9659258, 1.7389476), (0.51320964, 1.9153244, 1.7389476), (0.5176381, 1.9318516, 2), (1.2246469e-16, 2, 2), (1.2141697e-16, 1.9828898, 1.7389476), (0.25881904, 1.9659258, 1.7389476), (0.26105237, 1.9828898, 2), (1.9659258, 0.25881904, 1.7389476), (1.9153244, 0.25215724, 1.4823619), (1.9318516, 0, 1.4823619), (1.9828898, 0, 1.7389476), (1.9153244, 0.51320964, 1.7389476), (1.8660254, 0.5, 1.4823619), (1.9153244, 0.25215724, 1.4823619), (1.9659258, 0.25881904, 1.7389476), (1.8319513, 0.75881904, 1.7389476), (1.7847981, 0.7392876, 1.4823619), (1.8660254, 0.5, 1.4823619), (1.9153244, 0.51320964, 1.7389476), (1.7172328, 0.9914449, 1.7389476), (1.6730326, 0.9659258, 1.4823619), (1.7847981, 0.7392876, 1.4823619), (1.8319513, 0.75881904, 1.7389476), (1.5731322, 1.2071068, 1.7389476), (1.5326409, 1.1760367, 1.4823619), (1.6730326, 0.9659258, 1.4823619), (1.7172328, 0.9914449, 1.7389476), (1.4021147, 1.4021147, 1.7389476), (1.3660254, 1.3660254, 1.4823619), (1.5326409, 1.1760367, 1.4823619), (1.5731322, 1.2071068, 1.7389476), (1.2071068, 1.5731322, 1.7389476), (1.1760367, 1.5326409, 1.4823619), (1.3660254, 1.3660254, 1.4823619), (1.4021147, 1.4021147, 1.7389476), (0.9914449, 1.7172328, 1.7389476), (0.9659258, 1.6730326, 1.4823619), (1.1760367, 1.5326409, 1.4823619), (1.2071068, 1.5731322, 1.7389476), (0.75881904, 1.8319513, 1.7389476), (0.7392876, 1.7847981, 1.4823619), (0.9659258, 1.6730326, 1.4823619), (0.9914449, 1.7172328, 1.7389476), (0.51320964, 1.9153244, 1.7389476), (0.5, 1.8660254, 1.4823619), (0.7392876, 1.7847981, 1.4823619), (0.75881904, 1.8319513, 1.7389476), (0.25881904, 1.9659258, 1.7389476), (0.25215724, 1.9153244, 1.4823619), (0.5, 1.8660254, 1.4823619), (0.51320964, 1.9153244, 1.7389476), (1.2141697e-16, 1.9828898, 1.7389476), (1.1829179e-16, 1.9318516, 1.4823619), (0.25215724, 1.9153244, 1.4823619), (0.25881904, 1.9659258, 1.7389476), (1.9153244, 0.25215724, 1.4823619), (1.8319513, 0.24118096, 1.2346331), (1.847759, 0, 1.2346331), (1.9318516, 0, 1.4823619), (1.8660254, 0.5, 1.4823619), (1.7847981, 0.47823524, 1.2346331), (1.8319513, 0.24118096, 1.2346331), (1.9153244, 0.25215724, 1.4823619), (1.7847981, 0.7392876, 1.4823619), (1.7071068, 0.70710677, 1.2346331), (1.7847981, 0.47823524, 1.2346331), (1.8660254, 0.5, 1.4823619), (1.6730326, 0.9659258, 1.4823619), (1.6002063, 0.9238795, 1.2346331), (1.7071068, 0.70710677, 1.2346331), (1.7847981, 0.7392876, 1.4823619), (1.5326409, 1.1760367, 1.4823619), (1.4659258, 1.1248444, 1.2346331), (1.6002063, 0.9238795, 1.2346331), (1.6730326, 0.9659258, 1.4823619), (1.3660254, 1.3660254, 1.4823619), (1.306563, 1.306563, 1.2346331), (1.4659258, 1.1248444, 1.2346331), (1.5326409, 1.1760367, 1.4823619), (1.1760367, 1.5326409, 1.4823619), (1.1248444, 1.4659258, 1.2346331), (1.306563, 1.306563, 1.2346331), (1.3660254, 1.3660254, 1.4823619), (0.9659258, 1.6730326, 1.4823619), (0.9238795, 1.6002063, 1.2346331), (1.1248444, 1.4659258, 1.2346331), (1.1760367, 1.5326409, 1.4823619), (0.7392876, 1.7847981, 1.4823619), (0.70710677, 1.7071068, 1.2346331), (0.9238795, 1.6002063, 1.2346331), (0.9659258, 1.6730326, 1.4823619), (0.5, 1.8660254, 1.4823619), (0.47823524, 1.7847981, 1.2346331), (0.70710677, 1.7071068, 1.2346331), (0.7392876, 1.7847981, 1.4823619), (0.25215724, 1.9153244, 1.4823619), (0.24118096, 1.8319513, 1.2346331), (0.47823524, 1.7847981, 1.2346331), (0.5, 1.8660254, 1.4823619), (1.1829179e-16, 1.9318516, 1.4823619), (1.1314261e-16, 1.847759, 1.2346331), (0.24118096, 1.8319513, 1.2346331), (0.25215724, 1.9153244, 1.4823619), (1.8319513, 0.24118096, 1.2346331), (1.7172328, 0.226078, 1), (1.7320508, 0, 1), (1.847759, 0, 1.2346331), (1.7847981, 0.47823524, 1.2346331), (1.6730326, 0.44828773, 1), (1.7172328, 0.226078, 1), (1.8319513, 0.24118096, 1.2346331), (1.7071068, 0.70710677, 1.2346331), (1.6002063, 0.66282713, 1), (1.6730326, 0.44828773, 1), (1.7847981, 0.47823524, 1.2346331), (1.6002063, 0.9238795, 1.2346331), (1.5, 0.8660254, 1), (1.6002063, 0.66282713, 1), (1.7071068, 0.70710677, 1.2346331), (1.4659258, 1.1248444, 1.2346331), (1.3741283, 1.0544057, 1), (1.5, 0.8660254, 1), (1.6002063, 0.9238795, 1.2346331), (1.306563, 1.306563, 1.2346331), (1.2247449, 1.2247449, 1), (1.3741283, 1.0544057, 1), (1.4659258, 1.1248444, 1.2346331), (1.1248444, 1.4659258, 1.2346331), (1.0544057, 1.3741283, 1), (1.2247449, 1.2247449, 1), (1.306563, 1.306563, 1.2346331), (0.9238795, 1.6002063, 1.2346331), (0.8660254, 1.5, 1), (1.0544057, 1.3741283, 1), (1.1248444, 1.4659258, 1.2346331), (0.70710677, 1.7071068, 1.2346331), (0.66282713, 1.6002063, 1), (0.8660254, 1.5, 1), (0.9238795, 1.6002063, 1.2346331), (0.47823524, 1.7847981, 1.2346331), (0.44828773, 1.6730326, 1), (0.66282713, 1.6002063, 1), (0.70710677, 1.7071068, 1.2346331), (0.24118096, 1.8319513, 1.2346331), (0.226078, 1.7172328, 1), (0.44828773, 1.6730326, 1), (0.47823524, 1.7847981, 1.2346331), (1.1314261e-16, 1.847759, 1.2346331), (1.06057525e-16, 1.7320508, 1), (0.226078, 1.7172328, 1), (0.24118096, 1.8319513, 1.2346331), (1.7172328, 0.226078, 1), (1.5731322, 0.20710678, 0.78247714), (1.5867066, 0, 0.78247714), (1.7320508, 0, 1), (1.6730326, 0.44828773, 1), (1.5326409, 0.4106699, 0.78247714), (1.5731322, 0.20710678, 0.78247714), (1.7172328, 0.226078, 1), (1.6002063, 0.66282713, 1), (1.4659258, 0.60720634, 0.78247714), (1.5326409, 0.4106699, 0.78247714), (1.6730326, 0.44828773, 1), (1.5, 0.8660254, 1), (1.3741283, 0.7933533, 0.78247714), (1.4659258, 0.60720634, 0.78247714), (1.6002063, 0.66282713, 1), (1.3741283, 1.0544057, 1), (1.2588191, 0.9659258, 0.78247714), (1.3741283, 0.7933533, 0.78247714), (1.5, 0.8660254, 1), (1.2247449, 1.2247449, 1), (1.121971, 1.121971, 0.78247714), (1.2588191, 0.9659258, 0.78247714), (1.3741283, 1.0544057, 1), (1.0544057, 1.3741283, 1), (0.9659258, 1.2588191, 0.78247714), (1.121971, 1.121971, 0.78247714), (1.2247449, 1.2247449, 1), (0.8660254, 1.5, 1), (0.7933533, 1.3741283, 0.78247714), (0.9659258, 1.2588191, 0.78247714), (1.0544057, 1.3741283, 1), (0.66282713, 1.6002063, 1), (0.60720634, 1.4659258, 0.78247714), (0.7933533, 1.3741283, 0.78247714), (0.8660254, 1.5, 1), (0.44828773, 1.6730326, 1), (0.4106699, 1.5326409, 0.78247714), (0.60720634, 1.4659258, 0.78247714), (0.66282713, 1.6002063, 1), (0.226078, 1.7172328, 1), (0.20710678, 1.5731322, 0.78247714), (0.4106699, 1.5326409, 0.78247714), (0.44828773, 1.6730326, 1), (1.06057525e-16, 1.7320508, 1), (9.715776e-17, 1.5867066, 0.78247714), (0.20710678, 1.5731322, 0.78247714), (0.226078, 1.7172328, 1), (1.5731322, 0.20710678, 0.78247714), (1.4021147, 0.1845919, 0.58578646), (1.4142135, 0, 0.58578646), (1.5867066, 0, 0.78247714), (1.5326409, 0.4106699, 0.78247714), (1.3660254, 0.36602542, 0.58578646), (1.4021147, 0.1845919, 0.58578646), (1.5731322, 0.20710678, 0.78247714), (1.4659258, 0.60720634, 0.78247714), (1.306563, 0.5411961, 0.58578646), (1.3660254, 0.36602542, 0.58578646), (1.5326409, 0.4106699, 0.78247714), (1.3741283, 0.7933533, 0.78247714), (1.2247449, 0.70710677, 0.58578646), (1.306563, 0.5411961, 0.58578646), (1.4659258, 0.60720634, 0.78247714), (1.2588191, 0.9659258, 0.78247714), (1.121971, 0.86091864, 0.58578646), (1.2247449, 0.70710677, 0.58578646), (1.3741283, 0.7933533, 0.78247714), (1.121971, 1.121971, 0.78247714), (1, 1, 0.58578646), (1.121971, 0.86091864, 0.58578646), (1.2588191, 0.9659258, 0.78247714), (0.9659258, 1.2588191, 0.78247714), (0.86091864, 1.121971, 0.58578646), (1, 1, 0.58578646), (1.121971, 1.121971, 0.78247714), (0.7933533, 1.3741283, 0.78247714), (0.70710677, 1.2247449, 0.58578646), (0.86091864, 1.121971, 0.58578646), (0.9659258, 1.2588191, 0.78247714), (0.60720634, 1.4659258, 0.78247714), (0.5411961, 1.306563, 0.58578646), (0.70710677, 1.2247449, 0.58578646), (0.7933533, 1.3741283, 0.78247714), (0.4106699, 1.5326409, 0.78247714), (0.36602542, 1.3660254, 0.58578646), (0.5411961, 1.306563, 0.58578646), (0.60720634, 1.4659258, 0.78247714), (0.20710678, 1.5731322, 0.78247714), (0.1845919, 1.4021147, 0.58578646), (0.36602542, 1.3660254, 0.58578646), (0.4106699, 1.5326409, 0.78247714), (9.715776e-17, 1.5867066, 0.78247714), (8.6595606e-17, 1.4142135, 0.58578646), (0.1845919, 1.4021147, 0.58578646), (0.20710678, 1.5731322, 0.78247714), (1.4021147, 0.1845919, 0.58578646), (1.2071068, 0.15891862, 0.41329333), (1.2175229, 0, 0.41329333), (1.4142135, 0, 0.58578646), (1.3660254, 0.36602542, 0.58578646), (1.1760367, 0.3151181, 0.41329333), (1.2071068, 0.15891862, 0.41329333), (1.4021147, 0.1845919, 0.58578646), (1.306563, 0.5411961, 0.58578646), (1.1248444, 0.4659258, 0.41329333), (1.1760367, 0.3151181, 0.41329333), (1.3660254, 0.36602542, 0.58578646), (1.2247449, 0.70710677, 0.58578646), (1.0544057, 0.6087614, 0.41329333), (1.1248444, 0.4659258, 0.41329333), (1.306563, 0.5411961, 0.58578646), (1.121971, 0.86091864, 0.58578646), (0.9659258, 0.74118096, 0.41329333), (1.0544057, 0.6087614, 0.41329333), (1.2247449, 0.70710677, 0.58578646), (1, 1, 0.58578646), (0.86091864, 0.86091864, 0.41329333), (0.9659258, 0.74118096, 0.41329333), (1.121971, 0.86091864, 0.58578646), (0.86091864, 1.121971, 0.58578646), (0.74118096, 0.9659258, 0.41329333), (0.86091864, 0.86091864, 0.41329333), (1, 1, 0.58578646), (0.70710677, 1.2247449, 0.58578646), (0.6087614, 1.0544057, 0.41329333), (0.74118096, 0.9659258, 0.41329333), (0.86091864, 1.121971, 0.58578646), (0.5411961, 1.306563, 0.58578646), (0.4659258, 1.1248444, 0.41329333), (0.6087614, 1.0544057, 0.41329333), (0.70710677, 1.2247449, 0.58578646), (0.36602542, 1.3660254, 0.58578646), (0.3151181, 1.1760367, 0.41329333), (0.4659258, 1.1248444, 0.41329333), (0.5411961, 1.306563, 0.58578646), (0.1845919, 1.4021147, 0.58578646), (0.15891862, 1.2071068, 0.41329333), (0.3151181, 1.1760367, 0.41329333), (0.36602542, 1.3660254, 0.58578646), (8.6595606e-17, 1.4142135, 0.58578646), (7.455177e-17, 1.2175229, 0.41329333), (0.15891862, 1.2071068, 0.41329333), (0.1845919, 1.4021147, 0.58578646), (1.2071068, 0.15891862, 0.41329333), (0.9914449, 0.13052619, 0.2679492), (1, 0, 0.2679492), (1.2175229, 0, 0.41329333), (1.1760367, 0.3151181, 0.41329333), (0.9659258, 0.25881904, 0.2679492), (0.9914449, 0.13052619, 0.2679492), (1.2071068, 0.15891862, 0.41329333), (1.1248444, 0.4659258, 0.41329333), (0.9238795, 0.38268343, 0.2679492), (0.9659258, 0.25881904, 0.2679492), (1.1760367, 0.3151181, 0.41329333), (1.0544057, 0.6087614, 0.41329333), (0.8660254, 0.5, 0.2679492), (0.9238795, 0.38268343, 0.2679492), (1.1248444, 0.4659258, 0.41329333), (0.9659258, 0.74118096, 0.41329333), (0.7933533, 0.6087614, 0.2679492), (0.8660254, 0.5, 0.2679492), (1.0544057, 0.6087614, 0.41329333), (0.86091864, 0.86091864, 0.41329333), (0.70710677, 0.70710677, 0.2679492), (0.7933533, 0.6087614, 0.2679492), (0.9659258, 0.74118096, 0.41329333), (0.74118096, 0.9659258, 0.41329333), (0.6087614, 0.7933533, 0.2679492), (0.70710677, 0.70710677, 0.2679492), (0.86091864, 0.86091864, 0.41329333), (0.6087614, 1.0544057, 0.41329333), (0.5, 0.8660254, 0.2679492), (0.6087614, 0.7933533, 0.2679492), (0.74118096, 0.9659258, 0.41329333), (0.4659258, 1.1248444, 0.41329333), (0.38268343, 0.9238795, 0.2679492), (0.5, 0.8660254, 0.2679492), (0.6087614, 1.0544057, 0.41329333), (0.3151181, 1.1760367, 0.41329333), (0.25881904, 0.9659258, 0.2679492), (0.38268343, 0.9238795, 0.2679492), (0.4659258, 1.1248444, 0.41329333), (0.15891862, 1.2071068, 0.41329333), (0.13052619, 0.9914449, 0.2679492), (0.25881904, 0.9659258, 0.2679492), (0.3151181, 1.1760367, 0.41329333), (7.455177e-17, 1.2175229, 0.41329333), (6.123234e-17, 1, 0.2679492), (0.13052619, 0.9914449, 0.2679492), (0.15891862, 1.2071068, 0.41329333), (0.9914449, 0.13052619, 0.2679492), (0.75881904, 0.099900424, 0.15224093), (0.76536685, 0, 0.15224093), (1, 0, 0.2679492), (0.9659258, 0.25881904, 0.2679492), (0.7392876, 0.19809152, 0.15224093), (0.75881904, 0.099900424, 0.15224093), (0.9914449, 0.13052619, 0.2679492), (0.9238795, 0.38268343, 0.2679492), (0.70710677, 0.29289323, 0.15224093), (0.7392876, 0.19809152, 0.15224093), (0.9659258, 0.25881904, 0.2679492), (0.8660254, 0.5, 0.2679492), (0.66282713, 0.38268343, 0.15224093), (0.70710677, 0.29289323, 0.15224093), (0.9238795, 0.38268343, 0.2679492), (0.7933533, 0.6087614, 0.2679492), (0.60720634, 0.4659258, 0.15224093), (0.66282713, 0.38268343, 0.15224093), (0.8660254, 0.5, 0.2679492), (0.70710677, 0.70710677, 0.2679492), (0.5411961, 0.5411961, 0.15224093), (0.60720634, 0.4659258, 0.15224093), (0.7933533, 0.6087614, 0.2679492), (0.6087614, 0.7933533, 0.2679492), (0.4659258, 0.60720634, 0.15224093), (0.5411961, 0.5411961, 0.15224093), (0.70710677, 0.70710677, 0.2679492), (0.5, 0.8660254, 0.2679492), (0.38268343, 0.66282713, 0.15224093), (0.4659258, 0.60720634, 0.15224093), (0.6087614, 0.7933533, 0.2679492), (0.38268343, 0.9238795, 0.2679492), (0.29289323, 0.70710677, 0.15224093), (0.38268343, 0.66282713, 0.15224093), (0.5, 0.8660254, 0.2679492), (0.25881904, 0.9659258, 0.2679492), (0.19809152, 0.7392876, 0.15224093), (0.29289323, 0.70710677, 0.15224093), (0.38268343, 0.9238795, 0.2679492), (0.13052619, 0.9914449, 0.2679492), (0.099900424, 0.75881904, 0.15224093), (0.19809152, 0.7392876, 0.15224093), (0.25881904, 0.9659258, 0.2679492), (6.123234e-17, 1, 0.2679492), (4.6865205e-17, 0.76536685, 0.15224093), (0.099900424, 0.75881904, 0.15224093), (0.13052619, 0.9914449, 0.2679492), (0.75881904, 0.099900424, 0.15224093), (0.51320964, 0.06756533, 0.068148345), (0.5176381, 0, 0.068148345), (0.76536685, 0, 0.15224093), (0.7392876, 0.19809152, 0.15224093), (0.5, 0.1339746, 0.068148345), (0.51320964, 0.06756533, 0.068148345), (0.75881904, 0.099900424, 0.15224093), (0.70710677, 0.29289323, 0.15224093), (0.47823524, 0.19809152, 0.068148345), (0.5, 0.1339746, 0.068148345), (0.7392876, 0.19809152, 0.15224093), (0.66282713, 0.38268343, 0.15224093), (0.44828773, 0.25881904, 0.068148345), (0.47823524, 0.19809152, 0.068148345), (0.70710677, 0.29289323, 0.15224093), (0.60720634, 0.4659258, 0.15224093), (0.4106699, 0.3151181, 0.068148345), (0.44828773, 0.25881904, 0.068148345), (0.66282713, 0.38268343, 0.15224093), (0.5411961, 0.5411961, 0.15224093), (0.36602542, 0.36602542, 0.068148345), (0.4106699, 0.3151181, 0.068148345), (0.60720634, 0.4659258, 0.15224093), (0.4659258, 0.60720634, 0.15224093), (0.3151181, 0.4106699, 0.068148345), (0.36602542, 0.36602542, 0.068148345), (0.5411961, 0.5411961, 0.15224093), (0.38268343, 0.66282713, 0.15224093), (0.25881904, 0.44828773, 0.068148345), (0.3151181, 0.4106699, 0.068148345), (0.4659258, 0.60720634, 0.15224093), (0.29289323, 0.70710677, 0.15224093), (0.19809152, 0.47823524, 0.068148345), (0.25881904, 0.44828773, 0.068148345), (0.38268343, 0.66282713, 0.15224093), (0.19809152, 0.7392876, 0.15224093), (0.1339746, 0.5, 0.068148345), (0.19809152, 0.47823524, 0.068148345), (0.29289323, 0.70710677, 0.15224093), (0.099900424, 0.75881904, 0.15224093), (0.06756533, 0.51320964, 0.068148345), (0.1339746, 0.5, 0.068148345), (0.19809152, 0.7392876, 0.15224093), (4.6865205e-17, 0.76536685, 0.15224093), (3.169619e-17, 0.5176381, 0.068148345), (0.06756533, 0.51320964, 0.068148345), (0.099900424, 0.75881904, 0.15224093), (0.51320964, 0.06756533, 0.068148345), (0.25881904, 0.034074172, 0.017110277), (0.26105237, 0, 0.017110277), (0.5176381, 0, 0.068148345), (0.5, 0.1339746, 0.068148345), (0.25215724, 0.06756533, 0.017110277), (0.25881904, 0.034074172, 0.017110277), (0.51320964, 0.06756533, 0.068148345), (0.47823524, 0.19809152, 0.068148345), (0.24118096, 0.099900424, 0.017110277), (0.25215724, 0.06756533, 0.017110277), (0.5, 0.1339746, 0.068148345), (0.44828773, 0.25881904, 0.068148345), (0.226078, 0.13052619, 0.017110277), (0.24118096, 0.099900424, 0.017110277), (0.47823524, 0.19809152, 0.068148345), (0.4106699, 0.3151181, 0.068148345), (0.20710678, 0.15891862, 0.017110277), (0.226078, 0.13052619, 0.017110277), (0.44828773, 0.25881904, 0.068148345), (0.36602542, 0.36602542, 0.068148345), (0.1845919, 0.1845919, 0.017110277), (0.20710678, 0.15891862, 0.017110277), (0.4106699, 0.3151181, 0.068148345), (0.3151181, 0.4106699, 0.068148345), (0.15891862, 0.20710678, 0.017110277), (0.1845919, 0.1845919, 0.017110277), (0.36602542, 0.36602542, 0.068148345), (0.25881904, 0.44828773, 0.068148345), (0.13052619, 0.226078, 0.017110277), (0.15891862, 0.20710678, 0.017110277), (0.3151181, 0.4106699, 0.068148345), (0.19809152, 0.47823524, 0.068148345), (0.099900424, 0.24118096, 0.017110277), (0.13052619, 0.226078, 0.017110277), (0.25881904, 0.44828773, 0.068148345), (0.1339746, 0.5, 0.068148345), (0.06756533, 0.25215724, 0.017110277), (0.099900424, 0.24118096, 0.017110277), (0.19809152, 0.47823524, 0.068148345), (0.06756533, 0.51320964, 0.068148345), (0.034074172, 0.25881904, 0.017110277), (0.06756533, 0.25215724, 0.017110277), (0.1339746, 0.5, 0.068148345), (3.169619e-17, 0.5176381, 0.068148345), (1.5984848e-17, 0.26105237, 0.017110277), (0.034074172, 0.25881904, 0.017110277), (0.06756533, 0.51320964, 0.068148345), (0.25881904, 0.034074172, 0.017110277), (2.4492937e-16, 0, 0), (0.26105237, 0, 0.017110277), (0.25215724, 0.06756533, 0.017110277), (2.4283394e-16, 3.1969697e-17, 0), (0.25881904, 0.034074172, 0.017110277), (0.24118096, 0.099900424, 0.017110277), (2.3658358e-16, 6.339238e-17, 0), (0.25215724, 0.06756533, 0.017110277), (0.226078, 0.13052619, 0.017110277), (2.2628522e-16, 9.373041e-17, 0), (0.24118096, 0.099900424, 0.017110277), (0.20710678, 0.15891862, 0.017110277), (2.1211505e-16, 1.2246469e-16, 0), (0.226078, 0.13052619, 0.017110277), (0.1845919, 0.1845919, 0.017110277), (1.9431553e-16, 1.4910354e-16, 0), (0.20710678, 0.15891862, 0.017110277), (0.15891862, 0.20710678, 0.017110277), (1.7319121e-16, 1.7319121e-16, 0), (0.1845919, 0.1845919, 0.017110277), (0.13052619, 0.226078, 0.017110277), (1.4910354e-16, 1.9431553e-16, 0), (0.15891862, 0.20710678, 0.017110277), (0.099900424, 0.24118096, 0.017110277), (1.2246469e-16, 2.1211505e-16, 0), (0.13052619, 0.226078, 0.017110277), (0.06756533, 0.25215724, 0.017110277), (9.373041e-17, 2.2628522e-16, 0), (0.099900424, 0.24118096, 0.017110277), (0.034074172, 0.25881904, 0.017110277), (6.339238e-17, 2.3658358e-16, 0), (0.06756533, 0.25215724, 0.017110277), (1.5984848e-17, 0.26105237, 0.017110277), (3.1969697e-17, 2.4283394e-16, 0), (0.034074172, 0.25881904, 0.017110277)]
            texCoord2f[] primvars:st = [(0.26105237, 2), (0.25881904, 1.7389476), (-3.6425093e-16, 1.7389476), (-3.6739403e-16, 2), (0.5176381, 2), (0.51320964, 1.7389476), (0.25881904, 1.7389476), (0.26105237, 2), (0.76536685, 2), (0.75881904, 1.7389476), (0.51320964, 1.7389476), (0.5176381, 2), (1, 2), (0.9914449, 1.7389476), (0.75881904, 1.7389476), (0.76536685, 2), (1.2175229, 2), (1.2071068, 1.7389476), (0.9914449, 1.7389476), (1, 2), (1.4142135, 2), (1.4021147, 1.7389476), (1.2071068, 1.7389476), (1.2175229, 2), (-1.2175229, 2), (-1.2071068, 1.7389476), (-1.4021147, 1.7389476), (-1.4142135, 2), (-1, 2), (-0.9914449, 1.7389476), (-1.2071068, 1.7389476), (-1.2175229, 2), (-0.76536685, 2), (-0.75881904, 1.7389476), (-0.9914449, 1.7389476), (-1, 2), (-0.5176381, 2), (-0.51320964, 1.7389476), (-0.75881904, 1.7389476), (-0.76536685, 2), (-0.26105237, 2), (-0.25881904, 1.7389476), (-0.51320964, 1.7389476), (-0.5176381, 2), (-4.8985874e-16, 2), (-4.856679e-16, 1.7389476), (-0.25881904, 1.7389476), (-0.26105237, 2), (0.25881904, 1.7389476), (0.25215724, 1.4823619), (-3.5487539e-16, 1.4823619), (-3.6425093e-16, 1.7389476), (0.51320964, 1.7389476), (0.5, 1.4823619), (0.25215724, 1.4823619), (0.25881904, 1.7389476), (0.75881904, 1.7389476), (0.7392876, 1.4823619), (0.5, 1.4823619), (0.51320964, 1.7389476), (0.9914449, 1.7389476), (0.9659258, 1.4823619), (0.7392876, 1.4823619), (0.75881904, 1.7389476), (1.2071068, 1.7389476), (1.1760367, 1.4823619), (0.9659258, 1.4823619), (0.9914449, 1.7389476), (1.4021147, 1.7389476), (1.3660254, 1.4823619), (1.1760367, 1.4823619), (1.2071068, 1.7389476), (-1.2071068, 1.7389476), (-1.1760367, 1.4823619), (-1.3660254, 1.4823619), (-1.4021147, 1.7389476), (-0.9914449, 1.7389476), (-0.9659258, 1.4823619), (-1.1760367, 1.4823619), (-1.2071068, 1.7389476), (-0.75881904, 1.7389476), (-0.7392876, 1.4823619), (-0.9659258, 1.4823619), (-0.9914449, 1.7389476), (-0.51320964, 1.7389476), (-0.5, 1.4823619), (-0.7392876, 1.4823619), (-0.75881904, 1.7389476), (-0.25881904, 1.7389476), (-0.25215724, 1.4823619), (-0.5, 1.4823619), (-0.51320964, 1.7389476), (-4.856679e-16, 1.7389476), (-4.7316716e-16, 1.4823619), (-0.25215724, 1.4823619), (-0.25881904, 1.7389476), (0.25215724, 1.4823619), (0.24118096, 1.2346331), (-3.3942783e-16, 1.2346331), (-3.5487539e-16, 1.4823619), (0.5, 1.4823619), (0.47823524, 1.2346331), (0.24118096, 1.2346331), (0.25215724, 1.4823619), (0.7392876, 1.4823619), (0.70710677, 1.2346331), (0.47823524, 1.2346331), (0.5, 1.4823619), (0.9659258, 1.4823619), (0.9238795, 1.2346331), (0.70710677, 1.2346331), (0.7392876, 1.4823619), (1.1760367, 1.4823619), (1.1248444, 1.2346331), (0.9238795, 1.2346331), (0.9659258, 1.4823619), (1.3660254, 1.4823619), (1.306563, 1.2346331), (1.1248444, 1.2346331), (1.1760367, 1.4823619), (-1.1760367, 1.4823619), (-1.1248444, 1.2346331), (-1.306563, 1.2346331), (-1.3660254, 1.4823619), (-0.9659258, 1.4823619), (-0.9238795, 1.2346331), (-1.1248444, 1.2346331), (-1.1760367, 1.4823619), (-0.7392876, 1.4823619), (-0.70710677, 1.2346331), (-0.9238795, 1.2346331), (-0.9659258, 1.4823619), (-0.5, 1.4823619), (-0.47823524, 1.2346331), (-0.70710677, 1.2346331), (-0.7392876, 1.4823619), (-0.25215724, 1.4823619), (-0.24118096, 1.2346331), (-0.47823524, 1.2346331), (-0.5, 1.4823619), (-4.7316716e-16, 1.4823619), (-4.5257044e-16, 1.2346331), (-0.24118096, 1.2346331), (-0.25215724, 1.4823619), (0.24118096, 1.2346331), (0.226078, 1), (-3.1817257e-16, 1), (-3.3942783e-16, 1.2346331), (0.47823524, 1.2346331), (0.44828773, 1), (0.226078, 1), (0.24118096, 1.2346331), (0.70710677, 1.2346331), (0.66282713, 1), (0.44828773, 1), (0.47823524, 1.2346331), (0.9238795, 1.2346331), (0.8660254, 1), (0.66282713, 1), (0.70710677, 1.2346331), (1.1248444, 1.2346331), (1.0544057, 1), (0.8660254, 1), (0.9238795, 1.2346331), (1.306563, 1.2346331), (1.2247449, 1), (1.0544057, 1), (1.1248444, 1.2346331), (-1.1248444, 1.2346331), (-1.0544057, 1), (-1.2247449, 1), (-1.306563, 1.2346331), (-0.9238795, 1.2346331), (-0.8660254, 1), (-1.0544057, 1), (-1.1248444, 1.2346331), (-0.70710677, 1.2346331), (-0.66282713, 1), (-0.8660254, 1), (-0.9238795, 1.2346331), (-0.47823524, 1.2346331), (-0.44828773, 1), (-0.66282713, 1), (-0.70710677, 1.2346331), (-0.24118096, 1.2346331), (-0.226078, 1), (-0.44828773, 1), (-0.47823524, 1.2346331), (-4.5257044e-16, 1.2346331), (-4.242301e-16, 1), (-0.226078, 1), (-0.24118096, 1.2346331), (0.226078, 1), (0.20710678, 0.78247714), (-2.914733e-16, 0.78247714), (-3.1817257e-16, 1), (0.44828773, 1), (0.4106699, 0.78247714), (0.20710678, 0.78247714), (0.226078, 1), (0.66282713, 1), (0.60720634, 0.78247714), (0.4106699, 0.78247714), (0.44828773, 1), (0.8660254, 1), (0.7933533, 0.78247714), (0.60720634, 0.78247714), (0.66282713, 1), (1.0544057, 1), (0.9659258, 0.78247714), (0.7933533, 0.78247714), (0.8660254, 1), (1.2247449, 1), (1.121971, 0.78247714), (0.9659258, 0.78247714), (1.0544057, 1), (-1.0544057, 1), (-0.9659258, 0.78247714), (-1.121971, 0.78247714), (-1.2247449, 1), (-0.8660254, 1), (-0.7933533, 0.78247714), (-0.9659258, 0.78247714), (-1.0544057, 1), (-0.66282713, 1), (-0.60720634, 0.78247714), (-0.7933533, 0.78247714), (-0.8660254, 1), (-0.44828773, 1), (-0.4106699, 0.78247714), (-0.60720634, 0.78247714), (-0.66282713, 1), (-0.226078, 1), (-0.20710678, 0.78247714), (-0.4106699, 0.78247714), (-0.44828773, 1), (-4.242301e-16, 1), (-3.8863105e-16, 0.78247714), (-0.20710678, 0.78247714), (-0.226078, 1), (0.20710678, 0.78247714), (0.1845919, 0.58578646), (-2.597868e-16, 0.58578646), (-2.914733e-16, 0.78247714), (0.4106699, 0.78247714), (0.36602542, 0.58578646), (0.1845919, 0.58578646), (0.20710678, 0.78247714), (0.60720634, 0.78247714), (0.5411961, 0.58578646), (0.36602542, 0.58578646), (0.4106699, 0.78247714), (0.7933533, 0.78247714), (0.70710677, 0.58578646), (0.5411961, 0.58578646), (0.60720634, 0.78247714), (0.9659258, -1.2588191), (0.86091864, -1.121971), (0.70710677, -1.2247449), (0.7933533, -1.3741283), (1.121971, -1.121971), (1, -1), (0.86091864, -1.121971), (0.9659258, -1.2588191), (1.2588191, -0.9659258), (1.121971, -0.86091864), (1, -1), (1.121971, -1.121971), (1.3741283, -0.7933533), (1.2247449, -0.70710677), (1.121971, -0.86091864), (1.2588191, -0.9659258), (-0.60720634, 0.78247714), (-0.5411961, 0.58578646), (-0.70710677, 0.58578646), (-0.7933533, 0.78247714), (-0.4106699, 0.78247714), (-0.36602542, 0.58578646), (-0.5411961, 0.58578646), (-0.60720634, 0.78247714), (-0.20710678, 0.78247714), (-0.1845919, 0.58578646), (-0.36602542, 0.58578646), (-0.4106699, 0.78247714), (-3.8863105e-16, 0.78247714), (-3.4638242e-16, 0.58578646), (-0.1845919, 0.58578646), (-0.20710678, 0.78247714), (0.1845919, -1.4021147), (0.15891862, -1.2071068), (-2.2365532e-16, -1.2175229), (-2.597868e-16, -1.4142135), (0.36602542, -1.3660254), (0.3151181, -1.1760367), (0.15891862, -1.2071068), (0.1845919, -1.4021147), (0.5411961, -1.306563), (0.4659258, -1.1248444), (0.3151181, -1.1760367), (0.36602542, -1.3660254), (0.70710677, -1.2247449), (0.6087614, -1.0544057), (0.4659258, -1.1248444), (0.5411961, -1.306563), (0.86091864, -1.121971), (0.74118096, -0.9659258), (0.6087614, -1.0544057), (0.70710677, -1.2247449), (1, -1), (0.86091864, -0.86091864), (0.74118096, -0.9659258), (0.86091864, -1.121971), (1.121971, -0.86091864), (0.9659258, -0.74118096), (0.86091864, -0.86091864), (1, -1), (1.2247449, -0.70710677), (1.0544057, -0.6087614), (0.9659258, -0.74118096), (1.121971, -0.86091864), (1.306563, -0.5411961), (1.1248444, -0.4659258), (1.0544057, -0.6087614), (1.2247449, -0.70710677), (1.3660254, -0.36602542), (1.1760367, -0.3151181), (1.1248444, -0.4659258), (1.306563, -0.5411961), (1.4021147, -0.1845919), (1.2071068, -0.15891862), (1.1760367, -0.3151181), (1.3660254, -0.36602542), (1.4142135, -3.4638242e-16), (1.2175229, -2.9820708e-16), (1.2071068, -0.15891862), (1.4021147, -0.1845919), (0.15891862, -1.2071068), (0.13052619, -0.9914449), (-1.8369701e-16, -1), (-2.2365532e-16, -1.2175229), (0.3151181, -1.1760367), (0.25881904, -0.9659258), (0.13052619, -0.9914449), (0.15891862, -1.2071068), (0.4659258, -1.1248444), (0.38268343, -0.9238795), (0.25881904, -0.9659258), (0.3151181, -1.1760367), (0.6087614, -1.0544057), (0.5, -0.8660254), (0.38268343, -0.9238795), (0.4659258, -1.1248444), (0.74118096, -0.9659258), (0.6087614, -0.7933533), (0.5, -0.8660254), (0.6087614, -1.0544057), (0.86091864, -0.86091864), (0.70710677, -0.70710677), (0.6087614, -0.7933533), (0.74118096, -0.9659258), (0.9659258, -0.74118096), (0.7933533, -0.6087614), (0.70710677, -0.70710677), (0.86091864, -0.86091864), (1.0544057, -0.6087614), (0.8660254, -0.5), (0.7933533, -0.6087614), (0.9659258, -0.74118096), (1.1248444, -0.4659258), (0.9238795, -0.38268343), (0.8660254, -0.5), (1.0544057, -0.6087614), (1.1760367, -0.3151181), (0.9659258, -0.25881904), (0.9238795, -0.38268343), (1.1248444, -0.4659258), (1.2071068, -0.15891862), (0.9914449, -0.13052619), (0.9659258, -0.25881904), (1.1760367, -0.3151181), (1.2175229, -2.9820708e-16), (1, -2.4492937e-16), (0.9914449, -0.13052619), (1.2071068, -0.15891862), (0.13052619, -0.9914449), (0.099900424, -0.75881904), (-1.4059561e-16, -0.76536685), (-1.8369701e-16, -1), (0.25881904, -0.9659258), (0.19809152, -0.7392876), (0.099900424, -0.75881904), (0.13052619, -0.9914449), (0.38268343, -0.9238795), (0.29289323, -0.70710677), (0.19809152, -0.7392876), (0.25881904, -0.9659258), (0.5, -0.8660254), (0.38268343, -0.66282713), (0.29289323, -0.70710677), (0.38268343, -0.9238795), (0.6087614, -0.7933533), (0.4659258, -0.60720634), (0.38268343, -0.66282713), (0.5, -0.8660254), (0.70710677, -0.70710677), (0.5411961, -0.5411961), (0.4659258, -0.60720634), (0.6087614, -0.7933533), (0.7933533, -0.6087614), (0.60720634, -0.4659258), (0.5411961, -0.5411961), (0.70710677, -0.70710677), (0.8660254, -0.5), (0.66282713, -0.38268343), (0.60720634, -0.4659258), (0.7933533, -0.6087614), (0.9238795, -0.38268343), (0.70710677, -0.29289323), (0.66282713, -0.38268343), (0.8660254, -0.5), (0.9659258, -0.25881904), (0.7392876, -0.19809152), (0.70710677, -0.29289323), (0.9238795, -0.38268343), (0.9914449, -0.13052619), (0.75881904, -0.099900424), (0.7392876, -0.19809152), (0.9659258, -0.25881904), (1, -2.4492937e-16), (0.76536685, -1.8746082e-16), (0.75881904, -0.099900424), (0.9914449, -0.13052619), (0.099900424, -0.75881904), (0.06756533, -0.51320964), (-9.5088574e-17, -0.5176381), (-1.4059561e-16, -0.76536685), (0.19809152, -0.7392876), (0.1339746, -0.5), (0.06756533, -0.51320964), (0.099900424, -0.75881904), (0.29289323, -0.70710677), (0.19809152, -0.47823524), (0.1339746, -0.5), (0.19809152, -0.7392876), (0.38268343, -0.66282713), (0.25881904, -0.44828773), (0.19809152, -0.47823524), (0.29289323, -0.70710677), (0.4659258, -0.60720634), (0.3151181, -0.4106699), (0.25881904, -0.44828773), (0.38268343, -0.66282713), (0.5411961, -0.5411961), (0.36602542, -0.36602542), (0.3151181, -0.4106699), (0.4659258, -0.60720634), (0.60720634, -0.4659258), (0.4106699, -0.3151181), (0.36602542, -0.36602542), (0.5411961, -0.5411961), (0.66282713, -0.38268343), (0.44828773, -0.25881904), (0.4106699, -0.3151181), (0.60720634, -0.4659258), (0.70710677, -0.29289323), (0.47823524, -0.19809152), (0.44828773, -0.25881904), (0.66282713, -0.38268343), (0.7392876, -0.19809152), (0.5, -0.1339746), (0.47823524, -0.19809152), (0.70710677, -0.29289323), (0.75881904, -0.099900424), (0.51320964, -0.06756533), (0.5, -0.1339746), (0.7392876, -0.19809152), (0.76536685, -1.8746082e-16), (0.5176381, -1.2678477e-16), (0.51320964, -0.06756533), (0.75881904, -0.099900424), (0.06756533, -0.51320964), (0.034074172, -0.25881904), (-4.7954545e-17, -0.26105237), (-9.5088574e-17, -0.5176381), (0.1339746, -0.5), (0.06756533, -0.25215724), (0.034074172, -0.25881904), (0.06756533, -0.51320964), (0.19809152, -0.47823524), (0.099900424, -0.24118096), (0.06756533, -0.25215724), (0.1339746, -0.5), (0.25881904, -0.44828773), (0.13052619, -0.226078), (0.099900424, -0.24118096), (0.19809152, -0.47823524), (0.3151181, -0.4106699), (0.15891862, -0.20710678), (0.13052619, -0.226078), (0.25881904, -0.44828773), (0.36602542, -0.36602542), (0.1845919, -0.1845919), (0.15891862, -0.20710678), (0.3151181, -0.4106699), (0.4106699, -0.3151181), (0.20710678, -0.15891862), (0.1845919, -0.1845919), (0.36602542, -0.36602542), (0.44828773, -0.25881904), (0.226078, -0.13052619), (0.20710678, -0.15891862), (0.4106699, -0.3151181), (0.47823524, -0.19809152), (0.24118096, -0.099900424), (0.226078, -0.13052619), (0.44828773, -0.25881904), (0.5, -0.1339746), (0.25215724, -0.06756533), (0.24118096, -0.099900424), (0.47823524, -0.19809152), (0.51320964, -0.06756533), (0.25881904, -0.034074172), (0.25215724, -0.06756533), (0.5, -0.1339746), (0.5176381, -1.2678477e-16), (0.26105237, -6.3939394e-17), (0.25881904, -0.034074172), (0.51320964, -0.06756533), (0.034074172, -0.25881904), (-4.4992793e-32, -2.4492937e-16), (-4.7954545e-17, -0.26105237), (0.06756533, -0.25215724), (3.1969697e-17, -2.4283394e-16), (0.034074172, -0.25881904), (0.099900424, -0.24118096), (6.339238e-17, -2.3658358e-16), (0.06756533, -0.25215724), (0.13052619, -0.226078), (9.373041e-17, -2.2628522e-16), (0.099900424, -0.24118096), (0.15891862, -0.20710678), (1.2246469e-16, -2.1211505e-16), (0.13052619, -0.226078), (0.1845919, -0.1845919), (1.4910354e-16, -1.9431553e-16), (0.15891862, -0.20710678), (0.20710678, -0.15891862), (1.7319121e-16, -1.7319121e-16), (0.1845919, -0.1845919), (0.226078, -0.13052619), (1.9431553e-16, -1.4910354e-16), (0.20710678, -0.15891862), (0.24118096, -0.099900424), (2.1211505e-16, -1.2246469e-16), (0.226078, -0.13052619), (0.25215724, -0.06756533), (2.2628522e-16, -9.373041e-17), (0.24118096, -0.099900424), (0.25881904, -0.034074172), (2.3658358e-16, -6.339238e-17), (0.25215724, -0.06756533), (0.26105237, -6.3939394e-17), (2.4283394e-16, -3.1969697e-17), (0.25881904, -0.034074172), (0.26105237, 2), (0.25881904, 1.7389476), (0, 1.7389476), (0, 2), (0.5176381, 2), (0.51320964, 1.7389476), (0.25881904, 1.7389476), (0.26105237, 2), (0.76536685, 2), (0.75881904, 1.7389476), (0.51320964, 1.7389476), (0.5176381, 2), (1, 2), (0.9914449, 1.7389476), (0.75881904, 1.7389476), (0.76536685, 2), (1.2175229, 2), (1.2071068, 1.7389476), (0.9914449, 1.7389476), (1, 2), (1.4142135, 2), (1.4021147, 1.7389476), (1.2071068, 1.7389476), (1.2175229, 2), (1.2175229, 2), (1.2071068, 1.7389476), (1.4021147, 1.7389476), (1.4142135, 2), (1, 2), (0.9914449, 1.7389476), (1.2071068, 1.7389476), (1.2175229, 2), (0.76536685, 2), (0.75881904, 1.7389476), (0.9914449, 1.7389476), (1, 2), (0.5176381, 2), (0.51320964, 1.7389476), (0.75881904, 1.7389476), (0.76536685, 2), (0.26105237, 2), (0.25881904, 1.7389476), (0.51320964, 1.7389476), (0.5176381, 2), (1.2246469e-16, 2), (1.2141697e-16, 1.7389476), (0.25881904, 1.7389476), (0.26105237, 2), (0.25881904, 1.7389476), (0.25215724, 1.4823619), (0, 1.4823619), (0, 1.7389476), (0.51320964, 1.7389476), (0.5, 1.4823619), (0.25215724, 1.4823619), (0.25881904, 1.7389476), (0.75881904, 1.7389476), (0.7392876, 1.4823619), (0.5, 1.4823619), (0.51320964, 1.7389476), (0.9914449, 1.7389476), (0.9659258, 1.4823619), (0.7392876, 1.4823619), (0.75881904, 1.7389476), (1.2071068, 1.7389476), (1.1760367, 1.4823619), (0.9659258, 1.4823619), (0.9914449, 1.7389476), (1.4021147, 1.7389476), (1.3660254, 1.4823619), (1.1760367, 1.4823619), (1.2071068, 1.7389476), (1.2071068, 1.7389476), (1.1760367, 1.4823619), (1.3660254, 1.4823619), (1.4021147, 1.7389476), (0.9914449, 1.7389476), (0.9659258, 1.4823619), (1.1760367, 1.4823619), (1.2071068, 1.7389476), (0.75881904, 1.7389476), (0.7392876, 1.4823619), (0.9659258, 1.4823619), (0.9914449, 1.7389476), (0.51320964, 1.7389476), (0.5, 1.4823619), (0.7392876, 1.4823619), (0.75881904, 1.7389476), (0.25881904, 1.7389476), (0.25215724, 1.4823619), (0.5, 1.4823619), (0.51320964, 1.7389476), (1.2141697e-16, 1.7389476), (1.1829179e-16, 1.4823619), (0.25215724, 1.4823619), (0.25881904, 1.7389476), (0.25215724, 1.4823619), (0.24118096, 1.2346331), (0, 1.2346331), (0, 1.4823619), (0.5, 1.4823619), (0.47823524, 1.2346331), (0.24118096, 1.2346331), (0.25215724, 1.4823619), (0.7392876, 1.4823619), (0.70710677, 1.2346331), (0.47823524, 1.2346331), (0.5, 1.4823619), (0.9659258, 1.4823619), (0.9238795, 1.2346331), (0.70710677, 1.2346331), (0.7392876, 1.4823619), (1.1760367, 1.4823619), (1.1248444, 1.2346331), (0.9238795, 1.2346331), (0.9659258, 1.4823619), (1.3660254, 1.4823619), (1.306563, 1.2346331), (1.1248444, 1.2346331), (1.1760367, 1.4823619), (1.1760367, 1.4823619), (1.1248444, 1.2346331), (1.306563, 1.2346331), (1.3660254, 1.4823619), (0.9659258, 1.4823619), (0.9238795, 1.2346331), (1.1248444, 1.2346331), (1.1760367, 1.4823619), (0.7392876, 1.4823619), (0.70710677, 1.2346331), (0.9238795, 1.2346331), (0.9659258, 1.4823619), (0.5, 1.4823619), (0.47823524, 1.2346331), (0.70710677, 1.2346331), (0.7392876, 1.4823619), (0.25215724, 1.4823619), (0.24118096, 1.2346331), (0.47823524, 1.2346331), (0.5, 1.4823619), (1.1829179e-16, 1.4823619), (1.1314261e-16, 1.2346331), (0.24118096, 1.2346331), (0.25215724, 1.4823619), (0.24118096, 1.2346331), (0.226078, 1), (0, 1), (0, 1.2346331), (0.47823524, 1.2346331), (0.44828773, 1), (0.226078, 1), (0.24118096, 1.2346331), (0.70710677, 1.2346331), (0.66282713, 1), (0.44828773, 1), (0.47823524, 1.2346331), (0.9238795, 1.2346331), (0.8660254, 1), (0.66282713, 1), (0.70710677, 1.2346331), (1.1248444, 1.2346331), (1.0544057, 1), (0.8660254, 1), (0.9238795, 1.2346331), (1.306563, 1.2346331), (1.2247449, 1), (1.0544057, 1), (1.1248444, 1.2346331), (1.1248444, 1.2346331), (1.0544057, 1), (1.2247449, 1), (1.306563, 1.2346331), (0.9238795, 1.2346331), (0.8660254, 1), (1.0544057, 1), (1.1248444, 1.2346331), (0.70710677, 1.2346331), (0.66282713, 1), (0.8660254, 1), (0.9238795, 1.2346331), (0.47823524, 1.2346331), (0.44828773, 1), (0.66282713, 1), (0.70710677, 1.2346331), (0.24118096, 1.2346331), (0.226078, 1), (0.44828773, 1), (0.47823524, 1.2346331), (1.1314261e-16, 1.2346331), (1.06057525e-16, 1), (0.226078, 1), (0.24118096, 1.2346331), (0.226078, 1), (0.20710678, 0.78247714), (0, 0.78247714), (0, 1), (0.44828773, 1), (0.4106699, 0.78247714), (0.20710678, 0.78247714), (0.226078, 1), (0.66282713, 1), (0.60720634, 0.78247714), (0.4106699, 0.78247714), (0.44828773, 1), (0.8660254, 1), (0.7933533, 0.78247714), (0.60720634, 0.78247714), (0.66282713, 1), (1.0544057, 1), (0.9659258, 0.78247714), (0.7933533, 0.78247714), (0.8660254, 1), (1.2247449, 1), (1.121971, 0.78247714), (0.9659258, 0.78247714), (1.0544057, 1), (1.0544057, 1), (0.9659258, 0.78247714), (1.121971, 0.78247714), (1.2247449, 1), (0.8660254, 1), (0.7933533, 0.78247714), (0.9659258, 0.78247714), (1.0544057, 1), (0.66282713, 1), (0.60720634, 0.78247714), (0.7933533, 0.78247714), (0.8660254, 1), (0.44828773, 1), (0.4106699, 0.78247714), (0.60720634, 0.78247714), (0.66282713, 1), (0.226078, 1), (0.20710678, 0.78247714), (0.4106699, 0.78247714), (0.44828773, 1), (1.06057525e-16, 1), (9.715776e-17, 0.78247714), (0.20710678, 0.78247714), (0.226078, 1), (0.20710678, 0.78247714), (0.1845919, 0.58578646), (0, 0.58578646), (0, 0.78247714), (0.4106699, 0.78247714), (0.36602542, 0.58578646), (0.1845919, 0.58578646), (0.20710678, 0.78247714), (0.60720634, 0.78247714), (0.5411961, 0.58578646), (0.36602542, 0.58578646), (0.4106699, 0.78247714), (0.7933533, 0.78247714), (0.70710677, 0.58578646), (0.5411961, 0.58578646), (0.60720634, 0.78247714), (1.2588191, 0.9659258), (1.121971, 0.86091864), (1.2247449, 0.70710677), (1.3741283, 0.7933533), (1.121971, 1.121971), (1, 1), (1.121971, 0.86091864), (1.2588191, 0.9659258), (0.9659258, 1.2588191), (0.86091864, 1.121971), (1, 1), (1.121971, 1.121971), (0.7933533, 1.3741283), (0.70710677, 1.2247449), (0.86091864, 1.121971), (0.9659258, 1.2588191), (0.60720634, 0.78247714), (0.5411961, 0.58578646), (0.70710677, 0.58578646), (0.7933533, 0.78247714), (0.4106699, 0.78247714), (0.36602542, 0.58578646), (0.5411961, 0.58578646), (0.60720634, 0.78247714), (0.20710678, 0.78247714), (0.1845919, 0.58578646), (0.36602542, 0.58578646), (0.4106699, 0.78247714), (9.715776e-17, 0.78247714), (8.6595606e-17, 0.58578646), (0.1845919, 0.58578646), (0.20710678, 0.78247714), (1.4021147, 0.1845919), (1.2071068, 0.15891862), (1.2175229, 0), (1.4142135, 0), (1.3660254, 0.36602542), (1.1760367, 0.3151181), (1.2071068, 0.15891862), (1.4021147, 0.1845919), (1.306563, 0.5411961), (1.1248444, 0.4659258), (1.1760367, 0.3151181), (1.3660254, 0.36602542), (1.2247449, 0.70710677), (1.0544057, 0.6087614), (1.1248444, 0.4659258), (1.306563, 0.5411961), (1.121971, 0.86091864), (0.9659258, 0.74118096), (1.0544057, 0.6087614), (1.2247449, 0.70710677), (1, 1), (0.86091864, 0.86091864), (0.9659258, 0.74118096), (1.121971, 0.86091864), (0.86091864, 1.121971), (0.74118096, 0.9659258), (0.86091864, 0.86091864), (1, 1), (0.70710677, 1.2247449), (0.6087614, 1.0544057), (0.74118096, 0.9659258), (0.86091864, 1.121971), (0.5411961, 1.306563), (0.4659258, 1.1248444), (0.6087614, 1.0544057), (0.70710677, 1.2247449), (0.36602542, 1.3660254), (0.3151181, 1.1760367), (0.4659258, 1.1248444), (0.5411961, 1.306563), (0.1845919, 1.4021147), (0.15891862, 1.2071068), (0.3151181, 1.1760367), (0.36602542, 1.3660254), (8.6595606e-17, 1.4142135), (7.455177e-17, 1.2175229), (0.15891862, 1.2071068), (0.1845919, 1.4021147), (1.2071068, 0.15891862), (0.9914449, 0.13052619), (1, 0), (1.2175229, 0), (1.1760367, 0.3151181), (0.9659258, 0.25881904), (0.9914449, 0.13052619), (1.2071068, 0.15891862), (1.1248444, 0.4659258), (0.9238795, 0.38268343), (0.9659258, 0.25881904), (1.1760367, 0.3151181), (1.0544057, 0.6087614), (0.8660254, 0.5), (0.9238795, 0.38268343), (1.1248444, 0.4659258), (0.9659258, 0.74118096), (0.7933533, 0.6087614), (0.8660254, 0.5), (1.0544057, 0.6087614), (0.86091864, 0.86091864), (0.70710677, 0.70710677), (0.7933533, 0.6087614), (0.9659258, 0.74118096), (0.74118096, 0.9659258), (0.6087614, 0.7933533), (0.70710677, 0.70710677), (0.86091864, 0.86091864), (0.6087614, 1.0544057), (0.5, 0.8660254), (0.6087614, 0.7933533), (0.74118096, 0.9659258), (0.4659258, 1.1248444), (0.38268343, 0.9238795), (0.5, 0.8660254), (0.6087614, 1.0544057), (0.3151181, 1.1760367), (0.25881904, 0.9659258), (0.38268343, 0.9238795), (0.4659258, 1.1248444), (0.15891862, 1.2071068), (0.13052619, 0.9914449), (0.25881904, 0.9659258), (0.3151181, 1.1760367), (7.455177e-17, 1.2175229), (6.123234e-17, 1), (0.13052619, 0.9914449), (0.15891862, 1.2071068), (0.9914449, 0.13052619), (0.75881904, 0.099900424), (0.76536685, 0), (1, 0), (0.9659258, 0.25881904), (0.7392876, 0.19809152), (0.75881904, 0.099900424), (0.9914449, 0.13052619), (0.9238795, 0.38268343), (0.70710677, 0.29289323), (0.7392876, 0.19809152), (0.9659258, 0.25881904), (0.8660254, 0.5), (0.66282713, 0.38268343), (0.70710677, 0.29289323), (0.9238795, 0.38268343), (0.7933533, 0.6087614), (0.60720634, 0.4659258), (0.66282713, 0.38268343), (0.8660254, 0.5), (0.70710677, 0.70710677), (0.5411961, 0.5411961), (0.60720634, 0.4659258), (0.7933533, 0.6087614), (0.6087614, 0.7933533), (0.4659258, 0.60720634), (0.5411961, 0.5411961), (0.70710677, 0.70710677), (0.5, 0.8660254), (0.38268343, 0.66282713), (0.4659258, 0.60720634), (0.6087614, 0.7933533), (0.38268343, 0.9238795), (0.29289323, 0.70710677), (0.38268343, 0.66282713), (0.5, 0.8660254), (0.25881904, 0.9659258), (0.19809152, 0.7392876), (0.29289323, 0.70710677), (0.38268343, 0.9238795), (0.13052619, 0.9914449), (0.099900424, 0.75881904), (0.19809152, 0.7392876), (0.25881904, 0.9659258), (6.123234e-17, 1), (4.6865205e-17, 0.76536685), (0.099900424, 0.75881904), (0.13052619, 0.9914449), (0.75881904, 0.099900424), (0.51320964, 0.06756533), (0.5176381, 0), (0.76536685, 0), (0.7392876, 0.19809152), (0.5, 0.1339746), (0.51320964, 0.06756533), (0.75881904, 0.099900424), (0.70710677, 0.29289323), (0.47823524, 0.19809152), (0.5, 0.1339746), (0.7392876, 0.19809152), (0.66282713, 0.38268343), (0.44828773, 0.25881904), (0.47823524, 0.19809152), (0.70710677, 0.29289323), (0.60720634, 0.4659258), (0.4106699, 0.3151181), (0.44828773, 0.25881904), (0.66282713, 0.38268343), (0.5411961, 0.5411961), (0.36602542, 0.36602542), (0.4106699, 0.3151181), (0.60720634, 0.4659258), (0.4659258, 0.60720634), (0.3151181, 0.4106699), (0.36602542, 0.36602542), (0.5411961, 0.5411961), (0.38268343, 0.66282713), (0.25881904, 0.44828773), (0.3151181, 0.4106699), (0.4659258, 0.60720634), (0.29289323, 0.70710677), (0.19809152, 0.47823524), (0.25881904, 0.44828773), (0.38268343, 0.66282713), (0.19809152, 0.7392876), (0.1339746, 0.5), (0.19809152, 0.47823524), (0.29289323, 0.70710677), (0.099900424, 0.75881904), (0.06756533, 0.51320964), (0.1339746, 0.5), (0.19809152, 0.7392876), (4.6865205e-17, 0.76536685), (3.169619e-17, 0.5176381), (0.06756533, 0.51320964), (0.099900424, 0.75881904), (0.51320964, 0.06756533), (0.25881904, 0.034074172), (0.26105237, 0), (0.5176381, 0), (0.5, 0.1339746), (0.25215724, 0.06756533), (0.25881904, 0.034074172), (0.51320964, 0.06756533), (0.47823524, 0.19809152), (0.24118096, 0.099900424), (0.25215724, 0.06756533), (0.5, 0.1339746), (0.44828773, 0.25881904), (0.226078, 0.13052619), (0.24118096, 0.099900424), (0.47823524, 0.19809152), (0.4106699, 0.3151181), (0.20710678, 0.15891862), (0.226078, 0.13052619), (0.44828773, 0.25881904), (0.36602542, 0.36602542), (0.1845919, 0.1845919), (0.20710678, 0.15891862), (0.4106699, 0.3151181), (0.3151181, 0.4106699), (0.15891862, 0.20710678), (0.1845919, 0.1845919), (0.36602542, 0.36602542), (0.25881904, 0.44828773), (0.13052619, 0.226078), (0.15891862, 0.20710678), (0.3151181, 0.4106699), (0.19809152, 0.47823524), (0.099900424, 0.24118096), (0.13052619, 0.226078), (0.25881904, 0.44828773), (0.1339746, 0.5), (0.06756533, 0.25215724), (0.099900424, 0.24118096), (0.19809152, 0.47823524), (0.06756533, 0.51320964), (0.034074172, 0.25881904), (0.06756533, 0.25215724), (0.1339746, 0.5), (3.169619e-17, 0.5176381), (1.5984848e-17, 0.26105237), (0.034074172, 0.25881904), (0.06756533, 0.51320964), (0.25881904, 0.034074172), (2.4492937e-16, 0), (0.26105237, 0), (0.25215724, 0.06756533), (2.4283394e-16, 3.1969697e-17), (0.25881904, 0.034074172), (0.24118096, 0.099900424), (2.3658358e-16, 6.339238e-17), (0.25215724, 0.06756533), (0.226078, 0.13052619), (2.2628522e-16, 9.373041e-17), (0.24118096, 0.099900424), (0.20710678, 0.15891862), (2.1211505e-16, 1.2246469e-16), (0.226078, 0.13052619), (0.1845919, 0.1845919), (1.9431553e-16, 1.4910354e-16), (0.20710678, 0.15891862), (0.15891862, 0.20710678), (1.7319121e-16, 1.7319121e-16), (0.1845919, 0.1845919), (0.13052619, 0.226078), (1.4910354e-16, 1.9431553e-16), (0.15891862, 0.20710678), (0.099900424, 0.24118096), (1.2246469e-16, 2.1211505e-16), (0.13052619, 0.226078), (0.06756533, 0.25215724), (9.373041e-17, 2.2628522e-16), (0.099900424, 0.24118096), (0.034074172, 0.25881904), (6.339238e-17, 2.3658358e-16), (0.06756533, 0.25215724), (1.5984848e-17, 0.26105237), (3.1969697e-17, 2.4283394e-16), (0.034074172, 0.25881904)] (
                interpolation = "faceVarying"
            )
            uniform token subdivisionScheme = "none"
        }

        def Mesh "ShellLW" (
            prepend apiSchemas = ["MaterialBindingAPI"]
        )
        {
            float3[] extent = [(-2, -2, 0), (1.2246469e-16, 2, 2)]
            int[] faceVertexCounts = [4, 4, 4, 4, 4, 4, 4, 4, 4, 4, 4, 4, 4, 4, 4, 4, 4, 4, 4, 4, 4, 4, 4, 4, 4, 4, 4, 4, 4, 4, 4, 4, 4, 4, 4, 4, 4, 4, 4, 4, 4, 4, 4, 4, 4, 4, 4, 4, 4, 4, 4, 4, 4, 4, 4, 4, 4, 4, 4, 4, 4, 4, 4, 4, 4, 4, 4, 4, 4, 4, 4, 4, 4, 4, 4, 4, 4, 4, 4, 4, 4, 4, 4, 4, 4, 4, 4, 4, 4, 4, 4, 4, 4, 4, 4, 4, 4, 4, 4, 4, 4, 4, 4, 4, 4, 4, 4, 4, 4, 4, 4, 4, 4, 4, 4, 4, 4, 4, 4, 4, 4, 4, 4, 4, 4, 4, 4, 4, 4, 4, 4, 4, 4, 4, 4, 4, 4, 4, 4, 4, 4, 4, 4, 4, 4, 4, 4, 4, 4, 4, 4, 4, 4, 4, 4, 4, 4, 4, 4, 4, 4, 4, 4, 4, 4, 4, 4, 4, 4, 4, 4, 4, 4, 4, 4, 4, 4, 4, 4, 4, 4, 4, 4, 4, 4, 4, 4, 4, 4, 4, 4, 4, 4, 4, 4, 4, 4, 4, 4, 4, 4, 4, 4, 4, 4, 4, 4, 4, 4, 4, 4, 4, 4, 4, 4, 4, 4, 4, 4, 4, 4, 4, 4, 4, 4, 4, 4, 4, 4, 4, 4, 4, 4, 4, 4, 4, 4, 4, 4, 4, 4, 4, 4, 4, 4, 4, 4, 4, 4, 4, 4, 4, 4, 4, 4, 4, 4, 4, 4, 4, 4, 4, 4, 4, 3, 3, 3, 3, 3, 3, 3, 3, 3, 3, 3, 3, 3, 3, 3, 3, 3, 3, 3, 3, 3, 3, 3, 3]
            int[] faceVertexIndices = [0, 1, 2, 3, 4, 5, 6, 7, 8, 9, 10, 11, 12, 13, 14, 15, 16, 17, 18, 19, 20, 21, 22, 23, 24, 25, 26, 27, 28, 29, 30, 31, 32, 33, 34, 35, 36, 37, 38, 39, 40, 41, 42, 43, 44, 45, 46, 47, 48, 49, 50, 51, 52, 53, 54, 55, 56, 57, 58, 59, 60, 61, 62, 63, 64, 65, 66, 67, 68, 69, 70, 71, 72, 73, 74, 75, 76, 77, 78, 79, 80, 81, 82, 83, 84, 85, 86, 87, 88, 89, 90, 91, 92, 93, 94, 95, 96, 97, 98, 99, 100, 101, 102, 103, 104, 105, 106, 107, 108, 109, 110, 111, 112, 113, 114, 115, 116, 117, 118, 119, 120, 121, 122, 123, 124, 125, 126, 127, 128, 129, 130, 131, 132, 133, 134, 135, 136, 137, 138, 139, 140, 141, 142, 143, 144, 145, 146, 147, 148, 149, 150, 151, 152, 153, 154, 155, 156, 157, 158, 159, 160, 161, 162, 163, 164, 165, 166, 167, 168, 169, 170, 171, 172, 173, 174, 175, 176, 177, 178, 179, 180, 181, 182, 183, 184, 185, 186, 187, 188, 189, 190, 191, 192, 193, 194, 195, 196, 197, 198, 199, 200, 201, 202, 203, 204, 205, 206, 207, 208, 209, 210, 211, 212, 213, 214, 215, 216, 217, 218, 219, 220, 221, 222, 223, 224, 225, 226, 227, 228, 229, 230, 231, 232, 233, 234, 235, 236, 237, 238, 239, 240, 241, 242, 243, 244, 245, 246, 247, 248, 249, 250, 251, 252, 253, 254, 255, 256, 257, 258, 259, 260, 261, 262, 263, 264, 265, 266, 267, 268, 269, 270, 271, 272, 273, 274, 275, 276, 277, 278, 279, 280, 281, 282, 283, 284, 285, 286, 287, 288, 289, 290, 291, 292, 293, 294, 295, 296, 297, 298, 299, 300, 301, 302, 303, 304, 305, 306, 307, 308, 309, 310, 311, 312, 313, 314, 315, 316, 317, 318, 319, 320, 321, 322, 323, 324, 325, 326, 327, 328, 329, 330, 331, 332, 333, 334, 335, 336, 337, 338, 339, 340, 341, 342, 343, 344, 345, 346, 347, 348, 349, 350, 351, 352, 353, 354, 355, 356, 357, 358, 359, 360, 361, 362, 363, 364, 365, 366, 367, 368, 369, 370, 371, 372, 373, 374, 375, 376, 377, 378, 379, 380, 381, 382, 383, 384, 385, 386, 387, 388, 389, 390, 391, 392, 393, 394, 395, 396, 397, 398, 399, 400, 401, 402, 403, 404, 405, 406, 407, 408, 409, 410, 411, 412, 413, 414, 415, 416, 417, 418, 419, 420, 421, 422, 423, 424, 425, 426, 427, 428, 429, 430, 431, 432, 433, 434, 435, 436, 437, 438, 439, 440, 441, 442, 443, 444, 445, 446, 447, 448, 449, 450, 451, 452, 453, 454, 455, 456, 457, 458, 459, 460, 461, 462, 463, 464, 465, 466, 467, 468, 469, 470, 471, 472, 473, 474, 475, 476, 477, 478, 479, 480, 481, 482, 483, 484, 485, 486, 487, 488, 489, 490, 491, 492, 493, 494, 495, 496, 497, 498, 499, 500, 501, 502, 503, 504, 505, 506, 507, 508, 509, 510, 511, 512, 513, 514, 515, 516, 517, 518, 519, 520, 521, 522, 523, 524, 525, 526, 527, 528, 529, 530, 531, 532, 533, 534, 535, 536, 537, 538, 539, 540, 541, 542, 543, 544, 545, 546, 547, 548, 549, 550, 551, 552, 553, 554, 555, 556, 557, 558, 559, 560, 561, 562, 563, 564, 565, 566, 567, 568, 569, 570, 571, 572, 573, 574, 575, 576, 577, 578, 579, 580, 581, 582, 583, 584, 585, 586, 587, 588, 589, 590, 591, 592, 593, 594, 595, 596, 597, 598, 599, 600, 601, 602, 603, 604, 605, 606, 607, 608, 609, 610, 611, 612, 613, 614, 615, 616, 617, 618, 619, 620, 621, 622, 623, 624, 625, 626, 627, 628, 629, 630, 631, 632, 633, 634, 635, 636, 637, 638, 639, 640, 641, 642, 643, 644, 645, 646, 647, 648, 649, 650, 651, 652, 653, 654, 655, 656, 657, 658, 659, 660, 661, 662, 663, 664, 665, 666, 667, 668, 669, 670, 671, 672, 673, 674, 675, 676, 677, 678, 679, 680, 681, 682, 683, 684, 685, 686, 687, 688, 689, 690, 691, 692, 693, 694, 695, 696, 697, 698, 699, 700, 701, 702, 703, 704, 705, 706, 707, 708, 709, 710, 711, 712, 713, 714, 715, 716, 717, 718, 719, 720, 721, 722, 723, 724, 725, 726, 727, 728, 729, 730, 731, 732, 733, 734, 735, 736, 737, 738, 739, 740, 741, 742, 743, 744, 745, 746, 747, 748, 749, 750, 751, 752, 753, 754, 755, 756, 757, 758, 759, 760, 761, 762, 763, 764, 765, 766, 767, 768, 769, 770, 771, 772, 773, 774, 775, 776, 777, 778, 779, 780, 781, 782, 783, 784, 785, 786, 787, 788, 789, 790, 791, 792, 793, 794, 795, 796, 797, 798, 799, 800, 801, 802, 803, 804, 805, 806, 807, 808, 809, 810, 811, 812, 813, 814, 815, 816, 817, 818, 819, 820, 821, 822, 823, 824, 825, 826, 827, 828, 829, 830, 831, 832, 833, 834, 835, 836, 837, 838, 839, 840, 841, 842, 843, 844, 845, 846, 847, 848, 849, 850, 851, 852, 853, 854, 855, 856, 857, 858, 859, 860, 861, 862, 863, 864, 865, 866, 867, 868, 869, 870, 871, 872, 873, 874, 875, 876, 877, 878, 879, 880, 881, 882, 883, 884, 885, 886, 887, 888, 889, 890, 891, 892, 893, 894, 895, 896, 897, 898, 899, 900, 901, 902, 903, 904, 905, 906, 907, 908, 909, 910, 911, 912, 913, 914, 915, 916, 917, 918, 919, 920, 921, 922, 923, 924, 925, 926, 927, 928, 929, 930, 931, 932, 933, 934, 935, 936, 937, 938, 939, 940, 941, 942, 943, 944, 945, 946, 947, 948, 949, 950, 951, 952, 953, 954, 955, 956, 957, 958, 959, 960, 961, 962, 963, 964, 965, 966, 967, 968, 969, 970, 971, 972, 973, 974, 975, 976, 977, 978, 979, 980, 981, 982, 983, 984, 985, 986, 987, 988, 989, 990, 991, 992, 993, 994, 995, 996, 997, 998, 999, 1000, 1001, 1002, 1003, 1004, 1005, 1006, 1007, 1008, 1009, 1010, 1011, 1012, 1013, 1014, 1015, 1016, 1017, 1018, 1019, 1020, 1021, 1022, 1023, 1024, 1025, 1026, 1027, 1028, 1029, 1030, 1031, 1032, 1033, 1034, 1035, 1036, 1037, 1038, 1039, 1040, 1041, 1042, 1043, 1044, 1045, 1046, 1047, 1048, 1049, 1050, 1051, 1052, 1053, 1054, 1055, 1056, 1057, 1058, 1059, 1060, 1061, 1062, 1063, 1064, 1065, 1066, 1067, 1068, 1069, 1070, 1071, 1072, 1073, 1074, 1075, 1076, 1077, 1078, 1079, 1080, 1081, 1082, 1083, 1084, 1085, 1086, 1087, 1088, 1089, 1090, 1091, 1092, 1093, 1094, 1095, 1096, 1097, 1098, 1099, 1100, 1101, 1102, 1103, 1104, 1105, 1106, 1107, 1108, 1109, 1110, 1111, 1112, 1113, 1114, 1115, 1116, 1117, 1118, 1119, 1120, 1121, 1122, 1123, 1124, 1125, 1126, 1127]
            rel material:binding = </GalleryIntegratingSphere/Looks/Shell>
            normal3f[] normals = [(0.0652625, -0.9957133, 0.06554286), (0.0652625, -0.9957133, 0.06554286), (0.0652625, -0.9957133, 0.06554286), (0.0652625, -0.9957133, 0.06554286), (0.19467083, -0.9786764, 0.06554286), (0.19467083, -0.9786764, 0.06554286), (0.19467083, -0.9786764, 0.06554286), (0.19467083, -0.9786764, 0.06554286), (0.3207483, -0.944894, 0.06554286), (0.3207483, -0.944894, 0.06554286), (0.3207483, -0.944894, 0.06554286), (0.3207483, -0.944894, 0.06554286), (0.44133767, -0.89494425, 0.06554286), (0.44133767, -0.89494425, 0.06554286), (0.44133767, -0.89494425, 0.06554286), (0.44133767, -0.89494425, 0.06554286), (0.55437565, -0.82968175, 0.06554286), (0.55437565, -0.82968175, 0.06554286), (0.55437565, -0.82968175, 0.06554286), (0.55437565, -0.82968175, 0.06554286), (0.65792805, -0.75022316, 0.06554286), (0.65792805, -0.75022316, 0.06554286), (0.65792805, -0.75022316, 0.06554286), (0.65792805, -0.75022316, 0.06554286), (0.75022316, -0.65792805, 0.06554286), (0.75022316, -0.65792805, 0.06554286), (0.75022316, -0.65792805, 0.06554286), (0.75022316, -0.65792805, 0.06554286), (0.82968175, -0.55437565, 0.06554286), (0.82968175, -0.55437565, 0.06554286), (0.82968175, -0.55437565, 0.06554286), (0.82968175, -0.55437565, 0.06554286), (0.89494425, -0.44133767, 0.06554286), (0.89494425, -0.44133767, 0.06554286), (0.89494425, -0.44133767, 0.06554286), (0.89494425, -0.44133767, 0.06554286), (0.944894, -0.3207483, 0.06554286), (0.944894, -0.3207483, 0.06554286), (0.944894, -0.3207483, 0.06554286), (0.944894, -0.3207483, 0.06554286), (0.9786764, -0.19467083, 0.06554286), (0.9786764, -0.19467083, 0.06554286), (0.9786764, -0.19467083, 0.06554286), (0.9786764, -0.19467083, 0.06554286), (0.9957133, -0.0652625, 0.06554286), (0.9957133, -0.0652625, 0.06554286), (0.9957133, -0.0652625, 0.06554286), (0.9957133, -0.0652625, 0.06554286), (0.9957133, 0.0652625, 0.06554286), (0.9957133, 0.0652625, 0.06554286), (0.9957133, 0.0652625, 0.06554286), (0.9957133, 0.0652625, 0.06554286), (0.9786764, 0.19467083, 0.06554286), (0.9786764, 0.19467083, 0.06554286), (0.9786764, 0.19467083, 0.06554286), (0.9786764, 0.19467083, 0.06554286), (0.944894, 0.3207483, 0.06554286), (0.944894, 0.3207483, 0.06554286), (0.944894, 0.3207483, 0.06554286), (0.944894, 0.3207483, 0.06554286), (0.89494425, 0.44133767, 0.06554286), (0.89494425, 0.44133767, 0.06554286), (0.89494425, 0.44133767, 0.06554286), (0.89494425, 0.44133767, 0.06554286), (0.82968175, 0.55437565, 0.06554286), (0.82968175, 0.55437565, 0.06554286), (0.82968175, 0.55437565, 0.06554286), (0.82968175, 0.55437565, 0.06554286), (0.75022316, 0.65792805, 0.06554286), (0.75022316, 0.65792805, 0.06554286), (0.75022316, 0.65792805, 0.06554286), (0.75022316, 0.65792805, 0.06554286), (0.65792805, 0.75022316, 0.06554286), (0.65792805, 0.75022316, 0.06554286), (0.65792805, 0.75022316, 0.06554286), (0.65792805, 0.75022316, 0.06554286), (0.55437565, 0.82968175, 0.06554286), (0.55437565, 0.82968175, 0.06554286), (0.55437565, 0.82968175, 0.06554286), (0.55437565, 0.82968175, 0.06554286), (0.44133767, 0.89494425, 0.06554286), (0.44133767, 0.89494425, 0.06554286), (0.44133767, 0.89494425, 0.06554286), (0.44133767, 0.89494425, 0.06554286), (0.3207483, 0.944894, 0.06554286), (0.3207483, 0.944894, 0.06554286), (0.3207483, 0.944894, 0.06554286), (0.3207483, 0.944894, 0.06554286), (0.19467083, 0.9786764, 0.06554286), (0.19467083, 0.9786764, 0.06554286), (0.19467083, 0.9786764, 0.06554286), (0.19467083, 0.9786764, 0.06554286), (0.0652625, 0.9957133, 0.06554286), (0.0652625, 0.9957133, 0.06554286), (0.0652625, 0.9957133, 0.06554286), (0.0652625, 0.9957133, 0.06554286), (0.064141184, -0.97860533, 0.19549294), (0.064141184, -0.97860533, 0.19549294), (0.064141184, -0.97860533, 0.19549294), (0.064141184, -0.97860533, 0.19549294), (0.19132608, -0.96186113, 0.19549294), (0.19132608, -0.96186113, 0.19549294), (0.19132608, -0.96186113, 0.19549294), (0.19132608, -0.96186113, 0.19549294), (0.3152373, -0.9286592, 0.19549294), (0.3152373, -0.9286592, 0.19549294), (0.3152373, -0.9286592, 0.19549294), (0.3152373, -0.9286592, 0.19549294), (0.43375477, -0.8795677, 0.19549294), (0.43375477, -0.8795677, 0.19549294), (0.43375477, -0.8795677, 0.19549294), (0.43375477, -0.8795677, 0.19549294), (0.5448506, -0.81542647, 0.19549294), (0.5448506, -0.81542647, 0.19549294), (0.5448506, -0.81542647, 0.19549294), (0.5448506, -0.81542647, 0.19549294), (0.6466238, -0.7373331, 0.19549294), (0.6466238, -0.7373331, 0.19549294), (0.6466238, -0.7373331, 0.19549294), (0.6466238, -0.7373331, 0.19549294), (0.7373331, -0.6466238, 0.19549294), (0.7373331, -0.6466238, 0.19549294), (0.7373331, -0.6466238, 0.19549294), (0.7373331, -0.6466238, 0.19549294), (0.81542647, -0.5448506, 0.19549294), (0.81542647, -0.5448506, 0.19549294), (0.81542647, -0.5448506, 0.19549294), (0.81542647, -0.5448506, 0.19549294), (0.8795677, -0.43375477, 0.19549294), (0.8795677, -0.43375477, 0.19549294), (0.8795677, -0.43375477, 0.19549294), (0.8795677, -0.43375477, 0.19549294), (0.9286592, -0.3152373, 0.19549294), (0.9286592, -0.3152373, 0.19549294), (0.9286592, -0.3152373, 0.19549294), (0.9286592, -0.3152373, 0.19549294), (0.96186113, -0.19132608, 0.19549294), (0.96186113, -0.19132608, 0.19549294), (0.96186113, -0.19132608, 0.19549294), (0.96186113, -0.19132608, 0.19549294), (0.97860533, -0.064141184, 0.19549294), (0.97860533, -0.064141184, 0.19549294), (0.97860533, -0.064141184, 0.19549294), (0.97860533, -0.064141184, 0.19549294), (0.97860533, 0.064141184, 0.19549294), (0.97860533, 0.064141184, 0.19549294), (0.97860533, 0.064141184, 0.19549294), (0.97860533, 0.064141184, 0.19549294), (0.96186113, 0.19132608, 0.19549294), (0.96186113, 0.19132608, 0.19549294), (0.96186113, 0.19132608, 0.19549294), (0.96186113, 0.19132608, 0.19549294), (0.9286592, 0.3152373, 0.19549294), (0.9286592, 0.3152373, 0.19549294), (0.9286592, 0.3152373, 0.19549294), (0.9286592, 0.3152373, 0.19549294), (0.8795677, 0.43375477, 0.19549294), (0.8795677, 0.43375477, 0.19549294), (0.8795677, 0.43375477, 0.19549294), (0.8795677, 0.43375477, 0.19549294), (0.81542647, 0.5448506, 0.19549294), (0.81542647, 0.5448506, 0.19549294), (0.81542647, 0.5448506, 0.19549294), (0.81542647, 0.5448506, 0.19549294), (0.7373331, 0.6466238, 0.19549294), (0.7373331, 0.6466238, 0.19549294), (0.7373331, 0.6466238, 0.19549294), (0.7373331, 0.6466238, 0.19549294), (0.6466238, 0.7373331, 0.19549294), (0.6466238, 0.7373331, 0.19549294), (0.6466238, 0.7373331, 0.19549294), (0.6466238, 0.7373331, 0.19549294), (0.5448506, 0.81542647, 0.19549294), (0.5448506, 0.81542647, 0.19549294), (0.5448506, 0.81542647, 0.19549294), (0.5448506, 0.81542647, 0.19549294), (0.43375477, 0.8795677, 0.19549294), (0.43375477, 0.8795677, 0.19549294), (0.43375477, 0.8795677, 0.19549294), (0.43375477, 0.8795677, 0.19549294), (0.3152373, 0.9286592, 0.19549294), (0.3152373, 0.9286592, 0.19549294), (0.3152373, 0.9286592, 0.19549294), (0.3152373, 0.9286592, 0.19549294), (0.19132608, 0.96186113, 0.19549294), (0.19132608, 0.96186113, 0.19549294), (0.19132608, 0.96186113, 0.19549294), (0.19132608, 0.96186113, 0.19549294), (0.064141184, 0.97860533, 0.19549294), (0.064141184, 0.97860533, 0.19549294), (0.064141184, 0.97860533, 0.19549294), (0.064141184, 0.97860533, 0.19549294), (0.061918452, -0.944693, 0.3220577), (0.061918452, -0.944693, 0.3220577), (0.061918452, -0.944693, 0.3220577), (0.061918452, -0.944693, 0.3220577), (0.18469591, -0.9285291, 0.3220577), (0.18469591, -0.9285291, 0.3220577), (0.18469591, -0.9285291, 0.3220577), (0.18469591, -0.9285291, 0.3220577), (0.30431318, -0.89647776, 0.3220577), (0.30431318, -0.89647776, 0.3220577), (0.30431318, -0.89647776, 0.3220577), (0.30431318, -0.89647776, 0.3220577), (0.41872355, -0.8490874, 0.3220577), (0.41872355, -0.8490874, 0.3220577), (0.41872355, -0.8490874, 0.3220577), (0.41872355, -0.8490874, 0.3220577), (0.52596945, -0.7871689, 0.3220577), (0.52596945, -0.7871689, 0.3220577), (0.52596945, -0.7871689, 0.3220577), (0.52596945, -0.7871689, 0.3220577), (0.6242159, -0.7117818, 0.3220577), (0.6242159, -0.7117818, 0.3220577), (0.6242159, -0.7117818, 0.3220577), (0.6242159, -0.7117818, 0.3220577), (0.7117818, -0.6242159, 0.3220577), (0.7117818, -0.6242159, 0.3220577), (0.7117818, -0.6242159, 0.3220577), (0.7117818, -0.6242159, 0.3220577), (0.7871689, -0.52596945, 0.3220577), (0.7871689, -0.52596945, 0.3220577), (0.7871689, -0.52596945, 0.3220577), (0.7871689, -0.52596945, 0.3220577), (0.8490874, -0.41872355, 0.3220577), (0.8490874, -0.41872355, 0.3220577), (0.8490874, -0.41872355, 0.3220577), (0.8490874, -0.41872355, 0.3220577), (0.89647776, -0.30431318, 0.3220577), (0.89647776, -0.30431318, 0.3220577), (0.89647776, -0.30431318, 0.3220577), (0.89647776, -0.30431318, 0.3220577), (0.9285291, -0.18469591, 0.3220577), (0.9285291, -0.18469591, 0.3220577), (0.9285291, -0.18469591, 0.3220577), (0.9285291, -0.18469591, 0.3220577), (0.944693, -0.061918452, 0.3220577), (0.944693, -0.061918452, 0.3220577), (0.944693, -0.061918452, 0.3220577), (0.944693, -0.061918452, 0.3220577), (0.944693, 0.061918452, 0.3220577), (0.944693, 0.061918452, 0.3220577), (0.944693, 0.061918452, 0.3220577), (0.944693, 0.061918452, 0.3220577), (0.9285291, 0.18469591, 0.3220577), (0.9285291, 0.18469591, 0.3220577), (0.9285291, 0.18469591, 0.3220577), (0.9285291, 0.18469591, 0.3220577), (0.89647776, 0.30431318, 0.3220577), (0.89647776, 0.30431318, 0.3220577), (0.89647776, 0.30431318, 0.3220577), (0.89647776, 0.30431318, 0.3220577), (0.8490874, 0.41872355, 0.3220577), (0.8490874, 0.41872355, 0.3220577), (0.8490874, 0.41872355, 0.3220577), (0.8490874, 0.41872355, 0.3220577), (0.7871689, 0.52596945, 0.3220577), (0.7871689, 0.52596945, 0.3220577), (0.7871689, 0.52596945, 0.3220577), (0.7871689, 0.52596945, 0.3220577), (0.7117818, 0.6242159, 0.3220577), (0.7117818, 0.6242159, 0.3220577), (0.7117818, 0.6242159, 0.3220577), (0.7117818, 0.6242159, 0.3220577), (0.6242159, 0.7117818, 0.3220577), (0.6242159, 0.7117818, 0.3220577), (0.6242159, 0.7117818, 0.3220577), (0.6242159, 0.7117818, 0.3220577), (0.52596945, 0.7871689, 0.3220577), (0.52596945, 0.7871689, 0.3220577), (0.52596945, 0.7871689, 0.3220577), (0.52596945, 0.7871689, 0.3220577), (0.41872355, 0.8490874, 0.3220577), (0.41872355, 0.8490874, 0.3220577), (0.41872355, 0.8490874, 0.3220577), (0.41872355, 0.8490874, 0.3220577), (0.30431318, 0.89647776, 0.3220577), (0.30431318, 0.89647776, 0.3220577), (0.30431318, 0.89647776, 0.3220577), (0.30431318, 0.89647776, 0.3220577), (0.18469591, 0.9285291, 0.3220577), (0.18469591, 0.9285291, 0.3220577), (0.18469591, 0.9285291, 0.3220577), (0.18469591, 0.9285291, 0.3220577), (0.061918452, 0.944693, 0.3220577), (0.061918452, 0.944693, 0.3220577), (0.061918452, 0.944693, 0.3220577), (0.061918452, 0.944693, 0.3220577), (0.05863365, -0.89457667, 0.44305158), (0.05863365, -0.89457667, 0.44305158), (0.05863365, -0.89457667, 0.44305158), (0.05863365, -0.89457667, 0.44305158), (0.17489772, -0.8792702, 0.44305158), (0.17489772, -0.8792702, 0.44305158), (0.17489772, -0.8792702, 0.44305158), (0.17489772, -0.8792702, 0.44305158), (0.28816923, -0.8489192, 0.44305158), (0.28816923, -0.8489192, 0.44305158), (0.28816923, -0.8489192, 0.44305158), (0.28816923, -0.8489192, 0.44305158), (0.3965101, -0.80404294, 0.44305158), (0.3965101, -0.80404294, 0.44305158), (0.3965101, -0.80404294, 0.44305158), (0.3965101, -0.80404294, 0.44305158), (0.49806657, -0.7454093, 0.44305158), (0.49806657, -0.7454093, 0.44305158), (0.49806657, -0.7454093, 0.44305158), (0.49806657, -0.7454093, 0.44305158), (0.591101, -0.6740215, 0.44305158), (0.591101, -0.6740215, 0.44305158), (0.591101, -0.6740215, 0.44305158), (0.591101, -0.6740215, 0.44305158), (0.6740215, -0.591101, 0.44305158), (0.6740215, -0.591101, 0.44305158), (0.6740215, -0.591101, 0.44305158), (0.6740215, -0.591101, 0.44305158), (0.7454093, -0.49806657, 0.44305158), (0.7454093, -0.49806657, 0.44305158), (0.7454093, -0.49806657, 0.44305158), (0.7454093, -0.49806657, 0.44305158), (0.80404294, -0.3965101, 0.44305158), (0.80404294, -0.3965101, 0.44305158), (0.80404294, -0.3965101, 0.44305158), (0.80404294, -0.3965101, 0.44305158), (0.8489192, -0.28816923, 0.44305158), (0.8489192, -0.28816923, 0.44305158), (0.8489192, -0.28816923, 0.44305158), (0.8489192, -0.28816923, 0.44305158), (0.8792702, -0.17489772, 0.44305158), (0.8792702, -0.17489772, 0.44305158), (0.8792702, -0.17489772, 0.44305158), (0.8792702, -0.17489772, 0.44305158), (0.89457667, -0.05863365, 0.44305158), (0.89457667, -0.05863365, 0.44305158), (0.89457667, -0.05863365, 0.44305158), (0.89457667, -0.05863365, 0.44305158), (0.89457667, 0.05863365, 0.44305158), (0.89457667, 0.05863365, 0.44305158), (0.89457667, 0.05863365, 0.44305158), (0.89457667, 0.05863365, 0.44305158), (0.8792702, 0.17489772, 0.44305158), (0.8792702, 0.17489772, 0.44305158), (0.8792702, 0.17489772, 0.44305158), (0.8792702, 0.17489772, 0.44305158), (0.8489192, 0.28816923, 0.44305158), (0.8489192, 0.28816923, 0.44305158), (0.8489192, 0.28816923, 0.44305158), (0.8489192, 0.28816923, 0.44305158), (0.80404294, 0.3965101, 0.44305158), (0.80404294, 0.3965101, 0.44305158), (0.80404294, 0.3965101, 0.44305158), (0.80404294, 0.3965101, 0.44305158), (0.7454093, 0.49806657, 0.44305158), (0.7454093, 0.49806657, 0.44305158), (0.7454093, 0.49806657, 0.44305158), (0.7454093, 0.49806657, 0.44305158), (0.6740215, 0.591101, 0.44305158), (0.6740215, 0.591101, 0.44305158), (0.6740215, 0.591101, 0.44305158), (0.6740215, 0.591101, 0.44305158), (0.591101, 0.6740215, 0.44305158), (0.591101, 0.6740215, 0.44305158), (0.591101, 0.6740215, 0.44305158), (0.591101, 0.6740215, 0.44305158), (0.49806657, 0.7454093, 0.44305158), (0.49806657, 0.7454093, 0.44305158), (0.49806657, 0.7454093, 0.44305158), (0.49806657, 0.7454093, 0.44305158), (0.3965101, 0.80404294, 0.44305158), (0.3965101, 0.80404294, 0.44305158), (0.3965101, 0.80404294, 0.44305158), (0.3965101, 0.80404294, 0.44305158), (0.28816923, 0.8489192, 0.44305158), (0.28816923, 0.8489192, 0.44305158), (0.28816923, 0.8489192, 0.44305158), (0.28816923, 0.8489192, 0.44305158), (0.17489772, 0.8792702, 0.44305158), (0.17489772, 0.8792702, 0.44305158), (0.17489772, 0.8792702, 0.44305158), (0.17489772, 0.8792702, 0.44305158), (0.05863365, 0.89457667, 0.44305158), (0.05863365, 0.89457667, 0.44305158), (0.05863365, 0.89457667, 0.44305158), (0.05863365, 0.89457667, 0.44305158), (0.054344695, -0.8291398, 0.55639356), (0.054344695, -0.8291398, 0.55639356), (0.054344695, -0.8291398, 0.55639356), (0.054344695, -0.8291398, 0.55639356), (0.16210423, -0.814953, 0.55639356), (0.16210423, -0.814953, 0.55639356), (0.16210423, -0.814953, 0.55639356), (0.16210423, -0.814953, 0.55639356), (0.26709014, -0.78682214, 0.55639356), (0.26709014, -0.78682214, 0.55639356), (0.26709014, -0.78682214, 0.55639356), (0.26709014, -0.78682214, 0.55639356), (0.36750603, -0.7452285, 0.55639356), (0.36750603, -0.7452285, 0.55639356), (0.36750603, -0.7452285, 0.55639356), (0.36750603, -0.7452285, 0.55639356), (0.4616338, -0.6908838, 0.55639356), (0.4616338, -0.6908838, 0.55639356), (0.4616338, -0.6908838, 0.55639356), (0.4616338, -0.6908838, 0.55639356), (0.5478629, -0.6247179, 0.55639356), (0.5478629, -0.6247179, 0.55639356), (0.5478629, -0.6247179, 0.55639356), (0.5478629, -0.6247179, 0.55639356), (0.6247179, -0.5478629, 0.55639356), (0.6247179, -0.5478629, 0.55639356), (0.6247179, -0.5478629, 0.55639356), (0.6247179, -0.5478629, 0.55639356), (0.6908838, -0.4616338, 0.55639356), (0.6908838, -0.4616338, 0.55639356), (0.6908838, -0.4616338, 0.55639356), (0.6908838, -0.4616338, 0.55639356), (0.7452285, -0.36750603, 0.55639356), (0.7452285, -0.36750603, 0.55639356), (0.7452285, -0.36750603, 0.55639356), (0.7452285, -0.36750603, 0.55639356), (0.78682214, -0.26709014, 0.55639356), (0.78682214, -0.26709014, 0.55639356), (0.78682214, -0.26709014, 0.55639356), (0.78682214, -0.26709014, 0.55639356), (0.814953, -0.16210423, 0.55639356), (0.814953, -0.16210423, 0.55639356), (0.814953, -0.16210423, 0.55639356), (0.814953, -0.16210423, 0.55639356), (0.8291398, -0.054344695, 0.55639356), (0.8291398, -0.054344695, 0.55639356), (0.8291398, -0.054344695, 0.55639356), (0.8291398, -0.054344695, 0.55639356), (0.8291398, 0.054344695, 0.55639356), (0.8291398, 0.054344695, 0.55639356), (0.8291398, 0.054344695, 0.55639356), (0.8291398, 0.054344695, 0.55639356), (0.814953, 0.16210423, 0.55639356), (0.814953, 0.16210423, 0.55639356), (0.814953, 0.16210423, 0.55639356), (0.814953, 0.16210423, 0.55639356), (0.78682214, 0.26709014, 0.55639356), (0.78682214, 0.26709014, 0.55639356), (0.78682214, 0.26709014, 0.55639356), (0.78682214, 0.26709014, 0.55639356), (0.7452285, 0.36750603, 0.55639356), (0.7452285, 0.36750603, 0.55639356), (0.7452285, 0.36750603, 0.55639356), (0.7452285, 0.36750603, 0.55639356), (0.6908838, 0.4616338, 0.55639356), (0.6908838, 0.4616338, 0.55639356), (0.6908838, 0.4616338, 0.55639356), (0.6908838, 0.4616338, 0.55639356), (0.6247179, 0.5478629, 0.55639356), (0.6247179, 0.5478629, 0.55639356), (0.6247179, 0.5478629, 0.55639356), (0.6247179, 0.5478629, 0.55639356), (0.5478629, 0.6247179, 0.55639356), (0.5478629, 0.6247179, 0.55639356), (0.5478629, 0.6247179, 0.55639356), (0.5478629, 0.6247179, 0.55639356), (0.4616338, 0.6908838, 0.55639356), (0.4616338, 0.6908838, 0.55639356), (0.4616338, 0.6908838, 0.55639356), (0.4616338, 0.6908838, 0.55639356), (0.36750603, 0.7452285, 0.55639356), (0.36750603, 0.7452285, 0.55639356), (0.36750603, 0.7452285, 0.55639356), (0.36750603, 0.7452285, 0.55639356), (0.26709014, 0.78682214, 0.55639356), (0.26709014, 0.78682214, 0.55639356), (0.26709014, 0.78682214, 0.55639356), (0.26709014, 0.78682214, 0.55639356), (0.16210423, 0.814953, 0.55639356), (0.16210423, 0.814953, 0.55639356), (0.16210423, 0.814953, 0.55639356), (0.16210423, 0.814953, 0.55639356), (0.054344695, 0.8291398, 0.55639356), (0.054344695, 0.8291398, 0.55639356), (0.054344695, 0.8291398, 0.55639356), (0.054344695, 0.8291398, 0.55639356), (0.049126823, -0.7495305, 0.6601444), (0.049126823, -0.7495305, 0.6601444), (0.049126823, -0.7495305, 0.6601444), (0.049126823, -0.7495305, 0.6601444), (0.1465399, -0.7367058, 0.6601444), (0.1465399, -0.7367058, 0.6601444), (0.1465399, -0.7367058, 0.6601444), (0.1465399, -0.7367058, 0.6601444), (0.24144563, -0.7112759, 0.6601444), (0.24144563, -0.7112759, 0.6601444), (0.24144563, -0.7112759, 0.6601444), (0.24144563, -0.7112759, 0.6601444), (0.33222017, -0.67367584, 0.6601444), (0.33222017, -0.67367584, 0.6601444), (0.33222017, -0.67367584, 0.6601444), (0.33222017, -0.67367584, 0.6601444), (0.41731033, -0.62454903, 0.6601444), (0.41731033, -0.62454903, 0.6601444), (0.41731033, -0.62454903, 0.6601444), (0.41731033, -0.62454903, 0.6601444), (0.49526018, -0.564736, 0.6601444), (0.49526018, -0.564736, 0.6601444), (0.49526018, -0.564736, 0.6601444), (0.49526018, -0.564736, 0.6601444), (0.564736, -0.49526018, 0.6601444), (0.564736, -0.49526018, 0.6601444), (0.564736, -0.49526018, 0.6601444), (0.564736, -0.49526018, 0.6601444), (0.62454903, -0.41731033, 0.6601444), (0.62454903, -0.41731033, 0.6601444), (0.62454903, -0.41731033, 0.6601444), (0.62454903, -0.41731033, 0.6601444), (0.67367584, -0.33222017, 0.6601444), (0.67367584, -0.33222017, 0.6601444), (0.67367584, -0.33222017, 0.6601444), (0.67367584, -0.33222017, 0.6601444), (0.7112759, -0.24144563, 0.6601444), (0.7112759, -0.24144563, 0.6601444), (0.7112759, -0.24144563, 0.6601444), (0.7112759, -0.24144563, 0.6601444), (0.7367058, -0.1465399, 0.6601444), (0.7367058, -0.1465399, 0.6601444), (0.7367058, -0.1465399, 0.6601444), (0.7367058, -0.1465399, 0.6601444), (0.7495305, -0.049126823, 0.6601444), (0.7495305, -0.049126823, 0.6601444), (0.7495305, -0.049126823, 0.6601444), (0.7495305, -0.049126823, 0.6601444), (0.7495305, 0.049126823, 0.6601444), (0.7495305, 0.049126823, 0.6601444), (0.7495305, 0.049126823, 0.6601444), (0.7495305, 0.049126823, 0.6601444), (0.7367058, 0.1465399, 0.6601444), (0.7367058, 0.1465399, 0.6601444), (0.7367058, 0.1465399, 0.6601444), (0.7367058, 0.1465399, 0.6601444), (0.7112759, 0.24144563, 0.6601444), (0.7112759, 0.24144563, 0.6601444), (0.7112759, 0.24144563, 0.6601444), (0.7112759, 0.24144563, 0.6601444), (0.67367584, 0.33222017, 0.6601444), (0.67367584, 0.33222017, 0.6601444), (0.67367584, 0.33222017, 0.6601444), (0.67367584, 0.33222017, 0.6601444), (0.62454903, 0.41731033, 0.6601444), (0.62454903, 0.41731033, 0.6601444), (0.62454903, 0.41731033, 0.6601444), (0.62454903, 0.41731033, 0.6601444), (0.564736, 0.49526018, 0.6601444), (0.564736, 0.49526018, 0.6601444), (0.564736, 0.49526018, 0.6601444), (0.564736, 0.49526018, 0.6601444), (0.49526018, 0.564736, 0.6601444), (0.49526018, 0.564736, 0.6601444), (0.49526018, 0.564736, 0.6601444), (0.49526018, 0.564736, 0.6601444), (0.41731033, 0.62454903, 0.6601444), (0.41731033, 0.62454903, 0.6601444), (0.41731033, 0.62454903, 0.6601444), (0.41731033, 0.62454903, 0.6601444), (0.33222017, 0.67367584, 0.6601444), (0.33222017, 0.67367584, 0.6601444), (0.33222017, 0.67367584, 0.6601444), (0.33222017, 0.67367584, 0.6601444), (0.24144563, 0.7112759, 0.6601444), (0.24144563, 0.7112759, 0.6601444), (0.24144563, 0.7112759, 0.6601444), (0.24144563, 0.7112759, 0.6601444), (0.1465399, 0.7367058, 0.6601444), (0.1465399, 0.7367058, 0.6601444), (0.1465399, 0.7367058, 0.6601444), (0.1465399, 0.7367058, 0.6601444), (0.049126823, 0.7495305, 0.6601444), (0.049126823, 0.7495305, 0.6601444), (0.049126823, 0.7495305, 0.6601444), (0.049126823, 0.7495305, 0.6601444), (0.043071017, -0.65713674, 0.7525399), (0.043071017, -0.65713674, 0.7525399), (0.043071017, -0.65713674, 0.7525399), (0.043071017, -0.65713674, 0.7525399), (0.12847608, -0.6458929, 0.7525399), (0.12847608, -0.6458929, 0.7525399), (0.12847608, -0.6458929, 0.7525399), (0.12847608, -0.6458929, 0.7525399), (0.2116829, -0.62359774, 0.7525399), (0.2116829, -0.62359774, 0.7525399), (0.2116829, -0.62359774, 0.7525399), (0.2116829, -0.62359774, 0.7525399), (0.29126775, -0.5906326, 0.7525399), (0.29126775, -0.5906326, 0.7525399), (0.29126775, -0.5906326, 0.7525399), (0.29126775, -0.5906326, 0.7525399), (0.36586896, -0.5475616, 0.7525399), (0.36586896, -0.5475616, 0.7525399), (0.36586896, -0.5475616, 0.7525399), (0.36586896, -0.5475616, 0.7525399), (0.43421003, -0.49512163, 0.7525399), (0.43421003, -0.49512163, 0.7525399), (0.43421003, -0.49512163, 0.7525399), (0.43421003, -0.49512163, 0.7525399), (0.49512163, -0.43421003, 0.7525399), (0.49512163, -0.43421003, 0.7525399), (0.49512163, -0.43421003, 0.7525399), (0.49512163, -0.43421003, 0.7525399), (0.5475616, -0.36586896, 0.7525399), (0.5475616, -0.36586896, 0.7525399), (0.5475616, -0.36586896, 0.7525399), (0.5475616, -0.36586896, 0.7525399), (0.5906326, -0.29126775, 0.7525399), (0.5906326, -0.29126775, 0.7525399), (0.5906326, -0.29126775, 0.7525399), (0.5906326, -0.29126775, 0.7525399), (0.62359774, -0.2116829, 0.7525399), (0.62359774, -0.2116829, 0.7525399), (0.62359774, -0.2116829, 0.7525399), (0.62359774, -0.2116829, 0.7525399), (0.6458929, -0.12847608, 0.7525399), (0.6458929, -0.12847608, 0.7525399), (0.6458929, -0.12847608, 0.7525399), (0.6458929, -0.12847608, 0.7525399), (0.65713674, -0.043071017, 0.7525399), (0.65713674, -0.043071017, 0.7525399), (0.65713674, -0.043071017, 0.7525399), (0.65713674, -0.043071017, 0.7525399), (0.65713674, 0.043071017, 0.7525399), (0.65713674, 0.043071017, 0.7525399), (0.65713674, 0.043071017, 0.7525399), (0.65713674, 0.043071017, 0.7525399), (0.6458929, 0.12847608, 0.7525399), (0.6458929, 0.12847608, 0.7525399), (0.6458929, 0.12847608, 0.7525399), (0.6458929, 0.12847608, 0.7525399), (0.62359774, 0.2116829, 0.7525399), (0.62359774, 0.2116829, 0.7525399), (0.62359774, 0.2116829, 0.7525399), (0.62359774, 0.2116829, 0.7525399), (0.5906326, 0.29126775, 0.7525399), (0.5906326, 0.29126775, 0.7525399), (0.5906326, 0.29126775, 0.7525399), (0.5906326, 0.29126775, 0.7525399), (0.5475616, 0.36586896, 0.7525399), (0.5475616, 0.36586896, 0.7525399), (0.5475616, 0.36586896, 0.7525399), (0.5475616, 0.36586896, 0.7525399), (0.49512163, 0.43421003, 0.7525399), (0.49512163, 0.43421003, 0.7525399), (0.49512163, 0.43421003, 0.7525399), (0.49512163, 0.43421003, 0.7525399), (0.43421003, 0.49512163, 0.7525399), (0.43421003, 0.49512163, 0.7525399), (0.43421003, 0.49512163, 0.7525399), (0.43421003, 0.49512163, 0.7525399), (0.36586896, 0.5475616, 0.7525399), (0.36586896, 0.5475616, 0.7525399), (0.36586896, 0.5475616, 0.7525399), (0.36586896, 0.5475616, 0.7525399), (0.29126775, 0.5906326, 0.7525399), (0.29126775, 0.5906326, 0.7525399), (0.29126775, 0.5906326, 0.7525399), (0.29126775, 0.5906326, 0.7525399), (0.2116829, 0.62359774, 0.7525399), (0.2116829, 0.62359774, 0.7525399), (0.2116829, 0.62359774, 0.7525399), (0.2116829, 0.62359774, 0.7525399), (0.12847608, 0.6458929, 0.7525399), (0.12847608, 0.6458929, 0.7525399), (0.12847608, 0.6458929, 0.7525399), (0.12847608, 0.6458929, 0.7525399), (0.043071017, 0.65713674, 0.7525399), (0.043071017, 0.65713674, 0.7525399), (0.043071017, 0.65713674, 0.7525399), (0.043071017, 0.65713674, 0.7525399), (0.036282193, -0.5535593, 0.83201903), (0.036282193, -0.5535593, 0.83201903), (0.036282193, -0.5535593, 0.83201903), (0.036282193, -0.5535593, 0.83201903), (0.10822578, -0.54408777, 0.83201903), (0.10822578, -0.54408777, 0.83201903), (0.10822578, -0.54408777, 0.83201903), (0.10822578, -0.54408777, 0.83201903), (0.17831759, -0.5253067, 0.83201903), (0.17831759, -0.5253067, 0.83201903), (0.17831759, -0.5253067, 0.83201903), (0.17831759, -0.5253067, 0.83201903), (0.24535835, -0.49753752, 0.83201903), (0.24535835, -0.49753752, 0.83201903), (0.24535835, -0.49753752, 0.83201903), (0.24535835, -0.49753752, 0.83201903), (0.30820096, -0.4612553, 0.83201903), (0.30820096, -0.4612553, 0.83201903), (0.30820096, -0.4612553, 0.83201903), (0.30820096, -0.4612553, 0.83201903), (0.36577016, -0.4170809, 0.83201903), (0.36577016, -0.4170809, 0.83201903), (0.36577016, -0.4170809, 0.83201903), (0.36577016, -0.4170809, 0.83201903), (0.4170809, -0.36577016, 0.83201903), (0.4170809, -0.36577016, 0.83201903), (0.4170809, -0.36577016, 0.83201903), (0.4170809, -0.36577016, 0.83201903), (0.4612553, -0.30820096, 0.83201903), (0.4612553, -0.30820096, 0.83201903), (0.4612553, -0.30820096, 0.83201903), (0.4612553, -0.30820096, 0.83201903), (0.49753752, -0.24535835, 0.83201903), (0.49753752, -0.24535835, 0.83201903), (0.49753752, -0.24535835, 0.83201903), (0.49753752, -0.24535835, 0.83201903), (0.5253067, -0.17831759, 0.83201903), (0.5253067, -0.17831759, 0.83201903), (0.5253067, -0.17831759, 0.83201903), (0.5253067, -0.17831759, 0.83201903), (0.54408777, -0.10822578, 0.83201903), (0.54408777, -0.10822578, 0.83201903), (0.54408777, -0.10822578, 0.83201903), (0.54408777, -0.10822578, 0.83201903), (0.5535593, -0.036282193, 0.83201903), (0.5535593, -0.036282193, 0.83201903), (0.5535593, -0.036282193, 0.83201903), (0.5535593, -0.036282193, 0.83201903), (0.5535593, 0.036282193, 0.83201903), (0.5535593, 0.036282193, 0.83201903), (0.5535593, 0.036282193, 0.83201903), (0.5535593, 0.036282193, 0.83201903), (0.54408777, 0.10822578, 0.83201903), (0.54408777, 0.10822578, 0.83201903), (0.54408777, 0.10822578, 0.83201903), (0.54408777, 0.10822578, 0.83201903), (0.5253067, 0.17831759, 0.83201903), (0.5253067, 0.17831759, 0.83201903), (0.5253067, 0.17831759, 0.83201903), (0.5253067, 0.17831759, 0.83201903), (0.49753752, 0.24535835, 0.83201903), (0.49753752, 0.24535835, 0.83201903), (0.49753752, 0.24535835, 0.83201903), (0.49753752, 0.24535835, 0.83201903), (0.4612553, 0.30820096, 0.83201903), (0.4612553, 0.30820096, 0.83201903), (0.4612553, 0.30820096, 0.83201903), (0.4612553, 0.30820096, 0.83201903), (0.4170809, 0.36577016, 0.83201903), (0.4170809, 0.36577016, 0.83201903), (0.4170809, 0.36577016, 0.83201903), (0.4170809, 0.36577016, 0.83201903), (0.36577016, 0.4170809, 0.83201903), (0.36577016, 0.4170809, 0.83201903), (0.36577016, 0.4170809, 0.83201903), (0.36577016, 0.4170809, 0.83201903), (0.30820096, 0.4612553, 0.83201903), (0.30820096, 0.4612553, 0.83201903), (0.30820096, 0.4612553, 0.83201903), (0.30820096, 0.4612553, 0.83201903), (0.24535835, 0.49753752, 0.83201903), (0.24535835, 0.49753752, 0.83201903), (0.24535835, 0.49753752, 0.83201903), (0.24535835, 0.49753752, 0.83201903), (0.17831759, 0.5253067, 0.83201903), (0.17831759, 0.5253067, 0.83201903), (0.17831759, 0.5253067, 0.83201903), (0.17831759, 0.5253067, 0.83201903), (0.10822578, 0.54408777, 0.83201903), (0.10822578, 0.54408777, 0.83201903), (0.10822578, 0.54408777, 0.83201903), (0.10822578, 0.54408777, 0.83201903), (0.036282193, 0.5535593, 0.83201903), (0.036282193, 0.5535593, 0.83201903), (0.036282193, 0.5535593, 0.83201903), (0.036282193, 0.5535593, 0.83201903), (0.028877214, -0.44058114, 0.8972482), (0.028877214, -0.44058114, 0.8972482), (0.028877214, -0.44058114, 0.8972482), (0.028877214, -0.44058114, 0.8972482), (0.08613754, -0.43304268, 0.8972482), (0.08613754, -0.43304268, 0.8972482), (0.08613754, -0.43304268, 0.8972482), (0.08613754, -0.43304268, 0.8972482), (0.14192404, -0.41809472, 0.8972482), (0.14192404, -0.41809472, 0.8972482), (0.14192404, -0.41809472, 0.8972482), (0.14192404, -0.41809472, 0.8972482), (0.19528218, -0.39599305, 0.8972482), (0.19528218, -0.39599305, 0.8972482), (0.19528218, -0.39599305, 0.8972482), (0.19528218, -0.39599305, 0.8972482), (0.24529897, -0.36711586, 0.8972482), (0.24529897, -0.36711586, 0.8972482), (0.24529897, -0.36711586, 0.8972482), (0.24529897, -0.36711586, 0.8972482), (0.29111865, -0.3319572, 0.8972482), (0.29111865, -0.3319572, 0.8972482), (0.29111865, -0.3319572, 0.8972482), (0.29111865, -0.3319572, 0.8972482), (0.3319572, -0.29111865, 0.8972482), (0.3319572, -0.29111865, 0.8972482), (0.3319572, -0.29111865, 0.8972482), (0.3319572, -0.29111865, 0.8972482), (0.36711586, -0.24529897, 0.8972482), (0.36711586, -0.24529897, 0.8972482), (0.36711586, -0.24529897, 0.8972482), (0.36711586, -0.24529897, 0.8972482), (0.39599305, -0.19528218, 0.8972482), (0.39599305, -0.19528218, 0.8972482), (0.39599305, -0.19528218, 0.8972482), (0.39599305, -0.19528218, 0.8972482), (0.41809472, -0.14192404, 0.8972482), (0.41809472, -0.14192404, 0.8972482), (0.41809472, -0.14192404, 0.8972482), (0.41809472, -0.14192404, 0.8972482), (0.43304268, -0.08613754, 0.8972482), (0.43304268, -0.08613754, 0.8972482), (0.43304268, -0.08613754, 0.8972482), (0.43304268, -0.08613754, 0.8972482), (0.44058114, -0.028877214, 0.8972482), (0.44058114, -0.028877214, 0.8972482), (0.44058114, -0.028877214, 0.8972482), (0.44058114, -0.028877214, 0.8972482), (0.44058114, 0.028877214, 0.8972482), (0.44058114, 0.028877214, 0.8972482), (0.44058114, 0.028877214, 0.8972482), (0.44058114, 0.028877214, 0.8972482), (0.43304268, 0.08613754, 0.8972482), (0.43304268, 0.08613754, 0.8972482), (0.43304268, 0.08613754, 0.8972482), (0.43304268, 0.08613754, 0.8972482), (0.41809472, 0.14192404, 0.8972482), (0.41809472, 0.14192404, 0.8972482), (0.41809472, 0.14192404, 0.8972482), (0.41809472, 0.14192404, 0.8972482), (0.39599305, 0.19528218, 0.8972482), (0.39599305, 0.19528218, 0.8972482), (0.39599305, 0.19528218, 0.8972482), (0.39599305, 0.19528218, 0.8972482), (0.36711586, 0.24529897, 0.8972482), (0.36711586, 0.24529897, 0.8972482), (0.36711586, 0.24529897, 0.8972482), (0.36711586, 0.24529897, 0.8972482), (0.3319572, 0.29111865, 0.8972482), (0.3319572, 0.29111865, 0.8972482), (0.3319572, 0.29111865, 0.8972482), (0.3319572, 0.29111865, 0.8972482), (0.29111865, 0.3319572, 0.8972482), (0.29111865, 0.3319572, 0.8972482), (0.29111865, 0.3319572, 0.8972482), (0.29111865, 0.3319572, 0.8972482), (0.24529897, 0.36711586, 0.8972482), (0.24529897, 0.36711586, 0.8972482), (0.24529897, 0.36711586, 0.8972482), (0.24529897, 0.36711586, 0.8972482), (0.19528218, 0.39599305, 0.8972482), (0.19528218, 0.39599305, 0.8972482), (0.19528218, 0.39599305, 0.8972482), (0.19528218, 0.39599305, 0.8972482), (0.14192404, 0.41809472, 0.8972482), (0.14192404, 0.41809472, 0.8972482), (0.14192404, 0.41809472, 0.8972482), (0.14192404, 0.41809472, 0.8972482), (0.08613754, 0.43304268, 0.8972482), (0.08613754, 0.43304268, 0.8972482), (0.08613754, 0.43304268, 0.8972482), (0.08613754, 0.43304268, 0.8972482), (0.028877214, 0.44058114, 0.8972482), (0.028877214, 0.44058114, 0.8972482), (0.028877214, 0.44058114, 0.8972482), (0.028877214, 0.44058114, 0.8972482), (0.020982772, -0.32013524, 0.94713944), (0.020982772, -0.32013524, 0.94713944), (0.020982772, -0.32013524, 0.94713944), (0.020982772, -0.32013524, 0.94713944), (0.062589295, -0.31465763, 0.94713944), (0.062589295, -0.31465763, 0.94713944), (0.062589295, -0.31465763, 0.94713944), (0.062589295, -0.31465763, 0.94713944), (0.1031249, -0.30379614, 0.94713944), (0.1031249, -0.30379614, 0.94713944), (0.1031249, -0.30379614, 0.94713944), (0.1031249, -0.30379614, 0.94713944), (0.14189601, -0.28773662, 0.94713944), (0.14189601, -0.28773662, 0.94713944), (0.14189601, -0.28773662, 0.94713944), (0.14189601, -0.28773662, 0.94713944), (0.17823923, -0.26675385, 0.94713944), (0.17823923, -0.26675385, 0.94713944), (0.17823923, -0.26675385, 0.94713944), (0.17823923, -0.26675385, 0.94713944), (0.21153274, -0.24120685, 0.94713944), (0.21153274, -0.24120685, 0.94713944), (0.21153274, -0.24120685, 0.94713944), (0.21153274, -0.24120685, 0.94713944), (0.24120685, -0.21153274, 0.94713944), (0.24120685, -0.21153274, 0.94713944), (0.24120685, -0.21153274, 0.94713944), (0.24120685, -0.21153274, 0.94713944), (0.26675385, -0.17823923, 0.94713944), (0.26675385, -0.17823923, 0.94713944), (0.26675385, -0.17823923, 0.94713944), (0.26675385, -0.17823923, 0.94713944), (0.28773662, -0.14189601, 0.94713944), (0.28773662, -0.14189601, 0.94713944), (0.28773662, -0.14189601, 0.94713944), (0.28773662, -0.14189601, 0.94713944), (0.30379614, -0.1031249, 0.94713944), (0.30379614, -0.1031249, 0.94713944), (0.30379614, -0.1031249, 0.94713944), (0.30379614, -0.1031249, 0.94713944), (0.31465763, -0.062589295, 0.94713944), (0.31465763, -0.062589295, 0.94713944), (0.31465763, -0.062589295, 0.94713944), (0.31465763, -0.062589295, 0.94713944), (0.32013524, -0.020982772, 0.94713944), (0.32013524, -0.020982772, 0.94713944), (0.32013524, -0.020982772, 0.94713944), (0.32013524, -0.020982772, 0.94713944), (0.32013524, 0.020982772, 0.94713944), (0.32013524, 0.020982772, 0.94713944), (0.32013524, 0.020982772, 0.94713944), (0.32013524, 0.020982772, 0.94713944), (0.31465763, 0.062589295, 0.94713944), (0.31465763, 0.062589295, 0.94713944), (0.31465763, 0.062589295, 0.94713944), (0.31465763, 0.062589295, 0.94713944), (0.30379614, 0.1031249, 0.94713944), (0.30379614, 0.1031249, 0.94713944), (0.30379614, 0.1031249, 0.94713944), (0.30379614, 0.1031249, 0.94713944), (0.28773662, 0.14189601, 0.94713944), (0.28773662, 0.14189601, 0.94713944), (0.28773662, 0.14189601, 0.94713944), (0.28773662, 0.14189601, 0.94713944), (0.26675385, 0.17823923, 0.94713944), (0.26675385, 0.17823923, 0.94713944), (0.26675385, 0.17823923, 0.94713944), (0.26675385, 0.17823923, 0.94713944), (0.24120685, 0.21153274, 0.94713944), (0.24120685, 0.21153274, 0.94713944), (0.24120685, 0.21153274, 0.94713944), (0.24120685, 0.21153274, 0.94713944), (0.21153274, 0.24120685, 0.94713944), (0.21153274, 0.24120685, 0.94713944), (0.21153274, 0.24120685, 0.94713944), (0.21153274, 0.24120685, 0.94713944), (0.17823923, 0.26675385, 0.94713944), (0.17823923, 0.26675385, 0.94713944), (0.17823923, 0.26675385, 0.94713944), (0.17823923, 0.26675385, 0.94713944), (0.14189601, 0.28773662, 0.94713944), (0.14189601, 0.28773662, 0.94713944), (0.14189601, 0.28773662, 0.94713944), (0.14189601, 0.28773662, 0.94713944), (0.1031249, 0.30379614, 0.94713944), (0.1031249, 0.30379614, 0.94713944), (0.1031249, 0.30379614, 0.94713944), (0.1031249, 0.30379614, 0.94713944), (0.062589295, 0.31465763, 0.94713944), (0.062589295, 0.31465763, 0.94713944), (0.062589295, 0.31465763, 0.94713944), (0.062589295, 0.31465763, 0.94713944), (0.020982772, 0.32013524, 0.94713944), (0.020982772, 0.32013524, 0.94713944), (0.020982772, 0.32013524, 0.94713944), (0.020982772, 0.32013524, 0.94713944), (0.012733235, -0.19427162, 0.9808651), (0.012733235, -0.19427162, 0.9808651), (0.012733235, -0.19427162, 0.9808651), (0.012733235, -0.19427162, 0.9808651), (0.037981834, -0.19094758, 0.9808651), (0.037981834, -0.19094758, 0.9808651), (0.037981834, -0.19094758, 0.9808651), (0.037981834, -0.19094758, 0.9808651), (0.062580556, -0.18435638, 0.9808651), (0.062580556, -0.18435638, 0.9808651), (0.062580556, -0.18435638, 0.9808651), (0.062580556, -0.18435638, 0.9808651), (0.086108506, -0.17461078, 0.9808651), (0.086108506, -0.17461078, 0.9808651), (0.086108506, -0.17461078, 0.9808651), (0.086108506, -0.17461078, 0.9808651), (0.10816312, -0.16187754, 0.9808651), (0.10816312, -0.16187754, 0.9808651), (0.10816312, -0.16187754, 0.9808651), (0.10816312, -0.16187754, 0.9808651), (0.12836702, -0.14637454, 0.9808651), (0.12836702, -0.14637454, 0.9808651), (0.12836702, -0.14637454, 0.9808651), (0.12836702, -0.14637454, 0.9808651), (0.14637454, -0.12836702, 0.9808651), (0.14637454, -0.12836702, 0.9808651), (0.14637454, -0.12836702, 0.9808651), (0.14637454, -0.12836702, 0.9808651), (0.16187754, -0.10816312, 0.9808651), (0.16187754, -0.10816312, 0.9808651), (0.16187754, -0.10816312, 0.9808651), (0.16187754, -0.10816312, 0.9808651), (0.17461078, -0.086108506, 0.9808651), (0.17461078, -0.086108506, 0.9808651), (0.17461078, -0.086108506, 0.9808651), (0.17461078, -0.086108506, 0.9808651), (0.18435638, -0.062580556, 0.9808651), (0.18435638, -0.062580556, 0.9808651), (0.18435638, -0.062580556, 0.9808651), (0.18435638, -0.062580556, 0.9808651), (0.19094758, -0.037981834, 0.9808651), (0.19094758, -0.037981834, 0.9808651), (0.19094758, -0.037981834, 0.9808651), (0.19094758, -0.037981834, 0.9808651), (0.19427162, -0.012733235, 0.9808651), (0.19427162, -0.012733235, 0.9808651), (0.19427162, -0.012733235, 0.9808651), (0.19427162, -0.012733235, 0.9808651), (0.19427162, 0.012733235, 0.9808651), (0.19427162, 0.012733235, 0.9808651), (0.19427162, 0.012733235, 0.9808651), (0.19427162, 0.012733235, 0.9808651), (0.19094758, 0.037981834, 0.9808651), (0.19094758, 0.037981834, 0.9808651), (0.19094758, 0.037981834, 0.9808651), (0.19094758, 0.037981834, 0.9808651), (0.18435638, 0.062580556, 0.9808651), (0.18435638, 0.062580556, 0.9808651), (0.18435638, 0.062580556, 0.9808651), (0.18435638, 0.062580556, 0.9808651), (0.17461078, 0.086108506, 0.9808651), (0.17461078, 0.086108506, 0.9808651), (0.17461078, 0.086108506, 0.9808651), (0.17461078, 0.086108506, 0.9808651), (0.16187754, 0.10816312, 0.9808651), (0.16187754, 0.10816312, 0.9808651), (0.16187754, 0.10816312, 0.9808651), (0.16187754, 0.10816312, 0.9808651), (0.14637454, 0.12836702, 0.9808651), (0.14637454, 0.12836702, 0.9808651), (0.14637454, 0.12836702, 0.9808651), (0.14637454, 0.12836702, 0.9808651), (0.12836702, 0.14637454, 0.9808651), (0.12836702, 0.14637454, 0.9808651), (0.12836702, 0.14637454, 0.9808651), (0.12836702, 0.14637454, 0.9808651), (0.10816312, 0.16187754, 0.9808651), (0.10816312, 0.16187754, 0.9808651), (0.10816312, 0.16187754, 0.9808651), (0.10816312, 0.16187754, 0.9808651), (0.086108506, 0.17461078, 0.9808651), (0.086108506, 0.17461078, 0.9808651), (0.086108506, 0.17461078, 0.9808651), (0.086108506, 0.17461078, 0.9808651), (0.062580556, 0.18435638, 0.9808651), (0.062580556, 0.18435638, 0.9808651), (0.062580556, 0.18435638, 0.9808651), (0.062580556, 0.18435638, 0.9808651), (0.037981834, 0.19094758, 0.9808651), (0.037981834, 0.19094758, 0.9808651), (0.037981834, 0.19094758, 0.9808651), (0.037981834, 0.19094758, 0.9808651), (0.012733235, 0.19427162, 0.9808651), (0.012733235, 0.19427162, 0.9808651), (0.012733235, 0.19427162, 0.9808651), (0.012733235, 0.19427162, 0.9808651), (0.005689949, -0.08681185, 0.9962085), (0.005689949, -0.08681185, 0.9962085), (0.005689949, -0.08681185, 0.9962085), (0.01697249, -0.08532647, 0.9962085), (0.01697249, -0.08532647, 0.9962085), (0.01697249, -0.08532647, 0.9962085), (0.027964627, -0.08238114, 0.9962085), (0.027964627, -0.08238114, 0.9962085), (0.027964627, -0.08238114, 0.9962085), (0.03847828, -0.078026235, 0.9962085), (0.03847828, -0.078026235, 0.9962085), (0.03847828, -0.078026235, 0.9962085), (0.048333563, -0.07233629, 0.9962085), (0.048333563, -0.07233629, 0.9962085), (0.048333563, -0.07233629, 0.9962085), (0.057361845, -0.06540865, 0.9962085), (0.057361845, -0.06540865, 0.9962085), (0.057361845, -0.06540865, 0.9962085), (0.06540865, -0.057361845, 0.9962085), (0.06540865, -0.057361845, 0.9962085), (0.06540865, -0.057361845, 0.9962085), (0.07233629, -0.048333563, 0.9962085), (0.07233629, -0.048333563, 0.9962085), (0.07233629, -0.048333563, 0.9962085), (0.078026235, -0.03847828, 0.9962085), (0.078026235, -0.03847828, 0.9962085), (0.078026235, -0.03847828, 0.9962085), (0.08238114, -0.027964627, 0.9962085), (0.08238114, -0.027964627, 0.9962085), (0.08238114, -0.027964627, 0.9962085), (0.08532647, -0.01697249, 0.9962085), (0.08532647, -0.01697249, 0.9962085), (0.08532647, -0.01697249, 0.9962085), (0.08681185, -0.005689949, 0.9962085), (0.08681185, -0.005689949, 0.9962085), (0.08681185, -0.005689949, 0.9962085), (0.08681185, 0.005689949, 0.9962085), (0.08681185, 0.005689949, 0.9962085), (0.08681185, 0.005689949, 0.9962085), (0.08532647, 0.01697249, 0.9962085), (0.08532647, 0.01697249, 0.9962085), (0.08532647, 0.01697249, 0.9962085), (0.08238114, 0.027964627, 0.9962085), (0.08238114, 0.027964627, 0.9962085), (0.08238114, 0.027964627, 0.9962085), (0.078026235, 0.03847828, 0.9962085), (0.078026235, 0.03847828, 0.9962085), (0.078026235, 0.03847828, 0.9962085), (0.07233629, 0.048333563, 0.9962085), (0.07233629, 0.048333563, 0.9962085), (0.07233629, 0.048333563, 0.9962085), (0.06540865, 0.057361845, 0.9962085), (0.06540865, 0.057361845, 0.9962085), (0.06540865, 0.057361845, 0.9962085), (0.057361845, 0.06540865, 0.9962085), (0.057361845, 0.06540865, 0.9962085), (0.057361845, 0.06540865, 0.9962085), (0.048333563, 0.07233629, 0.9962085), (0.048333563, 0.07233629, 0.9962085), (0.048333563, 0.07233629, 0.9962085), (0.03847828, 0.078026235, 0.9962085), (0.03847828, 0.078026235, 0.9962085), (0.03847828, 0.078026235, 0.9962085), (0.027964627, 0.08238114, 0.9962085), (0.027964627, 0.08238114, 0.9962085), (0.027964627, 0.08238114, 0.9962085), (0.01697249, 0.08532647, 0.9962085), (0.01697249, 0.08532647, 0.9962085), (0.01697249, 0.08532647, 0.9962085), (0.005689949, 0.08681185, 0.9962085), (0.005689949, 0.08681185, 0.9962085), (0.005689949, 0.08681185, 0.9962085)] (
                interpolation = "faceVarying"
            )
            point3f[] points = [(-0.26105237, 1.9828898, 2), (-0.25881904, 1.9659258, 1.7389476), (1.2141697e-16, 1.9828898, 1.7389476), (1.2246469e-16, 2, 2), (-0.5176381, 1.9318516, 2), (-0.51320964, 1.9153244, 1.7389476), (-0.25881904, 1.9659258, 1.7389476), (-0.26105237, 1.9828898, 2), (-0.76536685, 1.847759, 2), (-0.75881904, 1.8319513, 1.7389476), (-0.51320964, 1.9153244, 1.7389476), (-0.5176381, 1.9318516, 2), (-1, 1.7320508, 2), (-0.9914449, 1.7172328, 1.7389476), (-0.75881904, 1.8319513, 1.7389476), (-0.76536685, 1.847759, 2), (-1.2175229, 1.5867066, 2), (-1.2071068, 1.5731322, 1.7389476), (-0.9914449, 1.7172328, 1.7389476), (-1, 1.7320508, 2), (-1.4142135, 1.4142135, 2), (-1.4021147, 1.4021147, 1.7389476), (-1.2071068, 1.5731322, 1.7389476), (-1.2175229, 1.5867066, 2), (-1.5867066, 1.2175229, 2), (-1.5731322, 1.2071068, 1.7389476), (-1.4021147, 1.4021147, 1.7389476), (-1.4142135, 1.4142135, 2), (-1.7320508, 1, 2), (-1.7172328, 0.9914449, 1.7389476), (-1.5731322, 1.2071068, 1.7389476), (-1.5867066, 1.2175229, 2), (-1.847759, 0.76536685, 2), (-1.8319513, 0.75881904, 1.7389476), (-1.7172328, 0.9914449, 1.7389476), (-1.7320508, 1, 2), (-1.9318516, 0.5176381, 2), (-1.9153244, 0.51320964, 1.7389476), (-1.8319513, 0.75881904, 1.7389476), (-1.847759, 0.76536685, 2), (-1.9828898, 0.26105237, 2), (-1.9659258, 0.25881904, 1.7389476), (-1.9153244, 0.51320964, 1.7389476), (-1.9318516, 0.5176381, 2), (-2, 2.4492937e-16, 2), (-1.9828898, 2.4283394e-16, 1.7389476), (-1.9659258, 0.25881904, 1.7389476), (-1.9828898, 0.26105237, 2), (-1.9828898, -0.26105237, 2), (-1.9659258, -0.25881904, 1.7389476), (-1.9828898, 2.4283394e-16, 1.7389476), (-2, 2.4492937e-16, 2), (-1.9318516, -0.5176381, 2), (-1.9153244, -0.51320964, 1.7389476), (-1.9659258, -0.25881904, 1.7389476), (-1.9828898, -0.26105237, 2), (-1.847759, -0.76536685, 2), (-1.8319513, -0.75881904, 1.7389476), (-1.9153244, -0.51320964, 1.7389476), (-1.9318516, -0.5176381, 2), (-1.7320508, -1, 2), (-1.7172328, -0.9914449, 1.7389476), (-1.8319513, -0.75881904, 1.7389476), (-1.847759, -0.76536685, 2), (-1.5867066, -1.2175229, 2), (-1.5731322, -1.2071068, 1.7389476), (-1.7172328, -0.9914449, 1.7389476), (-1.7320508, -1, 2), (-1.4142135, -1.4142135, 2), (-1.4021147, -1.4021147, 1.7389476), (-1.5731322, -1.2071068, 1.7389476), (-1.5867066, -1.2175229, 2), (-1.2175229, -1.5867066, 2), (-1.2071068, -1.5731322, 1.7389476), (-1.4021147, -1.4021147, 1.7389476), (-1.4142135, -1.4142135, 2), (-1, -1.7320508, 2), (-0.9914449, -1.7172328, 1.7389476), (-1.2071068, -1.5731322, 1.7389476), (-1.2175229, -1.5867066, 2), (-0.76536685, -1.847759, 2), (-0.75881904, -1.8319513, 1.7389476), (-0.9914449, -1.7172328, 1.7389476), (-1, -1.7320508, 2), (-0.5176381, -1.9318516, 2), (-0.51320964, -1.9153244, 1.7389476), (-0.75881904, -1.8319513, 1.7389476), (-0.76536685, -1.847759, 2), (-0.26105237, -1.9828898, 2), (-0.25881904, -1.9659258, 1.7389476), (-0.51320964, -1.9153244, 1.7389476), (-0.5176381, -1.9318516, 2), (-3.6739403e-16, -2, 2), (-3.6425093e-16, -1.9828898, 1.7389476), (-0.25881904, -1.9659258, 1.7389476), (-0.26105237, -1.9828898, 2), (-0.25881904, 1.9659258, 1.7389476), (-0.25215724, 1.9153244, 1.4823619), (1.1829179e-16, 1.9318516, 1.4823619), (1.2141697e-16, 1.9828898, 1.7389476), (-0.51320964, 1.9153244, 1.7389476), (-0.5, 1.8660254, 1.4823619), (-0.25215724, 1.9153244, 1.4823619), (-0.25881904, 1.9659258, 1.7389476), (-0.75881904, 1.8319513, 1.7389476), (-0.7392876, 1.7847981, 1.4823619), (-0.5, 1.8660254, 1.4823619), (-0.51320964, 1.9153244, 1.7389476), (-0.9914449, 1.7172328, 1.7389476), (-0.9659258, 1.6730326, 1.4823619), (-0.7392876, 1.7847981, 1.4823619), (-0.75881904, 1.8319513, 1.7389476), (-1.2071068, 1.5731322, 1.7389476), (-1.1760367, 1.5326409, 1.4823619), (-0.9659258, 1.6730326, 1.4823619), (-0.9914449, 1.7172328, 1.7389476), (-1.4021147, 1.4021147, 1.7389476), (-1.3660254, 1.3660254, 1.4823619), (-1.1760367, 1.5326409, 1.4823619), (-1.2071068, 1.5731322, 1.7389476), (-1.5731322, 1.2071068, 1.7389476), (-1.5326409, 1.1760367, 1.4823619), (-1.3660254, 1.3660254, 1.4823619), (-1.4021147, 1.4021147, 1.7389476), (-1.7172328, 0.9914449, 1.7389476), (-1.6730326, 0.9659258, 1.4823619), (-1.5326409, 1.1760367, 1.4823619), (-1.5731322, 1.2071068, 1.7389476), (-1.8319513, 0.75881904, 1.7389476), (-1.7847981, 0.7392876, 1.4823619), (-1.6730326, 0.9659258, 1.4823619), (-1.7172328, 0.9914449, 1.7389476), (-1.9153244, 0.51320964, 1.7389476), (-1.8660254, 0.5, 1.4823619), (-1.7847981, 0.7392876, 1.4823619), (-1.8319513, 0.75881904, 1.7389476), (-1.9659258, 0.25881904, 1.7389476), (-1.9153244, 0.25215724, 1.4823619), (-1.8660254, 0.5, 1.4823619), (-1.9153244, 0.51320964, 1.7389476), (-1.9828898, 2.4283394e-16, 1.7389476), (-1.9318516, 2.3658358e-16, 1.4823619), (-1.9153244, 0.25215724, 1.4823619), (-1.9659258, 0.25881904, 1.7389476), (-1.9659258, -0.25881904, 1.7389476), (-1.9153244, -0.25215724, 1.4823619), (-1.9318516, 2.3658358e-16, 1.4823619), (-1.9828898, 2.4283394e-16, 1.7389476), (-1.9153244, -0.51320964, 1.7389476), (-1.8660254, -0.5, 1.4823619), (-1.9153244, -0.25215724, 1.4823619), (-1.9659258, -0.25881904, 1.7389476), (-1.8319513, -0.75881904, 1.7389476), (-1.7847981, -0.7392876, 1.4823619), (-1.8660254, -0.5, 1.4823619), (-1.9153244, -0.51320964, 1.7389476), (-1.7172328, -0.9914449, 1.7389476), (-1.6730326, -0.9659258, 1.4823619), (-1.7847981, -0.7392876, 1.4823619), (-1.8319513, -0.75881904, 1.7389476), (-1.5731322, -1.2071068, 1.7389476), (-1.5326409, -1.1760367, 1.4823619), (-1.6730326, -0.9659258, 1.4823619), (-1.7172328, -0.9914449, 1.7389476), (-1.4021147, -1.4021147, 1.7389476), (-1.3660254, -1.3660254, 1.4823619), (-1.5326409, -1.1760367, 1.4823619), (-1.5731322, -1.2071068, 1.7389476), (-1.2071068, -1.5731322, 1.7389476), (-1.1760367, -1.5326409, 1.4823619), (-1.3660254, -1.3660254, 1.4823619), (-1.4021147, -1.4021147, 1.7389476), (-0.9914449, -1.7172328, 1.7389476), (-0.9659258, -1.6730326, 1.4823619), (-1.1760367, -1.5326409, 1.4823619), (-1.2071068, -1.5731322, 1.7389476), (-0.75881904, -1.8319513, 1.7389476), (-0.7392876, -1.7847981, 1.4823619), (-0.9659258, -1.6730326, 1.4823619), (-0.9914449, -1.7172328, 1.7389476), (-0.51320964, -1.9153244, 1.7389476), (-0.5, -1.8660254, 1.4823619), (-0.7392876, -1.7847981, 1.4823619), (-0.75881904, -1.8319513, 1.7389476), (-0.25881904, -1.9659258, 1.7389476), (-0.25215724, -1.9153244, 1.4823619), (-0.5, -1.8660254, 1.4823619), (-0.51320964, -1.9153244, 1.7389476), (-3.6425093e-16, -1.9828898, 1.7389476), (-3.5487539e-16, -1.9318516, 1.4823619), (-0.25215724, -1.9153244, 1.4823619), (-0.25881904, -1.9659258, 1.7389476), (-0.25215724, 1.9153244, 1.4823619), (-0.24118096, 1.8319513, 1.2346331), (1.1314261e-16, 1.847759, 1.2346331), (1.1829179e-16, 1.9318516, 1.4823619), (-0.5, 1.8660254, 1.4823619), (-0.47823524, 1.7847981, 1.2346331), (-0.24118096, 1.8319513, 1.2346331), (-0.25215724, 1.9153244, 1.4823619), (-0.7392876, 1.7847981, 1.4823619), (-0.70710677, 1.7071068, 1.2346331), (-0.47823524, 1.7847981, 1.2346331), (-0.5, 1.8660254, 1.4823619), (-0.9659258, 1.6730326, 1.4823619), (-0.9238795, 1.6002063, 1.2346331), (-0.70710677, 1.7071068, 1.2346331), (-0.7392876, 1.7847981, 1.4823619), (-1.1760367, 1.5326409, 1.4823619), (-1.1248444, 1.4659258, 1.2346331), (-0.9238795, 1.6002063, 1.2346331), (-0.9659258, 1.6730326, 1.4823619), (-1.3660254, 1.3660254, 1.4823619), (-1.306563, 1.306563, 1.2346331), (-1.1248444, 1.4659258, 1.2346331), (-1.1760367, 1.5326409, 1.4823619), (-1.5326409, 1.1760367, 1.4823619), (-1.4659258, 1.1248444, 1.2346331), (-1.306563, 1.306563, 1.2346331), (-1.3660254, 1.3660254, 1.4823619), (-1.6730326, 0.9659258, 1.4823619), (-1.6002063, 0.9238795, 1.2346331), (-1.4659258, 1.1248444, 1.2346331), (-1.5326409, 1.1760367, 1.4823619), (-1.7847981, 0.7392876, 1.4823619), (-1.7071068, 0.70710677, 1.2346331), (-1.6002063, 0.9238795, 1.2346331), (-1.6730326, 0.9659258, 1.4823619), (-1.8660254, 0.5, 1.4823619), (-1.7847981, 0.47823524, 1.2346331), (-1.7071068, 0.70710677, 1.2346331), (-1.7847981, 0.7392876, 1.4823619), (-1.9153244, 0.25215724, 1.4823619), (-1.8319513, 0.24118096, 1.2346331), (-1.7847981, 0.47823524, 1.2346331), (-1.8660254, 0.5, 1.4823619), (-1.9318516, 2.3658358e-16, 1.4823619), (-1.847759, 2.2628522e-16, 1.2346331), (-1.8319513, 0.24118096, 1.2346331), (-1.9153244, 0.25215724, 1.4823619), (-1.9153244, -0.25215724, 1.4823619), (-1.8319513, -0.24118096, 1.2346331), (-1.847759, 2.2628522e-16, 1.2346331), (-1.9318516, 2.3658358e-16, 1.4823619), (-1.8660254, -0.5, 1.4823619), (-1.7847981, -0.47823524, 1.2346331), (-1.8319513, -0.24118096, 1.2346331), (-1.9153244, -0.25215724, 1.4823619), (-1.7847981, -0.7392876, 1.4823619), (-1.7071068, -0.70710677, 1.2346331), (-1.7847981, -0.47823524, 1.2346331), (-1.8660254, -0.5, 1.4823619), (-1.6730326, -0.9659258, 1.4823619), (-1.6002063, -0.9238795, 1.2346331), (-1.7071068, -0.70710677, 1.2346331), (-1.7847981, -0.7392876, 1.4823619), (-1.5326409, -1.1760367, 1.4823619), (-1.4659258, -1.1248444, 1.2346331), (-1.6002063, -0.9238795, 1.2346331), (-1.6730326, -0.9659258, 1.4823619), (-1.3660254, -1.3660254, 1.4823619), (-1.306563, -1.306563, 1.2346331), (-1.4659258, -1.1248444, 1.2346331), (-1.5326409, -1.1760367, 1.4823619), (-1.1760367, -1.5326409, 1.4823619), (-1.1248444, -1.4659258, 1.2346331), (-1.306563, -1.306563, 1.2346331), (-1.3660254, -1.3660254, 1.4823619), (-0.9659258, -1.6730326, 1.4823619), (-0.9238795, -1.6002063, 1.2346331), (-1.1248444, -1.4659258, 1.2346331), (-1.1760367, -1.5326409, 1.4823619), (-0.7392876, -1.7847981, 1.4823619), (-0.70710677, -1.7071068, 1.2346331), (-0.9238795, -1.6002063, 1.2346331), (-0.9659258, -1.6730326, 1.4823619), (-0.5, -1.8660254, 1.4823619), (-0.47823524, -1.7847981, 1.2346331), (-0.70710677, -1.7071068, 1.2346331), (-0.7392876, -1.7847981, 1.4823619), (-0.25215724, -1.9153244, 1.4823619), (-0.24118096, -1.8319513, 1.2346331), (-0.47823524, -1.7847981, 1.2346331), (-0.5, -1.8660254, 1.4823619), (-3.5487539e-16, -1.9318516, 1.4823619), (-3.3942783e-16, -1.847759, 1.2346331), (-0.24118096, -1.8319513, 1.2346331), (-0.25215724, -1.9153244, 1.4823619), (-0.24118096, 1.8319513, 1.2346331), (-0.226078, 1.7172328, 1), (1.06057525e-16, 1.7320508, 1), (1.1314261e-16, 1.847759, 1.2346331), (-0.47823524, 1.7847981, 1.2346331), (-0.44828773, 1.6730326, 1), (-0.226078, 1.7172328, 1), (-0.24118096, 1.8319513, 1.2346331), (-0.70710677, 1.7071068, 1.2346331), (-0.66282713, 1.6002063, 1), (-0.44828773, 1.6730326, 1), (-0.47823524, 1.7847981, 1.2346331), (-0.9238795, 1.6002063, 1.2346331), (-0.8660254, 1.5, 1), (-0.66282713, 1.6002063, 1), (-0.70710677, 1.7071068, 1.2346331), (-1.1248444, 1.4659258, 1.2346331), (-1.0544057, 1.3741283, 1), (-0.8660254, 1.5, 1), (-0.9238795, 1.6002063, 1.2346331), (-1.306563, 1.306563, 1.2346331), (-1.2247449, 1.2247449, 1), (-1.0544057, 1.3741283, 1), (-1.1248444, 1.4659258, 1.2346331), (-1.4659258, 1.1248444, 1.2346331), (-1.3741283, 1.0544057, 1), (-1.2247449, 1.2247449, 1), (-1.306563, 1.306563, 1.2346331), (-1.6002063, 0.9238795, 1.2346331), (-1.5, 0.8660254, 1), (-1.3741283, 1.0544057, 1), (-1.4659258, 1.1248444, 1.2346331), (-1.7071068, 0.70710677, 1.2346331), (-1.6002063, 0.66282713, 1), (-1.5, 0.8660254, 1), (-1.6002063, 0.9238795, 1.2346331), (-1.7847981, 0.47823524, 1.2346331), (-1.6730326, 0.44828773, 1), (-1.6002063, 0.66282713, 1), (-1.7071068, 0.70710677, 1.2346331), (-1.8319513, 0.24118096, 1.2346331), (-1.7172328, 0.226078, 1), (-1.6730326, 0.44828773, 1), (-1.7847981, 0.47823524, 1.2346331), (-1.847759, 2.2628522e-16, 1.2346331), (-1.7320508, 2.1211505e-16, 1), (-1.7172328, 0.226078, 1), (-1.8319513, 0.24118096, 1.2346331), (-1.8319513, -0.24118096, 1.2346331), (-1.7172328, -0.226078, 1), (-1.7320508, 2.1211505e-16, 1), (-1.847759, 2.2628522e-16, 1.2346331), (-1.7847981, -0.47823524, 1.2346331), (-1.6730326, -0.44828773, 1), (-1.7172328, -0.226078, 1), (-1.8319513, -0.24118096, 1.2346331), (-1.7071068, -0.70710677, 1.2346331), (-1.6002063, -0.66282713, 1), (-1.6730326, -0.44828773, 1), (-1.7847981, -0.47823524, 1.2346331), (-1.6002063, -0.9238795, 1.2346331), (-1.5, -0.8660254, 1), (-1.6002063, -0.66282713, 1), (-1.7071068, -0.70710677, 1.2346331), (-1.4659258, -1.1248444, 1.2346331), (-1.3741283, -1.0544057, 1), (-1.5, -0.8660254, 1), (-1.6002063, -0.9238795, 1.2346331), (-1.306563, -1.306563, 1.2346331), (-1.2247449, -1.2247449, 1), (-1.3741283, -1.0544057, 1), (-1.4659258, -1.1248444, 1.2346331), (-1.1248444, -1.4659258, 1.2346331), (-1.0544057, -1.3741283, 1), (-1.2247449, -1.2247449, 1), (-1.306563, -1.306563, 1.2346331), (-0.9238795, -1.6002063, 1.2346331), (-0.8660254, -1.5, 1), (-1.0544057, -1.3741283, 1), (-1.1248444, -1.4659258, 1.2346331), (-0.70710677, -1.7071068, 1.2346331), (-0.66282713, -1.6002063, 1), (-0.8660254, -1.5, 1), (-0.9238795, -1.6002063, 1.2346331), (-0.47823524, -1.7847981, 1.2346331), (-0.44828773, -1.6730326, 1), (-0.66282713, -1.6002063, 1), (-0.70710677, -1.7071068, 1.2346331), (-0.24118096, -1.8319513, 1.2346331), (-0.226078, -1.7172328, 1), (-0.44828773, -1.6730326, 1), (-0.47823524, -1.7847981, 1.2346331), (-3.3942783e-16, -1.847759, 1.2346331), (-3.1817257e-16, -1.7320508, 1), (-0.226078, -1.7172328, 1), (-0.24118096, -1.8319513, 1.2346331), (-0.226078, 1.7172328, 1), (-0.20710678, 1.5731322, 0.78247714), (9.715776e-17, 1.5867066, 0.78247714), (1.06057525e-16, 1.7320508, 1), (-0.44828773, 1.6730326, 1), (-0.4106699, 1.5326409, 0.78247714), (-0.20710678, 1.5731322, 0.78247714), (-0.226078, 1.7172328, 1), (-0.66282713, 1.6002063, 1), (-0.60720634, 1.4659258, 0.78247714), (-0.4106699, 1.5326409, 0.78247714), (-0.44828773, 1.6730326, 1), (-0.8660254, 1.5, 1), (-0.7933533, 1.3741283, 0.78247714), (-0.60720634, 1.4659258, 0.78247714), (-0.66282713, 1.6002063, 1), (-1.0544057, 1.3741283, 1), (-0.9659258, 1.2588191, 0.78247714), (-0.7933533, 1.3741283, 0.78247714), (-0.8660254, 1.5, 1), (-1.2247449, 1.2247449, 1), (-1.121971, 1.121971, 0.78247714), (-0.9659258, 1.2588191, 0.78247714), (-1.0544057, 1.3741283, 1), (-1.3741283, 1.0544057, 1), (-1.2588191, 0.9659258, 0.78247714), (-1.121971, 1.121971, 0.78247714), (-1.2247449, 1.2247449, 1), (-1.5, 0.8660254, 1), (-1.3741283, 0.7933533, 0.78247714), (-1.2588191, 0.9659258, 0.78247714), (-1.3741283, 1.0544057, 1), (-1.6002063, 0.66282713, 1), (-1.4659258, 0.60720634, 0.78247714), (-1.3741283, 0.7933533, 0.78247714), (-1.5, 0.8660254, 1), (-1.6730326, 0.44828773, 1), (-1.5326409, 0.4106699, 0.78247714), (-1.4659258, 0.60720634, 0.78247714), (-1.6002063, 0.66282713, 1), (-1.7172328, 0.226078, 1), (-1.5731322, 0.20710678, 0.78247714), (-1.5326409, 0.4106699, 0.78247714), (-1.6730326, 0.44828773, 1), (-1.7320508, 2.1211505e-16, 1), (-1.5867066, 1.9431553e-16, 0.78247714), (-1.5731322, 0.20710678, 0.78247714), (-1.7172328, 0.226078, 1), (-1.7172328, -0.226078, 1), (-1.5731322, -0.20710678, 0.78247714), (-1.5867066, 1.9431553e-16, 0.78247714), (-1.7320508, 2.1211505e-16, 1), (-1.6730326, -0.44828773, 1), (-1.5326409, -0.4106699, 0.78247714), (-1.5731322, -0.20710678, 0.78247714), (-1.7172328, -0.226078, 1), (-1.6002063, -0.66282713, 1), (-1.4659258, -0.60720634, 0.78247714), (-1.5326409, -0.4106699, 0.78247714), (-1.6730326, -0.44828773, 1), (-1.5, -0.8660254, 1), (-1.3741283, -0.7933533, 0.78247714), (-1.4659258, -0.60720634, 0.78247714), (-1.6002063, -0.66282713, 1), (-1.3741283, -1.0544057, 1), (-1.2588191, -0.9659258, 0.78247714), (-1.3741283, -0.7933533, 0.78247714), (-1.5, -0.8660254, 1), (-1.2247449, -1.2247449, 1), (-1.121971, -1.121971, 0.78247714), (-1.2588191, -0.9659258, 0.78247714), (-1.3741283, -1.0544057, 1), (-1.0544057, -1.3741283, 1), (-0.9659258, -1.2588191, 0.78247714), (-1.121971, -1.121971, 0.78247714), (-1.2247449, -1.2247449, 1), (-0.8660254, -1.5, 1), (-0.7933533, -1.3741283, 0.78247714), (-0.9659258, -1.2588191, 0.78247714), (-1.0544057, -1.3741283, 1), (-0.66282713, -1.6002063, 1), (-0.60720634, -1.4659258, 0.78247714), (-0.7933533, -1.3741283, 0.78247714), (-0.8660254, -1.5, 1), (-0.44828773, -1.6730326, 1), (-0.4106699, -1.5326409, 0.78247714), (-0.60720634, -1.4659258, 0.78247714), (-0.66282713, -1.6002063, 1), (-0.226078, -1.7172328, 1), (-0.20710678, -1.5731322, 0.78247714), (-0.4106699, -1.5326409, 0.78247714), (-0.44828773, -1.6730326, 1), (-3.1817257e-16, -1.7320508, 1), (-2.914733e-16, -1.5867066, 0.78247714), (-0.20710678, -1.5731322, 0.78247714), (-0.226078, -1.7172328, 1), (-0.20710678, 1.5731322, 0.78247714), (-0.1845919, 1.4021147, 0.58578646), (8.6595606e-17, 1.4142135, 0.58578646), (9.715776e-17, 1.5867066, 0.78247714), (-0.4106699, 1.5326409, 0.78247714), (-0.36602542, 1.3660254, 0.58578646), (-0.1845919, 1.4021147, 0.58578646), (-0.20710678, 1.5731322, 0.78247714), (-0.60720634, 1.4659258, 0.78247714), (-0.5411961, 1.306563, 0.58578646), (-0.36602542, 1.3660254, 0.58578646), (-0.4106699, 1.5326409, 0.78247714), (-0.7933533, 1.3741283, 0.78247714), (-0.70710677, 1.2247449, 0.58578646), (-0.5411961, 1.306563, 0.58578646), (-0.60720634, 1.4659258, 0.78247714), (-0.9659258, 1.2588191, 0.78247714), (-0.86091864, 1.121971, 0.58578646), (-0.70710677, 1.2247449, 0.58578646), (-0.7933533, 1.3741283, 0.78247714), (-1.121971, 1.121971, 0.78247714), (-1, 1, 0.58578646), (-0.86091864, 1.121971, 0.58578646), (-0.9659258, 1.2588191, 0.78247714), (-1.2588191, 0.9659258, 0.78247714), (-1.121971, 0.86091864, 0.58578646), (-1, 1, 0.58578646), (-1.121971, 1.121971, 0.78247714), (-1.3741283, 0.7933533, 0.78247714), (-1.2247449, 0.70710677, 0.58578646), (-1.121971, 0.86091864, 0.58578646), (-1.2588191, 0.9659258, 0.78247714), (-1.4659258, 0.60720634, 0.78247714), (-1.306563, 0.5411961, 0.58578646), (-1.2247449, 0.70710677, 0.58578646), (-1.3741283, 0.7933533, 0.78247714), (-1.5326409, 0.4106699, 0.78247714), (-1.3660254, 0.36602542, 0.58578646), (-1.306563, 0.5411961, 0.58578646), (-1.4659258, 0.60720634, 0.78247714), (-1.5731322, 0.20710678, 0.78247714), (-1.4021147, 0.1845919, 0.58578646), (-1.3660254, 0.36602542, 0.58578646), (-1.5326409, 0.4106699, 0.78247714), (-1.5867066, 1.9431553e-16, 0.78247714), (-1.4142135, 1.7319121e-16, 0.58578646), (-1.4021147, 0.1845919, 0.58578646), (-1.5731322, 0.20710678, 0.78247714), (-1.5731322, -0.20710678, 0.78247714), (-1.4021147, -0.1845919, 0.58578646), (-1.4142135, 1.7319121e-16, 0.58578646), (-1.5867066, 1.9431553e-16, 0.78247714), (-1.5326409, -0.4106699, 0.78247714), (-1.3660254, -0.36602542, 0.58578646), (-1.4021147, -0.1845919, 0.58578646), (-1.5731322, -0.20710678, 0.78247714), (-1.4659258, -0.60720634, 0.78247714), (-1.306563, -0.5411961, 0.58578646), (-1.3660254, -0.36602542, 0.58578646), (-1.5326409, -0.4106699, 0.78247714), (-1.3741283, -0.7933533, 0.78247714), (-1.2247449, -0.70710677, 0.58578646), (-1.306563, -0.5411961, 0.58578646), (-1.4659258, -0.60720634, 0.78247714), (-1.2588191, -0.9659258, 0.78247714), (-1.121971, -0.86091864, 0.58578646), (-1.2247449, -0.70710677, 0.58578646), (-1.3741283, -0.7933533, 0.78247714), (-1.121971, -1.121971, 0.78247714), (-1, -1, 0.58578646), (-1.121971, -0.86091864, 0.58578646), (-1.2588191, -0.9659258, 0.78247714), (-0.9659258, -1.2588191, 0.78247714), (-0.86091864, -1.121971, 0.58578646), (-1, -1, 0.58578646), (-1.121971, -1.121971, 0.78247714), (-0.7933533, -1.3741283, 0.78247714), (-0.70710677, -1.2247449, 0.58578646), (-0.86091864, -1.121971, 0.58578646), (-0.9659258, -1.2588191, 0.78247714), (-0.60720634, -1.4659258, 0.78247714), (-0.5411961, -1.306563, 0.58578646), (-0.70710677, -1.2247449, 0.58578646), (-0.7933533, -1.3741283, 0.78247714), (-0.4106699, -1.5326409, 0.78247714), (-0.36602542, -1.3660254, 0.58578646), (-0.5411961, -1.306563, 0.58578646), (-0.60720634, -1.4659258, 0.78247714), (-0.20710678, -1.5731322, 0.78247714), (-0.1845919, -1.4021147, 0.58578646), (-0.36602542, -1.3660254, 0.58578646), (-0.4106699, -1.5326409, 0.78247714), (-2.914733e-16, -1.5867066, 0.78247714), (-2.597868e-16, -1.4142135, 0.58578646), (-0.1845919, -1.4021147, 0.58578646), (-0.20710678, -1.5731322, 0.78247714), (-0.1845919, 1.4021147, 0.58578646), (-0.15891862, 1.2071068, 0.41329333), (7.455177e-17, 1.2175229, 0.41329333), (8.6595606e-17, 1.4142135, 0.58578646), (-0.36602542, 1.3660254, 0.58578646), (-0.3151181, 1.1760367, 0.41329333), (-0.15891862, 1.2071068, 0.41329333), (-0.1845919, 1.4021147, 0.58578646), (-0.5411961, 1.306563, 0.58578646), (-0.4659258, 1.1248444, 0.41329333), (-0.3151181, 1.1760367, 0.41329333), (-0.36602542, 1.3660254, 0.58578646), (-0.70710677, 1.2247449, 0.58578646), (-0.6087614, 1.0544057, 0.41329333), (-0.4659258, 1.1248444, 0.41329333), (-0.5411961, 1.306563, 0.58578646), (-0.86091864, 1.121971, 0.58578646), (-0.74118096, 0.9659258, 0.41329333), (-0.6087614, 1.0544057, 0.41329333), (-0.70710677, 1.2247449, 0.58578646), (-1, 1, 0.58578646), (-0.86091864, 0.86091864, 0.41329333), (-0.74118096, 0.9659258, 0.41329333), (-0.86091864, 1.121971, 0.58578646), (-1.121971, 0.86091864, 0.58578646), (-0.9659258, 0.74118096, 0.41329333), (-0.86091864, 0.86091864, 0.41329333), (-1, 1, 0.58578646), (-1.2247449, 0.70710677, 0.58578646), (-1.0544057, 0.6087614, 0.41329333), (-0.9659258, 0.74118096, 0.41329333), (-1.121971, 0.86091864, 0.58578646), (-1.306563, 0.5411961, 0.58578646), (-1.1248444, 0.4659258, 0.41329333), (-1.0544057, 0.6087614, 0.41329333), (-1.2247449, 0.70710677, 0.58578646), (-1.3660254, 0.36602542, 0.58578646), (-1.1760367, 0.3151181, 0.41329333), (-1.1248444, 0.4659258, 0.41329333), (-1.306563, 0.5411961, 0.58578646), (-1.4021147, 0.1845919, 0.58578646), (-1.2071068, 0.15891862, 0.41329333), (-1.1760367, 0.3151181, 0.41329333), (-1.3660254, 0.36602542, 0.58578646), (-1.4142135, 1.7319121e-16, 0.58578646), (-1.2175229, 1.4910354e-16, 0.41329333), (-1.2071068, 0.15891862, 0.41329333), (-1.4021147, 0.1845919, 0.58578646), (-1.4021147, -0.1845919, 0.58578646), (-1.2071068, -0.15891862, 0.41329333), (-1.2175229, 1.4910354e-16, 0.41329333), (-1.4142135, 1.7319121e-16, 0.58578646), (-1.3660254, -0.36602542, 0.58578646), (-1.1760367, -0.3151181, 0.41329333), (-1.2071068, -0.15891862, 0.41329333), (-1.4021147, -0.1845919, 0.58578646), (-1.306563, -0.5411961, 0.58578646), (-1.1248444, -0.4659258, 0.41329333), (-1.1760367, -0.3151181, 0.41329333), (-1.3660254, -0.36602542, 0.58578646), (-1.2247449, -0.70710677, 0.58578646), (-1.0544057, -0.6087614, 0.41329333), (-1.1248444, -0.4659258, 0.41329333), (-1.306563, -0.5411961, 0.58578646), (-1.121971, -0.86091864, 0.58578646), (-0.9659258, -0.74118096, 0.41329333), (-1.0544057, -0.6087614, 0.41329333), (-1.2247449, -0.70710677, 0.58578646), (-1, -1, 0.58578646), (-0.86091864, -0.86091864, 0.41329333), (-0.9659258, -0.74118096, 0.41329333), (-1.121971, -0.86091864, 0.58578646), (-0.86091864, -1.121971, 0.58578646), (-0.74118096, -0.9659258, 0.41329333), (-0.86091864, -0.86091864, 0.41329333), (-1, -1, 0.58578646), (-0.70710677, -1.2247449, 0.58578646), (-0.6087614, -1.0544057, 0.41329333), (-0.74118096, -0.9659258, 0.41329333), (-0.86091864, -1.121971, 0.58578646), (-0.5411961, -1.306563, 0.58578646), (-0.4659258, -1.1248444, 0.41329333), (-0.6087614, -1.0544057, 0.41329333), (-0.70710677, -1.2247449, 0.58578646), (-0.36602542, -1.3660254, 0.58578646), (-0.3151181, -1.1760367, 0.41329333), (-0.4659258, -1.1248444, 0.41329333), (-0.5411961, -1.306563, 0.58578646), (-0.1845919, -1.4021147, 0.58578646), (-0.15891862, -1.2071068, 0.41329333), (-0.3151181, -1.1760367, 0.41329333), (-0.36602542, -1.3660254, 0.58578646), (-2.597868e-16, -1.4142135, 0.58578646), (-2.2365532e-16, -1.2175229, 0.41329333), (-0.15891862, -1.2071068, 0.41329333), (-0.1845919, -1.4021147, 0.58578646), (-0.15891862, 1.2071068, 0.41329333), (-0.13052619, 0.9914449, 0.2679492), (6.123234e-17, 1, 0.2679492), (7.455177e-17, 1.2175229, 0.41329333), (-0.3151181, 1.1760367, 0.41329333), (-0.25881904, 0.9659258, 0.2679492), (-0.13052619, 0.9914449, 0.2679492), (-0.15891862, 1.2071068, 0.41329333), (-0.4659258, 1.1248444, 0.41329333), (-0.38268343, 0.9238795, 0.2679492), (-0.25881904, 0.9659258, 0.2679492), (-0.3151181, 1.1760367, 0.41329333), (-0.6087614, 1.0544057, 0.41329333), (-0.5, 0.8660254, 0.2679492), (-0.38268343, 0.9238795, 0.2679492), (-0.4659258, 1.1248444, 0.41329333), (-0.74118096, 0.9659258, 0.41329333), (-0.6087614, 0.7933533, 0.2679492), (-0.5, 0.8660254, 0.2679492), (-0.6087614, 1.0544057, 0.41329333), (-0.86091864, 0.86091864, 0.41329333), (-0.70710677, 0.70710677, 0.2679492), (-0.6087614, 0.7933533, 0.2679492), (-0.74118096, 0.9659258, 0.41329333), (-0.9659258, 0.74118096, 0.41329333), (-0.7933533, 0.6087614, 0.2679492), (-0.70710677, 0.70710677, 0.2679492), (-0.86091864, 0.86091864, 0.41329333), (-1.0544057, 0.6087614, 0.41329333), (-0.8660254, 0.5, 0.2679492), (-0.7933533, 0.6087614, 0.2679492), (-0.9659258, 0.74118096, 0.41329333), (-1.1248444, 0.4659258, 0.41329333), (-0.9238795, 0.38268343, 0.2679492), (-0.8660254, 0.5, 0.2679492), (-1.0544057, 0.6087614, 0.41329333), (-1.1760367, 0.3151181, 0.41329333), (-0.9659258, 0.25881904, 0.2679492), (-0.9238795, 0.38268343, 0.2679492), (-1.1248444, 0.4659258, 0.41329333), (-1.2071068, 0.15891862, 0.41329333), (-0.9914449, 0.13052619, 0.2679492), (-0.9659258, 0.25881904, 0.2679492), (-1.1760367, 0.3151181, 0.41329333), (-1.2175229, 1.4910354e-16, 0.41329333), (-1, 1.2246469e-16, 0.2679492), (-0.9914449, 0.13052619, 0.2679492), (-1.2071068, 0.15891862, 0.41329333), (-1.2071068, -0.15891862, 0.41329333), (-0.9914449, -0.13052619, 0.2679492), (-1, 1.2246469e-16, 0.2679492), (-1.2175229, 1.4910354e-16, 0.41329333), (-1.1760367, -0.3151181, 0.41329333), (-0.9659258, -0.25881904, 0.2679492), (-0.9914449, -0.13052619, 0.2679492), (-1.2071068, -0.15891862, 0.41329333), (-1.1248444, -0.4659258, 0.41329333), (-0.9238795, -0.38268343, 0.2679492), (-0.9659258, -0.25881904, 0.2679492), (-1.1760367, -0.3151181, 0.41329333), (-1.0544057, -0.6087614, 0.41329333), (-0.8660254, -0.5, 0.2679492), (-0.9238795, -0.38268343, 0.2679492), (-1.1248444, -0.4659258, 0.41329333), (-0.9659258, -0.74118096, 0.41329333), (-0.7933533, -0.6087614, 0.2679492), (-0.8660254, -0.5, 0.2679492), (-1.0544057, -0.6087614, 0.41329333), (-0.86091864, -0.86091864, 0.41329333), (-0.70710677, -0.70710677, 0.2679492), (-0.7933533, -0.6087614, 0.2679492), (-0.9659258, -0.74118096, 0.41329333), (-0.74118096, -0.9659258, 0.41329333), (-0.6087614, -0.7933533, 0.2679492), (-0.70710677, -0.70710677, 0.2679492), (-0.86091864, -0.86091864, 0.41329333), (-0.6087614, -1.0544057, 0.41329333), (-0.5, -0.8660254, 0.2679492), (-0.6087614, -0.7933533, 0.2679492), (-0.74118096, -0.9659258, 0.41329333), (-0.4659258, -1.1248444, 0.41329333), (-0.38268343, -0.9238795, 0.2679492), (-0.5, -0.8660254, 0.2679492), (-0.6087614, -1.0544057, 0.41329333), (-0.3151181, -1.1760367, 0.41329333), (-0.25881904, -0.9659258, 0.2679492), (-0.38268343, -0.9238795, 0.2679492), (-0.4659258, -1.1248444, 0.41329333), (-0.15891862, -1.2071068, 0.41329333), (-0.13052619, -0.9914449, 0.2679492), (-0.25881904, -0.9659258, 0.2679492), (-0.3151181, -1.1760367, 0.41329333), (-2.2365532e-16, -1.2175229, 0.41329333), (-1.8369701e-16, -1, 0.2679492), (-0.13052619, -0.9914449, 0.2679492), (-0.15891862, -1.2071068, 0.41329333), (-0.13052619, 0.9914449, 0.2679492), (-0.099900424, 0.75881904, 0.15224093), (4.6865205e-17, 0.76536685, 0.15224093), (6.123234e-17, 1, 0.2679492), (-0.25881904, 0.9659258, 0.2679492), (-0.19809152, 0.7392876, 0.15224093), (-0.099900424, 0.75881904, 0.15224093), (-0.13052619, 0.9914449, 0.2679492), (-0.38268343, 0.9238795, 0.2679492), (-0.29289323, 0.70710677, 0.15224093), (-0.19809152, 0.7392876, 0.15224093), (-0.25881904, 0.9659258, 0.2679492), (-0.5, 0.8660254, 0.2679492), (-0.38268343, 0.66282713, 0.15224093), (-0.29289323, 0.70710677, 0.15224093), (-0.38268343, 0.9238795, 0.2679492), (-0.6087614, 0.7933533, 0.2679492), (-0.4659258, 0.60720634, 0.15224093), (-0.38268343, 0.66282713, 0.15224093), (-0.5, 0.8660254, 0.2679492), (-0.70710677, 0.70710677, 0.2679492), (-0.5411961, 0.5411961, 0.15224093), (-0.4659258, 0.60720634, 0.15224093), (-0.6087614, 0.7933533, 0.2679492), (-0.7933533, 0.6087614, 0.2679492), (-0.60720634, 0.4659258, 0.15224093), (-0.5411961, 0.5411961, 0.15224093), (-0.70710677, 0.70710677, 0.2679492), (-0.8660254, 0.5, 0.2679492), (-0.66282713, 0.38268343, 0.15224093), (-0.60720634, 0.4659258, 0.15224093), (-0.7933533, 0.6087614, 0.2679492), (-0.9238795, 0.38268343, 0.2679492), (-0.70710677, 0.29289323, 0.15224093), (-0.66282713, 0.38268343, 0.15224093), (-0.8660254, 0.5, 0.2679492), (-0.9659258, 0.25881904, 0.2679492), (-0.7392876, 0.19809152, 0.15224093), (-0.70710677, 0.29289323, 0.15224093), (-0.9238795, 0.38268343, 0.2679492), (-0.9914449, 0.13052619, 0.2679492), (-0.75881904, 0.099900424, 0.15224093), (-0.7392876, 0.19809152, 0.15224093), (-0.9659258, 0.25881904, 0.2679492), (-1, 1.2246469e-16, 0.2679492), (-0.76536685, 9.373041e-17, 0.15224093), (-0.75881904, 0.099900424, 0.15224093), (-0.9914449, 0.13052619, 0.2679492), (-0.9914449, -0.13052619, 0.2679492), (-0.75881904, -0.099900424, 0.15224093), (-0.76536685, 9.373041e-17, 0.15224093), (-1, 1.2246469e-16, 0.2679492), (-0.9659258, -0.25881904, 0.2679492), (-0.7392876, -0.19809152, 0.15224093), (-0.75881904, -0.099900424, 0.15224093), (-0.9914449, -0.13052619, 0.2679492), (-0.9238795, -0.38268343, 0.2679492), (-0.70710677, -0.29289323, 0.15224093), (-0.7392876, -0.19809152, 0.15224093), (-0.9659258, -0.25881904, 0.2679492), (-0.8660254, -0.5, 0.2679492), (-0.66282713, -0.38268343, 0.15224093), (-0.70710677, -0.29289323, 0.15224093), (-0.9238795, -0.38268343, 0.2679492), (-0.7933533, -0.6087614, 0.2679492), (-0.60720634, -0.4659258, 0.15224093), (-0.66282713, -0.38268343, 0.15224093), (-0.8660254, -0.5, 0.2679492), (-0.70710677, -0.70710677, 0.2679492), (-0.5411961, -0.5411961, 0.15224093), (-0.60720634, -0.4659258, 0.15224093), (-0.7933533, -0.6087614, 0.2679492), (-0.6087614, -0.7933533, 0.2679492), (-0.4659258, -0.60720634, 0.15224093), (-0.5411961, -0.5411961, 0.15224093), (-0.70710677, -0.70710677, 0.2679492), (-0.5, -0.8660254, 0.2679492), (-0.38268343, -0.66282713, 0.15224093), (-0.4659258, -0.60720634, 0.15224093), (-0.6087614, -0.7933533, 0.2679492), (-0.38268343, -0.9238795, 0.2679492), (-0.29289323, -0.70710677, 0.15224093), (-0.38268343, -0.66282713, 0.15224093), (-0.5, -0.8660254, 0.2679492), (-0.25881904, -0.9659258, 0.2679492), (-0.19809152, -0.7392876, 0.15224093), (-0.29289323, -0.70710677, 0.15224093), (-0.38268343, -0.9238795, 0.2679492), (-0.13052619, -0.9914449, 0.2679492), (-0.099900424, -0.75881904, 0.15224093), (-0.19809152, -0.7392876, 0.15224093), (-0.25881904, -0.9659258, 0.2679492), (-1.8369701e-16, -1, 0.2679492), (-1.4059561e-16, -0.76536685, 0.15224093), (-0.099900424, -0.75881904, 0.15224093), (-0.13052619, -0.9914449, 0.2679492), (-0.099900424, 0.75881904, 0.15224093), (-0.06756533, 0.51320964, 0.068148345), (3.169619e-17, 0.5176381, 0.068148345), (4.6865205e-17, 0.76536685, 0.15224093), (-0.19809152, 0.7392876, 0.15224093), (-0.1339746, 0.5, 0.068148345), (-0.06756533, 0.51320964, 0.068148345), (-0.099900424, 0.75881904, 0.15224093), (-0.29289323, 0.70710677, 0.15224093), (-0.19809152, 0.47823524, 0.068148345), (-0.1339746, 0.5, 0.068148345), (-0.19809152, 0.7392876, 0.15224093), (-0.38268343, 0.66282713, 0.15224093), (-0.25881904, 0.44828773, 0.068148345), (-0.19809152, 0.47823524, 0.068148345), (-0.29289323, 0.70710677, 0.15224093), (-0.4659258, 0.60720634, 0.15224093), (-0.3151181, 0.4106699, 0.068148345), (-0.25881904, 0.44828773, 0.068148345), (-0.38268343, 0.66282713, 0.15224093), (-0.5411961, 0.5411961, 0.15224093), (-0.36602542, 0.36602542, 0.068148345), (-0.3151181, 0.4106699, 0.068148345), (-0.4659258, 0.60720634, 0.15224093), (-0.60720634, 0.4659258, 0.15224093), (-0.4106699, 0.3151181, 0.068148345), (-0.36602542, 0.36602542, 0.068148345), (-0.5411961, 0.5411961, 0.15224093), (-0.66282713, 0.38268343, 0.15224093), (-0.44828773, 0.25881904, 0.068148345), (-0.4106699, 0.3151181, 0.068148345), (-0.60720634, 0.4659258, 0.15224093), (-0.70710677, 0.29289323, 0.15224093), (-0.47823524, 0.19809152, 0.068148345), (-0.44828773, 0.25881904, 0.068148345), (-0.66282713, 0.38268343, 0.15224093), (-0.7392876, 0.19809152, 0.15224093), (-0.5, 0.1339746, 0.068148345), (-0.47823524, 0.19809152, 0.068148345), (-0.70710677, 0.29289323, 0.15224093), (-0.75881904, 0.099900424, 0.15224093), (-0.51320964, 0.06756533, 0.068148345), (-0.5, 0.1339746, 0.068148345), (-0.7392876, 0.19809152, 0.15224093), (-0.76536685, 9.373041e-17, 0.15224093), (-0.5176381, 6.339238e-17, 0.068148345), (-0.51320964, 0.06756533, 0.068148345), (-0.75881904, 0.099900424, 0.15224093), (-0.75881904, -0.099900424, 0.15224093), (-0.51320964, -0.06756533, 0.068148345), (-0.5176381, 6.339238e-17, 0.068148345), (-0.76536685, 9.373041e-17, 0.15224093), (-0.7392876, -0.19809152, 0.15224093), (-0.5, -0.1339746, 0.068148345), (-0.51320964, -0.06756533, 0.068148345), (-0.75881904, -0.099900424, 0.15224093), (-0.70710677, -0.29289323, 0.15224093), (-0.47823524, -0.19809152, 0.068148345), (-0.5, -0.1339746, 0.068148345), (-0.7392876, -0.19809152, 0.15224093), (-0.66282713, -0.38268343, 0.15224093), (-0.44828773, -0.25881904, 0.068148345), (-0.47823524, -0.19809152, 0.068148345), (-0.70710677, -0.29289323, 0.15224093), (-0.60720634, -0.4659258, 0.15224093), (-0.4106699, -0.3151181, 0.068148345), (-0.44828773, -0.25881904, 0.068148345), (-0.66282713, -0.38268343, 0.15224093), (-0.5411961, -0.5411961, 0.15224093), (-0.36602542, -0.36602542, 0.068148345), (-0.4106699, -0.3151181, 0.068148345), (-0.60720634, -0.4659258, 0.15224093), (-0.4659258, -0.60720634, 0.15224093), (-0.3151181, -0.4106699, 0.068148345), (-0.36602542, -0.36602542, 0.068148345), (-0.5411961, -0.5411961, 0.15224093), (-0.38268343, -0.66282713, 0.15224093), (-0.25881904, -0.44828773, 0.068148345), (-0.3151181, -0.4106699, 0.068148345), (-0.4659258, -0.60720634, 0.15224093), (-0.29289323, -0.70710677, 0.15224093), (-0.19809152, -0.47823524, 0.068148345), (-0.25881904, -0.44828773, 0.068148345), (-0.38268343, -0.66282713, 0.15224093), (-0.19809152, -0.7392876, 0.15224093), (-0.1339746, -0.5, 0.068148345), (-0.19809152, -0.47823524, 0.068148345), (-0.29289323, -0.70710677, 0.15224093), (-0.099900424, -0.75881904, 0.15224093), (-0.06756533, -0.51320964, 0.068148345), (-0.1339746, -0.5, 0.068148345), (-0.19809152, -0.7392876, 0.15224093), (-1.4059561e-16, -0.76536685, 0.15224093), (-9.5088574e-17, -0.5176381, 0.068148345), (-0.06756533, -0.51320964, 0.068148345), (-0.099900424, -0.75881904, 0.15224093), (-0.06756533, 0.51320964, 0.068148345), (-0.034074172, 0.25881904, 0.017110277), (1.5984848e-17, 0.26105237, 0.017110277), (3.169619e-17, 0.5176381, 0.068148345), (-0.1339746, 0.5, 0.068148345), (-0.06756533, 0.25215724, 0.017110277), (-0.034074172, 0.25881904, 0.017110277), (-0.06756533, 0.51320964, 0.068148345), (-0.19809152, 0.47823524, 0.068148345), (-0.099900424, 0.24118096, 0.017110277), (-0.06756533, 0.25215724, 0.017110277), (-0.1339746, 0.5, 0.068148345), (-0.25881904, 0.44828773, 0.068148345), (-0.13052619, 0.226078, 0.017110277), (-0.099900424, 0.24118096, 0.017110277), (-0.19809152, 0.47823524, 0.068148345), (-0.3151181, 0.4106699, 0.068148345), (-0.15891862, 0.20710678, 0.017110277), (-0.13052619, 0.226078, 0.017110277), (-0.25881904, 0.44828773, 0.068148345), (-0.36602542, 0.36602542, 0.068148345), (-0.1845919, 0.1845919, 0.017110277), (-0.15891862, 0.20710678, 0.017110277), (-0.3151181, 0.4106699, 0.068148345), (-0.4106699, 0.3151181, 0.068148345), (-0.20710678, 0.15891862, 0.017110277), (-0.1845919, 0.1845919, 0.017110277), (-0.36602542, 0.36602542, 0.068148345), (-0.44828773, 0.25881904, 0.068148345), (-0.226078, 0.13052619, 0.017110277), (-0.20710678, 0.15891862, 0.017110277), (-0.4106699, 0.3151181, 0.068148345), (-0.47823524, 0.19809152, 0.068148345), (-0.24118096, 0.099900424, 0.017110277), (-0.226078, 0.13052619, 0.017110277), (-0.44828773, 0.25881904, 0.068148345), (-0.5, 0.1339746, 0.068148345), (-0.25215724, 0.06756533, 0.017110277), (-0.24118096, 0.099900424, 0.017110277), (-0.47823524, 0.19809152, 0.068148345), (-0.51320964, 0.06756533, 0.068148345), (-0.25881904, 0.034074172, 0.017110277), (-0.25215724, 0.06756533, 0.017110277), (-0.5, 0.1339746, 0.068148345), (-0.5176381, 6.339238e-17, 0.068148345), (-0.26105237, 3.1969697e-17, 0.017110277), (-0.25881904, 0.034074172, 0.017110277), (-0.51320964, 0.06756533, 0.068148345), (-0.51320964, -0.06756533, 0.068148345), (-0.25881904, -0.034074172, 0.017110277), (-0.26105237, 3.1969697e-17, 0.017110277), (-0.5176381, 6.339238e-17, 0.068148345), (-0.5, -0.1339746, 0.068148345), (-0.25215724, -0.06756533, 0.017110277), (-0.25881904, -0.034074172, 0.017110277), (-0.51320964, -0.06756533, 0.068148345), (-0.47823524, -0.19809152, 0.068148345), (-0.24118096, -0.099900424, 0.017110277), (-0.25215724, -0.06756533, 0.017110277), (-0.5, -0.1339746, 0.068148345), (-0.44828773, -0.25881904, 0.068148345), (-0.226078, -0.13052619, 0.017110277), (-0.24118096, -0.099900424, 0.017110277), (-0.47823524, -0.19809152, 0.068148345), (-0.4106699, -0.3151181, 0.068148345), (-0.20710678, -0.15891862, 0.017110277), (-0.226078, -0.13052619, 0.017110277), (-0.44828773, -0.25881904, 0.068148345), (-0.36602542, -0.36602542, 0.068148345), (-0.1845919, -0.1845919, 0.017110277), (-0.20710678, -0.15891862, 0.017110277), (-0.4106699, -0.3151181, 0.068148345), (-0.3151181, -0.4106699, 0.068148345), (-0.15891862, -0.20710678, 0.017110277), (-0.1845919, -0.1845919, 0.017110277), (-0.36602542, -0.36602542, 0.068148345), (-0.25881904, -0.44828773, 0.068148345), (-0.13052619, -0.226078, 0.017110277), (-0.15891862, -0.20710678, 0.017110277), (-0.3151181, -0.4106699, 0.068148345), (-0.19809152, -0.47823524, 0.068148345), (-0.099900424, -0.24118096, 0.017110277), (-0.13052619, -0.226078, 0.017110277), (-0.25881904, -0.44828773, 0.068148345), (-0.1339746, -0.5, 0.068148345), (-0.06756533, -0.25215724, 0.017110277), (-0.099900424, -0.24118096, 0.017110277), (-0.19809152, -0.47823524, 0.068148345), (-0.06756533, -0.51320964, 0.068148345), (-0.034074172, -0.25881904, 0.017110277), (-0.06756533, -0.25215724, 0.017110277), (-0.1339746, -0.5, 0.068148345), (-9.5088574e-17, -0.5176381, 0.068148345), (-4.7954545e-17, -0.26105237, 0.017110277), (-0.034074172, -0.25881904, 0.017110277), (-0.06756533, -0.51320964, 0.068148345), (-0.034074172, 0.25881904, 0.017110277), (1.4997598e-32, 2.4492937e-16, 0), (1.5984848e-17, 0.26105237, 0.017110277), (-0.06756533, 0.25215724, 0.017110277), (-3.1969697e-17, 2.4283394e-16, 0), (-0.034074172, 0.25881904, 0.017110277), (-0.099900424, 0.24118096, 0.017110277), (-6.339238e-17, 2.3658358e-16, 0), (-0.06756533, 0.25215724, 0.017110277), (-0.13052619, 0.226078, 0.017110277), (-9.373041e-17, 2.2628522e-16, 0), (-0.099900424, 0.24118096, 0.017110277), (-0.15891862, 0.20710678, 0.017110277), (-1.2246469e-16, 2.1211505e-16, 0), (-0.13052619, 0.226078, 0.017110277), (-0.1845919, 0.1845919, 0.017110277), (-1.4910354e-16, 1.9431553e-16, 0), (-0.15891862, 0.20710678, 0.017110277), (-0.20710678, 0.15891862, 0.017110277), (-1.7319121e-16, 1.7319121e-16, 0), (-0.1845919, 0.1845919, 0.017110277), (-0.226078, 0.13052619, 0.017110277), (-1.9431553e-16, 1.4910354e-16, 0), (-0.20710678, 0.15891862, 0.017110277), (-0.24118096, 0.099900424, 0.017110277), (-2.1211505e-16, 1.2246469e-16, 0), (-0.226078, 0.13052619, 0.017110277), (-0.25215724, 0.06756533, 0.017110277), (-2.2628522e-16, 9.373041e-17, 0), (-0.24118096, 0.099900424, 0.017110277), (-0.25881904, 0.034074172, 0.017110277), (-2.3658358e-16, 6.339238e-17, 0), (-0.25215724, 0.06756533, 0.017110277), (-0.26105237, 3.1969697e-17, 0.017110277), (-2.4283394e-16, 3.1969697e-17, 0), (-0.25881904, 0.034074172, 0.017110277), (-0.25881904, -0.034074172, 0.017110277), (-2.4492937e-16, 2.9995195e-32, 0), (-0.26105237, 3.1969697e-17, 0.017110277), (-0.25215724, -0.06756533, 0.017110277), (-2.4283394e-16, -3.1969697e-17, 0), (-0.25881904, -0.034074172, 0.017110277), (-0.24118096, -0.099900424, 0.017110277), (-2.3658358e-16, -6.339238e-17, 0), (-0.25215724, -0.06756533, 0.017110277), (-0.226078, -0.13052619, 0.017110277), (-2.2628522e-16, -9.373041e-17, 0), (-0.24118096, -0.099900424, 0.017110277), (-0.20710678, -0.15891862, 0.017110277), (-2.1211505e-16, -1.2246469e-16, 0), (-0.226078, -0.13052619, 0.017110277), (-0.1845919, -0.1845919, 0.017110277), (-1.9431553e-16, -1.4910354e-16, 0), (-0.20710678, -0.15891862, 0.017110277), (-0.15891862, -0.20710678, 0.017110277), (-1.7319121e-16, -1.7319121e-16, 0), (-0.1845919, -0.1845919, 0.017110277), (-0.13052619, -0.226078, 0.017110277), (-1.4910354e-16, -1.9431553e-16, 0), (-0.15891862, -0.20710678, 0.017110277), (-0.099900424, -0.24118096, 0.017110277), (-1.2246469e-16, -2.1211505e-16, 0), (-0.13052619, -0.226078, 0.017110277), (-0.06756533, -0.25215724, 0.017110277), (-9.373041e-17, -2.2628522e-16, 0), (-0.099900424, -0.24118096, 0.017110277), (-0.034074172, -0.25881904, 0.017110277), (-6.339238e-17, -2.3658358e-16, 0), (-0.06756533, -0.25215724, 0.017110277), (-4.7954545e-17, -0.26105237, 0.017110277), (-3.1969697e-17, -2.4283394e-16, 0), (-0.034074172, -0.25881904, 0.017110277)]
            texCoord2f[] primvars:st = [(-0.26105237, 2), (-0.25881904, 1.7389476), (1.2141697e-16, 1.7389476), (1.2246469e-16, 2), (-0.5176381, 2), (-0.51320964, 1.7389476), (-0.25881904, 1.7389476), (-0.26105237, 2), (-0.76536685, 2), (-0.75881904, 1.7389476), (-0.51320964, 1.7389476), (-0.5176381, 2), (-1, 2), (-0.9914449, 1.7389476), (-0.75881904, 1.7389476), (-0.76536685, 2), (-1.2175229, 2), (-1.2071068, 1.7389476), (-0.9914449, 1.7389476), (-1, 2), (-1.4142135, 2), (-1.4021147, 1.7389476), (-1.2071068, 1.7389476), (-1.2175229, 2), (1.2175229, 2), (1.2071068, 1.7389476), (1.4021147, 1.7389476), (1.4142135, 2), (1, 2), (0.9914449, 1.7389476), (1.2071068, 1.7389476), (1.2175229, 2), (0.76536685, 2), (0.75881904, 1.7389476), (0.9914449, 1.7389476), (1, 2), (0.5176381, 2), (0.51320964, 1.7389476), (0.75881904, 1.7389476), (0.76536685, 2), (0.26105237, 2), (0.25881904, 1.7389476), (0.51320964, 1.7389476), (0.5176381, 2), (2.4492937e-16, 2), (2.4283394e-16, 1.7389476), (0.25881904, 1.7389476), (0.26105237, 2), (-0.26105237, 2), (-0.25881904, 1.7389476), (2.4283394e-16, 1.7389476), (2.4492937e-16, 2), (-0.5176381, 2), (-0.51320964, 1.7389476), (-0.25881904, 1.7389476), (-0.26105237, 2), (-0.76536685, 2), (-0.75881904, 1.7389476), (-0.51320964, 1.7389476), (-0.5176381, 2), (-1, 2), (-0.9914449, 1.7389476), (-0.75881904, 1.7389476), (-0.76536685, 2), (-1.2175229, 2), (-1.2071068, 1.7389476), (-0.9914449, 1.7389476), (-1, 2), (-1.4142135, 2), (-1.4021147, 1.7389476), (-1.2071068, 1.7389476), (-1.2175229, 2), (-1.2175229, 2), (-1.2071068, 1.7389476), (-1.4021147, 1.7389476), (-1.4142135, 2), (-1, 2), (-0.9914449, 1.7389476), (-1.2071068, 1.7389476), (-1.2175229, 2), (-0.76536685, 2), (-0.75881904, 1.7389476), (-0.9914449, 1.7389476), (-1, 2), (-0.5176381, 2), (-0.51320964, 1.7389476), (-0.75881904, 1.7389476), (-0.76536685, 2), (-0.26105237, 2), (-0.25881904, 1.7389476), (-0.51320964, 1.7389476), (-0.5176381, 2), (-3.6739403e-16, 2), (-3.6425093e-16, 1.7389476), (-0.25881904, 1.7389476), (-0.26105237, 2), (-0.25881904, 1.7389476), (-0.25215724, 1.4823619), (1.1829179e-16, 1.4823619), (1.2141697e-16, 1.7389476), (-0.51320964, 1.7389476), (-0.5, 1.4823619), (-0.25215724, 1.4823619), (-0.25881904, 1.7389476), (-0.75881904, 1.7389476), (-0.7392876, 1.4823619), (-0.5, 1.4823619), (-0.51320964, 1.7389476), (-0.9914449, 1.7389476), (-0.9659258, 1.4823619), (-0.7392876, 1.4823619), (-0.75881904, 1.7389476), (-1.2071068, 1.7389476), (-1.1760367, 1.4823619), (-0.9659258, 1.4823619), (-0.9914449, 1.7389476), (-1.4021147, 1.7389476), (-1.3660254, 1.4823619), (-1.1760367, 1.4823619), (-1.2071068, 1.7389476), (1.2071068, 1.7389476), (1.1760367, 1.4823619), (1.3660254, 1.4823619), (1.4021147, 1.7389476), (0.9914449, 1.7389476), (0.9659258, 1.4823619), (1.1760367, 1.4823619), (1.2071068, 1.7389476), (0.75881904, 1.7389476), (0.7392876, 1.4823619), (0.9659258, 1.4823619), (0.9914449, 1.7389476), (0.51320964, 1.7389476), (0.5, 1.4823619), (0.7392876, 1.4823619), (0.75881904, 1.7389476), (0.25881904, 1.7389476), (0.25215724, 1.4823619), (0.5, 1.4823619), (0.51320964, 1.7389476), (2.4283394e-16, 1.7389476), (2.3658358e-16, 1.4823619), (0.25215724, 1.4823619), (0.25881904, 1.7389476), (-0.25881904, 1.7389476), (-0.25215724, 1.4823619), (2.3658358e-16, 1.4823619), (2.4283394e-16, 1.7389476), (-0.51320964, 1.7389476), (-0.5, 1.4823619), (-0.25215724, 1.4823619), (-0.25881904, 1.7389476), (-0.75881904, 1.7389476), (-0.7392876, 1.4823619), (-0.5, 1.4823619), (-0.51320964, 1.7389476), (-0.9914449, 1.7389476), (-0.9659258, 1.4823619), (-0.7392876, 1.4823619), (-0.75881904, 1.7389476), (-1.2071068, 1.7389476), (-1.1760367, 1.4823619), (-0.9659258, 1.4823619), (-0.9914449, 1.7389476), (-1.4021147, 1.7389476), (-1.3660254, 1.4823619), (-1.1760367, 1.4823619), (-1.2071068, 1.7389476), (-1.2071068, 1.7389476), (-1.1760367, 1.4823619), (-1.3660254, 1.4823619), (-1.4021147, 1.7389476), (-0.9914449, 1.7389476), (-0.9659258, 1.4823619), (-1.1760367, 1.4823619), (-1.2071068, 1.7389476), (-0.75881904, 1.7389476), (-0.7392876, 1.4823619), (-0.9659258, 1.4823619), (-0.9914449, 1.7389476), (-0.51320964, 1.7389476), (-0.5, 1.4823619), (-0.7392876, 1.4823619), (-0.75881904, 1.7389476), (-0.25881904, 1.7389476), (-0.25215724, 1.4823619), (-0.5, 1.4823619), (-0.51320964, 1.7389476), (-3.6425093e-16, 1.7389476), (-3.5487539e-16, 1.4823619), (-0.25215724, 1.4823619), (-0.25881904, 1.7389476), (-0.25215724, 1.4823619), (-0.24118096, 1.2346331), (1.1314261e-16, 1.2346331), (1.1829179e-16, 1.4823619), (-0.5, 1.4823619), (-0.47823524, 1.2346331), (-0.24118096, 1.2346331), (-0.25215724, 1.4823619), (-0.7392876, 1.4823619), (-0.70710677, 1.2346331), (-0.47823524, 1.2346331), (-0.5, 1.4823619), (-0.9659258, 1.4823619), (-0.9238795, 1.2346331), (-0.70710677, 1.2346331), (-0.7392876, 1.4823619), (-1.1760367, 1.4823619), (-1.1248444, 1.2346331), (-0.9238795, 1.2346331), (-0.9659258, 1.4823619), (-1.3660254, 1.4823619), (-1.306563, 1.2346331), (-1.1248444, 1.2346331), (-1.1760367, 1.4823619), (1.1760367, 1.4823619), (1.1248444, 1.2346331), (1.306563, 1.2346331), (1.3660254, 1.4823619), (0.9659258, 1.4823619), (0.9238795, 1.2346331), (1.1248444, 1.2346331), (1.1760367, 1.4823619), (0.7392876, 1.4823619), (0.70710677, 1.2346331), (0.9238795, 1.2346331), (0.9659258, 1.4823619), (0.5, 1.4823619), (0.47823524, 1.2346331), (0.70710677, 1.2346331), (0.7392876, 1.4823619), (0.25215724, 1.4823619), (0.24118096, 1.2346331), (0.47823524, 1.2346331), (0.5, 1.4823619), (2.3658358e-16, 1.4823619), (2.2628522e-16, 1.2346331), (0.24118096, 1.2346331), (0.25215724, 1.4823619), (-0.25215724, 1.4823619), (-0.24118096, 1.2346331), (2.2628522e-16, 1.2346331), (2.3658358e-16, 1.4823619), (-0.5, 1.4823619), (-0.47823524, 1.2346331), (-0.24118096, 1.2346331), (-0.25215724, 1.4823619), (-0.7392876, 1.4823619), (-0.70710677, 1.2346331), (-0.47823524, 1.2346331), (-0.5, 1.4823619), (-0.9659258, 1.4823619), (-0.9238795, 1.2346331), (-0.70710677, 1.2346331), (-0.7392876, 1.4823619), (-1.1760367, 1.4823619), (-1.1248444, 1.2346331), (-0.9238795, 1.2346331), (-0.9659258, 1.4823619), (-1.3660254, 1.4823619), (-1.306563, 1.2346331), (-1.1248444, 1.2346331), (-1.1760367, 1.4823619), (-1.1760367, 1.4823619), (-1.1248444, 1.2346331), (-1.306563, 1.2346331), (-1.3660254, 1.4823619), (-0.9659258, 1.4823619), (-0.9238795, 1.2346331), (-1.1248444, 1.2346331), (-1.1760367, 1.4823619), (-0.7392876, 1.4823619), (-0.70710677, 1.2346331), (-0.9238795, 1.2346331), (-0.9659258, 1.4823619), (-0.5, 1.4823619), (-0.47823524, 1.2346331), (-0.70710677, 1.2346331), (-0.7392876, 1.4823619), (-0.25215724, 1.4823619), (-0.24118096, 1.2346331), (-0.47823524, 1.2346331), (-0.5, 1.4823619), (-3.5487539e-16, 1.4823619), (-3.3942783e-16, 1.2346331), (-0.24118096, 1.2346331), (-0.25215724, 1.4823619), (-0.24118096, 1.2346331), (-0.226078, 1), (1.06057525e-16, 1), (1.1314261e-16, 1.2346331), (-0.47823524, 1.2346331), (-0.44828773, 1), (-0.226078, 1), (-0.24118096, 1.2346331), (-0.70710677, 1.2346331), (-0.66282713, 1), (-0.44828773, 1), (-0.47823524, 1.2346331), (-0.9238795, 1.2346331), (-0.8660254, 1), (-0.66282713, 1), (-0.70710677, 1.2346331), (-1.1248444, 1.2346331), (-1.0544057, 1), (-0.8660254, 1), (-0.9238795, 1.2346331), (-1.306563, 1.2346331), (-1.2247449, 1), (-1.0544057, 1), (-1.1248444, 1.2346331), (1.1248444, 1.2346331), (1.0544057, 1), (1.2247449, 1), (1.306563, 1.2346331), (0.9238795, 1.2346331), (0.8660254, 1), (1.0544057, 1), (1.1248444, 1.2346331), (0.70710677, 1.2346331), (0.66282713, 1), (0.8660254, 1), (0.9238795, 1.2346331), (0.47823524, 1.2346331), (0.44828773, 1), (0.66282713, 1), (0.70710677, 1.2346331), (0.24118096, 1.2346331), (0.226078, 1), (0.44828773, 1), (0.47823524, 1.2346331), (2.2628522e-16, 1.2346331), (2.1211505e-16, 1), (0.226078, 1), (0.24118096, 1.2346331), (-0.24118096, 1.2346331), (-0.226078, 1), (2.1211505e-16, 1), (2.2628522e-16, 1.2346331), (-0.47823524, 1.2346331), (-0.44828773, 1), (-0.226078, 1), (-0.24118096, 1.2346331), (-0.70710677, 1.2346331), (-0.66282713, 1), (-0.44828773, 1), (-0.47823524, 1.2346331), (-0.9238795, 1.2346331), (-0.8660254, 1), (-0.66282713, 1), (-0.70710677, 1.2346331), (-1.1248444, 1.2346331), (-1.0544057, 1), (-0.8660254, 1), (-0.9238795, 1.2346331), (-1.306563, 1.2346331), (-1.2247449, 1), (-1.0544057, 1), (-1.1248444, 1.2346331), (-1.1248444, 1.2346331), (-1.0544057, 1), (-1.2247449, 1), (-1.306563, 1.2346331), (-0.9238795, 1.2346331), (-0.8660254, 1), (-1.0544057, 1), (-1.1248444, 1.2346331), (-0.70710677, 1.2346331), (-0.66282713, 1), (-0.8660254, 1), (-0.9238795, 1.2346331), (-0.47823524, 1.2346331), (-0.44828773, 1), (-0.66282713, 1), (-0.70710677, 1.2346331), (-0.24118096, 1.2346331), (-0.226078, 1), (-0.44828773, 1), (-0.47823524, 1.2346331), (-3.3942783e-16, 1.2346331), (-3.1817257e-16, 1), (-0.226078, 1), (-0.24118096, 1.2346331), (-0.226078, 1), (-0.20710678, 0.78247714), (9.715776e-17, 0.78247714), (1.06057525e-16, 1), (-0.44828773, 1), (-0.4106699, 0.78247714), (-0.20710678, 0.78247714), (-0.226078, 1), (-0.66282713, 1), (-0.60720634, 0.78247714), (-0.4106699, 0.78247714), (-0.44828773, 1), (-0.8660254, 1), (-0.7933533, 0.78247714), (-0.60720634, 0.78247714), (-0.66282713, 1), (-1.0544057, 1), (-0.9659258, 0.78247714), (-0.7933533, 0.78247714), (-0.8660254, 1), (-1.2247449, 1), (-1.121971, 0.78247714), (-0.9659258, 0.78247714), (-1.0544057, 1), (1.0544057, 1), (0.9659258, 0.78247714), (1.121971, 0.78247714), (1.2247449, 1), (0.8660254, 1), (0.7933533, 0.78247714), (0.9659258, 0.78247714), (1.0544057, 1), (0.66282713, 1), (0.60720634, 0.78247714), (0.7933533, 0.78247714), (0.8660254, 1), (0.44828773, 1), (0.4106699, 0.78247714), (0.60720634, 0.78247714), (0.66282713, 1), (0.226078, 1), (0.20710678, 0.78247714), (0.4106699, 0.78247714), (0.44828773, 1), (2.1211505e-16, 1), (1.9431553e-16, 0.78247714), (0.20710678, 0.78247714), (0.226078, 1), (-0.226078, 1), (-0.20710678, 0.78247714), (1.9431553e-16, 0.78247714), (2.1211505e-16, 1), (-0.44828773, 1), (-0.4106699, 0.78247714), (-0.20710678, 0.78247714), (-0.226078, 1), (-0.66282713, 1), (-0.60720634, 0.78247714), (-0.4106699, 0.78247714), (-0.44828773, 1), (-0.8660254, 1), (-0.7933533, 0.78247714), (-0.60720634, 0.78247714), (-0.66282713, 1), (-1.0544057, 1), (-0.9659258, 0.78247714), (-0.7933533, 0.78247714), (-0.8660254, 1), (-1.2247449, 1), (-1.121971, 0.78247714), (-0.9659258, 0.78247714), (-1.0544057, 1), (-1.0544057, 1), (-0.9659258, 0.78247714), (-1.121971, 0.78247714), (-1.2247449, 1), (-0.8660254, 1), (-0.7933533, 0.78247714), (-0.9659258, 0.78247714), (-1.0544057, 1), (-0.66282713, 1), (-0.60720634, 0.78247714), (-0.7933533, 0.78247714), (-0.8660254, 1), (-0.44828773, 1), (-0.4106699, 0.78247714), (-0.60720634, 0.78247714), (-0.66282713, 1), (-0.226078, 1), (-0.20710678, 0.78247714), (-0.4106699, 0.78247714), (-0.44828773, 1), (-3.1817257e-16, 1), (-2.914733e-16, 0.78247714), (-0.20710678, 0.78247714), (-0.226078, 1), (-0.20710678, 0.78247714), (-0.1845919, 0.58578646), (8.6595606e-17, 0.58578646), (9.715776e-17, 0.78247714), (-0.4106699, 0.78247714), (-0.36602542, 0.58578646), (-0.1845919, 0.58578646), (-0.20710678, 0.78247714), (-0.60720634, 0.78247714), (-0.5411961, 0.58578646), (-0.36602542, 0.58578646), (-0.4106699, 0.78247714), (-0.7933533, 0.78247714), (-0.70710677, 0.58578646), (-0.5411961, 0.58578646), (-0.60720634, 0.78247714), (-0.9659258, 1.2588191), (-0.86091864, 1.121971), (-0.70710677, 1.2247449), (-0.7933533, 1.3741283), (-1.121971, 1.121971), (-1, 1), (-0.86091864, 1.121971), (-0.9659258, 1.2588191), (-1.2588191, 0.9659258), (-1.121971, 0.86091864), (-1, 1), (-1.121971, 1.121971), (-1.3741283, 0.7933533), (-1.2247449, 0.70710677), (-1.121971, 0.86091864), (-1.2588191, 0.9659258), (0.60720634, 0.78247714), (0.5411961, 0.58578646), (0.70710677, 0.58578646), (0.7933533, 0.78247714), (0.4106699, 0.78247714), (0.36602542, 0.58578646), (0.5411961, 0.58578646), (0.60720634, 0.78247714), (0.20710678, 0.78247714), (0.1845919, 0.58578646), (0.36602542, 0.58578646), (0.4106699, 0.78247714), (1.9431553e-16, 0.78247714), (1.7319121e-16, 0.58578646), (0.1845919, 0.58578646), (0.20710678, 0.78247714), (-0.20710678, 0.78247714), (-0.1845919, 0.58578646), (1.7319121e-16, 0.58578646), (1.9431553e-16, 0.78247714), (-0.4106699, 0.78247714), (-0.36602542, 0.58578646), (-0.1845919, 0.58578646), (-0.20710678, 0.78247714), (-0.60720634, 0.78247714), (-0.5411961, 0.58578646), (-0.36602542, 0.58578646), (-0.4106699, 0.78247714), (-0.7933533, 0.78247714), (-0.70710677, 0.58578646), (-0.5411961, 0.58578646), (-0.60720634, 0.78247714), (-1.2588191, -0.9659258), (-1.121971, -0.86091864), (-1.2247449, -0.70710677), (-1.3741283, -0.7933533), (-1.121971, -1.121971), (-1, -1), (-1.121971, -0.86091864), (-1.2588191, -0.9659258), (-0.9659258, -1.2588191), (-0.86091864, -1.121971), (-1, -1), (-1.121971, -1.121971), (-0.7933533, -1.3741283), (-0.70710677, -1.2247449), (-0.86091864, -1.121971), (-0.9659258, -1.2588191), (-0.60720634, 0.78247714), (-0.5411961, 0.58578646), (-0.70710677, 0.58578646), (-0.7933533, 0.78247714), (-0.4106699, 0.78247714), (-0.36602542, 0.58578646), (-0.5411961, 0.58578646), (-0.60720634, 0.78247714), (-0.20710678, 0.78247714), (-0.1845919, 0.58578646), (-0.36602542, 0.58578646), (-0.4106699, 0.78247714), (-2.914733e-16, 0.78247714), (-2.597868e-16, 0.58578646), (-0.1845919, 0.58578646), (-0.20710678, 0.78247714), (-0.1845919, 1.4021147), (-0.15891862, 1.2071068), (7.455177e-17, 1.2175229), (8.6595606e-17, 1.4142135), (-0.36602542, 1.3660254), (-0.3151181, 1.1760367), (-0.15891862, 1.2071068), (-0.1845919, 1.4021147), (-0.5411961, 1.306563), (-0.4659258, 1.1248444), (-0.3151181, 1.1760367), (-0.36602542, 1.3660254), (-0.70710677, 1.2247449), (-0.6087614, 1.0544057), (-0.4659258, 1.1248444), (-0.5411961, 1.306563), (-0.86091864, 1.121971), (-0.74118096, 0.9659258), (-0.6087614, 1.0544057), (-0.70710677, 1.2247449), (-1, 1), (-0.86091864, 0.86091864), (-0.74118096, 0.9659258), (-0.86091864, 1.121971), (-1.121971, 0.86091864), (-0.9659258, 0.74118096), (-0.86091864, 0.86091864), (-1, 1), (-1.2247449, 0.70710677), (-1.0544057, 0.6087614), (-0.9659258, 0.74118096), (-1.121971, 0.86091864), (-1.306563, 0.5411961), (-1.1248444, 0.4659258), (-1.0544057, 0.6087614), (-1.2247449, 0.70710677), (-1.3660254, 0.36602542), (-1.1760367, 0.3151181), (-1.1248444, 0.4659258), (-1.306563, 0.5411961), (-1.4021147, 0.1845919), (-1.2071068, 0.15891862), (-1.1760367, 0.3151181), (-1.3660254, 0.36602542), (-1.4142135, 1.7319121e-16), (-1.2175229, 1.4910354e-16), (-1.2071068, 0.15891862), (-1.4021147, 0.1845919), (-1.4021147, -0.1845919), (-1.2071068, -0.15891862), (-1.2175229, 1.4910354e-16), (-1.4142135, 1.7319121e-16), (-1.3660254, -0.36602542), (-1.1760367, -0.3151181), (-1.2071068, -0.15891862), (-1.4021147, -0.1845919), (-1.306563, -0.5411961), (-1.1248444, -0.4659258), (-1.1760367, -0.3151181), (-1.3660254, -0.36602542), (-1.2247449, -0.70710677), (-1.0544057, -0.6087614), (-1.1248444, -0.4659258), (-1.306563, -0.5411961), (-1.121971, -0.86091864), (-0.9659258, -0.74118096), (-1.0544057, -0.6087614), (-1.2247449, -0.70710677), (-1, -1), (-0.86091864, -0.86091864), (-0.9659258, -0.74118096), (-1.121971, -0.86091864), (-0.86091864, -1.121971), (-0.74118096, -0.9659258), (-0.86091864, -0.86091864), (-1, -1), (-0.70710677, -1.2247449), (-0.6087614, -1.0544057), (-0.74118096, -0.9659258), (-0.86091864, -1.121971), (-0.5411961, -1.306563), (-0.4659258, -1.1248444), (-0.6087614, -1.0544057), (-0.70710677, -1.2247449), (-0.36602542, -1.3660254), (-0.3151181, -1.1760367), (-0.4659258, -1.1248444), (-0.5411961, -1.306563), (-0.1845919, -1.4021147), (-0.15891862, -1.2071068), (-0.3151181, -1.1760367), (-0.36602542, -1.3660254), (-2.597868e-16, -1.4142135), (-2.2365532e-16, -1.2175229), (-0.15891862, -1.2071068), (-0.1845919, -1.4021147), (-0.15891862, 1.2071068), (-0.13052619, 0.9914449), (6.123234e-17, 1), (7.455177e-17, 1.2175229), (-0.3151181, 1.1760367), (-0.25881904, 0.9659258), (-0.13052619, 0.9914449), (-0.15891862, 1.2071068), (-0.4659258, 1.1248444), (-0.38268343, 0.9238795), (-0.25881904, 0.9659258), (-0.3151181, 1.1760367), (-0.6087614, 1.0544057), (-0.5, 0.8660254), (-0.38268343, 0.9238795), (-0.4659258, 1.1248444), (-0.74118096, 0.9659258), (-0.6087614, 0.7933533), (-0.5, 0.8660254), (-0.6087614, 1.0544057), (-0.86091864, 0.86091864), (-0.70710677, 0.70710677), (-0.6087614, 0.7933533), (-0.74118096, 0.9659258), (-0.9659258, 0.74118096), (-0.7933533, 0.6087614), (-0.70710677, 0.70710677), (-0.86091864, 0.86091864), (-1.0544057, 0.6087614), (-0.8660254, 0.5), (-0.7933533, 0.6087614), (-0.9659258, 0.74118096), (-1.1248444, 0.4659258), (-0.9238795, 0.38268343), (-0.8660254, 0.5), (-1.0544057, 0.6087614), (-1.1760367, 0.3151181), (-0.9659258, 0.25881904), (-0.9238795, 0.38268343), (-1.1248444, 0.4659258), (-1.2071068, 0.15891862), (-0.9914449, 0.13052619), (-0.9659258, 0.25881904), (-1.1760367, 0.3151181), (-1.2175229, 1.4910354e-16), (-1, 1.2246469e-16), (-0.9914449, 0.13052619), (-1.2071068, 0.15891862), (-1.2071068, -0.15891862), (-0.9914449, -0.13052619), (-1, 1.2246469e-16), (-1.2175229, 1.4910354e-16), (-1.1760367, -0.3151181), (-0.9659258, -0.25881904), (-0.9914449, -0.13052619), (-1.2071068, -0.15891862), (-1.1248444, -0.4659258), (-0.9238795, -0.38268343), (-0.9659258, -0.25881904), (-1.1760367, -0.3151181), (-1.0544057, -0.6087614), (-0.8660254, -0.5), (-0.9238795, -0.38268343), (-1.1248444, -0.4659258), (-0.9659258, -0.74118096), (-0.7933533, -0.6087614), (-0.8660254, -0.5), (-1.0544057, -0.6087614), (-0.86091864, -0.86091864), (-0.70710677, -0.70710677), (-0.7933533, -0.6087614), (-0.9659258, -0.74118096), (-0.74118096, -0.9659258), (-0.6087614, -0.7933533), (-0.70710677, -0.70710677), (-0.86091864, -0.86091864), (-0.6087614, -1.0544057), (-0.5, -0.8660254), (-0.6087614, -0.7933533), (-0.74118096, -0.9659258), (-0.4659258, -1.1248444), (-0.38268343, -0.9238795), (-0.5, -0.8660254), (-0.6087614, -1.0544057), (-0.3151181, -1.1760367), (-0.25881904, -0.9659258), (-0.38268343, -0.9238795), (-0.4659258, -1.1248444), (-0.15891862, -1.2071068), (-0.13052619, -0.9914449), (-0.25881904, -0.9659258), (-0.3151181, -1.1760367), (-2.2365532e-16, -1.2175229), (-1.8369701e-16, -1), (-0.13052619, -0.9914449), (-0.15891862, -1.2071068), (-0.13052619, 0.9914449), (-0.099900424, 0.75881904), (4.6865205e-17, 0.76536685), (6.123234e-17, 1), (-0.25881904, 0.9659258), (-0.19809152, 0.7392876), (-0.099900424, 0.75881904), (-0.13052619, 0.9914449), (-0.38268343, 0.9238795), (-0.29289323, 0.70710677), (-0.19809152, 0.7392876), (-0.25881904, 0.9659258), (-0.5, 0.8660254), (-0.38268343, 0.66282713), (-0.29289323, 0.70710677), (-0.38268343, 0.9238795), (-0.6087614, 0.7933533), (-0.4659258, 0.60720634), (-0.38268343, 0.66282713), (-0.5, 0.8660254), (-0.70710677, 0.70710677), (-0.5411961, 0.5411961), (-0.4659258, 0.60720634), (-0.6087614, 0.7933533), (-0.7933533, 0.6087614), (-0.60720634, 0.4659258), (-0.5411961, 0.5411961), (-0.70710677, 0.70710677), (-0.8660254, 0.5), (-0.66282713, 0.38268343), (-0.60720634, 0.4659258), (-0.7933533, 0.6087614), (-0.9238795, 0.38268343), (-0.70710677, 0.29289323), (-0.66282713, 0.38268343), (-0.8660254, 0.5), (-0.9659258, 0.25881904), (-0.7392876, 0.19809152), (-0.70710677, 0.29289323), (-0.9238795, 0.38268343), (-0.9914449, 0.13052619), (-0.75881904, 0.099900424), (-0.7392876, 0.19809152), (-0.9659258, 0.25881904), (-1, 1.2246469e-16), (-0.76536685, 9.373041e-17), (-0.75881904, 0.099900424), (-0.9914449, 0.13052619), (-0.9914449, -0.13052619), (-0.75881904, -0.099900424), (-0.76536685, 9.373041e-17), (-1, 1.2246469e-16), (-0.9659258, -0.25881904), (-0.7392876, -0.19809152), (-0.75881904, -0.099900424), (-0.9914449, -0.13052619), (-0.9238795, -0.38268343), (-0.70710677, -0.29289323), (-0.7392876, -0.19809152), (-0.9659258, -0.25881904), (-0.8660254, -0.5), (-0.66282713, -0.38268343), (-0.70710677, -0.29289323), (-0.9238795, -0.38268343), (-0.7933533, -0.6087614), (-0.60720634, -0.4659258), (-0.66282713, -0.38268343), (-0.8660254, -0.5), (-0.70710677, -0.70710677), (-0.5411961, -0.5411961), (-0.60720634, -0.4659258), (-0.7933533, -0.6087614), (-0.6087614, -0.7933533), (-0.4659258, -0.60720634), (-0.5411961, -0.5411961), (-0.70710677, -0.70710677), (-0.5, -0.8660254), (-0.38268343, -0.66282713), (-0.4659258, -0.60720634), (-0.6087614, -0.7933533), (-0.38268343, -0.9238795), (-0.29289323, -0.70710677), (-0.38268343, -0.66282713), (-0.5, -0.8660254), (-0.25881904, -0.9659258), (-0.19809152, -0.7392876), (-0.29289323, -0.70710677), (-0.38268343, -0.9238795), (-0.13052619, -0.9914449), (-0.099900424, -0.75881904), (-0.19809152, -0.7392876), (-0.25881904, -0.9659258), (-1.8369701e-16, -1), (-1.4059561e-16, -0.76536685), (-0.099900424, -0.75881904), (-0.13052619, -0.9914449), (-0.099900424, 0.75881904), (-0.06756533, 0.51320964), (3.169619e-17, 0.5176381), (4.6865205e-17, 0.76536685), (-0.19809152, 0.7392876), (-0.1339746, 0.5), (-0.06756533, 0.51320964), (-0.099900424, 0.75881904), (-0.29289323, 0.70710677), (-0.19809152, 0.47823524), (-0.1339746, 0.5), (-0.19809152, 0.7392876), (-0.38268343, 0.66282713), (-0.25881904, 0.44828773), (-0.19809152, 0.47823524), (-0.29289323, 0.70710677), (-0.4659258, 0.60720634), (-0.3151181, 0.4106699), (-0.25881904, 0.44828773), (-0.38268343, 0.66282713), (-0.5411961, 0.5411961), (-0.36602542, 0.36602542), (-0.3151181, 0.4106699), (-0.4659258, 0.60720634), (-0.60720634, 0.4659258), (-0.4106699, 0.3151181), (-0.36602542, 0.36602542), (-0.5411961, 0.5411961), (-0.66282713, 0.38268343), (-0.44828773, 0.25881904), (-0.4106699, 0.3151181), (-0.60720634, 0.4659258), (-0.70710677, 0.29289323), (-0.47823524, 0.19809152), (-0.44828773, 0.25881904), (-0.66282713, 0.38268343), (-0.7392876, 0.19809152), (-0.5, 0.1339746), (-0.47823524, 0.19809152), (-0.70710677, 0.29289323), (-0.75881904, 0.099900424), (-0.51320964, 0.06756533), (-0.5, 0.1339746), (-0.7392876, 0.19809152), (-0.76536685, 9.373041e-17), (-0.5176381, 6.339238e-17), (-0.51320964, 0.06756533), (-0.75881904, 0.099900424), (-0.75881904, -0.099900424), (-0.51320964, -0.06756533), (-0.5176381, 6.339238e-17), (-0.76536685, 9.373041e-17), (-0.7392876, -0.19809152), (-0.5, -0.1339746), (-0.51320964, -0.06756533), (-0.75881904, -0.099900424), (-0.70710677, -0.29289323), (-0.47823524, -0.19809152), (-0.5, -0.1339746), (-0.7392876, -0.19809152), (-0.66282713, -0.38268343), (-0.44828773, -0.25881904), (-0.47823524, -0.19809152), (-0.70710677, -0.29289323), (-0.60720634, -0.4659258), (-0.4106699, -0.3151181), (-0.44828773, -0.25881904), (-0.66282713, -0.38268343), (-0.5411961, -0.5411961), (-0.36602542, -0.36602542), (-0.4106699, -0.3151181), (-0.60720634, -0.4659258), (-0.4659258, -0.60720634), (-0.3151181, -0.4106699), (-0.36602542, -0.36602542), (-0.5411961, -0.5411961), (-0.38268343, -0.66282713), (-0.25881904, -0.44828773), (-0.3151181, -0.4106699), (-0.4659258, -0.60720634), (-0.29289323, -0.70710677), (-0.19809152, -0.47823524), (-0.25881904, -0.44828773), (-0.38268343, -0.66282713), (-0.19809152, -0.7392876), (-0.1339746, -0.5), (-0.19809152, -0.47823524), (-0.29289323, -0.70710677), (-0.099900424, -0.75881904), (-0.06756533, -0.51320964), (-0.1339746, -0.5), (-0.19809152, -0.7392876), (-1.4059561e-16, -0.76536685), (-9.5088574e-17, -0.5176381), (-0.06756533, -0.51320964), (-0.099900424, -0.75881904), (-0.06756533, 0.51320964), (-0.034074172, 0.25881904), (1.5984848e-17, 0.26105237), (3.169619e-17, 0.5176381), (-0.1339746, 0.5), (-0.06756533, 0.25215724), (-0.034074172, 0.25881904), (-0.06756533, 0.51320964), (-0.19809152, 0.47823524), (-0.099900424, 0.24118096), (-0.06756533, 0.25215724), (-0.1339746, 0.5), (-0.25881904, 0.44828773), (-0.13052619, 0.226078), (-0.099900424, 0.24118096), (-0.19809152, 0.47823524), (-0.3151181, 0.4106699), (-0.15891862, 0.20710678), (-0.13052619, 0.226078), (-0.25881904, 0.44828773), (-0.36602542, 0.36602542), (-0.1845919, 0.1845919), (-0.15891862, 0.20710678), (-0.3151181, 0.4106699), (-0.4106699, 0.3151181), (-0.20710678, 0.15891862), (-0.1845919, 0.1845919), (-0.36602542, 0.36602542), (-0.44828773, 0.25881904), (-0.226078, 0.13052619), (-0.20710678, 0.15891862), (-0.4106699, 0.3151181), (-0.47823524, 0.19809152), (-0.24118096, 0.099900424), (-0.226078, 0.13052619), (-0.44828773, 0.25881904), (-0.5, 0.1339746), (-0.25215724, 0.06756533), (-0.24118096, 0.099900424), (-0.47823524, 0.19809152), (-0.51320964, 0.06756533), (-0.25881904, 0.034074172), (-0.25215724, 0.06756533), (-0.5, 0.1339746), (-0.5176381, 6.339238e-17), (-0.26105237, 3.1969697e-17), (-0.25881904, 0.034074172), (-0.51320964, 0.06756533), (-0.51320964, -0.06756533), (-0.25881904, -0.034074172), (-0.26105237, 3.1969697e-17), (-0.5176381, 6.339238e-17), (-0.5, -0.1339746), (-0.25215724, -0.06756533), (-0.25881904, -0.034074172), (-0.51320964, -0.06756533), (-0.47823524, -0.19809152), (-0.24118096, -0.099900424), (-0.25215724, -0.06756533), (-0.5, -0.1339746), (-0.44828773, -0.25881904), (-0.226078, -0.13052619), (-0.24118096, -0.099900424), (-0.47823524, -0.19809152), (-0.4106699, -0.3151181), (-0.20710678, -0.15891862), (-0.226078, -0.13052619), (-0.44828773, -0.25881904), (-0.36602542, -0.36602542), (-0.1845919, -0.1845919), (-0.20710678, -0.15891862), (-0.4106699, -0.3151181), (-0.3151181, -0.4106699), (-0.15891862, -0.20710678), (-0.1845919, -0.1845919), (-0.36602542, -0.36602542), (-0.25881904, -0.44828773), (-0.13052619, -0.226078), (-0.15891862, -0.20710678), (-0.3151181, -0.4106699), (-0.19809152, -0.47823524), (-0.099900424, -0.24118096), (-0.13052619, -0.226078), (-0.25881904, -0.44828773), (-0.1339746, -0.5), (-0.06756533, -0.25215724), (-0.099900424, -0.24118096), (-0.19809152, -0.47823524), (-0.06756533, -0.51320964), (-0.034074172, -0.25881904), (-0.06756533, -0.25215724), (-0.1339746, -0.5), (-9.5088574e-17, -0.5176381), (-4.7954545e-17, -0.26105237), (-0.034074172, -0.25881904), (-0.06756533, -0.51320964), (-0.034074172, 0.25881904), (1.4997598e-32, 2.4492937e-16), (1.5984848e-17, 0.26105237), (-0.06756533, 0.25215724), (-3.1969697e-17, 2.4283394e-16), (-0.034074172, 0.25881904), (-0.099900424, 0.24118096), (-6.339238e-17, 2.3658358e-16), (-0.06756533, 0.25215724), (-0.13052619, 0.226078), (-9.373041e-17, 2.2628522e-16), (-0.099900424, 0.24118096), (-0.15891862, 0.20710678), (-1.2246469e-16, 2.1211505e-16), (-0.13052619, 0.226078), (-0.1845919, 0.1845919), (-1.4910354e-16, 1.9431553e-16), (-0.15891862, 0.20710678), (-0.20710678, 0.15891862), (-1.7319121e-16, 1.7319121e-16), (-0.1845919, 0.1845919), (-0.226078, 0.13052619), (-1.9431553e-16, 1.4910354e-16), (-0.20710678, 0.15891862), (-0.24118096, 0.099900424), (-2.1211505e-16, 1.2246469e-16), (-0.226078, 0.13052619), (-0.25215724, 0.06756533), (-2.2628522e-16, 9.373041e-17), (-0.24118096, 0.099900424), (-0.25881904, 0.034074172), (-2.3658358e-16, 6.339238e-17), (-0.25215724, 0.06756533), (-0.26105237, 3.1969697e-17), (-2.4283394e-16, 3.1969697e-17), (-0.25881904, 0.034074172), (-0.25881904, -0.034074172), (-2.4492937e-16, 2.9995195e-32), (-0.26105237, 3.1969697e-17), (-0.25215724, -0.06756533), (-2.4283394e-16, -3.1969697e-17), (-0.25881904, -0.034074172), (-0.24118096, -0.099900424), (-2.3658358e-16, -6.339238e-17), (-0.25215724, -0.06756533), (-0.226078, -0.13052619), (-2.2628522e-16, -9.373041e-17), (-0.24118096, -0.099900424), (-0.20710678, -0.15891862), (-2.1211505e-16, -1.2246469e-16), (-0.226078, -0.13052619), (-0.1845919, -0.1845919), (-1.9431553e-16, -1.4910354e-16), (-0.20710678, -0.15891862), (-0.15891862, -0.20710678), (-1.7319121e-16, -1.7319121e-16), (-0.1845919, -0.1845919), (-0.13052619, -0.226078), (-1.4910354e-16, -1.9431553e-16), (-0.15891862, -0.20710678), (-0.099900424, -0.24118096), (-1.2246469e-16, -2.1211505e-16), (-0.13052619, -0.226078), (-0.06756533, -0.25215724), (-9.373041e-17, -2.2628522e-16), (-0.099900424, -0.24118096), (-0.034074172, -0.25881904), (-6.339238e-17, -2.3658358e-16), (-0.06756533, -0.25215724), (-4.7954545e-17, -0.26105237), (-3.1969697e-17, -2.4283394e-16), (-0.034074172, -0.25881904)] (
                interpolation = "faceVarying"
            )
            uniform token subdivisionScheme = "none"
        }
    }

    def Xform "Lights"
    {
        def SphereLight "Red"
        {
            color3f inputs:color = (1, 0, 0)
            float inputs:intensity = 400
            bool inputs:normalize = 0
            float inputs:radius = 0.05
            matrix4d xformOp:transform = ( (0, -1, 0, 0), (1, 0, 0, 0), (-0, -0, 1, 0), (0.8, 0.5, 2.6, 1) )
            uniform token[] xformOpOrder = ["xformOp:transform"]
        }

        def SphereLight "Green"
        {
            color3f inputs:color = (0, 1, 0)
            float inputs:intensity = 200
            bool inputs:normalize = 0
            float inputs:radius = 0.05
            matrix4d xformOp:transform = ( (0, -1, 0, 0), (1, 0, 0, 0), (-0, -0, 1, 0), (-0.9, -0.4, 1.3, 1) )
            uniform token[] xformOpOrder = ["xformOp:transform"]
        }

        def SphereLight "Blue"
        {
            color3f inputs:color = (0, 0, 1)
            float inputs:intensity = 100
            bool inputs:normalize = 0
            float inputs:radius = 0.05
            matrix4d xformOp:transform = ( (0, -1, 0, 0), (1, 0, 0, 0), (-0, -0, 1, 0), (0.2, -1.1, 3.1, 1) )
            uniform token[] xformOpOrder = ["xformOp:transform"]
        }
    }

    def Camera "Camera"
    {
        float2 clippingRange = (0.01, 1000)
        float focalLength = 18
        float horizontalAperture = 36
        float verticalAperture = 27
        matrix4d xformOp:transform = ( (0, -1, 0, 0), (-0, 0, 1, 0), (-1, -0, -0, 0), (0, 0, 2, 1) )
        uniform token[] xformOpOrder = ["xformOp:transform"]
    }
}

