#usda 1.0
(
    "RFC 0016 K11 lighting fixture foggy-hall; generated by tools/quality/lighting_fixtures.py, do not edit"
    defaultPrim = "GalleryFoggyHall"
    metersPerUnit = 1
    upAxis = "Z"
)

def Xform "GalleryFoggyHall"
{
    def Scope "Looks"
    {
        def Material "Hall"
        {
            token outputs:surface.connect = </GalleryFoggyHall/Looks/Hall/Surface.outputs:surface>

            def Shader "Surface"
            {
                uniform token info:id = "UsdPreviewSurface"
                float inputs:clearcoat = 0
                float inputs:clearcoatRoughness = 0.03
                color3f inputs:diffuseColor = (0.5, 0.5, 0.5)
                color3f inputs:emissiveColor = (0, 0, 0)
                float inputs:ior = 1.5
                float inputs:metallic = 0
                float inputs:roughness = 0.85
                token outputs:surface
            }
        }

        def Material "HallFloor"
        {
            token outputs:surface.connect = </GalleryFoggyHall/Looks/HallFloor/Surface.outputs:surface>

            def Shader "Surface"
            {
                uniform token info:id = "UsdPreviewSurface"
                float inputs:clearcoat = 0
                float inputs:clearcoatRoughness = 0.03
                color3f inputs:diffuseColor = (0.4, 0.4, 0.4)
                color3f inputs:emissiveColor = (0, 0, 0)
                float inputs:ior = 1.5
                float inputs:metallic = 0
                float inputs:roughness = 0.5
                token outputs:surface
            }
        }
    }

    def Xform "World"
    {
        def Mesh "H_Xn" (
            prepend apiSchemas = ["MaterialBindingAPI"]
        )
        {
            float3[] extent = [(0, 0, 0), (0, 8, 6)]
            int[] faceVertexCounts = [4]
            int[] faceVertexIndices = [0, 1, 2, 3]
            rel material:binding = </GalleryFoggyHall/Looks/Hall>
            normal3f[] normals = [(1, 0, 0), (1, 0, 0), (1, 0, 0), (1, 0, 0)] (
                interpolation = "faceVarying"
            )
            point3f[] points = [(0, 0, 0), (0, 8, 0), (0, 8, 6), (0, 0, 6)]
            texCoord2f[] primvars:st = [(0, 0), (8, 0), (8, 6), (0, 6)] (
                interpolation = "faceVarying"
            )
            uniform token subdivisionScheme = "none"
        }

        def Mesh "H_Xp" (
            prepend apiSchemas = ["MaterialBindingAPI"]
        )
        {
            float3[] extent = [(24, 0, 0), (24, 8, 6)]
            int[] faceVertexCounts = [4]
            int[] faceVertexIndices = [0, 1, 2, 3]
            rel material:binding = </GalleryFoggyHall/Looks/Hall>
            normal3f[] normals = [(-1, 0, 0), (-1, 0, 0), (-1, 0, 0), (-1, 0, 0)] (
                interpolation = "faceVarying"
            )
            point3f[] points = [(24, 0, 6), (24, 8, 6), (24, 8, 0), (24, 0, 0)]
            texCoord2f[] primvars:st = [(0, 6), (8, 6), (8, 0), (0, 0)] (
                interpolation = "faceVarying"
            )
            uniform token subdivisionScheme = "none"
        }

        def Mesh "H_Yn" (
            prepend apiSchemas = ["MaterialBindingAPI"]
        )
        {
            float3[] extent = [(0, 0, 0), (24, 0, 6)]
            int[] faceVertexCounts = [4]
            int[] faceVertexIndices = [0, 1, 2, 3]
            rel material:binding = </GalleryFoggyHall/Looks/Hall>
            normal3f[] normals = [(0, 1, 0), (0, 1, 0), (0, 1, 0), (0, 1, 0)] (
                interpolation = "faceVarying"
            )
            point3f[] points = [(0, 0, 6), (24, 0, 6), (24, 0, 0), (0, 0, 0)]
            texCoord2f[] primvars:st = [(0, 6), (24, 6), (24, 0), (0, 0)] (
                interpolation = "faceVarying"
            )
            uniform token subdivisionScheme = "none"
        }

        def Mesh "H_Yp" (
            prepend apiSchemas = ["MaterialBindingAPI"]
        )
        {
            float3[] extent = [(0, 8, 0), (24, 8, 6)]
            int[] faceVertexCounts = [4]
            int[] faceVertexIndices = [0, 1, 2, 3]
            rel material:binding = </GalleryFoggyHall/Looks/Hall>
            normal3f[] normals = [(0, -1, 0), (0, -1, 0), (0, -1, 0), (0, -1, 0)] (
                interpolation = "faceVarying"
            )
            point3f[] points = [(0, 8, 0), (24, 8, 0), (24, 8, 6), (0, 8, 6)]
            texCoord2f[] primvars:st = [(0, 0), (24, 0), (24, 6), (0, 6)] (
                interpolation = "faceVarying"
            )
            uniform token subdivisionScheme = "none"
        }

        def Mesh "H_Zp" (
            prepend apiSchemas = ["MaterialBindingAPI"]
        )
        {
            float3[] extent = [(0, 0, 6), (24, 8, 6)]
            int[] faceVertexCounts = [4]
            int[] faceVertexIndices = [0, 1, 2, 3]
            rel material:binding = </GalleryFoggyHall/Looks/Hall>
            normal3f[] normals = [(0, 0, -1), (0, 0, -1), (0, 0, -1), (0, 0, -1)] (
                interpolation = "faceVarying"
            )
            point3f[] points = [(0, 8, 6), (24, 8, 6), (24, 0, 6), (0, 0, 6)]
            texCoord2f[] primvars:st = [(0, 8), (24, 8), (24, 0), (0, 0)] (
                interpolation = "faceVarying"
            )
            uniform token subdivisionScheme = "none"
        }

        def Mesh "Floor" (
            prepend apiSchemas = ["MaterialBindingAPI"]
        )
        {
            float3[] extent = [(0, 0, 0), (24, 8, 0)]
            int[] faceVertexCounts = [4]
            int[] faceVertexIndices = [0, 1, 2, 3]
            rel material:binding = </GalleryFoggyHall/Looks/HallFloor>
            normal3f[] normals = [(0, 0, 1), (0, 0, 1), (0, 0, 1), (0, 0, 1)] (
                interpolation = "faceVarying"
            )
            point3f[] points = [(0, 0, 0), (24, 0, 0), (24, 8, 0), (0, 8, 0)]
            texCoord2f[] primvars:st = [(0, 0), (24, 0), (24, 8), (0, 8)] (
                interpolation = "faceVarying"
            )
            uniform token subdivisionScheme = "none"
        }

        def Mesh "Pillars" (
            prepend apiSchemas = ["MaterialBindingAPI"]
        )
        {
            float3[] extent = [(3.7, 1.9, 0), (20.3, 6.1, 6)]
            int[] faceVertexCounts = [4, 4, 4, 4, 4, 4, 4, 4, 4, 4, 4, 4, 4, 4, 4, 4, 4, 4, 4, 4, 4, 4, 4, 4, 4, 4, 4, 4, 4, 4, 4, 4, 4, 4, 4, 4, 4, 4, 4, 4]
            int[] faceVertexIndices = [0, 1, 2, 3, 4, 5, 6, 7, 8, 9, 10, 11, 12, 13, 14, 15, 16, 17, 18, 19, 20, 21, 22, 23, 24, 25, 26, 27, 28, 29, 30, 31, 32, 33, 34, 35, 36, 37, 38, 39, 40, 41, 42, 43, 44, 45, 46, 47, 48, 49, 50, 51, 52, 53, 54, 55, 56, 57, 58, 59, 60, 61, 62, 63, 64, 65, 66, 67, 68, 69, 70, 71, 72, 73, 74, 75, 76, 77, 78, 79, 80, 81, 82, 83, 84, 85, 86, 87, 88, 89, 90, 91, 92, 93, 94, 95, 96, 97, 98, 99, 100, 101, 102, 103, 104, 105, 106, 107, 108, 109, 110, 111, 112, 113, 114, 115, 116, 117, 118, 119, 120, 121, 122, 123, 124, 125, 126, 127, 128, 129, 130, 131, 132, 133, 134, 135, 136, 137, 138, 139, 140, 141, 142, 143, 144, 145, 146, 147, 148, 149, 150, 151, 152, 153, 154, 155, 156, 157, 158, 159]
            rel material:binding = </GalleryFoggyHall/Looks/Hall>
            normal3f[] normals = [(-1, 0, 0), (-1, 0, 0), (-1, 0, 0), (-1, 0, 0), (1, 0, 0), (1, 0, 0), (1, 0, 0), (1, 0, 0), (0, -1, 0), (0, -1, 0), (0, -1, 0), (0, -1, 0), (0, 1, 0), (0, 1, 0), (0, 1, 0), (0, 1, 0), (-1, 0, 0), (-1, 0, 0), (-1, 0, 0), (-1, 0, 0), (1, 0, 0), (1, 0, 0), (1, 0, 0), (1, 0, 0), (0, -1, 0), (0, -1, 0), (0, -1, 0), (0, -1, 0), (0, 1, 0), (0, 1, 0), (0, 1, 0), (0, 1, 0), (-1, 0, 0), (-1, 0, 0), (-1, 0, 0), (-1, 0, 0), (1, 0, 0), (1, 0, 0), (1, 0, 0), (1, 0, 0), (0, -1, 0), (0, -1, 0), (0, -1, 0), (0, -1, 0), (0, 1, 0), (0, 1, 0), (0, 1, 0), (0, 1, 0), (-1, 0, 0), (-1, 0, 0), (-1, 0, 0), (-1, 0, 0), (1, 0, 0), (1, 0, 0), (1, 0, 0), (1, 0, 0), (0, -1, 0), (0, -1, 0), (0, -1, 0), (0, -1, 0), (0, 1, 0), (0, 1, 0), (0, 1, 0), (0, 1, 0), (-1, 0, 0), (-1, 0, 0), (-1, 0, 0), (-1, 0, 0), (1, 0, 0), (1, 0, 0), (1, 0, 0), (1, 0, 0), (0, -1, 0), (0, -1, 0), (0, -1, 0), (0, -1, 0), (0, 1, 0), (0, 1, 0), (0, 1, 0), (0, 1, 0), (-1, 0, 0), (-1, 0, 0), (-1, 0, 0), (-1, 0, 0), (1, 0, 0), (1, 0, 0), (1, 0, 0), (1, 0, 0), (0, -1, 0), (0, -1, 0), (0, -1, 0), (0, -1, 0), (0, 1, 0), (0, 1, 0), (0, 1, 0), (0, 1, 0), (-1, 0, 0), (-1, 0, 0), (-1, 0, 0), (-1, 0, 0), (1, 0, 0), (1, 0, 0), (1, 0, 0), (1, 0, 0), (0, -1, 0), (0, -1, 0), (0, -1, 0), (0, -1, 0), (0, 1, 0), (0, 1, 0), (0, 1, 0), (0, 1, 0), (-1, 0, 0), (-1, 0, 0), (-1, 0, 0), (-1, 0, 0), (1, 0, 0), (1, 0, 0), (1, 0, 0), (1, 0, 0), (0, -1, 0), (0, -1, 0), (0, -1, 0), (0, -1, 0), (0, 1, 0), (0, 1, 0), (0, 1, 0), (0, 1, 0), (-1, 0, 0), (-1, 0, 0), (-1, 0, 0), (-1, 0, 0), (1, 0, 0), (1, 0, 0), (1, 0, 0), (1, 0, 0), (0, -1, 0), (0, -1, 0), (0, -1, 0), (0, -1, 0), (0, 1, 0), (0, 1, 0), (0, 1, 0), (0, 1, 0), (-1, 0, 0), (-1, 0, 0), (-1, 0, 0), (-1, 0, 0), (1, 0, 0), (1, 0, 0), (1, 0, 0), (1, 0, 0), (0, -1, 0), (0, -1, 0), (0, -1, 0), (0, -1, 0), (0, 1, 0), (0, 1, 0), (0, 1, 0), (0, 1, 0)] (
                interpolation = "faceVarying"
            )
            point3f[] points = [(3.7, 1.9, 6), (3.7, 2.5, 6), (3.7, 2.5, 0), (3.7, 1.9, 0), (4.3, 1.9, 0), (4.3, 2.5, 0), (4.3, 2.5, 6), (4.3, 1.9, 6), (3.7, 1.9, 0), (4.3, 1.9, 0), (4.3, 1.9, 6), (3.7, 1.9, 6), (3.7, 2.5, 6), (4.3, 2.5, 6), (4.3, 2.5, 0), (3.7, 2.5, 0), (3.7, 5.5, 6), (3.7, 6.1, 6), (3.7, 6.1, 0), (3.7, 5.5, 0), (4.3, 5.5, 0), (4.3, 6.1, 0), (4.3, 6.1, 6), (4.3, 5.5, 6), (3.7, 5.5, 0), (4.3, 5.5, 0), (4.3, 5.5, 6), (3.7, 5.5, 6), (3.7, 6.1, 6), (4.3, 6.1, 6), (4.3, 6.1, 0), (3.7, 6.1, 0), (7.7, 1.9, 6), (7.7, 2.5, 6), (7.7, 2.5, 0), (7.7, 1.9, 0), (8.3, 1.9, 0), (8.3, 2.5, 0), (8.3, 2.5, 6), (8.3, 1.9, 6), (7.7, 1.9, 0), (8.3, 1.9, 0), (8.3, 1.9, 6), (7.7, 1.9, 6), (7.7, 2.5, 6), (8.3, 2.5, 6), (8.3, 2.5, 0), (7.7, 2.5, 0), (7.7, 5.5, 6), (7.7, 6.1, 6), (7.7, 6.1, 0), (7.7, 5.5, 0), (8.3, 5.5, 0), (8.3, 6.1, 0), (8.3, 6.1, 6), (8.3, 5.5, 6), (7.7, 5.5, 0), (8.3, 5.5, 0), (8.3, 5.5, 6), (7.7, 5.5, 6), (7.7, 6.1, 6), (8.3, 6.1, 6), (8.3, 6.1, 0), (7.7, 6.1, 0), (11.7, 1.9, 6), (11.7, 2.5, 6), (11.7, 2.5, 0), (11.7, 1.9, 0), (12.3, 1.9, 0), (12.3, 2.5, 0), (12.3, 2.5, 6), (12.3, 1.9, 6), (11.7, 1.9, 0), (12.3, 1.9, 0), (12.3, 1.9, 6), (11.7, 1.9, 6), (11.7, 2.5, 6), (12.3, 2.5, 6), (12.3, 2.5, 0), (11.7, 2.5, 0), (11.7, 5.5, 6), (11.7, 6.1, 6), (11.7, 6.1, 0), (11.7, 5.5, 0), (12.3, 5.5, 0), (12.3, 6.1, 0), (12.3, 6.1, 6), (12.3, 5.5, 6), (11.7, 5.5, 0), (12.3, 5.5, 0), (12.3, 5.5, 6), (11.7, 5.5, 6), (11.7, 6.1, 6), (12.3, 6.1, 6), (12.3, 6.1, 0), (11.7, 6.1, 0), (15.7, 1.9, 6), (15.7, 2.5, 6), (15.7, 2.5, 0), (15.7, 1.9, 0), (16.3, 1.9, 0), (16.3, 2.5, 0), (16.3, 2.5, 6), (16.3, 1.9, 6), (15.7, 1.9, 0), (16.3, 1.9, 0), (16.3, 1.9, 6), (15.7, 1.9, 6), (15.7, 2.5, 6), (16.3, 2.5, 6), (16.3, 2.5, 0), (15.7, 2.5, 0), (15.7, 5.5, 6), (15.7, 6.1, 6), (15.7, 6.1, 0), (15.7, 5.5, 0), (16.3, 5.5, 0), (16.3, 6.1, 0), (16.3, 6.1, 6), (16.3, 5.5, 6), (15.7, 5.5, 0), (16.3, 5.5, 0), (16.3, 5.5, 6), (15.7, 5.5, 6), (15.7, 6.1, 6), (16.3, 6.1, 6), (16.3, 6.1, 0), (15.7, 6.1, 0), (19.7, 1.9, 6), (19.7, 2.5, 6), (19.7, 2.5, 0), (19.7, 1.9, 0), (20.3, 1.9, 0), (20.3, 2.5, 0), (20.3, 2.5, 6), (20.3, 1.9, 6), (19.7, 1.9, 0), (20.3, 1.9, 0), (20.3, 1.9, 6), (19.7, 1.9, 6), (19.7, 2.5, 6), (20.3, 2.5, 6), (20.3, 2.5, 0), (19.7, 2.5, 0), (19.7, 5.5, 6), (19.7, 6.1, 6), (19.7, 6.1, 0), (19.7, 5.5, 0), (20.3, 5.5, 0), (20.3, 6.1, 0), (20.3, 6.1, 6), (20.3, 5.5, 6), (19.7, 5.5, 0), (20.3, 5.5, 0), (20.3, 5.5, 6), (19.7, 5.5, 6), (19.7, 6.1, 6), (20.3, 6.1, 6), (20.3, 6.1, 0), (19.7, 6.1, 0)]
            texCoord2f[] primvars:st = [(1.9, 6), (2.5, 6), (2.5, 0), (1.9, 0), (1.9, 0), (2.5, 0), (2.5, 6), (1.9, 6), (3.7, 0), (4.3, 0), (4.3, 6), (3.7, 6), (3.7, 6), (4.3, 6), (4.3, 0), (3.7, 0), (5.5, 6), (6.1, 6), (6.1, 0), (5.5, 0), (5.5, 0), (6.1, 0), (6.1, 6), (5.5, 6), (3.7, 0), (4.3, 0), (4.3, 6), (3.7, 6), (3.7, 6), (4.3, 6), (4.3, 0), (3.7, 0), (1.9, 6), (2.5, 6), (2.5, 0), (1.9, 0), (1.9, 0), (2.5, 0), (2.5, 6), (1.9, 6), (7.7, 0), (8.3, 0), (8.3, 6), (7.7, 6), (7.7, 6), (8.3, 6), (8.3, 0), (7.7, 0), (5.5, 6), (6.1, 6), (6.1, 0), (5.5, 0), (5.5, 0), (6.1, 0), (6.1, 6), (5.5, 6), (7.7, 0), (8.3, 0), (8.3, 6), (7.7, 6), (7.7, 6), (8.3, 6), (8.3, 0), (7.7, 0), (1.9, 6), (2.5, 6), (2.5, 0), (1.9, 0), (1.9, 0), (2.5, 0), (2.5, 6), (1.9, 6), (11.7, 0), (12.3, 0), (12.3, 6), (11.7, 6), (11.7, 6), (12.3, 6), (12.3, 0), (11.7, 0), (5.5, 6), (6.1, 6), (6.1, 0), (5.5, 0), (5.5, 0), (6.1, 0), (6.1, 6), (5.5, 6), (11.7, 0), (12.3, 0), (12.3, 6), (11.7, 6), (11.7, 6), (12.3, 6), (12.3, 0), (11.7, 0), (1.9, 6), (2.5, 6), (2.5, 0), (1.9, 0), (1.9, 0), (2.5, 0), (2.5, 6), (1.9, 6), (15.7, 0), (16.3, 0), (16.3, 6), (15.7, 6), (15.7, 6), (16.3, 6), (16.3, 0), (15.7, 0), (5.5, 6), (6.1, 6), (6.1, 0), (5.5, 0), (5.5, 0), (6.1, 0), (6.1, 6), (5.5, 6), (15.7, 0), (16.3, 0), (16.3, 6), (15.7, 6), (15.7, 6), (16.3, 6), (16.3, 0), (15.7, 0), (1.9, 6), (2.5, 6), (2.5, 0), (1.9, 0), (1.9, 0), (2.5, 0), (2.5, 6), (1.9, 6), (19.7, 0), (20.3, 0), (20.3, 6), (19.7, 6), (19.7, 6), (20.3, 6), (20.3, 0), (19.7, 0), (5.5, 6), (6.1, 6), (6.1, 0), (5.5, 0), (5.5, 0), (6.1, 0), (6.1, 6), (5.5, 6), (19.7, 0), (20.3, 0), (20.3, 6), (19.7, 6), (19.7, 6), (20.3, 6), (20.3, 0), (19.7, 0)] (
                interpolation = "faceVarying"
            )
            uniform token subdivisionScheme = "none"
        }
    }

    def Xform "Lights"
    {
        def DiskLight "Spot00"
        {
            color3f inputs:color = (1, 0.9665428, 0.8921933)
            float inputs:intensity = 26900
            bool inputs:normalize = 0
            float inputs:radius = 0.0508
            custom float sourceEngine:coneExponent = 1
            custom float sourceEngine:coneInner = 0.970296
            custom float sourceEngine:coneOuter = 0.913545
            matrix4d xformOp:transform = ( (0, -1, 0, 0), (1, 0, 0, 0), (-0, -0, 1, 0), (1.5, 2.8, 5.9, 1) )
            uniform token[] xformOpOrder = ["xformOp:transform"]
        }

        def DiskLight "Spot01"
        {
            color3f inputs:color = (1, 0.9665428, 0.8921933)
            float inputs:intensity = 26900
            bool inputs:normalize = 0
            float inputs:radius = 0.0508
            custom float sourceEngine:coneExponent = 1
            custom float sourceEngine:coneInner = 0.970296
            custom float sourceEngine:coneOuter = 0.913545
            matrix4d xformOp:transform = ( (0, -1, 0, 0), (1, 0, 0, 0), (-0, -0, 1, 0), (1.5, 5.2, 5.9, 1) )
            uniform token[] xformOpOrder = ["xformOp:transform"]
        }

        def DiskLight "Spot02"
        {
            color3f inputs:color = (1, 0.9665428, 0.8921933)
            float inputs:intensity = 26900
            bool inputs:normalize = 0
            float inputs:radius = 0.0508
            custom float sourceEngine:coneExponent = 1
            custom float sourceEngine:coneInner = 0.970296
            custom float sourceEngine:coneOuter = 0.913545
            matrix4d xformOp:transform = ( (0, -1, 0, 0), (1, 0, 0, 0), (-0, -0, 1, 0), (4.5, 2.8, 5.9, 1) )
            uniform token[] xformOpOrder = ["xformOp:transform"]
        }

        def DiskLight "Spot03"
        {
            color3f inputs:color = (1, 0.9665428, 0.8921933)
            float inputs:intensity = 26900
            bool inputs:normalize = 0
            float inputs:radius = 0.0508
            custom float sourceEngine:coneExponent = 1
            custom float sourceEngine:coneInner = 0.970296
            custom float sourceEngine:coneOuter = 0.913545
            matrix4d xformOp:transform = ( (0, -1, 0, 0), (1, 0, 0, 0), (-0, -0, 1, 0), (4.5, 5.2, 5.9, 1) )
            uniform token[] xformOpOrder = ["xformOp:transform"]
        }

        def DiskLight "Spot04"
        {
            color3f inputs:color = (1, 0.9665428, 0.8921933)
            float inputs:intensity = 26900
            bool inputs:normalize = 0
            float inputs:radius = 0.0508
            custom float sourceEngine:coneExponent = 1
            custom float sourceEngine:coneInner = 0.970296
            custom float sourceEngine:coneOuter = 0.913545
            matrix4d xformOp:transform = ( (0, -1, 0, 0), (1, 0, 0, 0), (-0, -0, 1, 0), (7.5, 2.8, 5.9, 1) )
            uniform token[] xformOpOrder = ["xformOp:transform"]
        }

        def DiskLight "Spot05"
        {
            color3f inputs:color = (1, 0.9665428, 0.8921933)
            float inputs:intensity = 26900
            bool inputs:normalize = 0
            float inputs:radius = 0.0508
            custom float sourceEngine:coneExponent = 1
            custom float sourceEngine:coneInner = 0.970296
            custom float sourceEngine:coneOuter = 0.913545
            matrix4d xformOp:transform = ( (0, -1, 0, 0), (1, 0, 0, 0), (-0, -0, 1, 0), (7.5, 5.2, 5.9, 1) )
            uniform token[] xformOpOrder = ["xformOp:transform"]
        }

        def DiskLight "Spot06"
        {
            color3f inputs:color = (1, 0.9665428, 0.8921933)
            float inputs:intensity = 26900
            bool inputs:normalize = 0
            float inputs:radius = 0.0508
            custom float sourceEngine:coneExponent = 1
            custom float sourceEngine:coneInner = 0.970296
            custom float sourceEngine:coneOuter = 0.913545
            matrix4d xformOp:transform = ( (0, -1, 0, 0), (1, 0, 0, 0), (-0, -0, 1, 0), (10.5, 2.8, 5.9, 1) )
            uniform token[] xformOpOrder = ["xformOp:transform"]
        }

        def DiskLight "Spot07"
        {
            color3f inputs:color = (1, 0.9665428, 0.8921933)
            float inputs:intensity = 26900
            bool inputs:normalize = 0
            float inputs:radius = 0.0508
            custom float sourceEngine:coneExponent = 1
            custom float sourceEngine:coneInner = 0.970296
            custom float sourceEngine:coneOuter = 0.913545
            matrix4d xformOp:transform = ( (0, -1, 0, 0), (1, 0, 0, 0), (-0, -0, 1, 0), (10.5, 5.2, 5.9, 1) )
            uniform token[] xformOpOrder = ["xformOp:transform"]
        }

        def DiskLight "Spot08"
        {
            color3f inputs:color = (1, 0.9665428, 0.8921933)
            float inputs:intensity = 26900
            bool inputs:normalize = 0
            float inputs:radius = 0.0508
            custom float sourceEngine:coneExponent = 1
            custom float sourceEngine:coneInner = 0.970296
            custom float sourceEngine:coneOuter = 0.913545
            matrix4d xformOp:transform = ( (0, -1, 0, 0), (1, 0, 0, 0), (-0, -0, 1, 0), (13.5, 2.8, 5.9, 1) )
            uniform token[] xformOpOrder = ["xformOp:transform"]
        }

        def DiskLight "Spot09"
        {
            color3f inputs:color = (1, 0.9665428, 0.8921933)
            float inputs:intensity = 26900
            bool inputs:normalize = 0
            float inputs:radius = 0.0508
            custom float sourceEngine:coneExponent = 1
            custom float sourceEngine:coneInner = 0.970296
            custom float sourceEngine:coneOuter = 0.913545
            matrix4d xformOp:transform = ( (0, -1, 0, 0), (1, 0, 0, 0), (-0, -0, 1, 0), (13.5, 5.2, 5.9, 1) )
            uniform token[] xformOpOrder = ["xformOp:transform"]
        }

        def DiskLight "Spot10"
        {
            color3f inputs:color = (1, 0.9665428, 0.8921933)
            float inputs:intensity = 26900
            bool inputs:normalize = 0
            float inputs:radius = 0.0508
            custom float sourceEngine:coneExponent = 1
            custom float sourceEngine:coneInner = 0.970296
            custom float sourceEngine:coneOuter = 0.913545
            matrix4d xformOp:transform = ( (0, -1, 0, 0), (1, 0, 0, 0), (-0, -0, 1, 0), (16.5, 2.8, 5.9, 1) )
            uniform token[] xformOpOrder = ["xformOp:transform"]
        }

        def DiskLight "Spot11"
        {
            color3f inputs:color = (1, 0.9665428, 0.8921933)
            float inputs:intensity = 26900
            bool inputs:normalize = 0
            float inputs:radius = 0.0508
            custom float sourceEngine:coneExponent = 1
            custom float sourceEngine:coneInner = 0.970296
            custom float sourceEngine:coneOuter = 0.913545
            matrix4d xformOp:transform = ( (0, -1, 0, 0), (1, 0, 0, 0), (-0, -0, 1, 0), (16.5, 5.2, 5.9, 1) )
            uniform token[] xformOpOrder = ["xformOp:transform"]
        }

        def DiskLight "Spot12"
        {
            color3f inputs:color = (1, 0.9665428, 0.8921933)
            float inputs:intensity = 26900
            bool inputs:normalize = 0
            float inputs:radius = 0.0508
            custom float sourceEngine:coneExponent = 1
            custom float sourceEngine:coneInner = 0.970296
            custom float sourceEngine:coneOuter = 0.913545
            matrix4d xformOp:transform = ( (0, -1, 0, 0), (1, 0, 0, 0), (-0, -0, 1, 0), (19.5, 2.8, 5.9, 1) )
            uniform token[] xformOpOrder = ["xformOp:transform"]
        }

        def DiskLight "Spot13"
        {
            color3f inputs:color = (1, 0.9665428, 0.8921933)
            float inputs:intensity = 26900
            bool inputs:normalize = 0
            float inputs:radius = 0.0508
            custom float sourceEngine:coneExponent = 1
            custom float sourceEngine:coneInner = 0.970296
            custom float sourceEngine:coneOuter = 0.913545
            matrix4d xformOp:transform = ( (0, -1, 0, 0), (1, 0, 0, 0), (-0, -0, 1, 0), (19.5, 5.2, 5.9, 1) )
            uniform token[] xformOpOrder = ["xformOp:transform"]
        }

        def DiskLight "Spot14"
        {
            color3f inputs:color = (1, 0.9665428, 0.8921933)
            float inputs:intensity = 26900
            bool inputs:normalize = 0
            float inputs:radius = 0.0508
            custom float sourceEngine:coneExponent = 1
            custom float sourceEngine:coneInner = 0.970296
            custom float sourceEngine:coneOuter = 0.913545
            matrix4d xformOp:transform = ( (0, -1, 0, 0), (1, 0, 0, 0), (-0, -0, 1, 0), (22.5, 2.8, 5.9, 1) )
            uniform token[] xformOpOrder = ["xformOp:transform"]
        }

        def DiskLight "Spot15"
        {
            color3f inputs:color = (1, 0.9665428, 0.8921933)
            float inputs:intensity = 26900
            bool inputs:normalize = 0
            float inputs:radius = 0.0508
            custom float sourceEngine:coneExponent = 1
            custom float sourceEngine:coneInner = 0.970296
            custom float sourceEngine:coneOuter = 0.913545
            matrix4d xformOp:transform = ( (0, -1, 0, 0), (1, 0, 0, 0), (-0, -0, 1, 0), (22.5, 5.2, 5.9, 1) )
            uniform token[] xformOpOrder = ["xformOp:transform"]
        }

        def SphereLight "Bulb000"
        {
            color3f inputs:color = (1, 0.816667, 0.45)
            float inputs:intensity = 45
            bool inputs:normalize = 0
            float inputs:radius = 0.0508
            matrix4d xformOp:transform = ( (0, -1, 0, 0), (1, 0, 0, 0), (-0, -0, 1, 0), (0.3, 0.25, 1, 1) )
            uniform token[] xformOpOrder = ["xformOp:transform"]
        }

        def SphereLight "Bulb001"
        {
            color3f inputs:color = (1, 0.899167, 0.45)
            float inputs:intensity = 45
            bool inputs:normalize = 0
            float inputs:radius = 0.0508
            matrix4d xformOp:transform = ( (0, -1, 0, 0), (1, 0, 0, 0), (-0, -0, 1, 0), (0.8999999999999999, 0.25, 1, 1) )
            uniform token[] xformOpOrder = ["xformOp:transform"]
        }

        def SphereLight "Bulb002"
        {
            color3f inputs:color = (1, 0.981667, 0.45)
            float inputs:intensity = 45
            bool inputs:normalize = 0
            float inputs:radius = 0.0508
            matrix4d xformOp:transform = ( (0, -1, 0, 0), (1, 0, 0, 0), (-0, -0, 1, 0), (1.5, 0.25, 1, 1) )
            uniform token[] xformOpOrder = ["xformOp:transform"]
        }

        def SphereLight "Bulb003"
        {
            color3f inputs:color = (0.935833, 1, 0.45)
            float inputs:intensity = 45
            bool inputs:normalize = 0
            float inputs:radius = 0.0508
            matrix4d xformOp:transform = ( (0, -1, 0, 0), (1, 0, 0, 0), (-0, -0, 1, 0), (2.0999999999999996, 0.25, 1, 1) )
            uniform token[] xformOpOrder = ["xformOp:transform"]
        }

        def SphereLight "Bulb004"
        {
            color3f inputs:color = (0.853333, 1, 0.45)
            float inputs:intensity = 45
            bool inputs:normalize = 0
            float inputs:radius = 0.0508
            matrix4d xformOp:transform = ( (0, -1, 0, 0), (1, 0, 0, 0), (-0, -0, 1, 0), (2.6999999999999997, 0.25, 1, 1) )
            uniform token[] xformOpOrder = ["xformOp:transform"]
        }

        def SphereLight "Bulb005"
        {
            color3f inputs:color = (0.770833, 1, 0.45)
            float inputs:intensity = 45
            bool inputs:normalize = 0
            float inputs:radius = 0.0508
            matrix4d xformOp:transform = ( (0, -1, 0, 0), (1, 0, 0, 0), (-0, -0, 1, 0), (3.3, 0.25, 1, 1) )
            uniform token[] xformOpOrder = ["xformOp:transform"]
        }

        def SphereLight "Bulb006"
        {
            color3f inputs:color = (0.688333, 1, 0.45)
            float inputs:intensity = 45
            bool inputs:normalize = 0
            float inputs:radius = 0.0508
            matrix4d xformOp:transform = ( (0, -1, 0, 0), (1, 0, 0, 0), (-0, -0, 1, 0), (3.8999999999999995, 0.25, 1, 1) )
            uniform token[] xformOpOrder = ["xformOp:transform"]
        }

        def SphereLight "Bulb007"
        {
            color3f inputs:color = (0.605833, 1, 0.45)
            float inputs:intensity = 45
            bool inputs:normalize = 0
            float inputs:radius = 0.0508
            matrix4d xformOp:transform = ( (0, -1, 0, 0), (1, 0, 0, 0), (-0, -0, 1, 0), (4.5, 0.25, 1, 1) )
            uniform token[] xformOpOrder = ["xformOp:transform"]
        }

        def SphereLight "Bulb008"
        {
            color3f inputs:color = (0.523333, 1, 0.45)
            float inputs:intensity = 45
            bool inputs:normalize = 0
            float inputs:radius = 0.0508
            matrix4d xformOp:transform = ( (0, -1, 0, 0), (1, 0, 0, 0), (-0, -0, 1, 0), (5.1, 0.25, 1, 1) )
            uniform token[] xformOpOrder = ["xformOp:transform"]
        }

        def SphereLight "Bulb009"
        {
            color3f inputs:color = (0.45, 1, 0.459167)
            float inputs:intensity = 45
            bool inputs:normalize = 0
            float inputs:radius = 0.0508
            matrix4d xformOp:transform = ( (0, -1, 0, 0), (1, 0, 0, 0), (-0, -0, 1, 0), (5.699999999999999, 0.25, 1, 1) )
            uniform token[] xformOpOrder = ["xformOp:transform"]
        }

        def SphereLight "Bulb010"
        {
            color3f inputs:color = (0.45, 1, 0.541667)
            float inputs:intensity = 45
            bool inputs:normalize = 0
            float inputs:radius = 0.0508
            matrix4d xformOp:transform = ( (0, -1, 0, 0), (1, 0, 0, 0), (-0, -0, 1, 0), (6.3, 0.25, 1, 1) )
            uniform token[] xformOpOrder = ["xformOp:transform"]
        }

        def SphereLight "Bulb011"
        {
            color3f inputs:color = (0.45, 1, 0.624167)
            float inputs:intensity = 45
            bool inputs:normalize = 0
            float inputs:radius = 0.0508
            matrix4d xformOp:transform = ( (0, -1, 0, 0), (1, 0, 0, 0), (-0, -0, 1, 0), (6.8999999999999995, 0.25, 1, 1) )
            uniform token[] xformOpOrder = ["xformOp:transform"]
        }

        def SphereLight "Bulb012"
        {
            color3f inputs:color = (0.45, 1, 0.706667)
            float inputs:intensity = 45
            bool inputs:normalize = 0
            float inputs:radius = 0.0508
            matrix4d xformOp:transform = ( (0, -1, 0, 0), (1, 0, 0, 0), (-0, -0, 1, 0), (7.499999999999999, 0.25, 1, 1) )
            uniform token[] xformOpOrder = ["xformOp:transform"]
        }

        def SphereLight "Bulb013"
        {
            color3f inputs:color = (0.45, 1, 0.789167)
            float inputs:intensity = 45
            bool inputs:normalize = 0
            float inputs:radius = 0.0508
            matrix4d xformOp:transform = ( (0, -1, 0, 0), (1, 0, 0, 0), (-0, -0, 1, 0), (8.1, 0.25, 1, 1) )
            uniform token[] xformOpOrder = ["xformOp:transform"]
        }

        def SphereLight "Bulb014"
        {
            color3f inputs:color = (0.45, 1, 0.871667)
            float inputs:intensity = 45
            bool inputs:normalize = 0
            float inputs:radius = 0.0508
            matrix4d xformOp:transform = ( (0, -1, 0, 0), (1, 0, 0, 0), (-0, -0, 1, 0), (8.700000000000001, 0.25, 1, 1) )
            uniform token[] xformOpOrder = ["xformOp:transform"]
        }

        def SphereLight "Bulb015"
        {
            color3f inputs:color = (0.45, 1, 0.954167)
            float inputs:intensity = 45
            bool inputs:normalize = 0
            float inputs:radius = 0.0508
            matrix4d xformOp:transform = ( (0, -1, 0, 0), (1, 0, 0, 0), (-0, -0, 1, 0), (9.3, 0.25, 1, 1) )
            uniform token[] xformOpOrder = ["xformOp:transform"]
        }

        def SphereLight "Bulb016"
        {
            color3f inputs:color = (0.45, 0.963333, 1)
            float inputs:intensity = 45
            bool inputs:normalize = 0
            float inputs:radius = 0.0508
            matrix4d xformOp:transform = ( (0, -1, 0, 0), (1, 0, 0, 0), (-0, -0, 1, 0), (9.9, 0.25, 1, 1) )
            uniform token[] xformOpOrder = ["xformOp:transform"]
        }

        def SphereLight "Bulb017"
        {
            color3f inputs:color = (0.45, 0.880833, 1)
            float inputs:intensity = 45
            bool inputs:normalize = 0
            float inputs:radius = 0.0508
            matrix4d xformOp:transform = ( (0, -1, 0, 0), (1, 0, 0, 0), (-0, -0, 1, 0), (10.5, 0.25, 1, 1) )
            uniform token[] xformOpOrder = ["xformOp:transform"]
        }

        def SphereLight "Bulb018"
        {
            color3f inputs:color = (0.45, 0.798333, 1)
            float inputs:intensity = 45
            bool inputs:normalize = 0
            float inputs:radius = 0.0508
            matrix4d xformOp:transform = ( (0, -1, 0, 0), (1, 0, 0, 0), (-0, -0, 1, 0), (11.1, 0.25, 1, 1) )
            uniform token[] xformOpOrder = ["xformOp:transform"]
        }

        def SphereLight "Bulb019"
        {
            color3f inputs:color = (0.45, 0.715833, 1)
            float inputs:intensity = 45
            bool inputs:normalize = 0
            float inputs:radius = 0.0508
            matrix4d xformOp:transform = ( (0, -1, 0, 0), (1, 0, 0, 0), (-0, -0, 1, 0), (11.700000000000001, 0.25, 1, 1) )
            uniform token[] xformOpOrder = ["xformOp:transform"]
        }

        def SphereLight "Bulb020"
        {
            color3f inputs:color = (0.45, 0.633333, 1)
            float inputs:intensity = 45
            bool inputs:normalize = 0
            float inputs:radius = 0.0508
            matrix4d xformOp:transform = ( (0, -1, 0, 0), (1, 0, 0, 0), (-0, -0, 1, 0), (12.3, 0.25, 1, 1) )
            uniform token[] xformOpOrder = ["xformOp:transform"]
        }

        def SphereLight "Bulb021"
        {
            color3f inputs:color = (0.45, 0.550833, 1)
            float inputs:intensity = 45
            bool inputs:normalize = 0
            float inputs:radius = 0.0508
            matrix4d xformOp:transform = ( (0, -1, 0, 0), (1, 0, 0, 0), (-0, -0, 1, 0), (12.9, 0.25, 1, 1) )
            uniform token[] xformOpOrder = ["xformOp:transform"]
        }

        def SphereLight "Bulb022"
        {
            color3f inputs:color = (0.45, 0.468333, 1)
            float inputs:intensity = 45
            bool inputs:normalize = 0
            float inputs:radius = 0.0508
            matrix4d xformOp:transform = ( (0, -1, 0, 0), (1, 0, 0, 0), (-0, -0, 1, 0), (13.5, 0.25, 1, 1) )
            uniform token[] xformOpOrder = ["xformOp:transform"]
        }

        def SphereLight "Bulb023"
        {
            color3f inputs:color = (0.514167, 0.45, 1)
            float inputs:intensity = 45
            bool inputs:normalize = 0
            float inputs:radius = 0.0508
            matrix4d xformOp:transform = ( (0, -1, 0, 0), (1, 0, 0, 0), (-0, -0, 1, 0), (14.1, 0.25, 1, 1) )
            uniform token[] xformOpOrder = ["xformOp:transform"]
        }

        def SphereLight "Bulb024"
        {
            color3f inputs:color = (0.596667, 0.45, 1)
            float inputs:intensity = 45
            bool inputs:normalize = 0
            float inputs:radius = 0.0508
            matrix4d xformOp:transform = ( (0, -1, 0, 0), (1, 0, 0, 0), (-0, -0, 1, 0), (14.7, 0.25, 1, 1) )
            uniform token[] xformOpOrder = ["xformOp:transform"]
        }

        def SphereLight "Bulb025"
        {
            color3f inputs:color = (0.679167, 0.45, 1)
            float inputs:intensity = 45
            bool inputs:normalize = 0
            float inputs:radius = 0.0508
            matrix4d xformOp:transform = ( (0, -1, 0, 0), (1, 0, 0, 0), (-0, -0, 1, 0), (15.3, 0.25, 1, 1) )
            uniform token[] xformOpOrder = ["xformOp:transform"]
        }

        def SphereLight "Bulb026"
        {
            color3f inputs:color = (0.761667, 0.45, 1)
            float inputs:intensity = 45
            bool inputs:normalize = 0
            float inputs:radius = 0.0508
            matrix4d xformOp:transform = ( (0, -1, 0, 0), (1, 0, 0, 0), (-0, -0, 1, 0), (15.9, 0.25, 1, 1) )
            uniform token[] xformOpOrder = ["xformOp:transform"]
        }

        def SphereLight "Bulb027"
        {
            color3f inputs:color = (0.844167, 0.45, 1)
            float inputs:intensity = 45
            bool inputs:normalize = 0
            float inputs:radius = 0.0508
            matrix4d xformOp:transform = ( (0, -1, 0, 0), (1, 0, 0, 0), (-0, -0, 1, 0), (16.5, 0.25, 1, 1) )
            uniform token[] xformOpOrder = ["xformOp:transform"]
        }

        def SphereLight "Bulb028"
        {
            color3f inputs:color = (0.926667, 0.45, 1)
            float inputs:intensity = 45
            bool inputs:normalize = 0
            float inputs:radius = 0.0508
            matrix4d xformOp:transform = ( (0, -1, 0, 0), (1, 0, 0, 0), (-0, -0, 1, 0), (17.1, 0.25, 1, 1) )
            uniform token[] xformOpOrder = ["xformOp:transform"]
        }

        def SphereLight "Bulb029"
        {
            color3f inputs:color = (1, 0.45, 0.990833)
            float inputs:intensity = 45
            bool inputs:normalize = 0
            float inputs:radius = 0.0508
            matrix4d xformOp:transform = ( (0, -1, 0, 0), (1, 0, 0, 0), (-0, -0, 1, 0), (17.7, 0.25, 1, 1) )
            uniform token[] xformOpOrder = ["xformOp:transform"]
        }

        def SphereLight "Bulb030"
        {
            color3f inputs:color = (1, 0.45, 0.908333)
            float inputs:intensity = 45
            bool inputs:normalize = 0
            float inputs:radius = 0.0508
            matrix4d xformOp:transform = ( (0, -1, 0, 0), (1, 0, 0, 0), (-0, -0, 1, 0), (18.3, 0.25, 1, 1) )
            uniform token[] xformOpOrder = ["xformOp:transform"]
        }

        def SphereLight "Bulb031"
        {
            color3f inputs:color = (1, 0.45, 0.825833)
            float inputs:intensity = 45
            bool inputs:normalize = 0
            float inputs:radius = 0.0508
            matrix4d xformOp:transform = ( (0, -1, 0, 0), (1, 0, 0, 0), (-0, -0, 1, 0), (18.9, 0.25, 1, 1) )
            uniform token[] xformOpOrder = ["xformOp:transform"]
        }

        def SphereLight "Bulb032"
        {
            color3f inputs:color = (1, 0.45, 0.743333)
            float inputs:intensity = 45
            bool inputs:normalize = 0
            float inputs:radius = 0.0508
            matrix4d xformOp:transform = ( (0, -1, 0, 0), (1, 0, 0, 0), (-0, -0, 1, 0), (19.5, 0.25, 1, 1) )
            uniform token[] xformOpOrder = ["xformOp:transform"]
        }

        def SphereLight "Bulb033"
        {
            color3f inputs:color = (1, 0.45, 0.660833)
            float inputs:intensity = 45
            bool inputs:normalize = 0
            float inputs:radius = 0.0508
            matrix4d xformOp:transform = ( (0, -1, 0, 0), (1, 0, 0, 0), (-0, -0, 1, 0), (20.1, 0.25, 1, 1) )
            uniform token[] xformOpOrder = ["xformOp:transform"]
        }

        def SphereLight "Bulb034"
        {
            color3f inputs:color = (1, 0.45, 0.578333)
            float inputs:intensity = 45
            bool inputs:normalize = 0
            float inputs:radius = 0.0508
            matrix4d xformOp:transform = ( (0, -1, 0, 0), (1, 0, 0, 0), (-0, -0, 1, 0), (20.7, 0.25, 1, 1) )
            uniform token[] xformOpOrder = ["xformOp:transform"]
        }

        def SphereLight "Bulb035"
        {
            color3f inputs:color = (1, 0.45, 0.495833)
            float inputs:intensity = 45
            bool inputs:normalize = 0
            float inputs:radius = 0.0508
            matrix4d xformOp:transform = ( (0, -1, 0, 0), (1, 0, 0, 0), (-0, -0, 1, 0), (21.3, 0.25, 1, 1) )
            uniform token[] xformOpOrder = ["xformOp:transform"]
        }

        def SphereLight "Bulb036"
        {
            color3f inputs:color = (1, 0.486667, 0.45)
            float inputs:intensity = 45
            bool inputs:normalize = 0
            float inputs:radius = 0.0508
            matrix4d xformOp:transform = ( (0, -1, 0, 0), (1, 0, 0, 0), (-0, -0, 1, 0), (21.9, 0.25, 1, 1) )
            uniform token[] xformOpOrder = ["xformOp:transform"]
        }

        def SphereLight "Bulb037"
        {
            color3f inputs:color = (1, 0.569167, 0.45)
            float inputs:intensity = 45
            bool inputs:normalize = 0
            float inputs:radius = 0.0508
            matrix4d xformOp:transform = ( (0, -1, 0, 0), (1, 0, 0, 0), (-0, -0, 1, 0), (22.5, 0.25, 1, 1) )
            uniform token[] xformOpOrder = ["xformOp:transform"]
        }

        def SphereLight "Bulb038"
        {
            color3f inputs:color = (1, 0.651667, 0.45)
            float inputs:intensity = 45
            bool inputs:normalize = 0
            float inputs:radius = 0.0508
            matrix4d xformOp:transform = ( (0, -1, 0, 0), (1, 0, 0, 0), (-0, -0, 1, 0), (23.1, 0.25, 1, 1) )
            uniform token[] xformOpOrder = ["xformOp:transform"]
        }

        def SphereLight "Bulb039"
        {
            color3f inputs:color = (1, 0.734167, 0.45)
            float inputs:intensity = 45
            bool inputs:normalize = 0
            float inputs:radius = 0.0508
            matrix4d xformOp:transform = ( (0, -1, 0, 0), (1, 0, 0, 0), (-0, -0, 1, 0), (23.7, 0.25, 1, 1) )
            uniform token[] xformOpOrder = ["xformOp:transform"]
        }

        def SphereLight "Bulb040"
        {
            color3f inputs:color = (0.743333, 1, 0.45)
            float inputs:intensity = 45
            bool inputs:normalize = 0
            float inputs:radius = 0.0508
            matrix4d xformOp:transform = ( (0, -1, 0, 0), (1, 0, 0, 0), (-0, -0, 1, 0), (0.3, 0.25, 2.2, 1) )
            uniform token[] xformOpOrder = ["xformOp:transform"]
        }

        def SphereLight "Bulb041"
        {
            color3f inputs:color = (0.660833, 1, 0.45)
            float inputs:intensity = 45
            bool inputs:normalize = 0
            float inputs:radius = 0.0508
            matrix4d xformOp:transform = ( (0, -1, 0, 0), (1, 0, 0, 0), (-0, -0, 1, 0), (0.8999999999999999, 0.25, 2.2, 1) )
            uniform token[] xformOpOrder = ["xformOp:transform"]
        }

        def SphereLight "Bulb042"
        {
            color3f inputs:color = (0.578333, 1, 0.45)
            float inputs:intensity = 45
            bool inputs:normalize = 0
            float inputs:radius = 0.0508
            matrix4d xformOp:transform = ( (0, -1, 0, 0), (1, 0, 0, 0), (-0, -0, 1, 0), (1.5, 0.25, 2.2, 1) )
            uniform token[] xformOpOrder = ["xformOp:transform"]
        }

        def SphereLight "Bulb043"
        {
            color3f inputs:color = (0.495833, 1, 0.45)
            float inputs:intensity = 45
            bool inputs:normalize = 0
            float inputs:radius = 0.0508
            matrix4d xformOp:transform = ( (0, -1, 0, 0), (1, 0, 0, 0), (-0, -0, 1, 0), (2.0999999999999996, 0.25, 2.2, 1) )
            uniform token[] xformOpOrder = ["xformOp:transform"]
        }

        def SphereLight "Bulb044"
        {
            color3f inputs:color = (0.45, 1, 0.486667)
            float inputs:intensity = 45
            bool inputs:normalize = 0
            float inputs:radius = 0.0508
            matrix4d xformOp:transform = ( (0, -1, 0, 0), (1, 0, 0, 0), (-0, -0, 1, 0), (2.6999999999999997, 0.25, 2.2, 1) )
            uniform token[] xformOpOrder = ["xformOp:transform"]
        }

        def SphereLight "Bulb045"
        {
            color3f inputs:color = (0.45, 1, 0.569167)
            float inputs:intensity = 45
            bool inputs:normalize = 0
            float inputs:radius = 0.0508
            matrix4d xformOp:transform = ( (0, -1, 0, 0), (1, 0, 0, 0), (-0, -0, 1, 0), (3.3, 0.25, 2.2, 1) )
            uniform token[] xformOpOrder = ["xformOp:transform"]
        }

        def SphereLight "Bulb046"
        {
            color3f inputs:color = (0.45, 1, 0.651667)
            float inputs:intensity = 45
            bool inputs:normalize = 0
            float inputs:radius = 0.0508
            matrix4d xformOp:transform = ( (0, -1, 0, 0), (1, 0, 0, 0), (-0, -0, 1, 0), (3.8999999999999995, 0.25, 2.2, 1) )
            uniform token[] xformOpOrder = ["xformOp:transform"]
        }

        def SphereLight "Bulb047"
        {
            color3f inputs:color = (0.45, 1, 0.734167)
            float inputs:intensity = 45
            bool inputs:normalize = 0
            float inputs:radius = 0.0508
            matrix4d xformOp:transform = ( (0, -1, 0, 0), (1, 0, 0, 0), (-0, -0, 1, 0), (4.5, 0.25, 2.2, 1) )
            uniform token[] xformOpOrder = ["xformOp:transform"]
        }

        def SphereLight "Bulb048"
        {
            color3f inputs:color = (0.45, 1, 0.816667)
            float inputs:intensity = 45
            bool inputs:normalize = 0
            float inputs:radius = 0.0508
            matrix4d xformOp:transform = ( (0, -1, 0, 0), (1, 0, 0, 0), (-0, -0, 1, 0), (5.1, 0.25, 2.2, 1) )
            uniform token[] xformOpOrder = ["xformOp:transform"]
        }

        def SphereLight "Bulb049"
        {
            color3f inputs:color = (0.45, 1, 0.899167)
            float inputs:intensity = 45
            bool inputs:normalize = 0
            float inputs:radius = 0.0508
            matrix4d xformOp:transform = ( (0, -1, 0, 0), (1, 0, 0, 0), (-0, -0, 1, 0), (5.699999999999999, 0.25, 2.2, 1) )
            uniform token[] xformOpOrder = ["xformOp:transform"]
        }

        def SphereLight "Bulb050"
        {
            color3f inputs:color = (0.45, 1, 0.981667)
            float inputs:intensity = 45
            bool inputs:normalize = 0
            float inputs:radius = 0.0508
            matrix4d xformOp:transform = ( (0, -1, 0, 0), (1, 0, 0, 0), (-0, -0, 1, 0), (6.3, 0.25, 2.2, 1) )
            uniform token[] xformOpOrder = ["xformOp:transform"]
        }

        def SphereLight "Bulb051"
        {
            color3f inputs:color = (0.45, 0.935833, 1)
            float inputs:intensity = 45
            bool inputs:normalize = 0
            float inputs:radius = 0.0508
            matrix4d xformOp:transform = ( (0, -1, 0, 0), (1, 0, 0, 0), (-0, -0, 1, 0), (6.8999999999999995, 0.25, 2.2, 1) )
            uniform token[] xformOpOrder = ["xformOp:transform"]
        }

        def SphereLight "Bulb052"
        {
            color3f inputs:color = (0.45, 0.853333, 1)
            float inputs:intensity = 45
            bool inputs:normalize = 0
            float inputs:radius = 0.0508
            matrix4d xformOp:transform = ( (0, -1, 0, 0), (1, 0, 0, 0), (-0, -0, 1, 0), (7.499999999999999, 0.25, 2.2, 1) )
            uniform token[] xformOpOrder = ["xformOp:transform"]
        }

        def SphereLight "Bulb053"
        {
            color3f inputs:color = (0.45, 0.770833, 1)
            float inputs:intensity = 45
            bool inputs:normalize = 0
            float inputs:radius = 0.0508
            matrix4d xformOp:transform = ( (0, -1, 0, 0), (1, 0, 0, 0), (-0, -0, 1, 0), (8.1, 0.25, 2.2, 1) )
            uniform token[] xformOpOrder = ["xformOp:transform"]
        }

        def SphereLight "Bulb054"
        {
            color3f inputs:color = (0.45, 0.688333, 1)
            float inputs:intensity = 45
            bool inputs:normalize = 0
            float inputs:radius = 0.0508
            matrix4d xformOp:transform = ( (0, -1, 0, 0), (1, 0, 0, 0), (-0, -0, 1, 0), (8.700000000000001, 0.25, 2.2, 1) )
            uniform token[] xformOpOrder = ["xformOp:transform"]
        }

        def SphereLight "Bulb055"
        {
            color3f inputs:color = (0.45, 0.605833, 1)
            float inputs:intensity = 45
            bool inputs:normalize = 0
            float inputs:radius = 0.0508
            matrix4d xformOp:transform = ( (0, -1, 0, 0), (1, 0, 0, 0), (-0, -0, 1, 0), (9.3, 0.25, 2.2, 1) )
            uniform token[] xformOpOrder = ["xformOp:transform"]
        }

        def SphereLight "Bulb056"
        {
            color3f inputs:color = (0.45, 0.523333, 1)
            float inputs:intensity = 45
            bool inputs:normalize = 0
            float inputs:radius = 0.0508
            matrix4d xformOp:transform = ( (0, -1, 0, 0), (1, 0, 0, 0), (-0, -0, 1, 0), (9.9, 0.25, 2.2, 1) )
            uniform token[] xformOpOrder = ["xformOp:transform"]
        }

        def SphereLight "Bulb057"
        {
            color3f inputs:color = (0.459167, 0.45, 1)
            float inputs:intensity = 45
            bool inputs:normalize = 0
            float inputs:radius = 0.0508
            matrix4d xformOp:transform = ( (0, -1, 0, 0), (1, 0, 0, 0), (-0, -0, 1, 0), (10.5, 0.25, 2.2, 1) )
            uniform token[] xformOpOrder = ["xformOp:transform"]
        }

        def SphereLight "Bulb058"
        {
            color3f inputs:color = (0.541667, 0.45, 1)
            float inputs:intensity = 45
            bool inputs:normalize = 0
            float inputs:radius = 0.0508
            matrix4d xformOp:transform = ( (0, -1, 0, 0), (1, 0, 0, 0), (-0, -0, 1, 0), (11.1, 0.25, 2.2, 1) )
            uniform token[] xformOpOrder = ["xformOp:transform"]
        }

        def SphereLight "Bulb059"
        {
            color3f inputs:color = (0.624167, 0.45, 1)
            float inputs:intensity = 45
            bool inputs:normalize = 0
            float inputs:radius = 0.0508
            matrix4d xformOp:transform = ( (0, -1, 0, 0), (1, 0, 0, 0), (-0, -0, 1, 0), (11.700000000000001, 0.25, 2.2, 1) )
            uniform token[] xformOpOrder = ["xformOp:transform"]
        }

        def SphereLight "Bulb060"
        {
            color3f inputs:color = (0.706667, 0.45, 1)
            float inputs:intensity = 45
            bool inputs:normalize = 0
            float inputs:radius = 0.0508
            matrix4d xformOp:transform = ( (0, -1, 0, 0), (1, 0, 0, 0), (-0, -0, 1, 0), (12.3, 0.25, 2.2, 1) )
            uniform token[] xformOpOrder = ["xformOp:transform"]
        }

        def SphereLight "Bulb061"
        {
            color3f inputs:color = (0.789167, 0.45, 1)
            float inputs:intensity = 45
            bool inputs:normalize = 0
            float inputs:radius = 0.0508
            matrix4d xformOp:transform = ( (0, -1, 0, 0), (1, 0, 0, 0), (-0, -0, 1, 0), (12.9, 0.25, 2.2, 1) )
            uniform token[] xformOpOrder = ["xformOp:transform"]
        }

        def SphereLight "Bulb062"
        {
            color3f inputs:color = (0.871667, 0.45, 1)
            float inputs:intensity = 45
            bool inputs:normalize = 0
            float inputs:radius = 0.0508
            matrix4d xformOp:transform = ( (0, -1, 0, 0), (1, 0, 0, 0), (-0, -0, 1, 0), (13.5, 0.25, 2.2, 1) )
            uniform token[] xformOpOrder = ["xformOp:transform"]
        }

        def SphereLight "Bulb063"
        {
            color3f inputs:color = (0.954167, 0.45, 1)
            float inputs:intensity = 45
            bool inputs:normalize = 0
            float inputs:radius = 0.0508
            matrix4d xformOp:transform = ( (0, -1, 0, 0), (1, 0, 0, 0), (-0, -0, 1, 0), (14.1, 0.25, 2.2, 1) )
            uniform token[] xformOpOrder = ["xformOp:transform"]
        }

        def SphereLight "Bulb064"
        {
            color3f inputs:color = (1, 0.45, 0.963333)
            float inputs:intensity = 45
            bool inputs:normalize = 0
            float inputs:radius = 0.0508
            matrix4d xformOp:transform = ( (0, -1, 0, 0), (1, 0, 0, 0), (-0, -0, 1, 0), (14.7, 0.25, 2.2, 1) )
            uniform token[] xformOpOrder = ["xformOp:transform"]
        }

        def SphereLight "Bulb065"
        {
            color3f inputs:color = (1, 0.45, 0.880833)
            float inputs:intensity = 45
            bool inputs:normalize = 0
            float inputs:radius = 0.0508
            matrix4d xformOp:transform = ( (0, -1, 0, 0), (1, 0, 0, 0), (-0, -0, 1, 0), (15.3, 0.25, 2.2, 1) )
            uniform token[] xformOpOrder = ["xformOp:transform"]
        }

        def SphereLight "Bulb066"
        {
            color3f inputs:color = (1, 0.45, 0.798333)
            float inputs:intensity = 45
            bool inputs:normalize = 0
            float inputs:radius = 0.0508
            matrix4d xformOp:transform = ( (0, -1, 0, 0), (1, 0, 0, 0), (-0, -0, 1, 0), (15.9, 0.25, 2.2, 1) )
            uniform token[] xformOpOrder = ["xformOp:transform"]
        }

        def SphereLight "Bulb067"
        {
            color3f inputs:color = (1, 0.45, 0.715833)
            float inputs:intensity = 45
            bool inputs:normalize = 0
            float inputs:radius = 0.0508
            matrix4d xformOp:transform = ( (0, -1, 0, 0), (1, 0, 0, 0), (-0, -0, 1, 0), (16.5, 0.25, 2.2, 1) )
            uniform token[] xformOpOrder = ["xformOp:transform"]
        }

        def SphereLight "Bulb068"
        {
            color3f inputs:color = (1, 0.45, 0.633333)
            float inputs:intensity = 45
            bool inputs:normalize = 0
            float inputs:radius = 0.0508
            matrix4d xformOp:transform = ( (0, -1, 0, 0), (1, 0, 0, 0), (-0, -0, 1, 0), (17.1, 0.25, 2.2, 1) )
            uniform token[] xformOpOrder = ["xformOp:transform"]
        }

        def SphereLight "Bulb069"
        {
            color3f inputs:color = (1, 0.45, 0.550833)
            float inputs:intensity = 45
            bool inputs:normalize = 0
            float inputs:radius = 0.0508
            matrix4d xformOp:transform = ( (0, -1, 0, 0), (1, 0, 0, 0), (-0, -0, 1, 0), (17.7, 0.25, 2.2, 1) )
            uniform token[] xformOpOrder = ["xformOp:transform"]
        }

        def SphereLight "Bulb070"
        {
            color3f inputs:color = (1, 0.45, 0.468333)
            float inputs:intensity = 45
            bool inputs:normalize = 0
            float inputs:radius = 0.0508
            matrix4d xformOp:transform = ( (0, -1, 0, 0), (1, 0, 0, 0), (-0, -0, 1, 0), (18.3, 0.25, 2.2, 1) )
            uniform token[] xformOpOrder = ["xformOp:transform"]
        }

        def SphereLight "Bulb071"
        {
            color3f inputs:color = (1, 0.514167, 0.45)
            float inputs:intensity = 45
            bool inputs:normalize = 0
            float inputs:radius = 0.0508
            matrix4d xformOp:transform = ( (0, -1, 0, 0), (1, 0, 0, 0), (-0, -0, 1, 0), (18.9, 0.25, 2.2, 1) )
            uniform token[] xformOpOrder = ["xformOp:transform"]
        }

        def SphereLight "Bulb072"
        {
            color3f inputs:color = (1, 0.596667, 0.45)
            float inputs:intensity = 45
            bool inputs:normalize = 0
            float inputs:radius = 0.0508
            matrix4d xformOp:transform = ( (0, -1, 0, 0), (1, 0, 0, 0), (-0, -0, 1, 0), (19.5, 0.25, 2.2, 1) )
            uniform token[] xformOpOrder = ["xformOp:transform"]
        }

        def SphereLight "Bulb073"
        {
            color3f inputs:color = (1, 0.679167, 0.45)
            float inputs:intensity = 45
            bool inputs:normalize = 0
            float inputs:radius = 0.0508
            matrix4d xformOp:transform = ( (0, -1, 0, 0), (1, 0, 0, 0), (-0, -0, 1, 0), (20.1, 0.25, 2.2, 1) )
            uniform token[] xformOpOrder = ["xformOp:transform"]
        }

        def SphereLight "Bulb074"
        {
            color3f inputs:color = (1, 0.761667, 0.45)
            float inputs:intensity = 45
            bool inputs:normalize = 0
            float inputs:radius = 0.0508
            matrix4d xformOp:transform = ( (0, -1, 0, 0), (1, 0, 0, 0), (-0, -0, 1, 0), (20.7, 0.25, 2.2, 1) )
            uniform token[] xformOpOrder = ["xformOp:transform"]
        }

        def SphereLight "Bulb075"
        {
            color3f inputs:color = (1, 0.844167, 0.45)
            float inputs:intensity = 45
            bool inputs:normalize = 0
            float inputs:radius = 0.0508
            matrix4d xformOp:transform = ( (0, -1, 0, 0), (1, 0, 0, 0), (-0, -0, 1, 0), (21.3, 0.25, 2.2, 1) )
            uniform token[] xformOpOrder = ["xformOp:transform"]
        }

        def SphereLight "Bulb076"
        {
            color3f inputs:color = (1, 0.926667, 0.45)
            float inputs:intensity = 45
            bool inputs:normalize = 0
            float inputs:radius = 0.0508
            matrix4d xformOp:transform = ( (0, -1, 0, 0), (1, 0, 0, 0), (-0, -0, 1, 0), (21.9, 0.25, 2.2, 1) )
            uniform token[] xformOpOrder = ["xformOp:transform"]
        }

        def SphereLight "Bulb077"
        {
            color3f inputs:color = (0.990833, 1, 0.45)
            float inputs:intensity = 45
            bool inputs:normalize = 0
            float inputs:radius = 0.0508
            matrix4d xformOp:transform = ( (0, -1, 0, 0), (1, 0, 0, 0), (-0, -0, 1, 0), (22.5, 0.25, 2.2, 1) )
            uniform token[] xformOpOrder = ["xformOp:transform"]
        }

        def SphereLight "Bulb078"
        {
            color3f inputs:color = (0.908333, 1, 0.45)
            float inputs:intensity = 45
            bool inputs:normalize = 0
            float inputs:radius = 0.0508
            matrix4d xformOp:transform = ( (0, -1, 0, 0), (1, 0, 0, 0), (-0, -0, 1, 0), (23.1, 0.25, 2.2, 1) )
            uniform token[] xformOpOrder = ["xformOp:transform"]
        }

        def SphereLight "Bulb079"
        {
            color3f inputs:color = (0.825833, 1, 0.45)
            float inputs:intensity = 45
            bool inputs:normalize = 0
            float inputs:radius = 0.0508
            matrix4d xformOp:transform = ( (0, -1, 0, 0), (1, 0, 0, 0), (-0, -0, 1, 0), (23.7, 0.25, 2.2, 1) )
            uniform token[] xformOpOrder = ["xformOp:transform"]
        }

        def SphereLight "Bulb080"
        {
            color3f inputs:color = (0.45, 1, 0.596667)
            float inputs:intensity = 45
            bool inputs:normalize = 0
            float inputs:radius = 0.0508
            matrix4d xformOp:transform = ( (0, -1, 0, 0), (1, 0, 0, 0), (-0, -0, 1, 0), (0.3, 0.25, 3.4, 1) )
            uniform token[] xformOpOrder = ["xformOp:transform"]
        }

        def SphereLight "Bulb081"
        {
            color3f inputs:color = (0.45, 1, 0.679167)
            float inputs:intensity = 45
            bool inputs:normalize = 0
            float inputs:radius = 0.0508
            matrix4d xformOp:transform = ( (0, -1, 0, 0), (1, 0, 0, 0), (-0, -0, 1, 0), (0.8999999999999999, 0.25, 3.4, 1) )
            uniform token[] xformOpOrder = ["xformOp:transform"]
        }

        def SphereLight "Bulb082"
        {
            color3f inputs:color = (0.45, 1, 0.761667)
            float inputs:intensity = 45
            bool inputs:normalize = 0
            float inputs:radius = 0.0508
            matrix4d xformOp:transform = ( (0, -1, 0, 0), (1, 0, 0, 0), (-0, -0, 1, 0), (1.5, 0.25, 3.4, 1) )
            uniform token[] xformOpOrder = ["xformOp:transform"]
        }

        def SphereLight "Bulb083"
        {
            color3f inputs:color = (0.45, 1, 0.844167)
            float inputs:intensity = 45
            bool inputs:normalize = 0
            float inputs:radius = 0.0508
            matrix4d xformOp:transform = ( (0, -1, 0, 0), (1, 0, 0, 0), (-0, -0, 1, 0), (2.0999999999999996, 0.25, 3.4, 1) )
            uniform token[] xformOpOrder = ["xformOp:transform"]
        }

        def SphereLight "Bulb084"
        {
            color3f inputs:color = (0.45, 1, 0.926667)
            float inputs:intensity = 45
            bool inputs:normalize = 0
            float inputs:radius = 0.0508
            matrix4d xformOp:transform = ( (0, -1, 0, 0), (1, 0, 0, 0), (-0, -0, 1, 0), (2.6999999999999997, 0.25, 3.4, 1) )
            uniform token[] xformOpOrder = ["xformOp:transform"]
        }

        def SphereLight "Bulb085"
        {
            color3f inputs:color = (0.45, 0.990833, 1)
            float inputs:intensity = 45
            bool inputs:normalize = 0
            float inputs:radius = 0.0508
            matrix4d xformOp:transform = ( (0, -1, 0, 0), (1, 0, 0, 0), (-0, -0, 1, 0), (3.3, 0.25, 3.4, 1) )
            uniform token[] xformOpOrder = ["xformOp:transform"]
        }

        def SphereLight "Bulb086"
        {
            color3f inputs:color = (0.45, 0.908333, 1)
            float inputs:intensity = 45
            bool inputs:normalize = 0
            float inputs:radius = 0.0508
            matrix4d xformOp:transform = ( (0, -1, 0, 0), (1, 0, 0, 0), (-0, -0, 1, 0), (3.8999999999999995, 0.25, 3.4, 1) )
            uniform token[] xformOpOrder = ["xformOp:transform"]
        }

        def SphereLight "Bulb087"
        {
            color3f inputs:color = (0.45, 0.825833, 1)
            float inputs:intensity = 45
            bool inputs:normalize = 0
            float inputs:radius = 0.0508
            matrix4d xformOp:transform = ( (0, -1, 0, 0), (1, 0, 0, 0), (-0, -0, 1, 0), (4.5, 0.25, 3.4, 1) )
            uniform token[] xformOpOrder = ["xformOp:transform"]
        }

        def SphereLight "Bulb088"
        {
            color3f inputs:color = (0.45, 0.743333, 1)
            float inputs:intensity = 45
            bool inputs:normalize = 0
            float inputs:radius = 0.0508
            matrix4d xformOp:transform = ( (0, -1, 0, 0), (1, 0, 0, 0), (-0, -0, 1, 0), (5.1, 0.25, 3.4, 1) )
            uniform token[] xformOpOrder = ["xformOp:transform"]
        }

        def SphereLight "Bulb089"
        {
            color3f inputs:color = (0.45, 0.660833, 1)
            float inputs:intensity = 45
            bool inputs:normalize = 0
            float inputs:radius = 0.0508
            matrix4d xformOp:transform = ( (0, -1, 0, 0), (1, 0, 0, 0), (-0, -0, 1, 0), (5.699999999999999, 0.25, 3.4, 1) )
            uniform token[] xformOpOrder = ["xformOp:transform"]
        }

        def SphereLight "Bulb090"
        {
            color3f inputs:color = (0.45, 0.578333, 1)
            float inputs:intensity = 45
            bool inputs:normalize = 0
            float inputs:radius = 0.0508
            matrix4d xformOp:transform = ( (0, -1, 0, 0), (1, 0, 0, 0), (-0, -0, 1, 0), (6.3, 0.25, 3.4, 1) )
            uniform token[] xformOpOrder = ["xformOp:transform"]
        }

        def SphereLight "Bulb091"
        {
            color3f inputs:color = (0.45, 0.495833, 1)
            float inputs:intensity = 45
            bool inputs:normalize = 0
            float inputs:radius = 0.0508
            matrix4d xformOp:transform = ( (0, -1, 0, 0), (1, 0, 0, 0), (-0, -0, 1, 0), (6.8999999999999995, 0.25, 3.4, 1) )
            uniform token[] xformOpOrder = ["xformOp:transform"]
        }

        def SphereLight "Bulb092"
        {
            color3f inputs:color = (0.486667, 0.45, 1)
            float inputs:intensity = 45
            bool inputs:normalize = 0
            float inputs:radius = 0.0508
            matrix4d xformOp:transform = ( (0, -1, 0, 0), (1, 0, 0, 0), (-0, -0, 1, 0), (7.499999999999999, 0.25, 3.4, 1) )
            uniform token[] xformOpOrder = ["xformOp:transform"]
        }

        def SphereLight "Bulb093"
        {
            color3f inputs:color = (0.569167, 0.45, 1)
            float inputs:intensity = 45
            bool inputs:normalize = 0
            float inputs:radius = 0.0508
            matrix4d xformOp:transform = ( (0, -1, 0, 0), (1, 0, 0, 0), (-0, -0, 1, 0), (8.1, 0.25, 3.4, 1) )
            uniform token[] xformOpOrder = ["xformOp:transform"]
        }

        def SphereLight "Bulb094"
        {
            color3f inputs:color = (0.651667, 0.45, 1)
            float inputs:intensity = 45
            bool inputs:normalize = 0
            float inputs:radius = 0.0508
            matrix4d xformOp:transform = ( (0, -1, 0, 0), (1, 0, 0, 0), (-0, -0, 1, 0), (8.700000000000001, 0.25, 3.4, 1) )
            uniform token[] xformOpOrder = ["xformOp:transform"]
        }

        def SphereLight "Bulb095"
        {
            color3f inputs:color = (0.734167, 0.45, 1)
            float inputs:intensity = 45
            bool inputs:normalize = 0
            float inputs:radius = 0.0508
            matrix4d xformOp:transform = ( (0, -1, 0, 0), (1, 0, 0, 0), (-0, -0, 1, 0), (9.3, 0.25, 3.4, 1) )
            uniform token[] xformOpOrder = ["xformOp:transform"]
        }

        def SphereLight "Bulb096"
        {
            color3f inputs:color = (0.816667, 0.45, 1)
            float inputs:intensity = 45
            bool inputs:normalize = 0
            float inputs:radius = 0.0508
            matrix4d xformOp:transform = ( (0, -1, 0, 0), (1, 0, 0, 0), (-0, -0, 1, 0), (9.9, 0.25, 3.4, 1) )
            uniform token[] xformOpOrder = ["xformOp:transform"]
        }

        def SphereLight "Bulb097"
        {
            color3f inputs:color = (0.899167, 0.45, 1)
            float inputs:intensity = 45
            bool inputs:normalize = 0
            float inputs:radius = 0.0508
            matrix4d xformOp:transform = ( (0, -1, 0, 0), (1, 0, 0, 0), (-0, -0, 1, 0), (10.5, 0.25, 3.4, 1) )
            uniform token[] xformOpOrder = ["xformOp:transform"]
        }

        def SphereLight "Bulb098"
        {
            color3f inputs:color = (0.981667, 0.45, 1)
            float inputs:intensity = 45
            bool inputs:normalize = 0
            float inputs:radius = 0.0508
            matrix4d xformOp:transform = ( (0, -1, 0, 0), (1, 0, 0, 0), (-0, -0, 1, 0), (11.1, 0.25, 3.4, 1) )
            uniform token[] xformOpOrder = ["xformOp:transform"]
        }

        def SphereLight "Bulb099"
        {
            color3f inputs:color = (1, 0.45, 0.935833)
            float inputs:intensity = 45
            bool inputs:normalize = 0
            float inputs:radius = 0.0508
            matrix4d xformOp:transform = ( (0, -1, 0, 0), (1, 0, 0, 0), (-0, -0, 1, 0), (11.700000000000001, 0.25, 3.4, 1) )
            uniform token[] xformOpOrder = ["xformOp:transform"]
        }

        def SphereLight "Bulb100"
        {
            color3f inputs:color = (1, 0.45, 0.853333)
            float inputs:intensity = 45
            bool inputs:normalize = 0
            float inputs:radius = 0.0508
            matrix4d xformOp:transform = ( (0, -1, 0, 0), (1, 0, 0, 0), (-0, -0, 1, 0), (12.3, 0.25, 3.4, 1) )
            uniform token[] xformOpOrder = ["xformOp:transform"]
        }

        def SphereLight "Bulb101"
        {
            color3f inputs:color = (1, 0.45, 0.770833)
            float inputs:intensity = 45
            bool inputs:normalize = 0
            float inputs:radius = 0.0508
            matrix4d xformOp:transform = ( (0, -1, 0, 0), (1, 0, 0, 0), (-0, -0, 1, 0), (12.9, 0.25, 3.4, 1) )
            uniform token[] xformOpOrder = ["xformOp:transform"]
        }

        def SphereLight "Bulb102"
        {
            color3f inputs:color = (1, 0.45, 0.688333)
            float inputs:intensity = 45
            bool inputs:normalize = 0
            float inputs:radius = 0.0508
            matrix4d xformOp:transform = ( (0, -1, 0, 0), (1, 0, 0, 0), (-0, -0, 1, 0), (13.5, 0.25, 3.4, 1) )
            uniform token[] xformOpOrder = ["xformOp:transform"]
        }

        def SphereLight "Bulb103"
        {
            color3f inputs:color = (1, 0.45, 0.605833)
            float inputs:intensity = 45
            bool inputs:normalize = 0
            float inputs:radius = 0.0508
            matrix4d xformOp:transform = ( (0, -1, 0, 0), (1, 0, 0, 0), (-0, -0, 1, 0), (14.1, 0.25, 3.4, 1) )
            uniform token[] xformOpOrder = ["xformOp:transform"]
        }

        def SphereLight "Bulb104"
        {
            color3f inputs:color = (1, 0.45, 0.523333)
            float inputs:intensity = 45
            bool inputs:normalize = 0
            float inputs:radius = 0.0508
            matrix4d xformOp:transform = ( (0, -1, 0, 0), (1, 0, 0, 0), (-0, -0, 1, 0), (14.7, 0.25, 3.4, 1) )
            uniform token[] xformOpOrder = ["xformOp:transform"]
        }

        def SphereLight "Bulb105"
        {
            color3f inputs:color = (1, 0.459167, 0.45)
            float inputs:intensity = 45
            bool inputs:normalize = 0
            float inputs:radius = 0.0508
            matrix4d xformOp:transform = ( (0, -1, 0, 0), (1, 0, 0, 0), (-0, -0, 1, 0), (15.3, 0.25, 3.4, 1) )
            uniform token[] xformOpOrder = ["xformOp:transform"]
        }

        def SphereLight "Bulb106"
        {
            color3f inputs:color = (1, 0.541667, 0.45)
            float inputs:intensity = 45
            bool inputs:normalize = 0
            float inputs:radius = 0.0508
            matrix4d xformOp:transform = ( (0, -1, 0, 0), (1, 0, 0, 0), (-0, -0, 1, 0), (15.9, 0.25, 3.4, 1) )
            uniform token[] xformOpOrder = ["xformOp:transform"]
        }

        def SphereLight "Bulb107"
        {
            color3f inputs:color = (1, 0.624167, 0.45)
            float inputs:intensity = 45
            bool inputs:normalize = 0
            float inputs:radius = 0.0508
            matrix4d xformOp:transform = ( (0, -1, 0, 0), (1, 0, 0, 0), (-0, -0, 1, 0), (16.5, 0.25, 3.4, 1) )
            uniform token[] xformOpOrder = ["xformOp:transform"]
        }

        def SphereLight "Bulb108"
        {
            color3f inputs:color = (1, 0.706667, 0.45)
            float inputs:intensity = 45
            bool inputs:normalize = 0
            float inputs:radius = 0.0508
            matrix4d xformOp:transform = ( (0, -1, 0, 0), (1, 0, 0, 0), (-0, -0, 1, 0), (17.1, 0.25, 3.4, 1) )
            uniform token[] xformOpOrder = ["xformOp:transform"]
        }

        def SphereLight "Bulb109"
        {
            color3f inputs:color = (1, 0.789167, 0.45)
            float inputs:intensity = 45
            bool inputs:normalize = 0
            float inputs:radius = 0.0508
            matrix4d xformOp:transform = ( (0, -1, 0, 0), (1, 0, 0, 0), (-0, -0, 1, 0), (17.7, 0.25, 3.4, 1) )
            uniform token[] xformOpOrder = ["xformOp:transform"]
        }

        def SphereLight "Bulb110"
        {
            color3f inputs:color = (1, 0.871667, 0.45)
            float inputs:intensity = 45
            bool inputs:normalize = 0
            float inputs:radius = 0.0508
            matrix4d xformOp:transform = ( (0, -1, 0, 0), (1, 0, 0, 0), (-0, -0, 1, 0), (18.3, 0.25, 3.4, 1) )
            uniform token[] xformOpOrder = ["xformOp:transform"]
        }

        def SphereLight "Bulb111"
        {
            color3f inputs:color = (1, 0.954167, 0.45)
            float inputs:intensity = 45
            bool inputs:normalize = 0
            float inputs:radius = 0.0508
            matrix4d xformOp:transform = ( (0, -1, 0, 0), (1, 0, 0, 0), (-0, -0, 1, 0), (18.9, 0.25, 3.4, 1) )
            uniform token[] xformOpOrder = ["xformOp:transform"]
        }

        def SphereLight "Bulb112"
        {
            color3f inputs:color = (0.963333, 1, 0.45)
            float inputs:intensity = 45
            bool inputs:normalize = 0
            float inputs:radius = 0.0508
            matrix4d xformOp:transform = ( (0, -1, 0, 0), (1, 0, 0, 0), (-0, -0, 1, 0), (19.5, 0.25, 3.4, 1) )
            uniform token[] xformOpOrder = ["xformOp:transform"]
        }

        def SphereLight "Bulb113"
        {
            color3f inputs:color = (0.880833, 1, 0.45)
            float inputs:intensity = 45
            bool inputs:normalize = 0
            float inputs:radius = 0.0508
            matrix4d xformOp:transform = ( (0, -1, 0, 0), (1, 0, 0, 0), (-0, -0, 1, 0), (20.1, 0.25, 3.4, 1) )
            uniform token[] xformOpOrder = ["xformOp:transform"]
        }

        def SphereLight "Bulb114"
        {
            color3f inputs:color = (0.798333, 1, 0.45)
            float inputs:intensity = 45
            bool inputs:normalize = 0
            float inputs:radius = 0.0508
            matrix4d xformOp:transform = ( (0, -1, 0, 0), (1, 0, 0, 0), (-0, -0, 1, 0), (20.7, 0.25, 3.4, 1) )
            uniform token[] xformOpOrder = ["xformOp:transform"]
        }

        def SphereLight "Bulb115"
        {
            color3f inputs:color = (0.715833, 1, 0.45)
            float inputs:intensity = 45
            bool inputs:normalize = 0
            float inputs:radius = 0.0508
            matrix4d xformOp:transform = ( (0, -1, 0, 0), (1, 0, 0, 0), (-0, -0, 1, 0), (21.3, 0.25, 3.4, 1) )
            uniform token[] xformOpOrder = ["xformOp:transform"]
        }

        def SphereLight "Bulb116"
        {
            color3f inputs:color = (0.633333, 1, 0.45)
            float inputs:intensity = 45
            bool inputs:normalize = 0
            float inputs:radius = 0.0508
            matrix4d xformOp:transform = ( (0, -1, 0, 0), (1, 0, 0, 0), (-0, -0, 1, 0), (21.9, 0.25, 3.4, 1) )
            uniform token[] xformOpOrder = ["xformOp:transform"]
        }

        def SphereLight "Bulb117"
        {
            color3f inputs:color = (0.550833, 1, 0.45)
            float inputs:intensity = 45
            bool inputs:normalize = 0
            float inputs:radius = 0.0508
            matrix4d xformOp:transform = ( (0, -1, 0, 0), (1, 0, 0, 0), (-0, -0, 1, 0), (22.5, 0.25, 3.4, 1) )
            uniform token[] xformOpOrder = ["xformOp:transform"]
        }

        def SphereLight "Bulb118"
        {
            color3f inputs:color = (0.468333, 1, 0.45)
            float inputs:intensity = 45
            bool inputs:normalize = 0
            float inputs:radius = 0.0508
            matrix4d xformOp:transform = ( (0, -1, 0, 0), (1, 0, 0, 0), (-0, -0, 1, 0), (23.1, 0.25, 3.4, 1) )
            uniform token[] xformOpOrder = ["xformOp:transform"]
        }

        def SphereLight "Bulb119"
        {
            color3f inputs:color = (0.45, 1, 0.514167)
            float inputs:intensity = 45
            bool inputs:normalize = 0
            float inputs:radius = 0.0508
            matrix4d xformOp:transform = ( (0, -1, 0, 0), (1, 0, 0, 0), (-0, -0, 1, 0), (23.7, 0.25, 3.4, 1) )
            uniform token[] xformOpOrder = ["xformOp:transform"]
        }

        def SphereLight "Bulb120"
        {
            color3f inputs:color = (0.45, 1, 0.816667)
            float inputs:intensity = 45
            bool inputs:normalize = 0
            float inputs:radius = 0.0508
            matrix4d xformOp:transform = ( (0, -1, 0, 0), (1, 0, 0, 0), (-0, -0, 1, 0), (0.3, 7.75, 1, 1) )
            uniform token[] xformOpOrder = ["xformOp:transform"]
        }

        def SphereLight "Bulb121"
        {
            color3f inputs:color = (0.45, 1, 0.899167)
            float inputs:intensity = 45
            bool inputs:normalize = 0
            float inputs:radius = 0.0508
            matrix4d xformOp:transform = ( (0, -1, 0, 0), (1, 0, 0, 0), (-0, -0, 1, 0), (0.8999999999999999, 7.75, 1, 1) )
            uniform token[] xformOpOrder = ["xformOp:transform"]
        }

        def SphereLight "Bulb122"
        {
            color3f inputs:color = (0.45, 1, 0.981667)
            float inputs:intensity = 45
            bool inputs:normalize = 0
            float inputs:radius = 0.0508
            matrix4d xformOp:transform = ( (0, -1, 0, 0), (1, 0, 0, 0), (-0, -0, 1, 0), (1.5, 7.75, 1, 1) )
            uniform token[] xformOpOrder = ["xformOp:transform"]
        }

        def SphereLight "Bulb123"
        {
            color3f inputs:color = (0.45, 0.935833, 1)
            float inputs:intensity = 45
            bool inputs:normalize = 0
            float inputs:radius = 0.0508
            matrix4d xformOp:transform = ( (0, -1, 0, 0), (1, 0, 0, 0), (-0, -0, 1, 0), (2.0999999999999996, 7.75, 1, 1) )
            uniform token[] xformOpOrder = ["xformOp:transform"]
        }

        def SphereLight "Bulb124"
        {
            color3f inputs:color = (0.45, 0.853333, 1)
            float inputs:intensity = 45
            bool inputs:normalize = 0
            float inputs:radius = 0.0508
            matrix4d xformOp:transform = ( (0, -1, 0, 0), (1, 0, 0, 0), (-0, -0, 1, 0), (2.6999999999999997, 7.75, 1, 1) )
            uniform token[] xformOpOrder = ["xformOp:transform"]
        }

        def SphereLight "Bulb125"
        {
            color3f inputs:color = (0.45, 0.770833, 1)
            float inputs:intensity = 45
            bool inputs:normalize = 0
            float inputs:radius = 0.0508
            matrix4d xformOp:transform = ( (0, -1, 0, 0), (1, 0, 0, 0), (-0, -0, 1, 0), (3.3, 7.75, 1, 1) )
            uniform token[] xformOpOrder = ["xformOp:transform"]
        }

        def SphereLight "Bulb126"
        {
            color3f inputs:color = (0.45, 0.688333, 1)
            float inputs:intensity = 45
            bool inputs:normalize = 0
            float inputs:radius = 0.0508
            matrix4d xformOp:transform = ( (0, -1, 0, 0), (1, 0, 0, 0), (-0, -0, 1, 0), (3.8999999999999995, 7.75, 1, 1) )
            uniform token[] xformOpOrder = ["xformOp:transform"]
        }

        def SphereLight "Bulb127"
        {
            color3f inputs:color = (0.45, 0.605833, 1)
            float inputs:intensity = 45
            bool inputs:normalize = 0
            float inputs:radius = 0.0508
            matrix4d xformOp:transform = ( (0, -1, 0, 0), (1, 0, 0, 0), (-0, -0, 1, 0), (4.5, 7.75, 1, 1) )
            uniform token[] xformOpOrder = ["xformOp:transform"]
        }

        def SphereLight "Bulb128"
        {
            color3f inputs:color = (0.45, 0.523333, 1)
            float inputs:intensity = 45
            bool inputs:normalize = 0
            float inputs:radius = 0.0508
            matrix4d xformOp:transform = ( (0, -1, 0, 0), (1, 0, 0, 0), (-0, -0, 1, 0), (5.1, 7.75, 1, 1) )
            uniform token[] xformOpOrder = ["xformOp:transform"]
        }

        def SphereLight "Bulb129"
        {
            color3f inputs:color = (0.459167, 0.45, 1)
            float inputs:intensity = 45
            bool inputs:normalize = 0
            float inputs:radius = 0.0508
            matrix4d xformOp:transform = ( (0, -1, 0, 0), (1, 0, 0, 0), (-0, -0, 1, 0), (5.699999999999999, 7.75, 1, 1) )
            uniform token[] xformOpOrder = ["xformOp:transform"]
        }

        def SphereLight "Bulb130"
        {
            color3f inputs:color = (0.541667, 0.45, 1)
            float inputs:intensity = 45
            bool inputs:normalize = 0
            float inputs:radius = 0.0508
            matrix4d xformOp:transform = ( (0, -1, 0, 0), (1, 0, 0, 0), (-0, -0, 1, 0), (6.3, 7.75, 1, 1) )
            uniform token[] xformOpOrder = ["xformOp:transform"]
        }

        def SphereLight "Bulb131"
        {
            color3f inputs:color = (0.624167, 0.45, 1)
            float inputs:intensity = 45
            bool inputs:normalize = 0
            float inputs:radius = 0.0508
            matrix4d xformOp:transform = ( (0, -1, 0, 0), (1, 0, 0, 0), (-0, -0, 1, 0), (6.8999999999999995, 7.75, 1, 1) )
            uniform token[] xformOpOrder = ["xformOp:transform"]
        }

        def SphereLight "Bulb132"
        {
            color3f inputs:color = (0.706667, 0.45, 1)
            float inputs:intensity = 45
            bool inputs:normalize = 0
            float inputs:radius = 0.0508
            matrix4d xformOp:transform = ( (0, -1, 0, 0), (1, 0, 0, 0), (-0, -0, 1, 0), (7.499999999999999, 7.75, 1, 1) )
            uniform token[] xformOpOrder = ["xformOp:transform"]
        }

        def SphereLight "Bulb133"
        {
            color3f inputs:color = (0.789167, 0.45, 1)
            float inputs:intensity = 45
            bool inputs:normalize = 0
            float inputs:radius = 0.0508
            matrix4d xformOp:transform = ( (0, -1, 0, 0), (1, 0, 0, 0), (-0, -0, 1, 0), (8.1, 7.75, 1, 1) )
            uniform token[] xformOpOrder = ["xformOp:transform"]
        }

        def SphereLight "Bulb134"
        {
            color3f inputs:color = (0.871667, 0.45, 1)
            float inputs:intensity = 45
            bool inputs:normalize = 0
            float inputs:radius = 0.0508
            matrix4d xformOp:transform = ( (0, -1, 0, 0), (1, 0, 0, 0), (-0, -0, 1, 0), (8.700000000000001, 7.75, 1, 1) )
            uniform token[] xformOpOrder = ["xformOp:transform"]
        }

        def SphereLight "Bulb135"
        {
            color3f inputs:color = (0.954167, 0.45, 1)
            float inputs:intensity = 45
            bool inputs:normalize = 0
            float inputs:radius = 0.0508
            matrix4d xformOp:transform = ( (0, -1, 0, 0), (1, 0, 0, 0), (-0, -0, 1, 0), (9.3, 7.75, 1, 1) )
            uniform token[] xformOpOrder = ["xformOp:transform"]
        }

        def SphereLight "Bulb136"
        {
            color3f inputs:color = (1, 0.45, 0.963333)
            float inputs:intensity = 45
            bool inputs:normalize = 0
            float inputs:radius = 0.0508
            matrix4d xformOp:transform = ( (0, -1, 0, 0), (1, 0, 0, 0), (-0, -0, 1, 0), (9.9, 7.75, 1, 1) )
            uniform token[] xformOpOrder = ["xformOp:transform"]
        }

        def SphereLight "Bulb137"
        {
            color3f inputs:color = (1, 0.45, 0.880833)
            float inputs:intensity = 45
            bool inputs:normalize = 0
            float inputs:radius = 0.0508
            matrix4d xformOp:transform = ( (0, -1, 0, 0), (1, 0, 0, 0), (-0, -0, 1, 0), (10.5, 7.75, 1, 1) )
            uniform token[] xformOpOrder = ["xformOp:transform"]
        }

        def SphereLight "Bulb138"
        {
            color3f inputs:color = (1, 0.45, 0.798333)
            float inputs:intensity = 45
            bool inputs:normalize = 0
            float inputs:radius = 0.0508
            matrix4d xformOp:transform = ( (0, -1, 0, 0), (1, 0, 0, 0), (-0, -0, 1, 0), (11.1, 7.75, 1, 1) )
            uniform token[] xformOpOrder = ["xformOp:transform"]
        }

        def SphereLight "Bulb139"
        {
            color3f inputs:color = (1, 0.45, 0.715833)
            float inputs:intensity = 45
            bool inputs:normalize = 0
            float inputs:radius = 0.0508
            matrix4d xformOp:transform = ( (0, -1, 0, 0), (1, 0, 0, 0), (-0, -0, 1, 0), (11.700000000000001, 7.75, 1, 1) )
            uniform token[] xformOpOrder = ["xformOp:transform"]
        }

        def SphereLight "Bulb140"
        {
            color3f inputs:color = (1, 0.45, 0.633333)
            float inputs:intensity = 45
            bool inputs:normalize = 0
            float inputs:radius = 0.0508
            matrix4d xformOp:transform = ( (0, -1, 0, 0), (1, 0, 0, 0), (-0, -0, 1, 0), (12.3, 7.75, 1, 1) )
            uniform token[] xformOpOrder = ["xformOp:transform"]
        }

        def SphereLight "Bulb141"
        {
            color3f inputs:color = (1, 0.45, 0.550833)
            float inputs:intensity = 45
            bool inputs:normalize = 0
            float inputs:radius = 0.0508
            matrix4d xformOp:transform = ( (0, -1, 0, 0), (1, 0, 0, 0), (-0, -0, 1, 0), (12.9, 7.75, 1, 1) )
            uniform token[] xformOpOrder = ["xformOp:transform"]
        }

        def SphereLight "Bulb142"
        {
            color3f inputs:color = (1, 0.45, 0.468333)
            float inputs:intensity = 45
            bool inputs:normalize = 0
            float inputs:radius = 0.0508
            matrix4d xformOp:transform = ( (0, -1, 0, 0), (1, 0, 0, 0), (-0, -0, 1, 0), (13.5, 7.75, 1, 1) )
            uniform token[] xformOpOrder = ["xformOp:transform"]
        }

        def SphereLight "Bulb143"
        {
            color3f inputs:color = (1, 0.514167, 0.45)
            float inputs:intensity = 45
            bool inputs:normalize = 0
            float inputs:radius = 0.0508
            matrix4d xformOp:transform = ( (0, -1, 0, 0), (1, 0, 0, 0), (-0, -0, 1, 0), (14.1, 7.75, 1, 1) )
            uniform token[] xformOpOrder = ["xformOp:transform"]
        }

        def SphereLight "Bulb144"
        {
            color3f inputs:color = (1, 0.596667, 0.45)
            float inputs:intensity = 45
            bool inputs:normalize = 0
            float inputs:radius = 0.0508
            matrix4d xformOp:transform = ( (0, -1, 0, 0), (1, 0, 0, 0), (-0, -0, 1, 0), (14.7, 7.75, 1, 1) )
            uniform token[] xformOpOrder = ["xformOp:transform"]
        }

        def SphereLight "Bulb145"
        {
            color3f inputs:color = (1, 0.679167, 0.45)
            float inputs:intensity = 45
            bool inputs:normalize = 0
            float inputs:radius = 0.0508
            matrix4d xformOp:transform = ( (0, -1, 0, 0), (1, 0, 0, 0), (-0, -0, 1, 0), (15.3, 7.75, 1, 1) )
            uniform token[] xformOpOrder = ["xformOp:transform"]
        }

        def SphereLight "Bulb146"
        {
            color3f inputs:color = (1, 0.761667, 0.45)
            float inputs:intensity = 45
            bool inputs:normalize = 0
            float inputs:radius = 0.0508
            matrix4d xformOp:transform = ( (0, -1, 0, 0), (1, 0, 0, 0), (-0, -0, 1, 0), (15.9, 7.75, 1, 1) )
            uniform token[] xformOpOrder = ["xformOp:transform"]
        }

        def SphereLight "Bulb147"
        {
            color3f inputs:color = (1, 0.844167, 0.45)
            float inputs:intensity = 45
            bool inputs:normalize = 0
            float inputs:radius = 0.0508
            matrix4d xformOp:transform = ( (0, -1, 0, 0), (1, 0, 0, 0), (-0, -0, 1, 0), (16.5, 7.75, 1, 1) )
            uniform token[] xformOpOrder = ["xformOp:transform"]
        }

        def SphereLight "Bulb148"
        {
            color3f inputs:color = (1, 0.926667, 0.45)
            float inputs:intensity = 45
            bool inputs:normalize = 0
            float inputs:radius = 0.0508
            matrix4d xformOp:transform = ( (0, -1, 0, 0), (1, 0, 0, 0), (-0, -0, 1, 0), (17.1, 7.75, 1, 1) )
            uniform token[] xformOpOrder = ["xformOp:transform"]
        }

        def SphereLight "Bulb149"
        {
            color3f inputs:color = (0.990833, 1, 0.45)
            float inputs:intensity = 45
            bool inputs:normalize = 0
            float inputs:radius = 0.0508
            matrix4d xformOp:transform = ( (0, -1, 0, 0), (1, 0, 0, 0), (-0, -0, 1, 0), (17.7, 7.75, 1, 1) )
            uniform token[] xformOpOrder = ["xformOp:transform"]
        }

        def SphereLight "Bulb150"
        {
            color3f inputs:color = (0.908333, 1, 0.45)
            float inputs:intensity = 45
            bool inputs:normalize = 0
            float inputs:radius = 0.0508
            matrix4d xformOp:transform = ( (0, -1, 0, 0), (1, 0, 0, 0), (-0, -0, 1, 0), (18.3, 7.75, 1, 1) )
            uniform token[] xformOpOrder = ["xformOp:transform"]
        }

        def SphereLight "Bulb151"
        {
            color3f inputs:color = (0.825833, 1, 0.45)
            float inputs:intensity = 45
            bool inputs:normalize = 0
            float inputs:radius = 0.0508
            matrix4d xformOp:transform = ( (0, -1, 0, 0), (1, 0, 0, 0), (-0, -0, 1, 0), (18.9, 7.75, 1, 1) )
            uniform token[] xformOpOrder = ["xformOp:transform"]
        }

        def SphereLight "Bulb152"
        {
            color3f inputs:color = (0.743333, 1, 0.45)
            float inputs:intensity = 45
            bool inputs:normalize = 0
            float inputs:radius = 0.0508
            matrix4d xformOp:transform = ( (0, -1, 0, 0), (1, 0, 0, 0), (-0, -0, 1, 0), (19.5, 7.75, 1, 1) )
            uniform token[] xformOpOrder = ["xformOp:transform"]
        }

        def SphereLight "Bulb153"
        {
            color3f inputs:color = (0.660833, 1, 0.45)
            float inputs:intensity = 45
            bool inputs:normalize = 0
            float inputs:radius = 0.0508
            matrix4d xformOp:transform = ( (0, -1, 0, 0), (1, 0, 0, 0), (-0, -0, 1, 0), (20.1, 7.75, 1, 1) )
            uniform token[] xformOpOrder = ["xformOp:transform"]
        }

        def SphereLight "Bulb154"
        {
            color3f inputs:color = (0.578333, 1, 0.45)
            float inputs:intensity = 45
            bool inputs:normalize = 0
            float inputs:radius = 0.0508
            matrix4d xformOp:transform = ( (0, -1, 0, 0), (1, 0, 0, 0), (-0, -0, 1, 0), (20.7, 7.75, 1, 1) )
            uniform token[] xformOpOrder = ["xformOp:transform"]
        }

        def SphereLight "Bulb155"
        {
            color3f inputs:color = (0.495833, 1, 0.45)
            float inputs:intensity = 45
            bool inputs:normalize = 0
            float inputs:radius = 0.0508
            matrix4d xformOp:transform = ( (0, -1, 0, 0), (1, 0, 0, 0), (-0, -0, 1, 0), (21.3, 7.75, 1, 1) )
            uniform token[] xformOpOrder = ["xformOp:transform"]
        }

        def SphereLight "Bulb156"
        {
            color3f inputs:color = (0.45, 1, 0.486667)
            float inputs:intensity = 45
            bool inputs:normalize = 0
            float inputs:radius = 0.0508
            matrix4d xformOp:transform = ( (0, -1, 0, 0), (1, 0, 0, 0), (-0, -0, 1, 0), (21.9, 7.75, 1, 1) )
            uniform token[] xformOpOrder = ["xformOp:transform"]
        }

        def SphereLight "Bulb157"
        {
            color3f inputs:color = (0.45, 1, 0.569167)
            float inputs:intensity = 45
            bool inputs:normalize = 0
            float inputs:radius = 0.0508
            matrix4d xformOp:transform = ( (0, -1, 0, 0), (1, 0, 0, 0), (-0, -0, 1, 0), (22.5, 7.75, 1, 1) )
            uniform token[] xformOpOrder = ["xformOp:transform"]
        }

        def SphereLight "Bulb158"
        {
            color3f inputs:color = (0.45, 1, 0.651667)
            float inputs:intensity = 45
            bool inputs:normalize = 0
            float inputs:radius = 0.0508
            matrix4d xformOp:transform = ( (0, -1, 0, 0), (1, 0, 0, 0), (-0, -0, 1, 0), (23.1, 7.75, 1, 1) )
            uniform token[] xformOpOrder = ["xformOp:transform"]
        }

        def SphereLight "Bulb159"
        {
            color3f inputs:color = (0.45, 1, 0.734167)
            float inputs:intensity = 45
            bool inputs:normalize = 0
            float inputs:radius = 0.0508
            matrix4d xformOp:transform = ( (0, -1, 0, 0), (1, 0, 0, 0), (-0, -0, 1, 0), (23.7, 7.75, 1, 1) )
            uniform token[] xformOpOrder = ["xformOp:transform"]
        }

        def SphereLight "Bulb160"
        {
            color3f inputs:color = (0.45, 0.743333, 1)
            float inputs:intensity = 45
            bool inputs:normalize = 0
            float inputs:radius = 0.0508
            matrix4d xformOp:transform = ( (0, -1, 0, 0), (1, 0, 0, 0), (-0, -0, 1, 0), (0.3, 7.75, 2.2, 1) )
            uniform token[] xformOpOrder = ["xformOp:transform"]
        }

        def SphereLight "Bulb161"
        {
            color3f inputs:color = (0.45, 0.660833, 1)
            float inputs:intensity = 45
            bool inputs:normalize = 0
            float inputs:radius = 0.0508
            matrix4d xformOp:transform = ( (0, -1, 0, 0), (1, 0, 0, 0), (-0, -0, 1, 0), (0.8999999999999999, 7.75, 2.2, 1) )
            uniform token[] xformOpOrder = ["xformOp:transform"]
        }

        def SphereLight "Bulb162"
        {
            color3f inputs:color = (0.45, 0.578333, 1)
            float inputs:intensity = 45
            bool inputs:normalize = 0
            float inputs:radius = 0.0508
            matrix4d xformOp:transform = ( (0, -1, 0, 0), (1, 0, 0, 0), (-0, -0, 1, 0), (1.5, 7.75, 2.2, 1) )
            uniform token[] xformOpOrder = ["xformOp:transform"]
        }

        def SphereLight "Bulb163"
        {
            color3f inputs:color = (0.45, 0.495833, 1)
            float inputs:intensity = 45
            bool inputs:normalize = 0
            float inputs:radius = 0.0508
            matrix4d xformOp:transform = ( (0, -1, 0, 0), (1, 0, 0, 0), (-0, -0, 1, 0), (2.0999999999999996, 7.75, 2.2, 1) )
            uniform token[] xformOpOrder = ["xformOp:transform"]
        }

        def SphereLight "Bulb164"
        {
            color3f inputs:color = (0.486667, 0.45, 1)
            float inputs:intensity = 45
            bool inputs:normalize = 0
            float inputs:radius = 0.0508
            matrix4d xformOp:transform = ( (0, -1, 0, 0), (1, 0, 0, 0), (-0, -0, 1, 0), (2.6999999999999997, 7.75, 2.2, 1) )
            uniform token[] xformOpOrder = ["xformOp:transform"]
        }

        def SphereLight "Bulb165"
        {
            color3f inputs:color = (0.569167, 0.45, 1)
            float inputs:intensity = 45
            bool inputs:normalize = 0
            float inputs:radius = 0.0508
            matrix4d xformOp:transform = ( (0, -1, 0, 0), (1, 0, 0, 0), (-0, -0, 1, 0), (3.3, 7.75, 2.2, 1) )
            uniform token[] xformOpOrder = ["xformOp:transform"]
        }

        def SphereLight "Bulb166"
        {
            color3f inputs:color = (0.651667, 0.45, 1)
            float inputs:intensity = 45
            bool inputs:normalize = 0
            float inputs:radius = 0.0508
            matrix4d xformOp:transform = ( (0, -1, 0, 0), (1, 0, 0, 0), (-0, -0, 1, 0), (3.8999999999999995, 7.75, 2.2, 1) )
            uniform token[] xformOpOrder = ["xformOp:transform"]
        }

        def SphereLight "Bulb167"
        {
            color3f inputs:color = (0.734167, 0.45, 1)
            float inputs:intensity = 45
            bool inputs:normalize = 0
            float inputs:radius = 0.0508
            matrix4d xformOp:transform = ( (0, -1, 0, 0), (1, 0, 0, 0), (-0, -0, 1, 0), (4.5, 7.75, 2.2, 1) )
            uniform token[] xformOpOrder = ["xformOp:transform"]
        }

        def SphereLight "Bulb168"
        {
            color3f inputs:color = (0.816667, 0.45, 1)
            float inputs:intensity = 45
            bool inputs:normalize = 0
            float inputs:radius = 0.0508
            matrix4d xformOp:transform = ( (0, -1, 0, 0), (1, 0, 0, 0), (-0, -0, 1, 0), (5.1, 7.75, 2.2, 1) )
            uniform token[] xformOpOrder = ["xformOp:transform"]
        }

        def SphereLight "Bulb169"
        {
            color3f inputs:color = (0.899167, 0.45, 1)
            float inputs:intensity = 45
            bool inputs:normalize = 0
            float inputs:radius = 0.0508
            matrix4d xformOp:transform = ( (0, -1, 0, 0), (1, 0, 0, 0), (-0, -0, 1, 0), (5.699999999999999, 7.75, 2.2, 1) )
            uniform token[] xformOpOrder = ["xformOp:transform"]
        }

        def SphereLight "Bulb170"
        {
            color3f inputs:color = (0.981667, 0.45, 1)
            float inputs:intensity = 45
            bool inputs:normalize = 0
            float inputs:radius = 0.0508
            matrix4d xformOp:transform = ( (0, -1, 0, 0), (1, 0, 0, 0), (-0, -0, 1, 0), (6.3, 7.75, 2.2, 1) )
            uniform token[] xformOpOrder = ["xformOp:transform"]
        }

        def SphereLight "Bulb171"
        {
            color3f inputs:color = (1, 0.45, 0.935833)
            float inputs:intensity = 45
            bool inputs:normalize = 0
            float inputs:radius = 0.0508
            matrix4d xformOp:transform = ( (0, -1, 0, 0), (1, 0, 0, 0), (-0, -0, 1, 0), (6.8999999999999995, 7.75, 2.2, 1) )
            uniform token[] xformOpOrder = ["xformOp:transform"]
        }

        def SphereLight "Bulb172"
        {
            color3f inputs:color = (1, 0.45, 0.853333)
            float inputs:intensity = 45
            bool inputs:normalize = 0
            float inputs:radius = 0.0508
            matrix4d xformOp:transform = ( (0, -1, 0, 0), (1, 0, 0, 0), (-0, -0, 1, 0), (7.499999999999999, 7.75, 2.2, 1) )
            uniform token[] xformOpOrder = ["xformOp:transform"]
        }

        def SphereLight "Bulb173"
        {
            color3f inputs:color = (1, 0.45, 0.770833)
            float inputs:intensity = 45
            bool inputs:normalize = 0
            float inputs:radius = 0.0508
            matrix4d xformOp:transform = ( (0, -1, 0, 0), (1, 0, 0, 0), (-0, -0, 1, 0), (8.1, 7.75, 2.2, 1) )
            uniform token[] xformOpOrder = ["xformOp:transform"]
        }

        def SphereLight "Bulb174"
        {
            color3f inputs:color = (1, 0.45, 0.688333)
            float inputs:intensity = 45
            bool inputs:normalize = 0
            float inputs:radius = 0.0508
            matrix4d xformOp:transform = ( (0, -1, 0, 0), (1, 0, 0, 0), (-0, -0, 1, 0), (8.700000000000001, 7.75, 2.2, 1) )
            uniform token[] xformOpOrder = ["xformOp:transform"]
        }

        def SphereLight "Bulb175"
        {
            color3f inputs:color = (1, 0.45, 0.605833)
            float inputs:intensity = 45
            bool inputs:normalize = 0
            float inputs:radius = 0.0508
            matrix4d xformOp:transform = ( (0, -1, 0, 0), (1, 0, 0, 0), (-0, -0, 1, 0), (9.3, 7.75, 2.2, 1) )
            uniform token[] xformOpOrder = ["xformOp:transform"]
        }

        def SphereLight "Bulb176"
        {
            color3f inputs:color = (1, 0.45, 0.523333)
            float inputs:intensity = 45
            bool inputs:normalize = 0
            float inputs:radius = 0.0508
            matrix4d xformOp:transform = ( (0, -1, 0, 0), (1, 0, 0, 0), (-0, -0, 1, 0), (9.9, 7.75, 2.2, 1) )
            uniform token[] xformOpOrder = ["xformOp:transform"]
        }

        def SphereLight "Bulb177"
        {
            color3f inputs:color = (1, 0.459167, 0.45)
            float inputs:intensity = 45
            bool inputs:normalize = 0
            float inputs:radius = 0.0508
            matrix4d xformOp:transform = ( (0, -1, 0, 0), (1, 0, 0, 0), (-0, -0, 1, 0), (10.5, 7.75, 2.2, 1) )
            uniform token[] xformOpOrder = ["xformOp:transform"]
        }

        def SphereLight "Bulb178"
        {
            color3f inputs:color = (1, 0.541667, 0.45)
            float inputs:intensity = 45
            bool inputs:normalize = 0
            float inputs:radius = 0.0508
            matrix4d xformOp:transform = ( (0, -1, 0, 0), (1, 0, 0, 0), (-0, -0, 1, 0), (11.1, 7.75, 2.2, 1) )
            uniform token[] xformOpOrder = ["xformOp:transform"]
        }

        def SphereLight "Bulb179"
        {
            color3f inputs:color = (1, 0.624167, 0.45)
            float inputs:intensity = 45
            bool inputs:normalize = 0
            float inputs:radius = 0.0508
            matrix4d xformOp:transform = ( (0, -1, 0, 0), (1, 0, 0, 0), (-0, -0, 1, 0), (11.700000000000001, 7.75, 2.2, 1) )
            uniform token[] xformOpOrder = ["xformOp:transform"]
        }

        def SphereLight "Bulb180"
        {
            color3f inputs:color = (1, 0.706667, 0.45)
            float inputs:intensity = 45
            bool inputs:normalize = 0
            float inputs:radius = 0.0508
            matrix4d xformOp:transform = ( (0, -1, 0, 0), (1, 0, 0, 0), (-0, -0, 1, 0), (12.3, 7.75, 2.2, 1) )
            uniform token[] xformOpOrder = ["xformOp:transform"]
        }

        def SphereLight "Bulb181"
        {
            color3f inputs:color = (1, 0.789167, 0.45)
            float inputs:intensity = 45
            bool inputs:normalize = 0
            float inputs:radius = 0.0508
            matrix4d xformOp:transform = ( (0, -1, 0, 0), (1, 0, 0, 0), (-0, -0, 1, 0), (12.9, 7.75, 2.2, 1) )
            uniform token[] xformOpOrder = ["xformOp:transform"]
        }

        def SphereLight "Bulb182"
        {
            color3f inputs:color = (1, 0.871667, 0.45)
            float inputs:intensity = 45
            bool inputs:normalize = 0
            float inputs:radius = 0.0508
            matrix4d xformOp:transform = ( (0, -1, 0, 0), (1, 0, 0, 0), (-0, -0, 1, 0), (13.5, 7.75, 2.2, 1) )
            uniform token[] xformOpOrder = ["xformOp:transform"]
        }

        def SphereLight "Bulb183"
        {
            color3f inputs:color = (1, 0.954167, 0.45)
            float inputs:intensity = 45
            bool inputs:normalize = 0
            float inputs:radius = 0.0508
            matrix4d xformOp:transform = ( (0, -1, 0, 0), (1, 0, 0, 0), (-0, -0, 1, 0), (14.1, 7.75, 2.2, 1) )
            uniform token[] xformOpOrder = ["xformOp:transform"]
        }

        def SphereLight "Bulb184"
        {
            color3f inputs:color = (0.963333, 1, 0.45)
            float inputs:intensity = 45
            bool inputs:normalize = 0
            float inputs:radius = 0.0508
            matrix4d xformOp:transform = ( (0, -1, 0, 0), (1, 0, 0, 0), (-0, -0, 1, 0), (14.7, 7.75, 2.2, 1) )
            uniform token[] xformOpOrder = ["xformOp:transform"]
        }

        def SphereLight "Bulb185"
        {
            color3f inputs:color = (0.880833, 1, 0.45)
            float inputs:intensity = 45
            bool inputs:normalize = 0
            float inputs:radius = 0.0508
            matrix4d xformOp:transform = ( (0, -1, 0, 0), (1, 0, 0, 0), (-0, -0, 1, 0), (15.3, 7.75, 2.2, 1) )
            uniform token[] xformOpOrder = ["xformOp:transform"]
        }

        def SphereLight "Bulb186"
        {
            color3f inputs:color = (0.798333, 1, 0.45)
            float inputs:intensity = 45
            bool inputs:normalize = 0
            float inputs:radius = 0.0508
            matrix4d xformOp:transform = ( (0, -1, 0, 0), (1, 0, 0, 0), (-0, -0, 1, 0), (15.9, 7.75, 2.2, 1) )
            uniform token[] xformOpOrder = ["xformOp:transform"]
        }

        def SphereLight "Bulb187"
        {
            color3f inputs:color = (0.715833, 1, 0.45)
            float inputs:intensity = 45
            bool inputs:normalize = 0
            float inputs:radius = 0.0508
            matrix4d xformOp:transform = ( (0, -1, 0, 0), (1, 0, 0, 0), (-0, -0, 1, 0), (16.5, 7.75, 2.2, 1) )
            uniform token[] xformOpOrder = ["xformOp:transform"]
        }

        def SphereLight "Bulb188"
        {
            color3f inputs:color = (0.633333, 1, 0.45)
            float inputs:intensity = 45
            bool inputs:normalize = 0
            float inputs:radius = 0.0508
            matrix4d xformOp:transform = ( (0, -1, 0, 0), (1, 0, 0, 0), (-0, -0, 1, 0), (17.1, 7.75, 2.2, 1) )
            uniform token[] xformOpOrder = ["xformOp:transform"]
        }

        def SphereLight "Bulb189"
        {
            color3f inputs:color = (0.550833, 1, 0.45)
            float inputs:intensity = 45
            bool inputs:normalize = 0
            float inputs:radius = 0.0508
            matrix4d xformOp:transform = ( (0, -1, 0, 0), (1, 0, 0, 0), (-0, -0, 1, 0), (17.7, 7.75, 2.2, 1) )
            uniform token[] xformOpOrder = ["xformOp:transform"]
        }

        def SphereLight "Bulb190"
        {
            color3f inputs:color = (0.468333, 1, 0.45)
            float inputs:intensity = 45
            bool inputs:normalize = 0
            float inputs:radius = 0.0508
            matrix4d xformOp:transform = ( (0, -1, 0, 0), (1, 0, 0, 0), (-0, -0, 1, 0), (18.3, 7.75, 2.2, 1) )
            uniform token[] xformOpOrder = ["xformOp:transform"]
        }

        def SphereLight "Bulb191"
        {
            color3f inputs:color = (0.45, 1, 0.514167)
            float inputs:intensity = 45
            bool inputs:normalize = 0
            float inputs:radius = 0.0508
            matrix4d xformOp:transform = ( (0, -1, 0, 0), (1, 0, 0, 0), (-0, -0, 1, 0), (18.9, 7.75, 2.2, 1) )
            uniform token[] xformOpOrder = ["xformOp:transform"]
        }

        def SphereLight "Bulb192"
        {
            color3f inputs:color = (0.45, 1, 0.596667)
            float inputs:intensity = 45
            bool inputs:normalize = 0
            float inputs:radius = 0.0508
            matrix4d xformOp:transform = ( (0, -1, 0, 0), (1, 0, 0, 0), (-0, -0, 1, 0), (19.5, 7.75, 2.2, 1) )
            uniform token[] xformOpOrder = ["xformOp:transform"]
        }

        def SphereLight "Bulb193"
        {
            color3f inputs:color = (0.45, 1, 0.679167)
            float inputs:intensity = 45
            bool inputs:normalize = 0
            float inputs:radius = 0.0508
            matrix4d xformOp:transform = ( (0, -1, 0, 0), (1, 0, 0, 0), (-0, -0, 1, 0), (20.1, 7.75, 2.2, 1) )
            uniform token[] xformOpOrder = ["xformOp:transform"]
        }

        def SphereLight "Bulb194"
        {
            color3f inputs:color = (0.45, 1, 0.761667)
            float inputs:intensity = 45
            bool inputs:normalize = 0
            float inputs:radius = 0.0508
            matrix4d xformOp:transform = ( (0, -1, 0, 0), (1, 0, 0, 0), (-0, -0, 1, 0), (20.7, 7.75, 2.2, 1) )
            uniform token[] xformOpOrder = ["xformOp:transform"]
        }

        def SphereLight "Bulb195"
        {
            color3f inputs:color = (0.45, 1, 0.844167)
            float inputs:intensity = 45
            bool inputs:normalize = 0
            float inputs:radius = 0.0508
            matrix4d xformOp:transform = ( (0, -1, 0, 0), (1, 0, 0, 0), (-0, -0, 1, 0), (21.3, 7.75, 2.2, 1) )
            uniform token[] xformOpOrder = ["xformOp:transform"]
        }

        def SphereLight "Bulb196"
        {
            color3f inputs:color = (0.45, 1, 0.926667)
            float inputs:intensity = 45
            bool inputs:normalize = 0
            float inputs:radius = 0.0508
            matrix4d xformOp:transform = ( (0, -1, 0, 0), (1, 0, 0, 0), (-0, -0, 1, 0), (21.9, 7.75, 2.2, 1) )
            uniform token[] xformOpOrder = ["xformOp:transform"]
        }

        def SphereLight "Bulb197"
        {
            color3f inputs:color = (0.45, 0.990833, 1)
            float inputs:intensity = 45
            bool inputs:normalize = 0
            float inputs:radius = 0.0508
            matrix4d xformOp:transform = ( (0, -1, 0, 0), (1, 0, 0, 0), (-0, -0, 1, 0), (22.5, 7.75, 2.2, 1) )
            uniform token[] xformOpOrder = ["xformOp:transform"]
        }

        def SphereLight "Bulb198"
        {
            color3f inputs:color = (0.45, 0.908333, 1)
            float inputs:intensity = 45
            bool inputs:normalize = 0
            float inputs:radius = 0.0508
            matrix4d xformOp:transform = ( (0, -1, 0, 0), (1, 0, 0, 0), (-0, -0, 1, 0), (23.1, 7.75, 2.2, 1) )
            uniform token[] xformOpOrder = ["xformOp:transform"]
        }

        def SphereLight "Bulb199"
        {
            color3f inputs:color = (0.45, 0.825833, 1)
            float inputs:intensity = 45
            bool inputs:normalize = 0
            float inputs:radius = 0.0508
            matrix4d xformOp:transform = ( (0, -1, 0, 0), (1, 0, 0, 0), (-0, -0, 1, 0), (23.7, 7.75, 2.2, 1) )
            uniform token[] xformOpOrder = ["xformOp:transform"]
        }

        def SphereLight "Bulb200"
        {
            color3f inputs:color = (0.596667, 0.45, 1)
            float inputs:intensity = 45
            bool inputs:normalize = 0
            float inputs:radius = 0.0508
            matrix4d xformOp:transform = ( (0, -1, 0, 0), (1, 0, 0, 0), (-0, -0, 1, 0), (0.3, 7.75, 3.4, 1) )
            uniform token[] xformOpOrder = ["xformOp:transform"]
        }

        def SphereLight "Bulb201"
        {
            color3f inputs:color = (0.679167, 0.45, 1)
            float inputs:intensity = 45
            bool inputs:normalize = 0
            float inputs:radius = 0.0508
            matrix4d xformOp:transform = ( (0, -1, 0, 0), (1, 0, 0, 0), (-0, -0, 1, 0), (0.8999999999999999, 7.75, 3.4, 1) )
            uniform token[] xformOpOrder = ["xformOp:transform"]
        }

        def SphereLight "Bulb202"
        {
            color3f inputs:color = (0.761667, 0.45, 1)
            float inputs:intensity = 45
            bool inputs:normalize = 0
            float inputs:radius = 0.0508
            matrix4d xformOp:transform = ( (0, -1, 0, 0), (1, 0, 0, 0), (-0, -0, 1, 0), (1.5, 7.75, 3.4, 1) )
            uniform token[] xformOpOrder = ["xformOp:transform"]
        }

        def SphereLight "Bulb203"
        {
            color3f inputs:color = (0.844167, 0.45, 1)
            float inputs:intensity = 45
            bool inputs:normalize = 0
            float inputs:radius = 0.0508
            matrix4d xformOp:transform = ( (0, -1, 0, 0), (1, 0, 0, 0), (-0, -0, 1, 0), (2.0999999999999996, 7.75, 3.4, 1) )
            uniform token[] xformOpOrder = ["xformOp:transform"]
        }

        def SphereLight "Bulb204"
        {
            color3f inputs:color = (0.926667, 0.45, 1)
            float inputs:intensity = 45
            bool inputs:normalize = 0
            float inputs:radius = 0.0508
            matrix4d xformOp:transform = ( (0, -1, 0, 0), (1, 0, 0, 0), (-0, -0, 1, 0), (2.6999999999999997, 7.75, 3.4, 1) )
            uniform token[] xformOpOrder = ["xformOp:transform"]
        }

        def SphereLight "Bulb205"
        {
            color3f inputs:color = (1, 0.45, 0.990833)
            float inputs:intensity = 45
            bool inputs:normalize = 0
            float inputs:radius = 0.0508
            matrix4d xformOp:transform = ( (0, -1, 0, 0), (1, 0, 0, 0), (-0, -0, 1, 0), (3.3, 7.75, 3.4, 1) )
            uniform token[] xformOpOrder = ["xformOp:transform"]
        }

        def SphereLight "Bulb206"
        {
            color3f inputs:color = (1, 0.45, 0.908333)
            float inputs:intensity = 45
            bool inputs:normalize = 0
            float inputs:radius = 0.0508
            matrix4d xformOp:transform = ( (0, -1, 0, 0), (1, 0, 0, 0), (-0, -0, 1, 0), (3.8999999999999995, 7.75, 3.4, 1) )
            uniform token[] xformOpOrder = ["xformOp:transform"]
        }

        def SphereLight "Bulb207"
        {
            color3f inputs:color = (1, 0.45, 0.825833)
            float inputs:intensity = 45
            bool inputs:normalize = 0
            float inputs:radius = 0.0508
            matrix4d xformOp:transform = ( (0, -1, 0, 0), (1, 0, 0, 0), (-0, -0, 1, 0), (4.5, 7.75, 3.4, 1) )
            uniform token[] xformOpOrder = ["xformOp:transform"]
        }

        def SphereLight "Bulb208"
        {
            color3f inputs:color = (1, 0.45, 0.743333)
            float inputs:intensity = 45
            bool inputs:normalize = 0
            float inputs:radius = 0.0508
            matrix4d xformOp:transform = ( (0, -1, 0, 0), (1, 0, 0, 0), (-0, -0, 1, 0), (5.1, 7.75, 3.4, 1) )
            uniform token[] xformOpOrder = ["xformOp:transform"]
        }

        def SphereLight "Bulb209"
        {
            color3f inputs:color = (1, 0.45, 0.660833)
            float inputs:intensity = 45
            bool inputs:normalize = 0
            float inputs:radius = 0.0508
            matrix4d xformOp:transform = ( (0, -1, 0, 0), (1, 0, 0, 0), (-0, -0, 1, 0), (5.699999999999999, 7.75, 3.4, 1) )
            uniform token[] xformOpOrder = ["xformOp:transform"]
        }

        def SphereLight "Bulb210"
        {
            color3f inputs:color = (1, 0.45, 0.578333)
            float inputs:intensity = 45
            bool inputs:normalize = 0
            float inputs:radius = 0.0508
            matrix4d xformOp:transform = ( (0, -1, 0, 0), (1, 0, 0, 0), (-0, -0, 1, 0), (6.3, 7.75, 3.4, 1) )
            uniform token[] xformOpOrder = ["xformOp:transform"]
        }

        def SphereLight "Bulb211"
        {
            color3f inputs:color = (1, 0.45, 0.495833)
            float inputs:intensity = 45
            bool inputs:normalize = 0
            float inputs:radius = 0.0508
            matrix4d xformOp:transform = ( (0, -1, 0, 0), (1, 0, 0, 0), (-0, -0, 1, 0), (6.8999999999999995, 7.75, 3.4, 1) )
            uniform token[] xformOpOrder = ["xformOp:transform"]
        }

        def SphereLight "Bulb212"
        {
            color3f inputs:color = (1, 0.486667, 0.45)
            float inputs:intensity = 45
            bool inputs:normalize = 0
            float inputs:radius = 0.0508
            matrix4d xformOp:transform = ( (0, -1, 0, 0), (1, 0, 0, 0), (-0, -0, 1, 0), (7.499999999999999, 7.75, 3.4, 1) )
            uniform token[] xformOpOrder = ["xformOp:transform"]
        }

        def SphereLight "Bulb213"
        {
            color3f inputs:color = (1, 0.569167, 0.45)
            float inputs:intensity = 45
            bool inputs:normalize = 0
            float inputs:radius = 0.0508
            matrix4d xformOp:transform = ( (0, -1, 0, 0), (1, 0, 0, 0), (-0, -0, 1, 0), (8.1, 7.75, 3.4, 1) )
            uniform token[] xformOpOrder = ["xformOp:transform"]
        }

        def SphereLight "Bulb214"
        {
            color3f inputs:color = (1, 0.651667, 0.45)
            float inputs:intensity = 45
            bool inputs:normalize = 0
            float inputs:radius = 0.0508
            matrix4d xformOp:transform = ( (0, -1, 0, 0), (1, 0, 0, 0), (-0, -0, 1, 0), (8.700000000000001, 7.75, 3.4, 1) )
            uniform token[] xformOpOrder = ["xformOp:transform"]
        }

        def SphereLight "Bulb215"
        {
            color3f inputs:color = (1, 0.734167, 0.45)
            float inputs:intensity = 45
            bool inputs:normalize = 0
            float inputs:radius = 0.0508
            matrix4d xformOp:transform = ( (0, -1, 0, 0), (1, 0, 0, 0), (-0, -0, 1, 0), (9.3, 7.75, 3.4, 1) )
            uniform token[] xformOpOrder = ["xformOp:transform"]
        }

        def SphereLight "Bulb216"
        {
            color3f inputs:color = (1, 0.816667, 0.45)
            float inputs:intensity = 45
            bool inputs:normalize = 0
            float inputs:radius = 0.0508
            matrix4d xformOp:transform = ( (0, -1, 0, 0), (1, 0, 0, 0), (-0, -0, 1, 0), (9.9, 7.75, 3.4, 1) )
            uniform token[] xformOpOrder = ["xformOp:transform"]
        }

        def SphereLight "Bulb217"
        {
            color3f inputs:color = (1, 0.899167, 0.45)
            float inputs:intensity = 45
            bool inputs:normalize = 0
            float inputs:radius = 0.0508
            matrix4d xformOp:transform = ( (0, -1, 0, 0), (1, 0, 0, 0), (-0, -0, 1, 0), (10.5, 7.75, 3.4, 1) )
            uniform token[] xformOpOrder = ["xformOp:transform"]
        }

        def SphereLight "Bulb218"
        {
            color3f inputs:color = (1, 0.981667, 0.45)
            float inputs:intensity = 45
            bool inputs:normalize = 0
            float inputs:radius = 0.0508
            matrix4d xformOp:transform = ( (0, -1, 0, 0), (1, 0, 0, 0), (-0, -0, 1, 0), (11.1, 7.75, 3.4, 1) )
            uniform token[] xformOpOrder = ["xformOp:transform"]
        }

        def SphereLight "Bulb219"
        {
            color3f inputs:color = (0.935833, 1, 0.45)
            float inputs:intensity = 45
            bool inputs:normalize = 0
            float inputs:radius = 0.0508
            matrix4d xformOp:transform = ( (0, -1, 0, 0), (1, 0, 0, 0), (-0, -0, 1, 0), (11.700000000000001, 7.75, 3.4, 1) )
            uniform token[] xformOpOrder = ["xformOp:transform"]
        }

        def SphereLight "Bulb220"
        {
            color3f inputs:color = (0.853333, 1, 0.45)
            float inputs:intensity = 45
            bool inputs:normalize = 0
            float inputs:radius = 0.0508
            matrix4d xformOp:transform = ( (0, -1, 0, 0), (1, 0, 0, 0), (-0, -0, 1, 0), (12.3, 7.75, 3.4, 1) )
            uniform token[] xformOpOrder = ["xformOp:transform"]
        }

        def SphereLight "Bulb221"
        {
            color3f inputs:color = (0.770833, 1, 0.45)
            float inputs:intensity = 45
            bool inputs:normalize = 0
            float inputs:radius = 0.0508
            matrix4d xformOp:transform = ( (0, -1, 0, 0), (1, 0, 0, 0), (-0, -0, 1, 0), (12.9, 7.75, 3.4, 1) )
            uniform token[] xformOpOrder = ["xformOp:transform"]
        }

        def SphereLight "Bulb222"
        {
            color3f inputs:color = (0.688333, 1, 0.45)
            float inputs:intensity = 45
            bool inputs:normalize = 0
            float inputs:radius = 0.0508
            matrix4d xformOp:transform = ( (0, -1, 0, 0), (1, 0, 0, 0), (-0, -0, 1, 0), (13.5, 7.75, 3.4, 1) )
            uniform token[] xformOpOrder = ["xformOp:transform"]
        }

        def SphereLight "Bulb223"
        {
            color3f inputs:color = (0.605833, 1, 0.45)
            float inputs:intensity = 45
            bool inputs:normalize = 0
            float inputs:radius = 0.0508
            matrix4d xformOp:transform = ( (0, -1, 0, 0), (1, 0, 0, 0), (-0, -0, 1, 0), (14.1, 7.75, 3.4, 1) )
            uniform token[] xformOpOrder = ["xformOp:transform"]
        }

        def SphereLight "Bulb224"
        {
            color3f inputs:color = (0.523333, 1, 0.45)
            float inputs:intensity = 45
            bool inputs:normalize = 0
            float inputs:radius = 0.0508
            matrix4d xformOp:transform = ( (0, -1, 0, 0), (1, 0, 0, 0), (-0, -0, 1, 0), (14.7, 7.75, 3.4, 1) )
            uniform token[] xformOpOrder = ["xformOp:transform"]
        }

        def SphereLight "Bulb225"
        {
            color3f inputs:color = (0.45, 1, 0.459167)
            float inputs:intensity = 45
            bool inputs:normalize = 0
            float inputs:radius = 0.0508
            matrix4d xformOp:transform = ( (0, -1, 0, 0), (1, 0, 0, 0), (-0, -0, 1, 0), (15.3, 7.75, 3.4, 1) )
            uniform token[] xformOpOrder = ["xformOp:transform"]
        }

        def SphereLight "Bulb226"
        {
            color3f inputs:color = (0.45, 1, 0.541667)
            float inputs:intensity = 45
            bool inputs:normalize = 0
            float inputs:radius = 0.0508
            matrix4d xformOp:transform = ( (0, -1, 0, 0), (1, 0, 0, 0), (-0, -0, 1, 0), (15.9, 7.75, 3.4, 1) )
            uniform token[] xformOpOrder = ["xformOp:transform"]
        }

        def SphereLight "Bulb227"
        {
            color3f inputs:color = (0.45, 1, 0.624167)
            float inputs:intensity = 45
            bool inputs:normalize = 0
            float inputs:radius = 0.0508
            matrix4d xformOp:transform = ( (0, -1, 0, 0), (1, 0, 0, 0), (-0, -0, 1, 0), (16.5, 7.75, 3.4, 1) )
            uniform token[] xformOpOrder = ["xformOp:transform"]
        }

        def SphereLight "Bulb228"
        {
            color3f inputs:color = (0.45, 1, 0.706667)
            float inputs:intensity = 45
            bool inputs:normalize = 0
            float inputs:radius = 0.0508
            matrix4d xformOp:transform = ( (0, -1, 0, 0), (1, 0, 0, 0), (-0, -0, 1, 0), (17.1, 7.75, 3.4, 1) )
            uniform token[] xformOpOrder = ["xformOp:transform"]
        }

        def SphereLight "Bulb229"
        {
            color3f inputs:color = (0.45, 1, 0.789167)
            float inputs:intensity = 45
            bool inputs:normalize = 0
            float inputs:radius = 0.0508
            matrix4d xformOp:transform = ( (0, -1, 0, 0), (1, 0, 0, 0), (-0, -0, 1, 0), (17.7, 7.75, 3.4, 1) )
            uniform token[] xformOpOrder = ["xformOp:transform"]
        }

        def SphereLight "Bulb230"
        {
            color3f inputs:color = (0.45, 1, 0.871667)
            float inputs:intensity = 45
            bool inputs:normalize = 0
            float inputs:radius = 0.0508
            matrix4d xformOp:transform = ( (0, -1, 0, 0), (1, 0, 0, 0), (-0, -0, 1, 0), (18.3, 7.75, 3.4, 1) )
            uniform token[] xformOpOrder = ["xformOp:transform"]
        }

        def SphereLight "Bulb231"
        {
            color3f inputs:color = (0.45, 1, 0.954167)
            float inputs:intensity = 45
            bool inputs:normalize = 0
            float inputs:radius = 0.0508
            matrix4d xformOp:transform = ( (0, -1, 0, 0), (1, 0, 0, 0), (-0, -0, 1, 0), (18.9, 7.75, 3.4, 1) )
            uniform token[] xformOpOrder = ["xformOp:transform"]
        }

        def SphereLight "Bulb232"
        {
            color3f inputs:color = (0.45, 0.963333, 1)
            float inputs:intensity = 45
            bool inputs:normalize = 0
            float inputs:radius = 0.0508
            matrix4d xformOp:transform = ( (0, -1, 0, 0), (1, 0, 0, 0), (-0, -0, 1, 0), (19.5, 7.75, 3.4, 1) )
            uniform token[] xformOpOrder = ["xformOp:transform"]
        }

        def SphereLight "Bulb233"
        {
            color3f inputs:color = (0.45, 0.880833, 1)
            float inputs:intensity = 45
            bool inputs:normalize = 0
            float inputs:radius = 0.0508
            matrix4d xformOp:transform = ( (0, -1, 0, 0), (1, 0, 0, 0), (-0, -0, 1, 0), (20.1, 7.75, 3.4, 1) )
            uniform token[] xformOpOrder = ["xformOp:transform"]
        }

        def SphereLight "Bulb234"
        {
            color3f inputs:color = (0.45, 0.798333, 1)
            float inputs:intensity = 45
            bool inputs:normalize = 0
            float inputs:radius = 0.0508
            matrix4d xformOp:transform = ( (0, -1, 0, 0), (1, 0, 0, 0), (-0, -0, 1, 0), (20.7, 7.75, 3.4, 1) )
            uniform token[] xformOpOrder = ["xformOp:transform"]
        }

        def SphereLight "Bulb235"
        {
            color3f inputs:color = (0.45, 0.715833, 1)
            float inputs:intensity = 45
            bool inputs:normalize = 0
            float inputs:radius = 0.0508
            matrix4d xformOp:transform = ( (0, -1, 0, 0), (1, 0, 0, 0), (-0, -0, 1, 0), (21.3, 7.75, 3.4, 1) )
            uniform token[] xformOpOrder = ["xformOp:transform"]
        }

        def SphereLight "Bulb236"
        {
            color3f inputs:color = (0.45, 0.633333, 1)
            float inputs:intensity = 45
            bool inputs:normalize = 0
            float inputs:radius = 0.0508
            matrix4d xformOp:transform = ( (0, -1, 0, 0), (1, 0, 0, 0), (-0, -0, 1, 0), (21.9, 7.75, 3.4, 1) )
            uniform token[] xformOpOrder = ["xformOp:transform"]
        }

        def SphereLight "Bulb237"
        {
            color3f inputs:color = (0.45, 0.550833, 1)
            float inputs:intensity = 45
            bool inputs:normalize = 0
            float inputs:radius = 0.0508
            matrix4d xformOp:transform = ( (0, -1, 0, 0), (1, 0, 0, 0), (-0, -0, 1, 0), (22.5, 7.75, 3.4, 1) )
            uniform token[] xformOpOrder = ["xformOp:transform"]
        }

        def SphereLight "Bulb238"
        {
            color3f inputs:color = (0.45, 0.468333, 1)
            float inputs:intensity = 45
            bool inputs:normalize = 0
            float inputs:radius = 0.0508
            matrix4d xformOp:transform = ( (0, -1, 0, 0), (1, 0, 0, 0), (-0, -0, 1, 0), (23.1, 7.75, 3.4, 1) )
            uniform token[] xformOpOrder = ["xformOp:transform"]
        }

        def SphereLight "Bulb239"
        {
            color3f inputs:color = (0.514167, 0.45, 1)
            float inputs:intensity = 45
            bool inputs:normalize = 0
            float inputs:radius = 0.0508
            matrix4d xformOp:transform = ( (0, -1, 0, 0), (1, 0, 0, 0), (-0, -0, 1, 0), (23.7, 7.75, 3.4, 1) )
            uniform token[] xformOpOrder = ["xformOp:transform"]
        }
    }

    def Camera "Camera"
    {
        float2 clippingRange = (0.01, 1000)
        float focalLength = 18
        float horizontalAperture = 36
        float verticalAperture = 27
        matrix4d xformOp:transform = ( (0, -1, 0, 0), (-0.03910051105908748, 0, 0.9992352826211244, 0), (-0.9992352826211244, -0, -0.03910051105908748, 0), (1, 4, 1.7, 1) )
        uniform token[] xformOpOrder = ["xformOp:transform"]
    }
}

